no change     /ibbr/miniconda3/condabin/conda
no change     /ibbr/miniconda3/bin/conda
no change     /ibbr/miniconda3/bin/conda-env
no change     /ibbr/miniconda3/bin/activate
no change     /ibbr/miniconda3/bin/deactivate
no change     /ibbr/miniconda3/etc/profile.d/conda.sh
no change     /ibbr/miniconda3/etc/fish/conf.d/conda.fish
no change     /ibbr/miniconda3/shell/condabin/Conda.psm1
no change     /ibbr/miniconda3/shell/condabin/conda-hook.ps1
no change     /ibbr/miniconda3/lib/python3.9/site-packages/xontrib/conda.xsh
no change     /ibbr/miniconda3/etc/profile.d/conda.csh
no change     /home/allsoppr/.bashrc
No action taken.
no change     /ibbr/miniconda3/condabin/conda
no change     /ibbr/miniconda3/bin/conda
no change     /ibbr/miniconda3/bin/conda-env
no change     /ibbr/miniconda3/bin/activate
no change     /ibbr/miniconda3/bin/deactivate
no change     /ibbr/miniconda3/etc/profile.d/conda.sh
no change     /ibbr/miniconda3/etc/fish/conf.d/conda.fish
no change     /ibbr/miniconda3/shell/condabin/Conda.psm1
no change     /ibbr/miniconda3/shell/condabin/conda-hook.ps1
no change     /ibbr/miniconda3/lib/python3.9/site-packages/xontrib/conda.xsh
no change     /ibbr/miniconda3/etc/profile.d/conda.csh
no change     /home/allsoppr/.bashrc
No action taken.
Can't load history: $< line too long.
/ibbr/vmd/1.9.3/lib/vmd/vmd_LINUXAMD64: /lib64/libGL.so.1: no version information available (required by /ibbr/vmd/1.9.3/lib/vmd/vmd_LINUXAMD64)
Info) VMD for LINUXAMD64, version 1.9.3 (November 30, 2016)
Info) http://www.ks.uiuc.edu/Research/vmd/                         
Info) Email questions and bug reports to vmd@ks.uiuc.edu           
Info) Please include this reference in published work using VMD:   
Info)    Humphrey, W., Dalke, A. and Schulten, K., `VMD - Visual   
Info)    Molecular Dynamics', J. Molec. Graphics 1996, 14.1, 33-38.
Info) -------------------------------------------------------------
Info) Multithreading available, 48 CPUs detected.
Info)   CPU features: SSE2 AVX AVX2 FMA 
Info) Free system memory: 121GB (96%)
Info) No CUDA accelerator devices available.
Info) Dynamically loaded 2 plugins in directory:
Info) /ibbr/vmd/1.9.3/lib/vmd/plugins/LINUXAMD64/molfile
1
Info) Using plugin xyz for structure file ./freq.QMRegion_a.xyz
Info) Using plugin xyz for coordinates from file ./freq.QMRegion_a.xyz
Info) Determining bond structure from distance search ...
Info) Analyzing structure ...
Info)    Atoms: 138
Info)    Bonds: 137
Info)    Angles: 0  Dihedrals: 0  Impropers: 0  Cross-terms: 0
Info)    Bondtypes: 0  Angletypes: 0  Dihedraltypes: 0  Impropertypes: 0
Info)    Residues: 1
Info)    Waters: 0
Info)    Segments: 1
Info)    Fragments: 1   Protein: 1   Nucleic: 0
Info) Finished with coordinate file ./freq.QMRegion_a.xyz.
0
Info) Using plugin xyz for structure file ./freq.QMRegion_b.xyz
Info) Using plugin xyz for coordinates from file ./freq.QMRegion_b.xyz
Info) Determining bond structure from distance search ...
Info) Analyzing structure ...
Info)    Atoms: 138
Info)    Bonds: 137
Info)    Angles: 0  Dihedrals: 0  Impropers: 0  Cross-terms: 0
Info)    Bondtypes: 0  Angletypes: 0  Dihedraltypes: 0  Impropertypes: 0
Info)    Residues: 1
Info)    Waters: 0
Info)    Segments: 1
Info)    Fragments: 1   Protein: 1   Nucleic: 0
Info) Finished with coordinate file ./freq.QMRegion_b.xyz.
1
file14
atomselect0
atomselect1
0
0
0
0
0
3.475749477468654
Info) VMD for LINUXAMD64, version 1.9.3 (November 30, 2016)
Info) Exiting normally.
Can't load history: $< line too long.
[[0]]
399 0.46452300550569037
398 0.46140613975866074
397 0.4582802934999467
396 0.455085677689705
395 0.4527413897845777
394 0.45039415502077906
393 0.4478633209512597
392 0.44440040826586424
391 0.4578889541591761
390 0.4722773728894395
389 0.4858947116857688
388 0.5005228052055102
387 0.49756009748769026
386 0.4943106406465496
385 0.5081475308527296
384 0.5057051869992767
383 0.5021477946769604
382 0.500581066921412
381 0.5144321260489251
380 0.512201396011216
379 0.512162791125175
378 0.525795931028497
377 0.5398621083089804
376 0.5541874664869879
375 0.5684138466907143
374 0.5810553737353134
373 0.5936156511837267
372 0.5905232945447059
371 0.6046088158414387
370 0.6186138211891588
369 0.6303472016124778
368 0.6301739050784363
367 0.6282659145424312
366 0.6255981067030754
365 0.624559928274196
364 0.6224974339369982
363 0.6203648773773378
362 0.6334081451737974
361 0.6434331874956236
360 0.641722298401032
359 0.6399258135226942
358 0.649516247635548
357 0.6609637698956766
356 0.6723032707262837
355 0.670353380241838
354 0.6819083048537358
353 0.6947771460248865
352 0.6943421882482481
351 0.6931432785062506
350 0.6930866999380311
349 0.6911681782940278
348 0.6996534164185252
347 0.6997927140580134
346 0.7093211845746745
345 0.7078038763894816
344 0.7173105968765989
343 0.722602832350261
342 0.7220197041394751
341 0.7312438416033118
340 0.7300356392228151
339 0.7380665357335894
338 0.7370631837511527
337 0.7453234764364262
336 0.7542140880472608
335 0.7630480150727934
334 0.7609778439351926
333 0.7692775127267237
332 0.7772793350208158
331 0.7753297016155236
330 0.7753703890920586
329 0.7827217465546581
328 0.7898306155221266
327 0.7966047120975475
326 0.7950676962712777
325 0.8011949330159411
324 0.8007579296967876
323 0.8077692907456766
322 0.8127242313581309
321 0.8188025552035207
320 0.8181970790068613
319 0.8246973354406949
318 0.8266757846497531
317 0.8309969713767531
316 0.83199838065865
315 0.8317736372541092
314 0.8374773422216794
313 0.8440387775589581
312 0.8483942413012788
311 0.8537258395240671
310 0.8540237088172551
309 0.8527242656769696
308 0.8570167672036542
307 0.8622819980441547
306 0.8642706941750115
305 0.8699228931085796
304 0.8749223121431373
303 0.8751150816254771
302 0.8800106492745416
301 0.884890571838777
300 0.8844081678930362
299 0.8890540871874741
298 0.8910876509247755
297 0.8903094478457005
296 0.8907721081833389
295 0.8913235762623933
294 0.8956222481186608
293 0.8995203660544844
292 0.9024552871677148
291 0.9018804524492713
290 0.9051827969229467
289 0.9061402756816966
288 0.9088528128294392
287 0.9129102291176228
286 0.9128108687059392
285 0.9140197875094618
284 0.913719366392163
283 0.9146052148524165
282 0.9181104843888142
281 0.9179813086949574
280 0.9186049552986922
279 0.9196679080044445
278 0.9198545774808531
277 0.9190379216838765
276 0.9220480499541996
275 0.9220832337292729
274 0.9237733712543157
273 0.9232385508608811
272 0.9247006056194171
271 0.9245173686445791
270 0.9270212615879281
Can't load history: $< line too long.
/ibbr/vmd/1.9.3/lib/vmd/vmd_LINUXAMD64: /lib64/libGL.so.1: no version information available (required by /ibbr/vmd/1.9.3/lib/vmd/vmd_LINUXAMD64)
Info) VMD for LINUXAMD64, version 1.9.3 (November 30, 2016)
Info) http://www.ks.uiuc.edu/Research/vmd/                         
Info) Email questions and bug reports to vmd@ks.uiuc.edu           
Info) Please include this reference in published work using VMD:   
Info)    Humphrey, W., Dalke, A. and Schulten, K., `VMD - Visual   
Info)    Molecular Dynamics', J. Molec. Graphics 1996, 14.1, 33-38.
Info) -------------------------------------------------------------
Info) Multithreading available, 48 CPUs detected.
Info)   CPU features: SSE2 AVX AVX2 FMA 
Info) Free system memory: 121GB (96%)
Info) No CUDA accelerator devices available.
Info) Dynamically loaded 2 plugins in directory:
Info) /ibbr/vmd/1.9.3/lib/vmd/plugins/LINUXAMD64/molfile
1
Info) Using plugin xyz for structure file ./freq.QMRegion_a.xyz
Info) Using plugin xyz for coordinates from file ./freq.QMRegion_a.xyz
Info) Determining bond structure from distance search ...
Info) Analyzing structure ...
Info)    Atoms: 138
Info)    Bonds: 137
Info)    Angles: 0  Dihedrals: 0  Impropers: 0  Cross-terms: 0
Info)    Bondtypes: 0  Angletypes: 0  Dihedraltypes: 0  Impropertypes: 0
Info)    Residues: 1
Info)    Waters: 0
Info)    Segments: 1
Info)    Fragments: 1   Protein: 1   Nucleic: 0
Info) Finished with coordinate file ./freq.QMRegion_a.xyz.
0
Info) Using plugin xyz for structure file ./freq.QMRegion_b.xyz
Info) Using plugin xyz for coordinates from file ./freq.QMRegion_b.xyz
Info) Determining bond structure from distance search ...
Info) Analyzing structure ...
Info)    Atoms: 138
Info)    Bonds: 137
Info)    Angles: 0  Dihedrals: 0  Impropers: 0  Cross-terms: 0
Info)    Bondtypes: 0  Angletypes: 0  Dihedraltypes: 0  Impropertypes: 0
Info)    Residues: 1
Info)    Waters: 0
Info)    Segments: 1
Info)    Fragments: 1   Protein: 1   Nucleic: 0
Info) Finished with coordinate file ./freq.QMRegion_b.xyz.
1
file14
atomselect0
atomselect1
0
0
0
0
0
3.7907504811576334
Info) VMD for LINUXAMD64, version 1.9.3 (November 30, 2016)
Info) Exiting normally.
Can't load history: $< line too long.
[[0]]
399 0.6868451220116194
398 0.6847460553525027
397 0.682694095784935
396 0.680450720841308
395 0.6782784005470408
394 0.6760516815840218
393 0.6740826592771141
392 0.6718422480408497
391 0.6693988841142935
390 0.6844227951004231
389 0.6822211391359507
388 0.6832628103953291
387 0.6849171687453204
386 0.682994477219034
385 0.6844264561606707
384 0.6975478362288923
383 0.7104518051422266
382 0.7217031254351927
381 0.7201042969159892
380 0.732430944971014
379 0.73238049589202
378 0.7310166791216144
377 0.7434051428105415
376 0.7538300451435797
375 0.7535815770418185
374 0.7551003544537379
373 0.7641230069449565
372 0.7641250336305697
371 0.7676956394133427
370 0.7676711424370866
369 0.778641532373723
368 0.7784739492455526
367 0.7784552716865765
366 0.7802137331534713
365 0.780331081015475
364 0.7871925777980043
363 0.7879621500348348
362 0.7947693506730897
361 0.8012875201786682
360 0.8086522476347646
359 0.8080863187658746
358 0.807968549594279
357 0.8096695005593384
356 0.808674358069572
355 0.8125860271884173
354 0.812212855971544
353 0.8176915658822402
352 0.8192597556388918
351 0.8210824132526863
350 0.820794442432905
349 0.8210987435864456
348 0.8216140836338088
347 0.8255120650559231
346 0.8258975157996309
345 0.8317235209233746
344 0.832018475062577
343 0.8340499562394138
342 0.8378156071816715
341 0.8388040879611166
340 0.8391796931582277
339 0.8392752575991711
338 0.8397685822040906
337 0.8404425361729482
336 0.8449118776291504
335 0.8490388340289687
334 0.8533191565429468
333 0.8546019464378554
332 0.8545591006349569
331 0.854122511921523
330 0.8535309852713068
329 0.853712128247066
328 0.8547272619436913
327 0.8595100904276767
326 0.862078560074606
325 0.864268059230968
324 0.8673784052613258
323 0.8683759096165417
322 0.8696409931610991
321 0.8707411378906165
320 0.8717086738409903
319 0.8726416823260957
318 0.8742361690171255
317 0.8767882934986214
316 0.8787799167526976
315 0.8809850417081938
314 0.8817721404372554
313 0.8818684837276327
312 0.8847792837928745
311 0.8858966255334438
310 0.8884997606342157
309 0.8884469692166209
308 0.891368628238757
307 0.8927320086745497
306 0.8955283729076803
305 0.897082999734349
304 0.8972993439824875
303 0.9002493713418693
302 0.8994960251156892
301 0.9011524765098664
300 0.9022155377264132
299 0.9021956695850386
298 0.9029525211318858
297 0.9059932150615679
296 0.9077275206321394
295 0.9095855998215358
294 0.9090561149446067
293 0.9088405661120108
292 0.9094434390069539
291 0.9117824476153049
290 0.9135344822946199
289 0.913424046538118
288 0.9129619987861727
287 0.9129978511492751
286 0.9140800319738216
285 0.9161885063253223
284 0.9180571871232652
283 0.9180545875761026
282 0.9178920168974403
281 0.9193495939837979
280 0.9196649493405179
279 0.9200598139634428
278 0.9197732110805914
277 0.920542651403951
276 0.9223968373765872
275 0.9220618959108525
274 0.9224653793429665
273 0.9230635031795333
272 0.9240415838749505
271 0.924251844671988
270 0.9243205326071167
269 0.9239472163608851
268 0.9256153194805556
Can't load history: $< line too long.
/ibbr/vmd/1.9.3/lib/vmd/vmd_LINUXAMD64: /lib64/libGL.so.1: no version information available (required by /ibbr/vmd/1.9.3/lib/vmd/vmd_LINUXAMD64)
Info) VMD for LINUXAMD64, version 1.9.3 (November 30, 2016)
Info) http://www.ks.uiuc.edu/Research/vmd/                         
Info) Email questions and bug reports to vmd@ks.uiuc.edu           
Info) Please include this reference in published work using VMD:   
Info)    Humphrey, W., Dalke, A. and Schulten, K., `VMD - Visual   
Info)    Molecular Dynamics', J. Molec. Graphics 1996, 14.1, 33-38.
Info) -------------------------------------------------------------
Info) Multithreading available, 48 CPUs detected.
Info)   CPU features: SSE2 AVX AVX2 FMA 
Info) Free system memory: 121GB (96%)
Info) No CUDA accelerator devices available.
Info) Dynamically loaded 2 plugins in directory:
Info) /ibbr/vmd/1.9.3/lib/vmd/plugins/LINUXAMD64/molfile
1
Info) Using plugin xyz for structure file ./freq.QMRegion_a.xyz
Info) Using plugin xyz for coordinates from file ./freq.QMRegion_a.xyz
Info) Determining bond structure from distance search ...
Info) Analyzing structure ...
Info)    Atoms: 138
Info)    Bonds: 137
Info)    Angles: 0  Dihedrals: 0  Impropers: 0  Cross-terms: 0
Info)    Bondtypes: 0  Angletypes: 0  Dihedraltypes: 0  Impropertypes: 0
Info)    Residues: 1
Info)    Waters: 0
Info)    Segments: 1
Info)    Fragments: 1   Protein: 1   Nucleic: 0
Info) Finished with coordinate file ./freq.QMRegion_a.xyz.
0
Info) Using plugin xyz for structure file ./freq.QMRegion_b.xyz
Info) Using plugin xyz for coordinates from file ./freq.QMRegion_b.xyz
Info) Determining bond structure from distance search ...
Info) Analyzing structure ...
Info)    Atoms: 138
Info)    Bonds: 137
Info)    Angles: 0  Dihedrals: 0  Impropers: 0  Cross-terms: 0
Info)    Bondtypes: 0  Angletypes: 0  Dihedraltypes: 0  Impropertypes: 0
Info)    Residues: 1
Info)    Waters: 0
Info)    Segments: 1
Info)    Fragments: 1   Protein: 1   Nucleic: 0
Info) Finished with coordinate file ./freq.QMRegion_b.xyz.
1
file14
atomselect0
atomselect1
0
0
0
0
0
3.9010571485197256
Info) VMD for LINUXAMD64, version 1.9.3 (November 30, 2016)
Info) Exiting normally.
Can't load history: $< line too long.
[[0]]
399 0.8355717600035776
398 0.8354797185208929
397 0.8362431457129282
396 0.8507430579994111
395 0.8507831192701952
394 0.8504152157950591
393 0.8522718842160457
392 0.8627481613274124
391 0.8702481271505783
390 0.8708169751695306
389 0.8706288082501878
388 0.8726953320914563
387 0.8803719161165559
386 0.8800735156147343
385 0.8795213984158026
384 0.8805293352369699
383 0.8806019129540295
382 0.8804820125341757
381 0.8828857012047127
380 0.8825354817412648
379 0.8872641557735602
378 0.8868963430060135
377 0.8863362188942341
376 0.8881957006406656
375 0.8892097051538889
374 0.8884238494310741
373 0.8918585298744539
372 0.8910642524362924
371 0.8949707971194453
370 0.8991196749516597
369 0.8990565199656338
368 0.9013325730885801
367 0.9014399066879623
366 0.9012301993302005
365 0.9044755219418029
364 0.9051800991623307
363 0.9085287099307146
362 0.9113379245309943
361 0.9110486292651633
360 0.9119538771316043
359 0.9154957795255574
358 0.9148514484979116
357 0.9143188248930827
356 0.9169295112382486
355 0.9167403101619866
354 0.9193240158283636
353 0.9190293749252868
352 0.9183380549658877
351 0.9191764611677419
350 0.92187069574807
349 0.9218390714613818
348 0.9220377794684551
347 0.9234520739938842
346 0.9242205853836802
345 0.9239902658249955
344 0.9239609960045378
343 0.92626413824248
Can't load history: $< line too long.
/ibbr/vmd/1.9.3/lib/vmd/vmd_LINUXAMD64: /lib64/libGL.so.1: no version information available (required by /ibbr/vmd/1.9.3/lib/vmd/vmd_LINUXAMD64)
Info) VMD for LINUXAMD64, version 1.9.3 (November 30, 2016)
Info) http://www.ks.uiuc.edu/Research/vmd/                         
Info) Email questions and bug reports to vmd@ks.uiuc.edu           
Info) Please include this reference in published work using VMD:   
Info)    Humphrey, W., Dalke, A. and Schulten, K., `VMD - Visual   
Info)    Molecular Dynamics', J. Molec. Graphics 1996, 14.1, 33-38.
Info) -------------------------------------------------------------
Info) Multithreading available, 48 CPUs detected.
Info)   CPU features: SSE2 AVX AVX2 FMA 
Info) Free system memory: 121GB (96%)
Info) No CUDA accelerator devices available.
Info) Dynamically loaded 2 plugins in directory:
Info) /ibbr/vmd/1.9.3/lib/vmd/plugins/LINUXAMD64/molfile
1
Info) Using plugin xyz for structure file ./freq.QMRegion_a.xyz
Info) Using plugin xyz for coordinates from file ./freq.QMRegion_a.xyz
Info) Determining bond structure from distance search ...
Info) Analyzing structure ...
Info)    Atoms: 138
Info)    Bonds: 137
Info)    Angles: 0  Dihedrals: 0  Impropers: 0  Cross-terms: 0
Info)    Bondtypes: 0  Angletypes: 0  Dihedraltypes: 0  Impropertypes: 0
Info)    Residues: 1
Info)    Waters: 0
Info)    Segments: 1
Info)    Fragments: 1   Protein: 1   Nucleic: 0
Info) Finished with coordinate file ./freq.QMRegion_a.xyz.
0
Info) Using plugin xyz for structure file ./freq.QMRegion_b.xyz
Info) Using plugin xyz for coordinates from file ./freq.QMRegion_b.xyz
Info) Determining bond structure from distance search ...
Info) Analyzing structure ...
Info)    Atoms: 138
Info)    Bonds: 137
Info)    Angles: 0  Dihedrals: 0  Impropers: 0  Cross-terms: 0
Info)    Bondtypes: 0  Angletypes: 0  Dihedraltypes: 0  Impropertypes: 0
Info)    Residues: 1
Info)    Waters: 0
Info)    Segments: 1
Info)    Fragments: 1   Protein: 1   Nucleic: 0
Info) Finished with coordinate file ./freq.QMRegion_b.xyz.
1
file14
atomselect0
atomselect1
0
0
0
0
0
3.6973660995723505
Info) VMD for LINUXAMD64, version 1.9.3 (November 30, 2016)
Info) Exiting normally.
Can't load history: $< line too long.
[[0]]
399 0.7530481199867496
398 0.7534978748819381
397 0.7771259015761091
396 0.7899508040347593
395 0.8080788246709187
394 0.807377410338914
393 0.8062798332328452
392 0.8114621440959835
391 0.8274860681544313
390 0.8351330183272766
389 0.8351332025865955
388 0.8340885948126983
387 0.839026813501899
386 0.8490083829304829
385 0.8513471057976738
384 0.8527384411193728
383 0.8588413446016928
382 0.8673721642222547
381 0.8675120530472874
380 0.867648386079551
379 0.8677417232583644
378 0.8690425153243394
377 0.8760882065363667
376 0.8772981646257021
375 0.8825353417978113
374 0.8827595130172812
373 0.8826641381750432
372 0.8819141634662859
371 0.8872747325331366
370 0.8908435276890078
369 0.8908418619661258
368 0.894150578738067
367 0.8934018136960963
366 0.8932251263139226
365 0.8936972697717018
364 0.8930938806773554
363 0.8941810192605694
362 0.8955955850440368
361 0.8955976342871511
360 0.8953918813831343
359 0.8952202156021846
358 0.8954292067131502
357 0.9003877742508309
356 0.9018314619012634
355 0.902495034085117
354 0.9032276872524205
353 0.9066962360121449
352 0.9074609749192148
351 0.9067319578616726
350 0.9061205648719419
349 0.9055428637743995
348 0.9074477765578153
347 0.9078439679545384
346 0.9074448430934079
345 0.9072123122194244
344 0.9078021000757213
343 0.9074326723306735
342 0.9092828795904058
341 0.9114532980973824
340 0.9150129440982211
339 0.9147323499792658
338 0.917343879465381
337 0.917030289693653
336 0.9171196497671084
335 0.9170343925310518
334 0.9177196939779285
333 0.9176862399781511
332 0.9178841283113726
331 0.9180584240699147
330 0.920529839657309
329 0.9207561264963993
328 0.921410600813969
327 0.9235913472037947
326 0.9252042290190561
Can't load history: $< line too long.
/ibbr/vmd/1.9.3/lib/vmd/vmd_LINUXAMD64: /lib64/libGL.so.1: no version information available (required by /ibbr/vmd/1.9.3/lib/vmd/vmd_LINUXAMD64)
Info) VMD for LINUXAMD64, version 1.9.3 (November 30, 2016)
Info) http://www.ks.uiuc.edu/Research/vmd/                         
Info) Email questions and bug reports to vmd@ks.uiuc.edu           
Info) Please include this reference in published work using VMD:   
Info)    Humphrey, W., Dalke, A. and Schulten, K., `VMD - Visual   
Info)    Molecular Dynamics', J. Molec. Graphics 1996, 14.1, 33-38.
Info) -------------------------------------------------------------
Info) Multithreading available, 48 CPUs detected.
Info)   CPU features: SSE2 AVX AVX2 FMA 
Info) Free system memory: 121GB (96%)
Info) No CUDA accelerator devices available.
Info) Dynamically loaded 2 plugins in directory:
Info) /ibbr/vmd/1.9.3/lib/vmd/plugins/LINUXAMD64/molfile
1
Info) Using plugin xyz for structure file ./freq.QMRegion_a.xyz
Info) Using plugin xyz for coordinates from file ./freq.QMRegion_a.xyz
Info) Determining bond structure from distance search ...
Info) Analyzing structure ...
Info)    Atoms: 138
Info)    Bonds: 137
Info)    Angles: 0  Dihedrals: 0  Impropers: 0  Cross-terms: 0
Info)    Bondtypes: 0  Angletypes: 0  Dihedraltypes: 0  Impropertypes: 0
Info)    Residues: 1
Info)    Waters: 0
Info)    Segments: 1
Info)    Fragments: 1   Protein: 1   Nucleic: 0
Info) Finished with coordinate file ./freq.QMRegion_a.xyz.
0
Info) Using plugin xyz for structure file ./freq.QMRegion_b.xyz
Info) Using plugin xyz for coordinates from file ./freq.QMRegion_b.xyz
Info) Determining bond structure from distance search ...
Info) Analyzing structure ...
Info)    Atoms: 138
Info)    Bonds: 137
Info)    Angles: 0  Dihedrals: 0  Impropers: 0  Cross-terms: 0
Info)    Bondtypes: 0  Angletypes: 0  Dihedraltypes: 0  Impropertypes: 0
Info)    Residues: 1
Info)    Waters: 0
Info)    Segments: 1
Info)    Fragments: 1   Protein: 1   Nucleic: 0
Info) Finished with coordinate file ./freq.QMRegion_b.xyz.
1
file14
atomselect0
atomselect1
0
0
0
0
0
2.796389733933083
Info) VMD for LINUXAMD64, version 1.9.3 (November 30, 2016)
Info) Exiting normally.
Can't load history: $< line too long.
[[0]]
399 0.840898032419723
398 0.8551412157747421
397 0.8666869594808081
396 0.8676255172526843
395 0.8677103199114603
394 0.8712618102162436
393 0.8726342324091138
392 0.8743437119929607
391 0.8796140358550253
390 0.8813723730528865
389 0.8818504742365156
388 0.8811928450254817
387 0.8854271301620198
386 0.8884911231314967
385 0.8907398779683556
384 0.8907694239783628
383 0.8929314726706039
382 0.8955007860905473
381 0.8987281671132518
380 0.9015457547940313
379 0.904769273233273
378 0.906760168005395
377 0.907359438436125
376 0.9072233578912214
375 0.9065231453002826
374 0.9064380514645229
373 0.9090330380287162
372 0.9092394029334812
371 0.9088255389931176
370 0.9101445982856246
369 0.909849674706778
368 0.9096983813702771
367 0.9093982297161706
366 0.9110299444218967
365 0.9114447823572609
364 0.91410450081054
363 0.9162730044205462
362 0.9180617087707015
361 0.918026902302555
360 0.9177869303442696
359 0.9179107083073006
358 0.9176974010177295
357 0.9193975865325236
356 0.9214880267277836
355 0.9213602486207626
354 0.9227826027602434
353 0.9247459176507732
352 0.9266112601275859
Can't load history: $< line too long.
/ibbr/vmd/1.9.3/lib/vmd/vmd_LINUXAMD64: /lib64/libGL.so.1: no version information available (required by /ibbr/vmd/1.9.3/lib/vmd/vmd_LINUXAMD64)
Info) VMD for LINUXAMD64, version 1.9.3 (November 30, 2016)
Info) http://www.ks.uiuc.edu/Research/vmd/                         
Info) Email questions and bug reports to vmd@ks.uiuc.edu           
Info) Please include this reference in published work using VMD:   
Info)    Humphrey, W., Dalke, A. and Schulten, K., `VMD - Visual   
Info)    Molecular Dynamics', J. Molec. Graphics 1996, 14.1, 33-38.
Info) -------------------------------------------------------------
Info) Multithreading available, 48 CPUs detected.
Info)   CPU features: SSE2 AVX AVX2 FMA 
Info) Free system memory: 121GB (96%)
Info) No CUDA accelerator devices available.
Info) Dynamically loaded 2 plugins in directory:
Info) /ibbr/vmd/1.9.3/lib/vmd/plugins/LINUXAMD64/molfile
1
Info) Using plugin xyz for structure file ./freq.QMRegion_a.xyz
Info) Using plugin xyz for coordinates from file ./freq.QMRegion_a.xyz
Info) Determining bond structure from distance search ...
Info) Analyzing structure ...
Info)    Atoms: 138
Info)    Bonds: 137
Info)    Angles: 0  Dihedrals: 0  Impropers: 0  Cross-terms: 0
Info)    Bondtypes: 0  Angletypes: 0  Dihedraltypes: 0  Impropertypes: 0
Info)    Residues: 1
Info)    Waters: 0
Info)    Segments: 1
Info)    Fragments: 1   Protein: 1   Nucleic: 0
Info) Finished with coordinate file ./freq.QMRegion_a.xyz.
0
Info) Using plugin xyz for structure file ./freq.QMRegion_b.xyz
Info) Using plugin xyz for coordinates from file ./freq.QMRegion_b.xyz
Info) Determining bond structure from distance search ...
Info) Analyzing structure ...
Info)    Atoms: 138
Info)    Bonds: 137
Info)    Angles: 0  Dihedrals: 0  Impropers: 0  Cross-terms: 0
Info)    Bondtypes: 0  Angletypes: 0  Dihedraltypes: 0  Impropertypes: 0
Info)    Residues: 1
Info)    Waters: 0
Info)    Segments: 1
Info)    Fragments: 1   Protein: 1   Nucleic: 0
Info) Finished with coordinate file ./freq.QMRegion_b.xyz.
1
file14
atomselect0
atomselect1
0
0
0
0
0
3.797654057084321
Info) VMD for LINUXAMD64, version 1.9.3 (November 30, 2016)
Info) Exiting normally.
Can't load history: $< line too long.
[[0]]
399 0.7931841787953496
398 0.7922420601027836
397 0.7914250229755383
396 0.7906727686305929
395 0.8067700087734504
394 0.8071550437978218
393 0.8228477106892931
392 0.8295090234862051
391 0.8287709798237747
390 0.8440309738167064
389 0.8435397072394213
388 0.8432297444707005
387 0.8535914105730615
386 0.8529874896389542
385 0.865142582002428
384 0.8685381470796522
383 0.8680459193473835
382 0.8716151833248462
381 0.8819132525979163
380 0.8816033281618789
379 0.8811575688689011
378 0.8828289450366826
377 0.8894071116644273
376 0.8891535228546324
375 0.888425510182662
374 0.8911856577545428
373 0.8920662751964925
372 0.8919236535763391
371 0.8926785785479203
370 0.8919191963125859
369 0.8919676313862701
368 0.8917226699769494
367 0.8959079261273758
366 0.8982321694696869
365 0.903817113502291
364 0.9039612759785868
363 0.9036393643343882
362 0.903336872087565
361 0.9044879840161326
360 0.9044339243907917
359 0.9092767828710205
358 0.9118608331621862
357 0.9145118586757501
356 0.9141607139653437
355 0.9183209334285991
354 0.9183278032969284
353 0.9184847069077847
352 0.9184656965640782
351 0.9182594179434321
350 0.9179285536690669
349 0.9182750430316658
348 0.9205504014057658
347 0.9224955539780504
346 0.9249945976552487
345 0.9249925617126684
344 0.9249652414614022
343 0.9248208528928331
342 0.9242020679223422
341 0.927433129637272
Can't load history: $< line too long.
/ibbr/vmd/1.9.3/lib/vmd/vmd_LINUXAMD64: /lib64/libGL.so.1: no version information available (required by /ibbr/vmd/1.9.3/lib/vmd/vmd_LINUXAMD64)
Info) VMD for LINUXAMD64, version 1.9.3 (November 30, 2016)
Info) http://www.ks.uiuc.edu/Research/vmd/                         
Info) Email questions and bug reports to vmd@ks.uiuc.edu           
Info) Please include this reference in published work using VMD:   
Info)    Humphrey, W., Dalke, A. and Schulten, K., `VMD - Visual   
Info)    Molecular Dynamics', J. Molec. Graphics 1996, 14.1, 33-38.
Info) -------------------------------------------------------------
Info) Multithreading available, 48 CPUs detected.
Info)   CPU features: SSE2 AVX AVX2 FMA 
Info) Free system memory: 121GB (96%)
Info) No CUDA accelerator devices available.
Info) Dynamically loaded 2 plugins in directory:
Info) /ibbr/vmd/1.9.3/lib/vmd/plugins/LINUXAMD64/molfile
1
Info) Using plugin xyz for structure file ./freq.QMRegion_a.xyz
Info) Using plugin xyz for coordinates from file ./freq.QMRegion_a.xyz
Info) Determining bond structure from distance search ...
Info) Analyzing structure ...
Info)    Atoms: 138
Info)    Bonds: 137
Info)    Angles: 0  Dihedrals: 0  Impropers: 0  Cross-terms: 0
Info)    Bondtypes: 0  Angletypes: 0  Dihedraltypes: 0  Impropertypes: 0
Info)    Residues: 1
Info)    Waters: 0
Info)    Segments: 1
Info)    Fragments: 1   Protein: 1   Nucleic: 0
Info) Finished with coordinate file ./freq.QMRegion_a.xyz.
0
Info) Using plugin xyz for structure file ./freq.QMRegion_b.xyz
Info) Using plugin xyz for coordinates from file ./freq.QMRegion_b.xyz
Info) Determining bond structure from distance search ...
Info) Analyzing structure ...
Info)    Atoms: 138
Info)    Bonds: 137
Info)    Angles: 0  Dihedrals: 0  Impropers: 0  Cross-terms: 0
Info)    Bondtypes: 0  Angletypes: 0  Dihedraltypes: 0  Impropertypes: 0
Info)    Residues: 1
Info)    Waters: 0
Info)    Segments: 1
Info)    Fragments: 1   Protein: 1   Nucleic: 0
Info) Finished with coordinate file ./freq.QMRegion_b.xyz.
1
file14
atomselect0
atomselect1
0
0
0
0
0
4.0580917972355435
Info) VMD for LINUXAMD64, version 1.9.3 (November 30, 2016)
Info) Exiting normally.
Can't load history: $< line too long.
[[0]]
399 0.7158958893702321
398 0.713963878532965
397 0.7287735092295233
396 0.7296421735055145
395 0.7278945667915693
394 0.746922188519362
393 0.7451665714712012
392 0.7433308815832931
391 0.7415888525141385
390 0.7400711258515542
389 0.7389494541224678
388 0.7575715849061158
387 0.7560812160048188
386 0.7541754025812958
385 0.7580041607236827
384 0.7597736920715905
383 0.7629186707883504
382 0.7613481649306747
381 0.7598527193928929
380 0.7616094695961468
379 0.7638121954203101
378 0.7626136563883396
377 0.7611743461188794
376 0.7608203708647848
375 0.764990340535257
374 0.7640821120749038
373 0.7703330617533547
372 0.770473392902554
371 0.7689721630068712
370 0.769865488035238
369 0.777928604625851
368 0.7826566362085366
367 0.78780020665949
366 0.7938544375375807
365 0.7935880176842685
364 0.7984683853069827
363 0.8012213863587521
362 0.8016487597449935
361 0.8034043598741404
360 0.8100120517670533
359 0.8131133889388853
358 0.8128179837673595
357 0.8123642389377312
356 0.8157560079300363
355 0.8148755555511958
354 0.8193931187856183
353 0.8187047823305696
352 0.821148585928858
351 0.8216515944733894
350 0.8272345993566758
349 0.8268300559634711
348 0.8262989864373275
347 0.8269486201550977
346 0.8305162147750079
345 0.8300628642110701
344 0.8329828829629846
343 0.8360888759633449
342 0.8368303096998801
341 0.8395113487617563
340 0.8410285901178014
339 0.8449352257807284
338 0.8452980229193063
337 0.8463169763010758
336 0.8464963680959879
335 0.8475092483729578
334 0.8516467476527361
333 0.8527656647356829
332 0.856889770645182
331 0.8570016970933041
330 0.8589713081855279
329 0.8614211954240948
328 0.861742361474551
327 0.8624995035568226
326 0.8640504768185115
325 0.8670560530636733
324 0.8660485345336133
323 0.8688590579062058
322 0.8711956506244927
321 0.8743604231292654
320 0.8749970108558454
319 0.8761333108875791
318 0.8760695709262327
317 0.8787408535309333
316 0.8795165874494238
315 0.8783989331347267
314 0.8806714977529478
313 0.8807730929549882
312 0.8808485200232876
311 0.8836900677845156
310 0.8853917662147247
309 0.8863868057090559
308 0.88838015944399
307 0.8903921176998708
306 0.8904693526674939
305 0.8934102628994135
304 0.8965453459935463
303 0.8964197459672988
302 0.8983863852097592
301 0.8973459612351284
300 0.898713456693884
299 0.9012133565356627
298 0.9028915229263734
297 0.905779022361381
296 0.9056216040018925
295 0.9073231787638545
294 0.9089583129880963
293 0.9088406203612283
292 0.9111093996900839
291 0.9109049171787733
290 0.9103848663230365
289 0.9119890286799845
288 0.9121997716845128
287 0.913564978916322
286 0.9131490820035606
285 0.9127909263131511
284 0.9128739423691553
283 0.9131429638827803
282 0.9154441522647392
281 0.9153773424335525
280 0.9172161857308258
279 0.9168587882841727
278 0.9192884641894513
277 0.9191144379028361
276 0.919161119783925
275 0.9192556229389591
274 0.9202802434774646
273 0.9202901750832768
272 0.9205150736307987
271 0.922466553093182
270 0.923690258498106
269 0.926158372621354
Can't load history: $< line too long.
/ibbr/vmd/1.9.3/lib/vmd/vmd_LINUXAMD64: /lib64/libGL.so.1: no version information available (required by /ibbr/vmd/1.9.3/lib/vmd/vmd_LINUXAMD64)
Info) VMD for LINUXAMD64, version 1.9.3 (November 30, 2016)
Info) http://www.ks.uiuc.edu/Research/vmd/                         
Info) Email questions and bug reports to vmd@ks.uiuc.edu           
Info) Please include this reference in published work using VMD:   
Info)    Humphrey, W., Dalke, A. and Schulten, K., `VMD - Visual   
Info)    Molecular Dynamics', J. Molec. Graphics 1996, 14.1, 33-38.
Info) -------------------------------------------------------------
Info) Multithreading available, 48 CPUs detected.
Info)   CPU features: SSE2 AVX AVX2 FMA 
Info) Free system memory: 121GB (96%)
Info) No CUDA accelerator devices available.
Info) Dynamically loaded 2 plugins in directory:
Info) /ibbr/vmd/1.9.3/lib/vmd/plugins/LINUXAMD64/molfile
1
Info) Using plugin xyz for structure file ./freq.QMRegion_a.xyz
Info) Using plugin xyz for coordinates from file ./freq.QMRegion_a.xyz
Info) Determining bond structure from distance search ...
Info) Analyzing structure ...
Info)    Atoms: 138
Info)    Bonds: 137
Info)    Angles: 0  Dihedrals: 0  Impropers: 0  Cross-terms: 0
Info)    Bondtypes: 0  Angletypes: 0  Dihedraltypes: 0  Impropertypes: 0
Info)    Residues: 1
Info)    Waters: 0
Info)    Segments: 1
Info)    Fragments: 1   Protein: 1   Nucleic: 0
Info) Finished with coordinate file ./freq.QMRegion_a.xyz.
0
Info) Using plugin xyz for structure file ./freq.QMRegion_b.xyz
Info) Using plugin xyz for coordinates from file ./freq.QMRegion_b.xyz
Info) Determining bond structure from distance search ...
Info) Analyzing structure ...
Info)    Atoms: 138
Info)    Bonds: 137
Info)    Angles: 0  Dihedrals: 0  Impropers: 0  Cross-terms: 0
Info)    Bondtypes: 0  Angletypes: 0  Dihedraltypes: 0  Impropertypes: 0
Info)    Residues: 1
Info)    Waters: 0
Info)    Segments: 1
Info)    Fragments: 1   Protein: 1   Nucleic: 0
Info) Finished with coordinate file ./freq.QMRegion_b.xyz.
1
file14
atomselect0
atomselect1
0
0
0
0
0
5.067249770213152
Info) VMD for LINUXAMD64, version 1.9.3 (November 30, 2016)
Info) Exiting normally.
Can't load history: $< line too long.
[[0]]
399 0.8190822311096277
398 0.8222361510571532
397 0.8229938112263765
396 0.8229827146965573
395 0.8247772678441565
394 0.8241367606663652
393 0.8251608653890536
392 0.833594023872433
391 0.8377476680292699
390 0.8372848954211438
389 0.8366365695709039
388 0.8360972879178015
387 0.8355671010325222
386 0.8354991480039282
385 0.8345935489507373
384 0.8449215513913195
383 0.8443974818681913
382 0.8441712161888005
381 0.8436056574466163
380 0.8510318619525006
379 0.8502457724492816
378 0.8499883162577413
377 0.8490534666517047
376 0.8578736470639647
375 0.8635457098478342
374 0.8630055799509101
373 0.8631471404838985
372 0.8698074499092632
371 0.872078194166852
370 0.87205076238356
369 0.8728556166070106
368 0.8729182459978566
367 0.8749449075532962
366 0.8745274533592522
365 0.8781790754939259
364 0.8832381256232882
363 0.8829849832786454
362 0.8871090360542426
361 0.8892252959492162
360 0.8895085716258824
359 0.8910529211682167
358 0.8926004560616935
357 0.8968723719301627
356 0.8967327538702013
355 0.8997459076610187
354 0.8994147942122762
353 0.9017040608979331
352 0.9049195797469547
351 0.906555979945974
350 0.9063559877111786
349 0.9068870196031384
348 0.9076114980401933
347 0.9093760666755325
346 0.9089759292253066
345 0.9111639577859914
344 0.9115451599493064
343 0.9121157358580286
342 0.9121205789721223
341 0.9123986626083337
340 0.9127655284379166
339 0.912392612076639
338 0.9130467630163923
337 0.9142824754114839
336 0.9165419893680791
335 0.91701346037221
334 0.9194450076122387
333 0.9201974556331209
332 0.9210165722773932
331 0.92100749109216
330 0.9229765209805754
329 0.9231624908165004
328 0.9240205363774086
327 0.9242670405379682
326 0.9266641283951558
Can't load history: $< line too long.
/ibbr/vmd/1.9.3/lib/vmd/vmd_LINUXAMD64: /lib64/libGL.so.1: no version information available (required by /ibbr/vmd/1.9.3/lib/vmd/vmd_LINUXAMD64)
Info) VMD for LINUXAMD64, version 1.9.3 (November 30, 2016)
Info) http://www.ks.uiuc.edu/Research/vmd/                         
Info) Email questions and bug reports to vmd@ks.uiuc.edu           
Info) Please include this reference in published work using VMD:   
Info)    Humphrey, W., Dalke, A. and Schulten, K., `VMD - Visual   
Info)    Molecular Dynamics', J. Molec. Graphics 1996, 14.1, 33-38.
Info) -------------------------------------------------------------
Info) Multithreading available, 48 CPUs detected.
Info)   CPU features: SSE2 AVX AVX2 FMA 
Info) Free system memory: 121GB (96%)
Info) No CUDA accelerator devices available.
Info) Dynamically loaded 2 plugins in directory:
Info) /ibbr/vmd/1.9.3/lib/vmd/plugins/LINUXAMD64/molfile
1
Info) Using plugin xyz for structure file ./freq.QMRegion_a.xyz
Info) Using plugin xyz for coordinates from file ./freq.QMRegion_a.xyz
Info) Determining bond structure from distance search ...
Info) Analyzing structure ...
Info)    Atoms: 138
Info)    Bonds: 137
Info)    Angles: 0  Dihedrals: 0  Impropers: 0  Cross-terms: 0
Info)    Bondtypes: 0  Angletypes: 0  Dihedraltypes: 0  Impropertypes: 0
Info)    Residues: 1
Info)    Waters: 0
Info)    Segments: 1
Info)    Fragments: 1   Protein: 1   Nucleic: 0
Info) Finished with coordinate file ./freq.QMRegion_a.xyz.
0
Info) Using plugin xyz for structure file ./freq.QMRegion_b.xyz
Info) Using plugin xyz for coordinates from file ./freq.QMRegion_b.xyz
Info) Determining bond structure from distance search ...
Info) Analyzing structure ...
Info)    Atoms: 138
Info)    Bonds: 137
Info)    Angles: 0  Dihedrals: 0  Impropers: 0  Cross-terms: 0
Info)    Bondtypes: 0  Angletypes: 0  Dihedraltypes: 0  Impropertypes: 0
Info)    Residues: 1
Info)    Waters: 0
Info)    Segments: 1
Info)    Fragments: 1   Protein: 1   Nucleic: 0
Info) Finished with coordinate file ./freq.QMRegion_b.xyz.
1
file14
atomselect0
atomselect1
0
0
0
0
0
3.579808657662698
Info) VMD for LINUXAMD64, version 1.9.3 (November 30, 2016)
Info) Exiting normally.
Can't load history: $< line too long.
[[0]]
399 0.654634020798347
398 0.6523317606437085
397 0.6502144890086254
396 0.6480415717212586
395 0.6460429924969382
394 0.6655012163815746
393 0.6636108096676904
392 0.6612941276150005
391 0.6589597390305804
390 0.6565560490080466
389 0.6554828704230045
388 0.673315229699062
387 0.6708794370391081
386 0.6684050002082347
385 0.6663650842906519
384 0.6645188186493849
383 0.6752447273996365
382 0.6733646878104211
381 0.6714028248092276
380 0.688241417465509
379 0.6882168179294867
378 0.6863172842881773
377 0.7022610897284978
376 0.69996388592964
375 0.6975215265511279
374 0.6984677861023397
373 0.6964239096795111
372 0.6952141712281944
371 0.6943591380764149
370 0.6952622008443186
369 0.6942261499602762
368 0.7043511968290042
367 0.702203624988327
366 0.7152067606269904
365 0.7135269278285957
364 0.7142942188107557
363 0.726095288672624
362 0.7379116690103882
361 0.7505896026774893
360 0.7610391114085588
359 0.7727572816265709
358 0.7718865276862621
357 0.781983249036708
356 0.7819109857506537
355 0.7917779942535306
354 0.7917295605067193
353 0.7993085159850271
352 0.7991674513249467
351 0.8024947119886066
350 0.8107703023413356
349 0.8106735842267697
348 0.8193399303354569
347 0.8186110025838341
346 0.8265269154195303
345 0.8345347709276963
344 0.8431375860646098
343 0.8424922701945562
342 0.8418814697687543
341 0.8482494113328964
340 0.8558018476742946
339 0.8579404878887634
338 0.8649895368520109
337 0.8688692757468626
336 0.8688107111501681
335 0.8692202181242802
334 0.8748777425357527
333 0.8745206447609362
332 0.8793976390755838
331 0.8805195721989522
330 0.8860439100020985
329 0.8864874177000435
328 0.8871199925799518
327 0.8865336376126902
326 0.8913777476915026
325 0.8912334143299034
324 0.8940778621748423
323 0.8961094425646778
322 0.8954545895569335
321 0.8951469649515662
320 0.8964360879714369
319 0.899649728871555
318 0.9006357687375464
317 0.9009049591115408
316 0.9002646537547434
315 0.9015168247123015
314 0.9007598910262826
313 0.9014286815498329
312 0.9027619810695536
311 0.9054069723858628
310 0.9050958680641555
309 0.9065121772390603
308 0.9085623890456287
307 0.9079604000052321
306 0.9101685931372474
305 0.9097028916056222
304 0.9106324230977595
303 0.9112488491263517
302 0.9139592887841826
301 0.9162844780333351
300 0.9174593986388159
299 0.920666613896422
298 0.9234296699592847
297 0.9233611897022477
296 0.9230436913466501
295 0.9249351253382995
294 0.9260177827984087
Can't load history: $< line too long.
/ibbr/vmd/1.9.3/lib/vmd/vmd_LINUXAMD64: /lib64/libGL.so.1: no version information available (required by /ibbr/vmd/1.9.3/lib/vmd/vmd_LINUXAMD64)
Info) VMD for LINUXAMD64, version 1.9.3 (November 30, 2016)
Info) http://www.ks.uiuc.edu/Research/vmd/                         
Info) Email questions and bug reports to vmd@ks.uiuc.edu           
Info) Please include this reference in published work using VMD:   
Info)    Humphrey, W., Dalke, A. and Schulten, K., `VMD - Visual   
Info)    Molecular Dynamics', J. Molec. Graphics 1996, 14.1, 33-38.
Info) -------------------------------------------------------------
Info) Multithreading available, 48 CPUs detected.
Info)   CPU features: SSE2 AVX AVX2 FMA 
Info) Free system memory: 121GB (96%)
Info) No CUDA accelerator devices available.
Info) Dynamically loaded 2 plugins in directory:
Info) /ibbr/vmd/1.9.3/lib/vmd/plugins/LINUXAMD64/molfile
2
Info) Using plugin xyz for structure file ./freq.QMRegion_a.xyz
Info) Using plugin xyz for coordinates from file ./freq.QMRegion_a.xyz
Info) Determining bond structure from distance search ...
Info) Analyzing structure ...
Info)    Atoms: 138
Info)    Bonds: 137
Info)    Angles: 0  Dihedrals: 0  Impropers: 0  Cross-terms: 0
Info)    Bondtypes: 0  Angletypes: 0  Dihedraltypes: 0  Impropertypes: 0
Info)    Residues: 1
Info)    Waters: 0
Info)    Segments: 1
Info)    Fragments: 1   Protein: 1   Nucleic: 0
Info) Finished with coordinate file ./freq.QMRegion_a.xyz.
0
Info) Using plugin xyz for structure file ./freq.QMRegion_b.xyz
Info) Using plugin xyz for coordinates from file ./freq.QMRegion_b.xyz
Info) Determining bond structure from distance search ...
Info) Analyzing structure ...
Info)    Atoms: 138
Info)    Bonds: 137
Info)    Angles: 0  Dihedrals: 0  Impropers: 0  Cross-terms: 0
Info)    Bondtypes: 0  Angletypes: 0  Dihedraltypes: 0  Impropertypes: 0
Info)    Residues: 1
Info)    Waters: 0
Info)    Segments: 1
Info)    Fragments: 1   Protein: 1   Nucleic: 0
Info) Finished with coordinate file ./freq.QMRegion_b.xyz.
1
file14
atomselect0
atomselect1
0
0
0
0
0
3.422618913259061
Info) VMD for LINUXAMD64, version 1.9.3 (November 30, 2016)
Info) Exiting normally.
Can't load history: $< line too long.
[[0]]
399 0.6822468577118794
398 0.6977274424819712
397 0.6968501077714249
396 0.7154286151269804
395 0.7323530345658076
394 0.7305613941340533
393 0.745641252694091
392 0.7520317781067822
391 0.7671788000649461
390 0.7656948875775312
389 0.7641338608099641
388 0.7627213347993472
387 0.7760302012481226
386 0.7881383487038619
385 0.7866814819561121
384 0.7877936189535122
383 0.7956900348354061
382 0.8063996173632935
381 0.8163201272013176
380 0.8268127989078108
379 0.8356473604541056
378 0.834525813554385
377 0.8343124714082443
376 0.834164165657778
375 0.8328785385291257
374 0.8330762625714234
373 0.8330806161547191
372 0.8317542966760572
371 0.831792739210026
370 0.8398241353170092
369 0.8427272067528495
368 0.8456188848942006
367 0.8521865844853802
366 0.8510710478328105
365 0.8569671255365745
364 0.8612471845924496
363 0.8609443118788419
362 0.862363827168756
361 0.8682547262741581
360 0.8744817296993285
359 0.8787510065389463
358 0.878703822502562
357 0.8831710948085301
356 0.8841234851360605
355 0.8859683489143194
354 0.8894482325134778
353 0.8893327853855557
352 0.8937990938977065
351 0.8933750359911116
350 0.8933684159373196
349 0.8933056419091843
348 0.8974955607561486
347 0.8972359895084847
346 0.8968292355497618
345 0.89670302247042
344 0.8958402334002203
343 0.8957547026691389
342 0.8993159225897563
341 0.9038973030828434
340 0.9039039724854758
339 0.9079911877377194
338 0.9113659086130049
337 0.9113829128307657
336 0.9131113952175005
335 0.9158778019665075
334 0.9191807944536067
333 0.9199757281693852
332 0.9229619916022841
331 0.923528328263583
330 0.9247654616538553
329 0.9266154408226974
Can't load history: $< line too long.
/ibbr/vmd/1.9.3/lib/vmd/vmd_LINUXAMD64: /lib64/libGL.so.1: no version information available (required by /ibbr/vmd/1.9.3/lib/vmd/vmd_LINUXAMD64)
Info) VMD for LINUXAMD64, version 1.9.3 (November 30, 2016)
Info) http://www.ks.uiuc.edu/Research/vmd/                         
Info) Email questions and bug reports to vmd@ks.uiuc.edu           
Info) Please include this reference in published work using VMD:   
Info)    Humphrey, W., Dalke, A. and Schulten, K., `VMD - Visual   
Info)    Molecular Dynamics', J. Molec. Graphics 1996, 14.1, 33-38.
Info) -------------------------------------------------------------
Info) Multithreading available, 48 CPUs detected.
Info)   CPU features: SSE2 AVX AVX2 FMA 
Info) Free system memory: 121GB (96%)
Info) No CUDA accelerator devices available.
Info) Dynamically loaded 2 plugins in directory:
Info) /ibbr/vmd/1.9.3/lib/vmd/plugins/LINUXAMD64/molfile
2
Info) Using plugin xyz for structure file ./freq.QMRegion_a.xyz
Info) Using plugin xyz for coordinates from file ./freq.QMRegion_a.xyz
Info) Determining bond structure from distance search ...
Info) Analyzing structure ...
Info)    Atoms: 138
Info)    Bonds: 137
Info)    Angles: 0  Dihedrals: 0  Impropers: 0  Cross-terms: 0
Info)    Bondtypes: 0  Angletypes: 0  Dihedraltypes: 0  Impropertypes: 0
Info)    Residues: 1
Info)    Waters: 0
Info)    Segments: 1
Info)    Fragments: 1   Protein: 1   Nucleic: 0
Info) Finished with coordinate file ./freq.QMRegion_a.xyz.
0
Info) Using plugin xyz for structure file ./freq.QMRegion_b.xyz
Info) Using plugin xyz for coordinates from file ./freq.QMRegion_b.xyz
Info) Determining bond structure from distance search ...
Info) Analyzing structure ...
Info)    Atoms: 138
Info)    Bonds: 137
Info)    Angles: 0  Dihedrals: 0  Impropers: 0  Cross-terms: 0
Info)    Bondtypes: 0  Angletypes: 0  Dihedraltypes: 0  Impropertypes: 0
Info)    Residues: 1
Info)    Waters: 0
Info)    Segments: 1
Info)    Fragments: 1   Protein: 1   Nucleic: 0
Info) Finished with coordinate file ./freq.QMRegion_b.xyz.
1
file14
atomselect0
atomselect1
0
0
0
0
0
4.199955082137406
Info) VMD for LINUXAMD64, version 1.9.3 (November 30, 2016)
Info) Exiting normally.
Can't load history: $< line too long.
[[0]]
399 0.4154801506626953
398 0.413687803041206
397 0.4256768762687334
396 0.42352112868457137
395 0.43678884390055306
394 0.43365242395790016
393 0.4329349130196035
392 0.4306392197054214
391 0.4281664786430025
390 0.4409911017207001
389 0.43854386844484017
388 0.4351852742269797
387 0.4450801490117705
386 0.44182032443054997
385 0.4537486077334896
384 0.4506714487908303
383 0.4474912650870033
382 0.4590470594983561
381 0.45627142741992155
380 0.4534294594331807
379 0.45094126496187026
378 0.4484024284512277
377 0.4593379247463505
376 0.47003082707734034
375 0.48042311193826526
374 0.478113886391491
373 0.4872007232718646
372 0.483878477760319
371 0.48042927975188876
370 0.4911510455903
369 0.5017248996713342
368 0.5123342913223949
367 0.5160165926775282
366 0.5133821220645307
365 0.5239334272644749
364 0.5226686824716453
363 0.5328013039610917
362 0.5418157639544521
361 0.551264628745525
360 0.5484540652213141
359 0.5561401576408203
358 0.5541618471087202
357 0.5508119097213605
356 0.561992750850531
355 0.5585018691925103
354 0.5699315995237755
353 0.5808511273274217
352 0.5922192752095938
351 0.6022743836776736
350 0.5994011586932659
349 0.5975111612717254
348 0.5953328367369035
347 0.5948918559123854
346 0.5944680470776362
345 0.6052314932641597
344 0.6050693260461371
343 0.6150204316972929
342 0.6236416938957099
341 0.6317987760825673
340 0.6300150273357594
339 0.6279578742805205
338 0.6369617676495711
337 0.6457663972240911
336 0.6551114686002797
335 0.6646268920502836
334 0.6629543262206838
333 0.6621895264394996
332 0.6714854004121046
331 0.6808405603390919
330 0.6779316286712174
329 0.6870392548997294
328 0.6962608925765326
327 0.6932208460975462
326 0.7027251953798874
325 0.7121959522896435
324 0.7214211897213811
323 0.7215916081361673
322 0.7197971808828998
321 0.7291597877041296
320 0.7303065945207887
319 0.728321700779098
318 0.7379102149631072
317 0.7472160331951204
316 0.7557366033487622
315 0.7651754181322288
314 0.7715568854514435
313 0.7700117948884118
312 0.7689491113340455
311 0.7704901104704491
310 0.7781027453512623
309 0.7779627238993011
308 0.7769748516907529
307 0.784363565754621
306 0.7848591841507434
305 0.7924508851786255
304 0.7903038467716735
303 0.7981115936186267
302 0.8044852764769526
301 0.8084720967663199
300 0.8105221645305938
299 0.8158545923178556
298 0.8237316230535057
297 0.8229037633687522
296 0.8292205801371676
295 0.8283223661012813
294 0.8269244231866275
293 0.8259650950831585
292 0.8252887559943562
291 0.8245008761244645
290 0.8292739733397659
289 0.8287407444760397
288 0.8303835071465676
287 0.8303208994760085
286 0.8356508659165414
285 0.8404333694986076
284 0.8399537462826728
283 0.8387163148576642
282 0.8387421520036875
281 0.8409166421274181
280 0.8419383613500865
279 0.8470890190701901
278 0.8529358095721635
277 0.8521348786647316
276 0.8572798398968995
275 0.8575972331812675
274 0.8633185470863418
273 0.8681778455132086
272 0.8678952704031215
271 0.8731467013968722
270 0.8776993784202182
269 0.8790361983354663
268 0.8834173329966297
267 0.8868669130908088
266 0.8866334387682673
265 0.8858270372549157
264 0.8899071579123587
263 0.8928365774001923
262 0.8952352773030775
261 0.8941657642186571
260 0.8942605289447944
259 0.8945746367337749
258 0.8980335630644539
257 0.8981886398654303
256 0.9020580229717463
255 0.9026718228585978
254 0.9056655117643535
253 0.9052510065229183
252 0.9070371681017467
251 0.9062072471388425
250 0.9087297614186454
249 0.9103119669128857
248 0.9104148233901952
247 0.9098685286777068
246 0.9120553556948224
245 0.9138970881027828
244 0.9158514391152647
243 0.9181570436414922
242 0.918919720910376
241 0.9191414088231615
240 0.9185806832167024
239 0.9182152269770203
238 0.9171813093369864
237 0.9171679518695579
236 0.9172270093678269
235 0.9172295349930013
234 0.9195912155233907
233 0.919267048599885
232 0.9194567270682886
231 0.9218219587498724
230 0.9237545506787147
229 0.9238306100645733
228 0.9229441383886182
227 0.9241379328674887
226 0.9241215710015562
225 0.9237893446849231
224 0.924377384638069
223 0.9246377390623602
222 0.9257726156564834
Can't load history: $< line too long.
/ibbr/vmd/1.9.3/lib/vmd/vmd_LINUXAMD64: /lib64/libGL.so.1: no version information available (required by /ibbr/vmd/1.9.3/lib/vmd/vmd_LINUXAMD64)
Info) VMD for LINUXAMD64, version 1.9.3 (November 30, 2016)
Info) http://www.ks.uiuc.edu/Research/vmd/                         
Info) Email questions and bug reports to vmd@ks.uiuc.edu           
Info) Please include this reference in published work using VMD:   
Info)    Humphrey, W., Dalke, A. and Schulten, K., `VMD - Visual   
Info)    Molecular Dynamics', J. Molec. Graphics 1996, 14.1, 33-38.
Info) -------------------------------------------------------------
Info) Multithreading available, 48 CPUs detected.
Info)   CPU features: SSE2 AVX AVX2 FMA 
Info) Free system memory: 121GB (96%)
Info) No CUDA accelerator devices available.
Info) Dynamically loaded 2 plugins in directory:
Info) /ibbr/vmd/1.9.3/lib/vmd/plugins/LINUXAMD64/molfile
2
Info) Using plugin xyz for structure file ./freq.QMRegion_a.xyz
Info) Using plugin xyz for coordinates from file ./freq.QMRegion_a.xyz
Info) Determining bond structure from distance search ...
Info) Analyzing structure ...
Info)    Atoms: 138
Info)    Bonds: 137
Info)    Angles: 0  Dihedrals: 0  Impropers: 0  Cross-terms: 0
Info)    Bondtypes: 0  Angletypes: 0  Dihedraltypes: 0  Impropertypes: 0
Info)    Residues: 1
Info)    Waters: 0
Info)    Segments: 1
Info)    Fragments: 1   Protein: 1   Nucleic: 0
Info) Finished with coordinate file ./freq.QMRegion_a.xyz.
0
Info) Using plugin xyz for structure file ./freq.QMRegion_b.xyz
Info) Using plugin xyz for coordinates from file ./freq.QMRegion_b.xyz
Info) Determining bond structure from distance search ...
Info) Analyzing structure ...
Info)    Atoms: 138
Info)    Bonds: 137
Info)    Angles: 0  Dihedrals: 0  Impropers: 0  Cross-terms: 0
Info)    Bondtypes: 0  Angletypes: 0  Dihedraltypes: 0  Impropertypes: 0
Info)    Residues: 1
Info)    Waters: 0
Info)    Segments: 1
Info)    Fragments: 1   Protein: 1   Nucleic: 0
Info) Finished with coordinate file ./freq.QMRegion_b.xyz.
1
file14
atomselect0
atomselect1
0
0
0
0
0
4.451595647901775
Info) VMD for LINUXAMD64, version 1.9.3 (November 30, 2016)
Info) Exiting normally.
Can't load history: $< line too long.
[[0]]
399 0.522981589287049
398 0.5388924609802666
397 0.5543430215104517
396 0.5531024774341703
395 0.551249862624104
394 0.5639723175467566
393 0.5630960318861598
392 0.5775453827827097
391 0.5880425884771681
390 0.5860438175512268
389 0.584428856770169
388 0.5972541111300391
387 0.6112480727172893
386 0.6244971886283562
385 0.6382430823894389
384 0.6380462792301825
383 0.6504247673457575
382 0.6636801688815681
381 0.6615776611551294
380 0.6609329003511726
379 0.6745670446435863
378 0.6741667032667009
377 0.6860011547445122
376 0.6969571834426931
375 0.6950464693695899
374 0.69617813483865
373 0.7065860802480285
372 0.7168883812321633
371 0.7151581781304241
370 0.7253576792806904
369 0.7348939251953328
368 0.7349114699222123
367 0.7445246491941802
366 0.7554225049506083
365 0.7542713546803952
364 0.7545452724189801
363 0.764934482776995
362 0.7633207798265358
361 0.7626347450225344
360 0.7633124685390371
359 0.7737461931002014
358 0.7831053626007707
357 0.7829390930510413
356 0.7853568912759405
355 0.7846835020759367
354 0.7917395486567166
353 0.7909462160342924
352 0.791460144156807
351 0.7907976788390605
350 0.7992090472444763
349 0.8076038533759666
348 0.806228637892463
347 0.805170962992602
346 0.8071398991350566
345 0.8146272054825456
344 0.8211908014434712
343 0.820450816214658
342 0.8218468023314294
341 0.8256448568749417
340 0.8310700539514395
339 0.8364586133103082
338 0.8363761907223017
337 0.841771210024701
336 0.8479294324846478
335 0.8481386745804564
334 0.847046701460473
333 0.8464020342231922
332 0.853186866004845
331 0.8532106465138982
330 0.8532496911316196
329 0.8587225716988518
328 0.8583448997777092
327 0.8578052593594605
326 0.8624905637325826
325 0.8628358918899307
324 0.8685298566511382
323 0.8743783412100317
322 0.8771462549111069
321 0.8774395563286529
320 0.8836828189776845
319 0.8894866814413893
318 0.8902692199199324
317 0.8897023759405875
316 0.893883505912463
315 0.8980749418023379
314 0.8978652344069971
313 0.8989548665593935
312 0.9016819149910544
311 0.9020162685958166
310 0.9058103064523083
309 0.9069870918407636
308 0.9088558071246079
307 0.909823116895625
306 0.9134868087697291
305 0.9142370698269929
304 0.9143270540748222
303 0.9168638852961462
302 0.9169695918560105
301 0.9165426480816818
300 0.9164839112290003
299 0.9176186336222747
298 0.918864680610881
297 0.9181589639924514
296 0.9192505390970086
295 0.9187527920975731
294 0.919018805346655
293 0.9189153375401847
292 0.9209457254066223
291 0.9209258946805527
290 0.9230392090663101
289 0.9246253443169772
288 0.9245488028301326
287 0.9269452207225009
Can't load history: $< line too long.
/ibbr/vmd/1.9.3/lib/vmd/vmd_LINUXAMD64: /lib64/libGL.so.1: no version information available (required by /ibbr/vmd/1.9.3/lib/vmd/vmd_LINUXAMD64)
Info) VMD for LINUXAMD64, version 1.9.3 (November 30, 2016)
Info) http://www.ks.uiuc.edu/Research/vmd/                         
Info) Email questions and bug reports to vmd@ks.uiuc.edu           
Info) Please include this reference in published work using VMD:   
Info)    Humphrey, W., Dalke, A. and Schulten, K., `VMD - Visual   
Info)    Molecular Dynamics', J. Molec. Graphics 1996, 14.1, 33-38.
Info) -------------------------------------------------------------
Info) Multithreading available, 48 CPUs detected.
Info)   CPU features: SSE2 AVX AVX2 FMA 
Info) Free system memory: 121GB (96%)
Info) No CUDA accelerator devices available.
Info) Dynamically loaded 2 plugins in directory:
Info) /ibbr/vmd/1.9.3/lib/vmd/plugins/LINUXAMD64/molfile
2
Info) Using plugin xyz for structure file ./freq.QMRegion_a.xyz
Info) Using plugin xyz for coordinates from file ./freq.QMRegion_a.xyz
Info) Determining bond structure from distance search ...
Info) Analyzing structure ...
Info)    Atoms: 138
Info)    Bonds: 137
Info)    Angles: 0  Dihedrals: 0  Impropers: 0  Cross-terms: 0
Info)    Bondtypes: 0  Angletypes: 0  Dihedraltypes: 0  Impropertypes: 0
Info)    Residues: 1
Info)    Waters: 0
Info)    Segments: 1
Info)    Fragments: 1   Protein: 1   Nucleic: 0
Info) Finished with coordinate file ./freq.QMRegion_a.xyz.
0
Info) Using plugin xyz for structure file ./freq.QMRegion_b.xyz
Info) Using plugin xyz for coordinates from file ./freq.QMRegion_b.xyz
Info) Determining bond structure from distance search ...
Info) Analyzing structure ...
Info)    Atoms: 138
Info)    Bonds: 137
Info)    Angles: 0  Dihedrals: 0  Impropers: 0  Cross-terms: 0
Info)    Bondtypes: 0  Angletypes: 0  Dihedraltypes: 0  Impropertypes: 0
Info)    Residues: 1
Info)    Waters: 0
Info)    Segments: 1
Info)    Fragments: 1   Protein: 1   Nucleic: 0
Info) Finished with coordinate file ./freq.QMRegion_b.xyz.
1
file14
atomselect0
atomselect1
0
0
0
0
0
3.4542160846257755
Info) VMD for LINUXAMD64, version 1.9.3 (November 30, 2016)
Info) Exiting normally.
Can't load history: $< line too long.
[[0]]
399 0.451843398928066
398 0.4682283502330057
397 0.48263723339692166
396 0.49696349671530826
395 0.4940973619029355
394 0.5107359544208523
393 0.5258393930014456
392 0.5235253510129532
391 0.5385379921718711
390 0.5353877013992848
389 0.5323384221259866
388 0.530541090357916
387 0.5273327710854947
386 0.5422503367125384
385 0.5397675348049431
384 0.53736931497151
383 0.535209151808128
382 0.5327252202925931
381 0.5299493241426807
380 0.5443398738533496
379 0.5412506911191645
378 0.5378266155313784
377 0.5518871462120192
376 0.5494413419459625
375 0.5472116154463573
374 0.5607958068120569
373 0.5596712584366884
372 0.5726393281305717
371 0.5699712949188034
370 0.5668055498947033
369 0.5801362957301327
368 0.5781937977168137
367 0.5753167847091023
366 0.5725971728618842
365 0.5703876078101895
364 0.5678954579502467
363 0.5807727185334615
362 0.5781642364065442
361 0.589878694049375
360 0.5873057689881336
359 0.6002673189746659
358 0.5974787372379952
357 0.5953732041968033
356 0.6059299483257399
355 0.6062678824177061
354 0.60534656249979
353 0.6178781625833254
352 0.6277765195401508
351 0.6389250189446878
350 0.650480250281765
349 0.6489815919190338
348 0.6482142185044909
347 0.657135744024911
346 0.6691526913874042
345 0.6794438528681845
344 0.6780035993328267
343 0.6760417511183735
342 0.6736281107590281
341 0.6727717281827537
340 0.6808648661148906
339 0.691650178532296
338 0.7007380936542247
337 0.699519636701805
336 0.7063346713932104
335 0.7045378705978054
334 0.7134932764795863
333 0.7216802523006459
332 0.7309067180599365
331 0.7313425325334901
330 0.7402072522961618
329 0.7486826932920251
328 0.7474613747697856
327 0.7555280574478357
326 0.7549945231988294
325 0.7635062173626243
324 0.7625157787287591
323 0.770863336773085
322 0.7797081014793337
321 0.7795574925537109
320 0.7877664109207543
319 0.795522633437771
318 0.7950784437415299
317 0.7934853528222263
316 0.7934481353909439
315 0.8005300995136793
314 0.8091322438619232
313 0.8114211475698058
312 0.818907271320101
311 0.8189368797626579
310 0.824463270178091
309 0.8280880483672781
308 0.8277444467307109
307 0.8271373809599306
306 0.8284597525668065
305 0.8333067429829846
304 0.838060344115396
303 0.8444143914134278
302 0.8435432688034861
301 0.848110346290626
300 0.8539588464055228
299 0.8553445604248968
298 0.8571782146305824
297 0.8630375448010587
296 0.8623813041590048
295 0.8623968475443812
294 0.8660213905157801
293 0.8705291529085992
292 0.8745536675223367
291 0.8740316363290926
290 0.8773097986320424
289 0.8791912689694339
288 0.8802846565652588
287 0.8840464347077723
286 0.8834883740665307
285 0.8859319314320829
284 0.8859842886972815
283 0.8878426270040125
282 0.8878048221367651
281 0.8903800043193122
280 0.8897762025035206
279 0.8899067578746134
278 0.8919600042884209
277 0.891978752650841
276 0.8924400308963447
275 0.8954211485876187
274 0.8969321524471274
273 0.9001056690654197
272 0.8999357245365741
271 0.9011511784745535
270 0.9041972573660578
269 0.9040033886185522
268 0.9063131164002649
267 0.9087807939402998
266 0.9082158196242317
265 0.9109094253432861
264 0.9108403149255139
263 0.9129066482424101
262 0.9149709525060403
261 0.915044965347914
260 0.9151365146858739
259 0.9162805647208634
258 0.9161544990572525
257 0.9182789637853737
256 0.9194387819775189
255 0.9202209840424116
254 0.9219798294656694
253 0.9220203184755676
252 0.9229385557830581
251 0.9225069220016466
250 0.9215365240933481
249 0.9236591861024199
248 0.9254307555209392
Can't load history: $< line too long.
/ibbr/vmd/1.9.3/lib/vmd/vmd_LINUXAMD64: /lib64/libGL.so.1: no version information available (required by /ibbr/vmd/1.9.3/lib/vmd/vmd_LINUXAMD64)
Info) VMD for LINUXAMD64, version 1.9.3 (November 30, 2016)
Info) http://www.ks.uiuc.edu/Research/vmd/                         
Info) Email questions and bug reports to vmd@ks.uiuc.edu           
Info) Please include this reference in published work using VMD:   
Info)    Humphrey, W., Dalke, A. and Schulten, K., `VMD - Visual   
Info)    Molecular Dynamics', J. Molec. Graphics 1996, 14.1, 33-38.
Info) -------------------------------------------------------------
Info) Multithreading available, 48 CPUs detected.
Info)   CPU features: SSE2 AVX AVX2 FMA 
Info) Free system memory: 121GB (96%)
Info) No CUDA accelerator devices available.
Info) Dynamically loaded 2 plugins in directory:
Info) /ibbr/vmd/1.9.3/lib/vmd/plugins/LINUXAMD64/molfile
2
Info) Using plugin xyz for structure file ./freq.QMRegion_a.xyz
Info) Using plugin xyz for coordinates from file ./freq.QMRegion_a.xyz
Info) Determining bond structure from distance search ...
Info) Analyzing structure ...
Info)    Atoms: 138
Info)    Bonds: 137
Info)    Angles: 0  Dihedrals: 0  Impropers: 0  Cross-terms: 0
Info)    Bondtypes: 0  Angletypes: 0  Dihedraltypes: 0  Impropertypes: 0
Info)    Residues: 1
Info)    Waters: 0
Info)    Segments: 1
Info)    Fragments: 1   Protein: 1   Nucleic: 0
Info) Finished with coordinate file ./freq.QMRegion_a.xyz.
0
Info) Using plugin xyz for structure file ./freq.QMRegion_b.xyz
Info) Using plugin xyz for coordinates from file ./freq.QMRegion_b.xyz
Info) Determining bond structure from distance search ...
Info) Analyzing structure ...
Info)    Atoms: 138
Info)    Bonds: 137
Info)    Angles: 0  Dihedrals: 0  Impropers: 0  Cross-terms: 0
Info)    Bondtypes: 0  Angletypes: 0  Dihedraltypes: 0  Impropertypes: 0
Info)    Residues: 1
Info)    Waters: 0
Info)    Segments: 1
Info)    Fragments: 1   Protein: 1   Nucleic: 0
Info) Finished with coordinate file ./freq.QMRegion_b.xyz.
1
file14
atomselect0
atomselect1
0
0
0
0
0
4.5709749902182235
Info) VMD for LINUXAMD64, version 1.9.3 (November 30, 2016)
Info) Exiting normally.
Can't load history: $< line too long.
[[0]]
399 0.2101380401041436
398 0.20761622731205165
397 0.2047471756498419
396 0.2139363729112258
395 0.2100445168901437
394 0.21801064068232445
393 0.2152582564536093
392 0.2122813415886795
391 0.22101808185959815
390 0.2179295286068501
389 0.2264303999777314
388 0.2355029311073098
387 0.2456506305984847
386 0.2546917867540879
385 0.263734841122938
384 0.261009798203807
383 0.27025158224602963
382 0.2799055644329589
381 0.2895531494394792
380 0.29978944027193555
379 0.3106083745916183
378 0.3070179159725098
377 0.3040037003391898
376 0.3151340157084682
375 0.31202272633172057
374 0.32271541598534836
373 0.31836582130945135
372 0.32870812096118274
371 0.33940358160171546
370 0.33690100827672964
369 0.33257465585980894
368 0.343364908037759
367 0.34048404882674477
366 0.35159128018398367
365 0.36268931598886245
364 0.3744122372068064
363 0.3858480251882913
362 0.3831307705259972
361 0.38077439919046163
360 0.37748647879480823
359 0.3885108395845166
358 0.39982490438190244
357 0.3957901178220685
356 0.4069189427785789
355 0.4040933688352183
354 0.41477542922498456
353 0.4255082843450412
352 0.4227891773178656
351 0.4207753852200904
350 0.41828544970077786
349 0.4296790475727329
348 0.43909232707342305
347 0.4508552972867944
346 0.44838790926203953
345 0.4597510176579763
344 0.45840666946000297
343 0.45562321771529335
342 0.46653504271340285
341 0.4781778142803379
340 0.48916500541476615
339 0.4876467260295607
338 0.49949174946069663
337 0.49905267514026197
336 0.49653922885007074
335 0.5078795840968379
334 0.5068858494250326
333 0.516450515860753
332 0.5136203249279168
331 0.5249684874971012
330 0.5360114685004052
329 0.5469197705105722
328 0.5584747476532324
327 0.5583774732942113
326 0.5699984788257529
325 0.581494720739195
324 0.59188085443227
323 0.602217762366287
322 0.6077320423121526
321 0.618603077954927
320 0.6176097339229687
319 0.615572782705534
318 0.6254552497408059
317 0.635740206424594
316 0.6331450687755065
315 0.6294709026271399
314 0.6276886234033783
313 0.6374986492605615
312 0.6474390714819738
311 0.6578496276763576
310 0.6676854195156274
309 0.6760417015886955
308 0.6752945662503573
307 0.6834291546201237
306 0.681539559658781
305 0.6801358770611796
304 0.688653141429334
303 0.6946575016809439
302 0.7049029959314317
301 0.7039489609421119
300 0.7128978651069993
299 0.7115166428860809
298 0.7099034030024822
297 0.7095911273833695
296 0.7160446951568531
295 0.7248879575992464
294 0.7235762468731338
293 0.7319324692046437
292 0.7411254899146389
291 0.7514388447609861
290 0.7507039149853993
289 0.7508714602149911
288 0.748689183512317
287 0.7561979810281019
286 0.7640592323287281
285 0.7618456140271612
284 0.7595305425057497
283 0.7677349873687703
282 0.7666697931232536
281 0.7648163503894808
280 0.7642182688625975
279 0.7627028690683025
278 0.7671736337842558
277 0.7667108328988316
276 0.7653965370087832
275 0.7726583452484219
274 0.7802577808815278
273 0.7855730354332042
272 0.7854878117460058
271 0.7864690724500643
270 0.7861469317347479
269 0.7935390663606272
268 0.8003231545836241
267 0.8061595145932403
266 0.813812023345498
265 0.8137796090921785
264 0.8197286538719093
263 0.8252596100557235
262 0.8326483909946911
261 0.8363455519774029
260 0.8369965313024236
259 0.8354748267473503
258 0.8383553756841897
257 0.8434745290477479
256 0.8460402247504993
255 0.8533139940938399
254 0.8538521929326955
253 0.8542032914096533
252 0.861022465734648
251 0.8683246228097683
250 0.8709677040885246
249 0.8710006089403453
248 0.8704075165547976
247 0.8721442001048246
246 0.8710850417213243
245 0.8705308903531119
244 0.8711332207884172
243 0.8723678906071346
242 0.8723536754255459
241 0.8715632702647926
240 0.875366091728909
239 0.8769496322327954
238 0.8758766156348242
237 0.8796196252291895
236 0.8833348855189522
235 0.8841529700298411
234 0.8862079785360757
233 0.8868540694882031
232 0.8869581520384543
231 0.8902275570511198
230 0.8896463992272393
229 0.8901900826277342
228 0.8904482337215077
227 0.8903301185629094
226 0.8906002243540845
225 0.8942270019036109
224 0.8969780444909541
223 0.8989814021231901
222 0.902583625330377
221 0.9032248297274394
220 0.9049216744621986
219 0.9077202326783056
218 0.909668356253515
217 0.9091592752375153
216 0.9131010394125773
215 0.9125049605182891
214 0.9135046310429774
213 0.914184966437157
212 0.9159757902492408
211 0.916046674494005
210 0.9184605230838894
209 0.9206090156179534
208 0.9211016311247695
207 0.9232961835725277
206 0.9235999890942237
205 0.9247315025591566
204 0.9262075216216719
Can't load history: $< line too long.
/ibbr/vmd/1.9.3/lib/vmd/vmd_LINUXAMD64: /lib64/libGL.so.1: no version information available (required by /ibbr/vmd/1.9.3/lib/vmd/vmd_LINUXAMD64)
Info) VMD for LINUXAMD64, version 1.9.3 (November 30, 2016)
Info) http://www.ks.uiuc.edu/Research/vmd/                         
Info) Email questions and bug reports to vmd@ks.uiuc.edu           
Info) Please include this reference in published work using VMD:   
Info)    Humphrey, W., Dalke, A. and Schulten, K., `VMD - Visual   
Info)    Molecular Dynamics', J. Molec. Graphics 1996, 14.1, 33-38.
Info) -------------------------------------------------------------
Info) Multithreading available, 48 CPUs detected.
Info)   CPU features: SSE2 AVX AVX2 FMA 
Info) Free system memory: 121GB (96%)
Info) No CUDA accelerator devices available.
Info) Dynamically loaded 2 plugins in directory:
Info) /ibbr/vmd/1.9.3/lib/vmd/plugins/LINUXAMD64/molfile
2
Info) Using plugin xyz for structure file ./freq.QMRegion_a.xyz
Info) Using plugin xyz for coordinates from file ./freq.QMRegion_a.xyz
Info) Determining bond structure from distance search ...
Info) Analyzing structure ...
Info)    Atoms: 138
Info)    Bonds: 137
Info)    Angles: 0  Dihedrals: 0  Impropers: 0  Cross-terms: 0
Info)    Bondtypes: 0  Angletypes: 0  Dihedraltypes: 0  Impropertypes: 0
Info)    Residues: 1
Info)    Waters: 0
Info)    Segments: 1
Info)    Fragments: 1   Protein: 1   Nucleic: 0
Info) Finished with coordinate file ./freq.QMRegion_a.xyz.
0
Info) Using plugin xyz for structure file ./freq.QMRegion_b.xyz
Info) Using plugin xyz for coordinates from file ./freq.QMRegion_b.xyz
Info) Determining bond structure from distance search ...
Info) Analyzing structure ...
Info)    Atoms: 138
Info)    Bonds: 137
Info)    Angles: 0  Dihedrals: 0  Impropers: 0  Cross-terms: 0
Info)    Bondtypes: 0  Angletypes: 0  Dihedraltypes: 0  Impropertypes: 0
Info)    Residues: 1
Info)    Waters: 0
Info)    Segments: 1
Info)    Fragments: 1   Protein: 1   Nucleic: 0
Info) Finished with coordinate file ./freq.QMRegion_b.xyz.
1
file14
atomselect0
atomselect1
0
0
0
0
0
4.348509279553705
Info) VMD for LINUXAMD64, version 1.9.3 (November 30, 2016)
Info) Exiting normally.
Can't load history: $< line too long.
[[0]]
399 0.6425090308408895
398 0.6564794257139107
397 0.6559400223890401
396 0.6731165140707305
395 0.6856926881456525
394 0.6885614860079234
393 0.6977897833832738
392 0.712067941154773
391 0.7238118653048671
390 0.7256142863196252
389 0.7244955451466607
388 0.7273085860428465
387 0.7275555058540565
386 0.7265528849847631
385 0.727429870271153
384 0.7395912702359536
383 0.7439619209144591
382 0.7498136688324869
381 0.7490952937303863
380 0.7596162927197561
379 0.7673060173498856
378 0.7666778533285503
377 0.7758697521310584
376 0.7817549672107739
375 0.7832779379762407
374 0.7821573408699919
373 0.7838737827684529
372 0.792254038250767
371 0.8013378414175478
370 0.8103805617635444
369 0.8188323618192113
368 0.8184929334064341
367 0.8229572438925653
366 0.8312363379422859
365 0.832105117859316
364 0.8402318869103456
363 0.8408949915690289
362 0.8403704675474954
361 0.8403570743576289
360 0.846496893247578
359 0.8456873640068605
358 0.8477368284320543
357 0.847584005641115
356 0.8543251198348141
355 0.8562857316454127
354 0.858394399232235
353 0.8601911133307067
352 0.8656302401992156
351 0.8658030582451083
350 0.8713382329934376
349 0.8762188551008531
348 0.8760505019853363
347 0.8792423678543889
346 0.8814937675468804
345 0.8812720647649434
344 0.8855659622956549
343 0.8894604682672111
342 0.8907106571522666
341 0.8929237946259474
340 0.8957507213956066
339 0.8953538641983504
338 0.8950745129382164
337 0.8964092507271116
336 0.8963877143483903
335 0.8991117271590294
334 0.9022022366619572
333 0.9046674605595941
332 0.9067468035593315
331 0.9075768869806472
330 0.9104471337133837
329 0.9132522457198129
328 0.9149064501461269
327 0.9154832433216314
326 0.9175323072584876
325 0.9173535042147385
324 0.9176761785554685
323 0.9179268617918517
322 0.9203189660485364
321 0.9204183408946462
320 0.9218358569417324
319 0.9243752635477173
318 0.9272927021296058
Can't load history: $< line too long.
/ibbr/vmd/1.9.3/lib/vmd/vmd_LINUXAMD64: /lib64/libGL.so.1: no version information available (required by /ibbr/vmd/1.9.3/lib/vmd/vmd_LINUXAMD64)
Info) VMD for LINUXAMD64, version 1.9.3 (November 30, 2016)
Info) http://www.ks.uiuc.edu/Research/vmd/                         
Info) Email questions and bug reports to vmd@ks.uiuc.edu           
Info) Please include this reference in published work using VMD:   
Info)    Humphrey, W., Dalke, A. and Schulten, K., `VMD - Visual   
Info)    Molecular Dynamics', J. Molec. Graphics 1996, 14.1, 33-38.
Info) -------------------------------------------------------------
Info) Multithreading available, 48 CPUs detected.
Info)   CPU features: SSE2 AVX AVX2 FMA 
Info) Free system memory: 121GB (96%)
Info) No CUDA accelerator devices available.
Info) Dynamically loaded 2 plugins in directory:
Info) /ibbr/vmd/1.9.3/lib/vmd/plugins/LINUXAMD64/molfile
2
Info) Using plugin xyz for structure file ./freq.QMRegion_a.xyz
Info) Using plugin xyz for coordinates from file ./freq.QMRegion_a.xyz
Info) Determining bond structure from distance search ...
Info) Analyzing structure ...
Info)    Atoms: 138
Info)    Bonds: 137
Info)    Angles: 0  Dihedrals: 0  Impropers: 0  Cross-terms: 0
Info)    Bondtypes: 0  Angletypes: 0  Dihedraltypes: 0  Impropertypes: 0
Info)    Residues: 1
Info)    Waters: 0
Info)    Segments: 1
Info)    Fragments: 1   Protein: 1   Nucleic: 0
Info) Finished with coordinate file ./freq.QMRegion_a.xyz.
0
Info) Using plugin xyz for structure file ./freq.QMRegion_b.xyz
Info) Using plugin xyz for coordinates from file ./freq.QMRegion_b.xyz
Info) Determining bond structure from distance search ...
Info) Analyzing structure ...
Info)    Atoms: 138
Info)    Bonds: 137
Info)    Angles: 0  Dihedrals: 0  Impropers: 0  Cross-terms: 0
Info)    Bondtypes: 0  Angletypes: 0  Dihedraltypes: 0  Impropertypes: 0
Info)    Residues: 1
Info)    Waters: 0
Info)    Segments: 1
Info)    Fragments: 1   Protein: 1   Nucleic: 0
Info) Finished with coordinate file ./freq.QMRegion_b.xyz.
1
file14
atomselect0
atomselect1
0
0
0
0
0
5.805198069294701
Info) VMD for LINUXAMD64, version 1.9.3 (November 30, 2016)
Info) Exiting normally.
Can't load history: $< line too long.
[[0]]
399 0.36758410852057455
398 0.3765981124006518
397 0.39068205547882573
396 0.40355478127977795
395 0.41693832000624975
394 0.42600391243734603
393 0.43982727487472295
392 0.4536967331639967
391 0.4681167816126095
390 0.4673539068793079
389 0.48083743057366213
388 0.49564065575101646
387 0.49434801460905975
386 0.507836253733976
385 0.5213927946481414
384 0.5182636565574275
383 0.515884168067263
382 0.5146180724625453
381 0.5114180278014331
380 0.5095295751737658
379 0.5238431288622063
378 0.5384777934580586
377 0.5353991789487933
376 0.5325993328600728
375 0.5300768232695154
374 0.5272366242239315
373 0.5260614113830364
372 0.5242528257736745
371 0.5364021772623475
370 0.5488122170728034
369 0.5465008920190649
368 0.5449683378439133
367 0.5423384623506706
366 0.5391228247140573
365 0.5479957025167497
364 0.561262913638692
363 0.5588431078637401
362 0.570071531425866
361 0.5674880993325445
360 0.5787276379683215
359 0.576559488237746
358 0.5896543470284583
357 0.602931137450895
356 0.6010444852998065
355 0.5987115038061865
354 0.5965647158566401
353 0.5946903894858109
352 0.6051733949756135
351 0.6022815877594108
350 0.6125776972258705
349 0.6255825263201624
348 0.623734560804015
347 0.6227973927813628
346 0.6208595421660692
345 0.6185441043756439
344 0.6314460697490341
343 0.6416093977373363
342 0.639164146814314
341 0.6368873724441135
340 0.6496622973679141
339 0.6485503154610038
338 0.6477726224699301
337 0.6536075373522178
336 0.6516291162821728
335 0.6628357162911456
334 0.6758899675831643
333 0.6742070504488153
332 0.6860721089273178
331 0.6852708429281189
330 0.6835160128445859
329 0.6964963113681744
328 0.6950189188178717
327 0.7017614936491333
326 0.6992627309181734
325 0.7119888945361543
324 0.7246673295283954
323 0.7232516950491799
322 0.7335273734782866
321 0.7407505406556312
320 0.7394544595635605
319 0.738708591758676
318 0.7384407695716361
317 0.7366530687452577
316 0.7441321373635188
315 0.7537630724379694
314 0.7526674561291583
313 0.7620573413909519
312 0.7720380801953188
311 0.7707270265942927
310 0.7694308779167399
309 0.7774724821511934
308 0.7797376835330816
307 0.7800250034480201
306 0.7790390085257952
305 0.7790544246402645
304 0.7790656393405062
303 0.7782961304458423
302 0.7761701354389736
301 0.7839439729018072
300 0.7819708877507576
299 0.779984691534557
298 0.788840885619384
297 0.7935916359665176
296 0.793011562894532
295 0.7977220712137072
294 0.799794026946969
293 0.808478613985012
292 0.8076274974759665
291 0.8159672945499514
290 0.8178427092392179
289 0.8158590654891801
288 0.8147717300059776
287 0.8143554811927473
286 0.8215332765840295
285 0.8206444197452525
284 0.8198553596554
283 0.819719730619638
282 0.8179532130105829
281 0.8236721620862398
280 0.8227921369020678
279 0.8230912540872273
278 0.8217927576107205
277 0.8280964945470602
276 0.8276215883747158
275 0.8326149351694323
274 0.8332838895878457
273 0.833133606493681
272 0.8348435523346441
271 0.8350601684080015
270 0.8366269610438025
269 0.836836950592228
268 0.842208691613102
267 0.8442388738253199
266 0.8447338467231266
265 0.8434269944747006
264 0.849593582617433
263 0.8554121917021954
262 0.8535436427508448
261 0.8573331976083565
260 0.8554641088875551
259 0.8591704593172295
258 0.8584394286024626
257 0.8584063229812712
256 0.8596706371602071
255 0.8650722740555306
254 0.8661147375813152
253 0.8658894893195022
252 0.8660929910996864
251 0.8676805227422585
250 0.8730962989474809
249 0.8785173197060157
248 0.8779771983635345
247 0.8769844890782102
246 0.8785715343349324
245 0.8818808417536196
244 0.8831992333595486
243 0.8868255825463676
242 0.8861314481512252
241 0.8859958709993907
240 0.8898338899383733
239 0.888762600916376
238 0.8882606791671934
237 0.886716288591841
236 0.8859811887474855
235 0.886150915930242
234 0.8843456898005893
233 0.8876400037983564
232 0.8879526092977188
231 0.8872754563825931
230 0.8904964661955987
229 0.8939093078307258
228 0.8941021371514014
227 0.8977205938456695
226 0.8975803497289296
225 0.8983779872935944
224 0.8972100869219057
223 0.897528758818405
222 0.8970573925860722
221 0.8986087621527415
220 0.8981147305447977
219 0.8991235754738076
218 0.9017751868061478
217 0.9018992654836001
216 0.9018709235984013
215 0.9032923446856576
214 0.9040980706900963
213 0.902511613283691
212 0.9049568162829911
211 0.9080043450729288
210 0.9097360949847373
209 0.9122789126721126
208 0.9146570549238602
207 0.9146425294824614
206 0.9159457378756883
205 0.9188417286556249
204 0.9184365012026897
203 0.9185834343569939
202 0.9183180094354689
201 0.9186913060448563
200 0.9179453216919153
199 0.9176667104976584
198 0.9190530573233491
197 0.9215445055394396
196 0.9222028755663679
195 0.9226702178641607
194 0.9242856085622398
193 0.9240114814476069
192 0.9225269375727418
191 0.9240691652704519
190 0.9241542539065839
189 0.9262676760029488
Can't load history: $< line too long.
/ibbr/vmd/1.9.3/lib/vmd/vmd_LINUXAMD64: /lib64/libGL.so.1: no version information available (required by /ibbr/vmd/1.9.3/lib/vmd/vmd_LINUXAMD64)
Info) VMD for LINUXAMD64, version 1.9.3 (November 30, 2016)
Info) http://www.ks.uiuc.edu/Research/vmd/                         
Info) Email questions and bug reports to vmd@ks.uiuc.edu           
Info) Please include this reference in published work using VMD:   
Info)    Humphrey, W., Dalke, A. and Schulten, K., `VMD - Visual   
Info)    Molecular Dynamics', J. Molec. Graphics 1996, 14.1, 33-38.
Info) -------------------------------------------------------------
Info) Multithreading available, 48 CPUs detected.
Info)   CPU features: SSE2 AVX AVX2 FMA 
Info) Free system memory: 121GB (96%)
Info) No CUDA accelerator devices available.
Info) Dynamically loaded 2 plugins in directory:
Info) /ibbr/vmd/1.9.3/lib/vmd/plugins/LINUXAMD64/molfile
2
Info) Using plugin xyz for structure file ./freq.QMRegion_a.xyz
Info) Using plugin xyz for coordinates from file ./freq.QMRegion_a.xyz
Info) Determining bond structure from distance search ...
Info) Analyzing structure ...
Info)    Atoms: 138
Info)    Bonds: 137
Info)    Angles: 0  Dihedrals: 0  Impropers: 0  Cross-terms: 0
Info)    Bondtypes: 0  Angletypes: 0  Dihedraltypes: 0  Impropertypes: 0
Info)    Residues: 1
Info)    Waters: 0
Info)    Segments: 1
Info)    Fragments: 1   Protein: 1   Nucleic: 0
Info) Finished with coordinate file ./freq.QMRegion_a.xyz.
0
Info) Using plugin xyz for structure file ./freq.QMRegion_b.xyz
Info) Using plugin xyz for coordinates from file ./freq.QMRegion_b.xyz
Info) Determining bond structure from distance search ...
Info) Analyzing structure ...
Info)    Atoms: 138
Info)    Bonds: 137
Info)    Angles: 0  Dihedrals: 0  Impropers: 0  Cross-terms: 0
Info)    Bondtypes: 0  Angletypes: 0  Dihedraltypes: 0  Impropertypes: 0
Info)    Residues: 1
Info)    Waters: 0
Info)    Segments: 1
Info)    Fragments: 1   Protein: 1   Nucleic: 0
Info) Finished with coordinate file ./freq.QMRegion_b.xyz.
1
file14
atomselect0
atomselect1
0
0
0
0
0
3.8473731011280043
Info) VMD for LINUXAMD64, version 1.9.3 (November 30, 2016)
Info) Exiting normally.
Can't load history: $< line too long.
[[0]]
399 0.7952477025613931
398 0.7947974779885014
397 0.8125043643047234
396 0.812828570115815
395 0.8270349243113455
394 0.8401763344337032
393 0.8542997028006307
392 0.8553375917023965
391 0.8545794103675177
390 0.8540483647186581
389 0.8563108858709071
388 0.856545989037152
387 0.8624944835770787
386 0.8683649362787418
385 0.868169819367026
384 0.8676313245353143
383 0.8738661605142376
382 0.8797778859593985
381 0.8813931362698137
380 0.8843799504542678
379 0.8870565156449204
378 0.8863341387941839
377 0.8880930047629619
376 0.8876448339573435
375 0.8887367584827377
374 0.8944488957740253
373 0.8982705236082515
372 0.9022081073541938
371 0.903269696140397
370 0.9077716653284138
369 0.9110422843045318
368 0.9111981519443303
367 0.915227451104927
366 0.9176928505085845
365 0.9205861464425387
364 0.9201069452790812
363 0.9230843164497763
362 0.9244548627217377
361 0.9242672515539819
360 0.9238668356596414
359 0.9257426337677144
Can't load history: $< line too long.
/ibbr/vmd/1.9.3/lib/vmd/vmd_LINUXAMD64: /lib64/libGL.so.1: no version information available (required by /ibbr/vmd/1.9.3/lib/vmd/vmd_LINUXAMD64)
Info) VMD for LINUXAMD64, version 1.9.3 (November 30, 2016)
Info) http://www.ks.uiuc.edu/Research/vmd/                         
Info) Email questions and bug reports to vmd@ks.uiuc.edu           
Info) Please include this reference in published work using VMD:   
Info)    Humphrey, W., Dalke, A. and Schulten, K., `VMD - Visual   
Info)    Molecular Dynamics', J. Molec. Graphics 1996, 14.1, 33-38.
Info) -------------------------------------------------------------
Info) Multithreading available, 48 CPUs detected.
Info)   CPU features: SSE2 AVX AVX2 FMA 
Info) Free system memory: 121GB (96%)
Info) No CUDA accelerator devices available.
Info) Dynamically loaded 2 plugins in directory:
Info) /ibbr/vmd/1.9.3/lib/vmd/plugins/LINUXAMD64/molfile
3
Info) Using plugin xyz for structure file ./freq.QMRegion_a.xyz
Info) Using plugin xyz for coordinates from file ./freq.QMRegion_a.xyz
Info) Determining bond structure from distance search ...
Info) Analyzing structure ...
Info)    Atoms: 138
Info)    Bonds: 137
Info)    Angles: 0  Dihedrals: 0  Impropers: 0  Cross-terms: 0
Info)    Bondtypes: 0  Angletypes: 0  Dihedraltypes: 0  Impropertypes: 0
Info)    Residues: 1
Info)    Waters: 0
Info)    Segments: 1
Info)    Fragments: 1   Protein: 1   Nucleic: 0
Info) Finished with coordinate file ./freq.QMRegion_a.xyz.
0
Info) Using plugin xyz for structure file ./freq.QMRegion_b.xyz
Info) Using plugin xyz for coordinates from file ./freq.QMRegion_b.xyz
Info) Determining bond structure from distance search ...
Info) Analyzing structure ...
Info)    Atoms: 138
Info)    Bonds: 137
Info)    Angles: 0  Dihedrals: 0  Impropers: 0  Cross-terms: 0
Info)    Bondtypes: 0  Angletypes: 0  Dihedraltypes: 0  Impropertypes: 0
Info)    Residues: 1
Info)    Waters: 0
Info)    Segments: 1
Info)    Fragments: 1   Protein: 1   Nucleic: 0
Info) Finished with coordinate file ./freq.QMRegion_b.xyz.
1
file14
atomselect0
atomselect1
0
0
0
0
0
4.842191394918418
Info) VMD for LINUXAMD64, version 1.9.3 (November 30, 2016)
Info) Exiting normally.
Can't load history: $< line too long.
[[0]]
399 0.5250692843593572
398 0.5228589116102759
397 0.537177363139465
396 0.5369641627545994
395 0.5363701171287112
394 0.5335270100478023
393 0.5306700454343978
392 0.527850744155281
391 0.5276613234198393
390 0.5278468526307731
389 0.5385098242784576
388 0.5365197573510316
387 0.5477351562532706
386 0.5445577803855415
385 0.553705665395567
384 0.5652878769013265
383 0.5756644976151357
382 0.573343160501596
381 0.5704497572138545
380 0.5798812770471806
379 0.5903004797213541
378 0.6008754264920104
377 0.6116818440635481
376 0.6226010054841007
375 0.6205432022065431
374 0.630132570613155
373 0.6400811081140514
372 0.6488227698139688
371 0.6564692878034976
370 0.6562780976443781
369 0.6535471646240278
368 0.6516182994281572
367 0.6598597239875811
366 0.6575420910025774
365 0.6665965903371582
364 0.6754849391974602
363 0.6846759953823636
362 0.6939024210948697
361 0.6918451786243087
360 0.6901707857691839
359 0.697476452836953
358 0.704455551403113
357 0.7075913590845475
356 0.714684743045854
355 0.7131386517755416
354 0.7135988407263796
353 0.721397340661812
352 0.721226665068461
351 0.7203880259111914
350 0.7280688967285256
349 0.7266252736725841
348 0.7327209737714255
347 0.7397507708021034
346 0.7401326590623043
345 0.7459222709697492
344 0.7529984908627771
343 0.7594049213029369
342 0.7654094479946298
341 0.7714624079474632
340 0.7711827873779886
339 0.7775906751037347
338 0.7835244942510697
337 0.782671443230719
336 0.7834943988787628
335 0.7880464136528383
334 0.7876210329151573
333 0.7922462483031641
332 0.7945624413439641
331 0.7945911867836674
330 0.7995247491147397
329 0.7998961898398228
328 0.8041584165501752
327 0.8068763819513579
326 0.810738871266957
325 0.8101922904972174
324 0.8147412766957955
323 0.8140645563578256
322 0.8160865461416253
321 0.8161000508715508
320 0.8161021259511564
319 0.8168392755243308
318 0.8205937232416207
317 0.8209483075995093
316 0.8235477734616935
315 0.8270887217720309
314 0.8305811346122678
313 0.8341876187901405
312 0.8368710686336125
311 0.8398837260796064
310 0.8396133381114692
309 0.8432627170312711
308 0.8470076831964896
307 0.8491836621729293
306 0.8490778546610337
305 0.8521964984315945
304 0.8551473541455239
303 0.8568917610764213
302 0.8580246152890934
301 0.8577753046438257
300 0.8581338327571979
299 0.8599557096629716
298 0.8608443469613587
297 0.8628216876073036
296 0.8659897642041907
295 0.8693240705267438
294 0.8720572037331877
293 0.8724427280705013
292 0.8759889262450772
291 0.8763251490131517
290 0.8777019287522709
289 0.8797440525977214
288 0.8815305780935803
287 0.8808660348467898
286 0.8833933070485841
285 0.8862081152866924
284 0.8887547499512329
283 0.889152544000001
282 0.8902160612543503
281 0.8911032190686855
280 0.8932820500373587
279 0.8939343898234354
278 0.8962702176650413
277 0.8983087320274923
276 0.9012759045923666
275 0.903077310667558
274 0.9036504651021924
273 0.9041892960509913
272 0.9060621392605318
271 0.9060609838883056
270 0.9074836132209659
269 0.9094480581287584
268 0.9097847592473155
267 0.912160536367121
266 0.914124212072474
265 0.9137170892523925
264 0.9147116402448565
263 0.9144944741312754
262 0.9159074375268214
261 0.9178185573048815
260 0.9187170071092986
259 0.9206937330677324
258 0.9215579966129841
257 0.9223731974384767
256 0.9236733010435184
255 0.9234311273123053
254 0.9231042997322557
253 0.9239981250288732
252 0.9238751304147118
251 0.9243227990202956
250 0.9254727871970027
Can't load history: $< line too long.
/ibbr/vmd/1.9.3/lib/vmd/vmd_LINUXAMD64: /lib64/libGL.so.1: no version information available (required by /ibbr/vmd/1.9.3/lib/vmd/vmd_LINUXAMD64)
Info) VMD for LINUXAMD64, version 1.9.3 (November 30, 2016)
Info) http://www.ks.uiuc.edu/Research/vmd/                         
Info) Email questions and bug reports to vmd@ks.uiuc.edu           
Info) Please include this reference in published work using VMD:   
Info)    Humphrey, W., Dalke, A. and Schulten, K., `VMD - Visual   
Info)    Molecular Dynamics', J. Molec. Graphics 1996, 14.1, 33-38.
Info) -------------------------------------------------------------
Info) Multithreading available, 48 CPUs detected.
Info)   CPU features: SSE2 AVX AVX2 FMA 
Info) Free system memory: 121GB (96%)
Info) No CUDA accelerator devices available.
Info) Dynamically loaded 2 plugins in directory:
Info) /ibbr/vmd/1.9.3/lib/vmd/plugins/LINUXAMD64/molfile
3
Info) Using plugin xyz for structure file ./freq.QMRegion_a.xyz
Info) Using plugin xyz for coordinates from file ./freq.QMRegion_a.xyz
Info) Determining bond structure from distance search ...
Info) Analyzing structure ...
Info)    Atoms: 138
Info)    Bonds: 137
Info)    Angles: 0  Dihedrals: 0  Impropers: 0  Cross-terms: 0
Info)    Bondtypes: 0  Angletypes: 0  Dihedraltypes: 0  Impropertypes: 0
Info)    Residues: 1
Info)    Waters: 0
Info)    Segments: 1
Info)    Fragments: 1   Protein: 1   Nucleic: 0
Info) Finished with coordinate file ./freq.QMRegion_a.xyz.
0
Info) Using plugin xyz for structure file ./freq.QMRegion_b.xyz
Info) Using plugin xyz for coordinates from file ./freq.QMRegion_b.xyz
Info) Determining bond structure from distance search ...
Info) Analyzing structure ...
Info)    Atoms: 138
Info)    Bonds: 137
Info)    Angles: 0  Dihedrals: 0  Impropers: 0  Cross-terms: 0
Info)    Bondtypes: 0  Angletypes: 0  Dihedraltypes: 0  Impropertypes: 0
Info)    Residues: 1
Info)    Waters: 0
Info)    Segments: 1
Info)    Fragments: 1   Protein: 1   Nucleic: 0
Info) Finished with coordinate file ./freq.QMRegion_b.xyz.
1
file14
atomselect0
atomselect1
0
0
0
0
0
3.765077918078074
Info) VMD for LINUXAMD64, version 1.9.3 (November 30, 2016)
Info) Exiting normally.
Can't load history: $< line too long.
[[0]]
399 0.6893418944768164
398 0.7113921491240638
397 0.7121530486862411
396 0.712365279844803
395 0.7312768179891258
394 0.7295824731305995
393 0.7305174377429727
392 0.7290229907268555
391 0.7430066764935206
390 0.7417307644139868
389 0.7532436837997244
388 0.7675916119971586
387 0.7800927523977921
386 0.7916263853550761
385 0.8055827043910332
384 0.8043423793501148
383 0.8031078239546583
382 0.814173821525916
381 0.8254155252481472
380 0.8242530868214857
379 0.8320694603846173
378 0.8409599442989429
377 0.8419500289949838
376 0.8494415530441147
375 0.8588803850989308
374 0.8596592765568773
373 0.8587374155573189
372 0.8583288948893801
371 0.8660844326668229
370 0.8659014649241771
369 0.8654392532977668
368 0.8649763529627152
367 0.8678069362142387
366 0.8700240973357087
365 0.8702088719567336
364 0.8700919852699629
363 0.870136592122518
362 0.872373691721074
361 0.8750103223046962
360 0.8749376387376534
359 0.8786918846880848
358 0.8785905274941067
357 0.8779691236840634
356 0.8822722697661552
355 0.8814102581776322
354 0.8812875600506381
353 0.884145431759474
352 0.8836562679076727
351 0.8852675763767085
350 0.886166754015016
349 0.8873275662582051
348 0.8883012467720515
347 0.8878310972171186
346 0.8893760921686168
345 0.8894729688060263
344 0.8921075298330968
343 0.8916359072957603
342 0.8937453623591183
341 0.8968033567007354
340 0.8987332660199543
339 0.9018237100576673
338 0.9017390942855211
337 0.9025081842126556
336 0.9033554036708872
335 0.9051832310392449
334 0.9044720285631146
333 0.904729073634848
332 0.9069735596870326
331 0.9074496574249549
330 0.9089726552673791
329 0.909142831530156
328 0.9090161625401513
327 0.9107978414202227
326 0.9108405114718917
325 0.9125771588743324
324 0.9124488803621595
323 0.9127859392663783
322 0.9148413256820123
321 0.9147330126964072
320 0.9147519079792192
319 0.9162070490821225
318 0.9163152011805633
317 0.9180783078922479
316 0.9175355302789212
315 0.9175690267964579
314 0.9192166024193184
313 0.921037185685847
312 0.9212319071143812
311 0.9214961424901222
310 0.9213020795796162
309 0.9228796417229056
308 0.9233099569821975
307 0.9233938305636321
306 0.9250241659228575
Can't load history: $< line too long.
/ibbr/vmd/1.9.3/lib/vmd/vmd_LINUXAMD64: /lib64/libGL.so.1: no version information available (required by /ibbr/vmd/1.9.3/lib/vmd/vmd_LINUXAMD64)
Info) VMD for LINUXAMD64, version 1.9.3 (November 30, 2016)
Info) http://www.ks.uiuc.edu/Research/vmd/                         
Info) Email questions and bug reports to vmd@ks.uiuc.edu           
Info) Please include this reference in published work using VMD:   
Info)    Humphrey, W., Dalke, A. and Schulten, K., `VMD - Visual   
Info)    Molecular Dynamics', J. Molec. Graphics 1996, 14.1, 33-38.
Info) -------------------------------------------------------------
Info) Multithreading available, 48 CPUs detected.
Info)   CPU features: SSE2 AVX AVX2 FMA 
Info) Free system memory: 121GB (96%)
Info) No CUDA accelerator devices available.
Info) Dynamically loaded 2 plugins in directory:
Info) /ibbr/vmd/1.9.3/lib/vmd/plugins/LINUXAMD64/molfile
3
Info) Using plugin xyz for structure file ./freq.QMRegion_a.xyz
Info) Using plugin xyz for coordinates from file ./freq.QMRegion_a.xyz
Info) Determining bond structure from distance search ...
Info) Analyzing structure ...
Info)    Atoms: 138
Info)    Bonds: 137
Info)    Angles: 0  Dihedrals: 0  Impropers: 0  Cross-terms: 0
Info)    Bondtypes: 0  Angletypes: 0  Dihedraltypes: 0  Impropertypes: 0
Info)    Residues: 1
Info)    Waters: 0
Info)    Segments: 1
Info)    Fragments: 1   Protein: 1   Nucleic: 0
Info) Finished with coordinate file ./freq.QMRegion_a.xyz.
0
Info) Using plugin xyz for structure file ./freq.QMRegion_b.xyz
Info) Using plugin xyz for coordinates from file ./freq.QMRegion_b.xyz
Info) Determining bond structure from distance search ...
Info) Analyzing structure ...
Info)    Atoms: 138
Info)    Bonds: 137
Info)    Angles: 0  Dihedrals: 0  Impropers: 0  Cross-terms: 0
Info)    Bondtypes: 0  Angletypes: 0  Dihedraltypes: 0  Impropertypes: 0
Info)    Residues: 1
Info)    Waters: 0
Info)    Segments: 1
Info)    Fragments: 1   Protein: 1   Nucleic: 0
Info) Finished with coordinate file ./freq.QMRegion_b.xyz.
1
file14
atomselect0
atomselect1
0
0
0
0
0
3.1924405970361605
Info) VMD for LINUXAMD64, version 1.9.3 (November 30, 2016)
Info) Exiting normally.
Can't load history: $< line too long.
[[0]]
399 0.699079780435103
398 0.697161247989223
397 0.6951879370940985
396 0.6943678813822254
395 0.6921598494233965
394 0.69003017052583
393 0.6879805085680935
392 0.6866273969466227
391 0.6853978377493386
390 0.6835591538271322
389 0.6812347255278239
388 0.6789700450525054
387 0.6806347943271575
386 0.6944301537463461
385 0.6927049056602467
384 0.7044725729743495
383 0.7062366724421415
382 0.7043683884954983
381 0.7171965960152611
380 0.7166263780264527
379 0.7152024632236191
378 0.7273286656039587
377 0.7394912267882343
376 0.7397331301348142
375 0.7458394357388061
374 0.7443825850127996
373 0.7511946090074028
372 0.7632596369762731
371 0.7740773992508492
370 0.7833809486249055
369 0.7821248758326664
368 0.7813507507946152
367 0.7911450575064016
366 0.7899799460805955
365 0.7910304683724938
364 0.7900975998782207
363 0.7961507391860156
362 0.798504737152394
361 0.807547391844194
360 0.8064837042360761
359 0.8153184069407517
358 0.8145270624836289
357 0.8138020989584176
356 0.8174762321228244
355 0.8252102272324717
354 0.8254136786315055
353 0.8283539088826626
352 0.834245447600193
351 0.8358320324792676
350 0.8347432267960871
349 0.8347000117444945
348 0.8357470907154395
347 0.8349117185263252
346 0.8359587909014973
345 0.8414131478589837
344 0.8451784786763047
343 0.8445997309781572
342 0.8448866345715038
341 0.8457558508130347
340 0.8460557214446793
339 0.8466273015474753
338 0.8508937122501554
337 0.8559232461022622
336 0.8557309372757315
335 0.8549027271973835
334 0.85868454974992
333 0.8618258530452797
332 0.8636083280088157
331 0.8637369733999305
330 0.8654037874003953
329 0.8658886554354636
328 0.8708672090551417
327 0.8734394958929013
326 0.8763936100948747
325 0.876121254911423
324 0.8795174982246091
323 0.8826656349383988
322 0.8830794287785803
321 0.8838162319078681
320 0.8868048404393555
319 0.8871965123120372
318 0.8896026403964621
317 0.8897711916788782
316 0.8911056597702876
315 0.8907669040115394
314 0.8928221856521859
313 0.8963816895996488
312 0.8963962344172327
311 0.8986145553504015
310 0.8988024059022173
309 0.900227051489524
308 0.9005464083521771
307 0.9006762955847708
306 0.901238189564147
305 0.9032534126978651
304 0.9035396064275752
303 0.9043866008210462
302 0.9066072334727419
301 0.9064744374209383
300 0.9077744717906578
299 0.9106834518276122
298 0.9105397373101287
297 0.9104741144896842
296 0.9111863457157405
295 0.9123993360803497
294 0.9126935936597216
293 0.9122235778073022
292 0.9146827907197926
291 0.9144162851857645
290 0.9162292776508764
289 0.9159031016624721
288 0.9172197352558177
287 0.9172303379501583
286 0.9171373896302353
285 0.9186995106118111
284 0.9203109360292758
283 0.9198622998249077
282 0.9213108606968125
281 0.9224266407580598
280 0.924492299396672
279 0.9255879605912503
Can't load history: $< line too long.
/ibbr/vmd/1.9.3/lib/vmd/vmd_LINUXAMD64: /lib64/libGL.so.1: no version information available (required by /ibbr/vmd/1.9.3/lib/vmd/vmd_LINUXAMD64)
Info) VMD for LINUXAMD64, version 1.9.3 (November 30, 2016)
Info) http://www.ks.uiuc.edu/Research/vmd/                         
Info) Email questions and bug reports to vmd@ks.uiuc.edu           
Info) Please include this reference in published work using VMD:   
Info)    Humphrey, W., Dalke, A. and Schulten, K., `VMD - Visual   
Info)    Molecular Dynamics', J. Molec. Graphics 1996, 14.1, 33-38.
Info) -------------------------------------------------------------
Info) Multithreading available, 48 CPUs detected.
Info)   CPU features: SSE2 AVX AVX2 FMA 
Info) Free system memory: 121GB (96%)
Info) No CUDA accelerator devices available.
Info) Dynamically loaded 2 plugins in directory:
Info) /ibbr/vmd/1.9.3/lib/vmd/plugins/LINUXAMD64/molfile
3
Info) Using plugin xyz for structure file ./freq.QMRegion_a.xyz
Info) Using plugin xyz for coordinates from file ./freq.QMRegion_a.xyz
Info) Determining bond structure from distance search ...
Info) Analyzing structure ...
Info)    Atoms: 138
Info)    Bonds: 137
Info)    Angles: 0  Dihedrals: 0  Impropers: 0  Cross-terms: 0
Info)    Bondtypes: 0  Angletypes: 0  Dihedraltypes: 0  Impropertypes: 0
Info)    Residues: 1
Info)    Waters: 0
Info)    Segments: 1
Info)    Fragments: 1   Protein: 1   Nucleic: 0
Info) Finished with coordinate file ./freq.QMRegion_a.xyz.
0
Info) Using plugin xyz for structure file ./freq.QMRegion_b.xyz
Info) Using plugin xyz for coordinates from file ./freq.QMRegion_b.xyz
Info) Determining bond structure from distance search ...
Info) Analyzing structure ...
Info)    Atoms: 138
Info)    Bonds: 137
Info)    Angles: 0  Dihedrals: 0  Impropers: 0  Cross-terms: 0
Info)    Bondtypes: 0  Angletypes: 0  Dihedraltypes: 0  Impropertypes: 0
Info)    Residues: 1
Info)    Waters: 0
Info)    Segments: 1
Info)    Fragments: 1   Protein: 1   Nucleic: 0
Info) Finished with coordinate file ./freq.QMRegion_b.xyz.
1
file14
atomselect0
atomselect1
0
0
0
0
0
4.566831354431185
Info) VMD for LINUXAMD64, version 1.9.3 (November 30, 2016)
Info) Exiting normally.
Can't load history: $< line too long.
[[0]]
399 0.47011555663926907
398 0.4876231415950305
397 0.48461349105142915
396 0.4823038130438623
395 0.47936627771626195
394 0.47638175881108946
393 0.4910900925490588
392 0.4879350938378255
391 0.48538171028822386
390 0.48213860711247514
389 0.47903916054118467
388 0.4768301846561367
387 0.48143674920973045
386 0.4954017446234338
385 0.5081923547707448
384 0.5192788230167711
383 0.5178392555516618
382 0.5307103190642104
381 0.527503244117104
380 0.5416728172437095
379 0.5404941731787296
378 0.5396358751969121
377 0.5524168249607797
376 0.550867355852503
375 0.560795964298724
374 0.5736924851594689
373 0.5710649513434416
372 0.5687517979158832
371 0.5812833770185561
370 0.5804485919877183
369 0.5782429494072538
368 0.5895310951112682
367 0.601212435131232
366 0.6107298036516637
365 0.6233858990281309
364 0.6232560528012836
363 0.6214175405737568
362 0.6332921175639716
361 0.6459883911075781
360 0.6562258973559695
359 0.6544031013059138
358 0.6548647122547537
357 0.6531633060069759
356 0.6659411958211436
355 0.6739789718498652
354 0.6740403461269494
353 0.6729427735492126
352 0.6828323888446155
351 0.6825932282957166
350 0.6942365156378674
349 0.6939669685481971
348 0.7047727136229103
347 0.7164286494667638
346 0.7147574654294161
345 0.7156703920025317
344 0.7143484922863608
343 0.7127606435161566
342 0.7107390103042648
341 0.7202778014564766
340 0.7279379713261447
339 0.736457979792585
338 0.7406164182670363
337 0.7391206506067441
336 0.7460669522691181
335 0.7450327748034163
334 0.7480608362121287
333 0.7491728312680667
332 0.7583722866721717
331 0.7659524327169137
330 0.7739790513671196
329 0.7737037527734418
328 0.7816010784089457
327 0.7899747640598591
326 0.7902771764377411
325 0.7934481175064059
324 0.79240224401326
323 0.8001569808507211
322 0.8072242802938754
321 0.8064831376180559
320 0.8141648156125759
319 0.8132230559480074
318 0.8143503378213618
317 0.8170917879374173
316 0.8218593564128482
315 0.8231465378621752
314 0.8243659650755357
313 0.8236431545069656
312 0.8291221865542727
311 0.8353491748974295
310 0.8345849869688852
309 0.8343002407835546
308 0.8397851083081846
307 0.8431167940733603
306 0.8466715862734817
305 0.8525320829119754
304 0.8528945494909382
303 0.8535508279153575
302 0.8543543679789983
301 0.8591023327861717
300 0.8638242221332628
299 0.8627366731166932
298 0.8683067224936183
297 0.8717429846199015
296 0.8758860603501107
295 0.87643403838817
294 0.8766247295484361
293 0.8759572970923363
292 0.8758350035727044
291 0.8769415980439442
290 0.8767409637449127
289 0.8773815600131807
288 0.8815087122340444
287 0.8810274797372716
286 0.8835130114132368
285 0.8837076246526173
284 0.8851236617541066
283 0.8879730816608952
282 0.8879743101142794
281 0.8879513846943213
280 0.8911891257149432
279 0.8911398745322227
278 0.8937804142378482
277 0.8932418546355224
276 0.892669609621308
275 0.8923501065442295
274 0.8920854730043614
273 0.8925609421426052
272 0.8961568633205883
271 0.8987605532734505
270 0.8988640885020325
269 0.899880335613869
268 0.9002299478067337
267 0.9024109787551448
266 0.9032518597621746
265 0.9049232888430431
264 0.9045121172803149
263 0.9057187382061477
262 0.9066968522619867
261 0.9061364956774709
260 0.9068013210370262
259 0.9065818974134068
258 0.9059474784787971
257 0.9059693689134799
256 0.9069846924112979
255 0.9086299087430709
254 0.9108499509224153
253 0.9121674002058754
252 0.9115680436626015
251 0.9135737093006717
250 0.9140033429235843
249 0.9149421063831886
248 0.9174152227788946
247 0.9192765345513886
246 0.9192920835355048
245 0.9212375730721254
244 0.9223605856592312
243 0.9230565505260067
242 0.9241396701891069
241 0.9261785688945657
Can't load history: $< line too long.
/ibbr/vmd/1.9.3/lib/vmd/vmd_LINUXAMD64: /lib64/libGL.so.1: no version information available (required by /ibbr/vmd/1.9.3/lib/vmd/vmd_LINUXAMD64)
Info) VMD for LINUXAMD64, version 1.9.3 (November 30, 2016)
Info) http://www.ks.uiuc.edu/Research/vmd/                         
Info) Email questions and bug reports to vmd@ks.uiuc.edu           
Info) Please include this reference in published work using VMD:   
Info)    Humphrey, W., Dalke, A. and Schulten, K., `VMD - Visual   
Info)    Molecular Dynamics', J. Molec. Graphics 1996, 14.1, 33-38.
Info) -------------------------------------------------------------
Info) Multithreading available, 48 CPUs detected.
Info)   CPU features: SSE2 AVX AVX2 FMA 
Info) Free system memory: 121GB (96%)
Info) No CUDA accelerator devices available.
Info) Dynamically loaded 2 plugins in directory:
Info) /ibbr/vmd/1.9.3/lib/vmd/plugins/LINUXAMD64/molfile
3
Info) Using plugin xyz for structure file ./freq.QMRegion_a.xyz
Info) Using plugin xyz for coordinates from file ./freq.QMRegion_a.xyz
Info) Determining bond structure from distance search ...
Info) Analyzing structure ...
Info)    Atoms: 138
Info)    Bonds: 137
Info)    Angles: 0  Dihedrals: 0  Impropers: 0  Cross-terms: 0
Info)    Bondtypes: 0  Angletypes: 0  Dihedraltypes: 0  Impropertypes: 0
Info)    Residues: 1
Info)    Waters: 0
Info)    Segments: 1
Info)    Fragments: 1   Protein: 1   Nucleic: 0
Info) Finished with coordinate file ./freq.QMRegion_a.xyz.
0
Info) Using plugin xyz for structure file ./freq.QMRegion_b.xyz
Info) Using plugin xyz for coordinates from file ./freq.QMRegion_b.xyz
Info) Determining bond structure from distance search ...
Info) Analyzing structure ...
Info)    Atoms: 138
Info)    Bonds: 137
Info)    Angles: 0  Dihedrals: 0  Impropers: 0  Cross-terms: 0
Info)    Bondtypes: 0  Angletypes: 0  Dihedraltypes: 0  Impropertypes: 0
Info)    Residues: 1
Info)    Waters: 0
Info)    Segments: 1
Info)    Fragments: 1   Protein: 1   Nucleic: 0
Info) Finished with coordinate file ./freq.QMRegion_b.xyz.
1
file14
atomselect0
atomselect1
0
0
0
0
0
4.79054706353458
Info) VMD for LINUXAMD64, version 1.9.3 (November 30, 2016)
Info) Exiting normally.
Can't load history: $< line too long.
[[0]]
399 0.7641965058026265
398 0.7653494284394458
397 0.7771974708032415
396 0.7851567868246094
395 0.7944699238380861
394 0.7946972668715767
393 0.7935494511158456
392 0.7940196172881809
391 0.8036341229125668
390 0.8033771715094966
389 0.8105900694230026
388 0.811617085911225
387 0.8110485194800444
386 0.8172052774204722
385 0.8166399801791995
384 0.8222585677054953
383 0.8283117202447859
382 0.8276689386825977
381 0.8277524009734232
380 0.8311870301566749
379 0.8339018357736205
378 0.8371592127449269
377 0.8368345103529418
376 0.8387825199288222
375 0.8384832121070043
374 0.8407152558390671
373 0.8425898414163222
372 0.847462678580448
371 0.8475924982809875
370 0.8481868335044441
369 0.8473512540298073
368 0.8504794158197088
367 0.8510781008093501
366 0.8551651967868898
365 0.8544573851741982
364 0.8587178800230622
363 0.8617801135206178
362 0.8658471155587613
361 0.8658148771508088
360 0.8678008836057298
359 0.8688898498638926
358 0.8717828318502933
357 0.8719338594119885
356 0.8729712351443425
355 0.8742246248687289
354 0.8741193341553422
353 0.8768285762893366
352 0.878875499118617
351 0.8803005546531281
350 0.8797716367713209
349 0.8811263459312177
348 0.8814961920260111
347 0.8821829545217977
346 0.8819079762038334
345 0.8826442593908814
344 0.8849821857377989
343 0.8848053175332733
342 0.8871614401330952
341 0.8878704054593165
340 0.8902482420139468
339 0.8920989840211234
338 0.8918829076453333
337 0.8941350397829156
336 0.8953728496341091
335 0.8953795039716496
334 0.8973384784753824
333 0.8986863600440795
332 0.8997599563758821
331 0.9003135274469204
330 0.9020215461345846
329 0.9032561602039824
328 0.9041605315428431
327 0.9061883512076938
326 0.9082607660937122
325 0.9082122989041613
324 0.9079315276015449
323 0.9104535000813497
322 0.9112393739665089
321 0.9133460744189924
320 0.9150292415662016
319 0.9170732064286886
318 0.9181429822354544
317 0.9183238735504694
316 0.9181203057480255
315 0.9202895748724962
314 0.920098519469017
313 0.9210195906107148
312 0.9216868936737851
311 0.9223623828506481
310 0.9239902271290872
309 0.9259311274913897
Can't load history: $< line too long.
/ibbr/vmd/1.9.3/lib/vmd/vmd_LINUXAMD64: /lib64/libGL.so.1: no version information available (required by /ibbr/vmd/1.9.3/lib/vmd/vmd_LINUXAMD64)
Info) VMD for LINUXAMD64, version 1.9.3 (November 30, 2016)
Info) http://www.ks.uiuc.edu/Research/vmd/                         
Info) Email questions and bug reports to vmd@ks.uiuc.edu           
Info) Please include this reference in published work using VMD:   
Info)    Humphrey, W., Dalke, A. and Schulten, K., `VMD - Visual   
Info)    Molecular Dynamics', J. Molec. Graphics 1996, 14.1, 33-38.
Info) -------------------------------------------------------------
Info) Multithreading available, 48 CPUs detected.
Info)   CPU features: SSE2 AVX AVX2 FMA 
Info) Free system memory: 121GB (96%)
Info) No CUDA accelerator devices available.
Info) Dynamically loaded 2 plugins in directory:
Info) /ibbr/vmd/1.9.3/lib/vmd/plugins/LINUXAMD64/molfile
3
Info) Using plugin xyz for structure file ./freq.QMRegion_a.xyz
Info) Using plugin xyz for coordinates from file ./freq.QMRegion_a.xyz
Info) Determining bond structure from distance search ...
Info) Analyzing structure ...
Info)    Atoms: 138
Info)    Bonds: 137
Info)    Angles: 0  Dihedrals: 0  Impropers: 0  Cross-terms: 0
Info)    Bondtypes: 0  Angletypes: 0  Dihedraltypes: 0  Impropertypes: 0
Info)    Residues: 1
Info)    Waters: 0
Info)    Segments: 1
Info)    Fragments: 1   Protein: 1   Nucleic: 0
Info) Finished with coordinate file ./freq.QMRegion_a.xyz.
0
Info) Using plugin xyz for structure file ./freq.QMRegion_b.xyz
Info) Using plugin xyz for coordinates from file ./freq.QMRegion_b.xyz
Info) Determining bond structure from distance search ...
Info) Analyzing structure ...
Info)    Atoms: 138
Info)    Bonds: 137
Info)    Angles: 0  Dihedrals: 0  Impropers: 0  Cross-terms: 0
Info)    Bondtypes: 0  Angletypes: 0  Dihedraltypes: 0  Impropertypes: 0
Info)    Residues: 1
Info)    Waters: 0
Info)    Segments: 1
Info)    Fragments: 1   Protein: 1   Nucleic: 0
Info) Finished with coordinate file ./freq.QMRegion_b.xyz.
1
file14
atomselect0
atomselect1
0
0
0
0
0
6.420747214609501
Info) VMD for LINUXAMD64, version 1.9.3 (November 30, 2016)
Info) Exiting normally.
Can't load history: $< line too long.
[[0]]
399 0.5852498744275115
398 0.5876416863496066
397 0.5853003945592808
396 0.5969786006027693
395 0.5973324963206255
394 0.5951552840704812
393 0.5926208981603173
392 0.5899837303652936
391 0.5872507479016643
390 0.5846344689923668
389 0.5824487054566203
388 0.5983233575784512
387 0.597907749761218
386 0.5974965419717733
385 0.6115383982931144
384 0.6235789216570325
383 0.6384901896360423
382 0.6376231851906686
381 0.6350671423056258
380 0.6501983390923955
379 0.6490421181389662
378 0.6633811797068275
377 0.6615751590434764
376 0.6603275640505475
375 0.6588059062458129
374 0.673190712522647
373 0.687405836687154
372 0.7017314138538628
371 0.6998952289492995
370 0.7120420564277403
369 0.7227454696406503
368 0.7210113100517112
367 0.719288166081176
366 0.7175463234514032
365 0.7163152258194638
364 0.7153429028477838
363 0.7268462966383356
362 0.7253284993588416
361 0.7246276812824911
360 0.7244062111984887
359 0.7238600851178103
358 0.7219572435294725
357 0.7332132912422638
356 0.7317749801480687
355 0.7317267374822436
354 0.7299794213781303
353 0.739371103982958
352 0.7520236532165525
351 0.7503389749776341
350 0.7489701191301515
349 0.7599368804476136
348 0.7598104290525783
347 0.7586911524269621
346 0.7630427110305855
345 0.7743159643698001
344 0.7737294250629478
343 0.7740730584023935
342 0.7731608192409924
341 0.783491392587447
340 0.7825585812166019
339 0.7924120989134272
338 0.8013808422312012
337 0.800769185063794
336 0.7997306909992674
335 0.8087038174444741
334 0.8130197728406177
333 0.8129634680607098
332 0.8159848492883852
331 0.8160133425369938
330 0.8229810965401548
329 0.8220654168719994
328 0.8264203001452461
327 0.826430379420025
326 0.8273879858302456
325 0.8355383127214172
324 0.8350134351391795
323 0.8348296678535982
322 0.8424062333442082
321 0.8418088940049631
320 0.8452250727792541
319 0.8508645581114299
318 0.8537656152067329
317 0.8534184430387075
316 0.8528497748404841
315 0.860401642616601
314 0.8674487564479691
313 0.8723467200610092
312 0.8746451226745511
311 0.8743293227802085
310 0.8737232716924099
309 0.8752249446927954
308 0.8753929109018278
307 0.8787940358133102
306 0.8786530471999098
305 0.8795282987742791
304 0.8800013398982246
303 0.8794916003941462
302 0.8789684711301544
301 0.8816091750235743
300 0.8842458102554542
299 0.8842199919841087
298 0.8843248543970967
297 0.8882885057304143
296 0.8886408896252352
295 0.8917290030386171
294 0.8913867900348275
293 0.8955932047445273
292 0.8991698158654329
291 0.902134783656749
290 0.9021030398156803
289 0.9022487334077799
288 0.9012740993694983
287 0.9012602933107443
286 0.9048073337080643
285 0.9079087067935987
284 0.9108540716638026
283 0.9138425879829992
282 0.9139480243826187
281 0.9142398277602093
280 0.9151476975249688
279 0.9152253981672036
278 0.9185492449541584
277 0.9195210214884995
276 0.9194918902780852
275 0.9226642963252709
274 0.9218777052265492
273 0.9241119606516175
272 0.9239718919550176
271 0.9268366529964629
Can't load history: $< line too long.
/ibbr/vmd/1.9.3/lib/vmd/vmd_LINUXAMD64: /lib64/libGL.so.1: no version information available (required by /ibbr/vmd/1.9.3/lib/vmd/vmd_LINUXAMD64)
Info) VMD for LINUXAMD64, version 1.9.3 (November 30, 2016)
Info) http://www.ks.uiuc.edu/Research/vmd/                         
Info) Email questions and bug reports to vmd@ks.uiuc.edu           
Info) Please include this reference in published work using VMD:   
Info)    Humphrey, W., Dalke, A. and Schulten, K., `VMD - Visual   
Info)    Molecular Dynamics', J. Molec. Graphics 1996, 14.1, 33-38.
Info) -------------------------------------------------------------
Info) Multithreading available, 48 CPUs detected.
Info)   CPU features: SSE2 AVX AVX2 FMA 
Info) Free system memory: 121GB (96%)
Info) No CUDA accelerator devices available.
Info) Dynamically loaded 2 plugins in directory:
Info) /ibbr/vmd/1.9.3/lib/vmd/plugins/LINUXAMD64/molfile
3
Info) Using plugin xyz for structure file ./freq.QMRegion_a.xyz
Info) Using plugin xyz for coordinates from file ./freq.QMRegion_a.xyz
Info) Determining bond structure from distance search ...
Info) Analyzing structure ...
Info)    Atoms: 138
Info)    Bonds: 137
Info)    Angles: 0  Dihedrals: 0  Impropers: 0  Cross-terms: 0
Info)    Bondtypes: 0  Angletypes: 0  Dihedraltypes: 0  Impropertypes: 0
Info)    Residues: 1
Info)    Waters: 0
Info)    Segments: 1
Info)    Fragments: 1   Protein: 1   Nucleic: 0
Info) Finished with coordinate file ./freq.QMRegion_a.xyz.
0
Info) Using plugin xyz for structure file ./freq.QMRegion_b.xyz
Info) Using plugin xyz for coordinates from file ./freq.QMRegion_b.xyz
Info) Determining bond structure from distance search ...
Info) Analyzing structure ...
Info)    Atoms: 138
Info)    Bonds: 137
Info)    Angles: 0  Dihedrals: 0  Impropers: 0  Cross-terms: 0
Info)    Bondtypes: 0  Angletypes: 0  Dihedraltypes: 0  Impropertypes: 0
Info)    Residues: 1
Info)    Waters: 0
Info)    Segments: 1
Info)    Fragments: 1   Protein: 1   Nucleic: 0
Info) Finished with coordinate file ./freq.QMRegion_b.xyz.
1
file14
atomselect0
atomselect1
0
0
0
0
0
3.5561220482754154
Info) VMD for LINUXAMD64, version 1.9.3 (November 30, 2016)
Info) Exiting normally.
Can't load history: $< line too long.
[[0]]
399 0.7915752427949506
398 0.8136396773054466
397 0.8126186929721653
396 0.8300239175730622
395 0.8289943962110937
394 0.8280957861811625
393 0.8270246581671685
392 0.8257976331676864
391 0.8386972036890046
390 0.8399090510244314
389 0.8492857354869269
388 0.8586219363207345
387 0.8581901693240226
386 0.8581594146758238
385 0.8582032213553561
384 0.864919390577698
383 0.8643216477961364
382 0.8639089272492558
381 0.8632499090197322
380 0.8625745742315023
379 0.8624846288235124
378 0.8690921410567874
377 0.874797294754432
376 0.8759806388336056
375 0.8819230460019581
374 0.8812429342941861
373 0.8816303336578721
372 0.8859907334771261
371 0.8903939199061665
370 0.8902735742286261
369 0.8904858756045795
368 0.8914043597724179
367 0.8955675436861975
366 0.8991354567325017
365 0.9004053613471444
364 0.9006082771397897
363 0.903087489977834
362 0.9039638503264726
361 0.907293537439529
360 0.9098422834431515
359 0.9099956623647307
358 0.9103497488535359
357 0.9102754764187186
356 0.9128943407881661
355 0.9129724500649952
354 0.9129538287949892
353 0.9138878481204558
352 0.9166356944866816
351 0.9175349857118523
350 0.9173358617329724
349 0.91731034016753
348 0.9173646018687526
347 0.9176156808654568
346 0.9189159607579503
345 0.9209203116971654
344 0.9207994840920819
343 0.9210390732671409
342 0.920631167306951
341 0.9225883390099013
340 0.9241671920895831
339 0.9245075068025326
338 0.9256899928193018
Can't load history: $< line too long.
/ibbr/vmd/1.9.3/lib/vmd/vmd_LINUXAMD64: /lib64/libGL.so.1: no version information available (required by /ibbr/vmd/1.9.3/lib/vmd/vmd_LINUXAMD64)
Info) VMD for LINUXAMD64, version 1.9.3 (November 30, 2016)
Info) http://www.ks.uiuc.edu/Research/vmd/                         
Info) Email questions and bug reports to vmd@ks.uiuc.edu           
Info) Please include this reference in published work using VMD:   
Info)    Humphrey, W., Dalke, A. and Schulten, K., `VMD - Visual   
Info)    Molecular Dynamics', J. Molec. Graphics 1996, 14.1, 33-38.
Info) -------------------------------------------------------------
Info) Multithreading available, 48 CPUs detected.
Info)   CPU features: SSE2 AVX AVX2 FMA 
Info) Free system memory: 121GB (96%)
Info) No CUDA accelerator devices available.
Info) Dynamically loaded 2 plugins in directory:
Info) /ibbr/vmd/1.9.3/lib/vmd/plugins/LINUXAMD64/molfile
4
Info) Using plugin xyz for structure file ./freq.QMRegion_a.xyz
Info) Using plugin xyz for coordinates from file ./freq.QMRegion_a.xyz
Info) Determining bond structure from distance search ...
Info) Analyzing structure ...
Info)    Atoms: 138
Info)    Bonds: 137
Info)    Angles: 0  Dihedrals: 0  Impropers: 0  Cross-terms: 0
Info)    Bondtypes: 0  Angletypes: 0  Dihedraltypes: 0  Impropertypes: 0
Info)    Residues: 1
Info)    Waters: 0
Info)    Segments: 1
Info)    Fragments: 1   Protein: 1   Nucleic: 0
Info) Finished with coordinate file ./freq.QMRegion_a.xyz.
0
Info) Using plugin xyz for structure file ./freq.QMRegion_b.xyz
Info) Using plugin xyz for coordinates from file ./freq.QMRegion_b.xyz
Info) Determining bond structure from distance search ...
Info) Analyzing structure ...
Info)    Atoms: 138
Info)    Bonds: 137
Info)    Angles: 0  Dihedrals: 0  Impropers: 0  Cross-terms: 0
Info)    Bondtypes: 0  Angletypes: 0  Dihedraltypes: 0  Impropertypes: 0
Info)    Residues: 1
Info)    Waters: 0
Info)    Segments: 1
Info)    Fragments: 1   Protein: 1   Nucleic: 0
Info) Finished with coordinate file ./freq.QMRegion_b.xyz.
1
file14
atomselect0
atomselect1
0
0
0
0
0
4.1958260381536485
Info) VMD for LINUXAMD64, version 1.9.3 (November 30, 2016)
Info) Exiting normally.
Can't load history: $< line too long.
[[0]]
399 0.7194264651878879
398 0.7193324525292634
397 0.7406245404434362
396 0.7401513374252298
395 0.7401006082742723
394 0.756580235905964
393 0.7561939274845743
392 0.7736232315413735
391 0.7800839367641882
390 0.78007455620037
389 0.7814074820494492
388 0.7805495524866597
387 0.7792704284922404
386 0.7911125035948708
385 0.7946355379912355
384 0.7953070552236507
383 0.8065166830741374
382 0.8067719626519116
381 0.8143117263143568
380 0.8129692668247924
379 0.8223933589750994
378 0.8213843760247489
377 0.8235254641335688
376 0.8314505006966327
375 0.8318950548472434
374 0.8317825991151792
373 0.8379710425810689
372 0.8379912519602862
371 0.8371451574560449
370 0.8422113954353952
369 0.8468695040461238
368 0.8461657559639179
367 0.8525502915289355
366 0.8529150475236191
365 0.8583313321926598
364 0.8620079141224408
363 0.8662303001848575
362 0.8662674910789989
361 0.869799281044249
360 0.8692666187747993
359 0.8731458702272341
358 0.8722566806110673
357 0.874993787221697
356 0.8748134627310722
355 0.8744945909678605
354 0.8760022748950155
353 0.8770673853070448
352 0.8793739205956965
351 0.8794399592927741
350 0.8796316527904637
349 0.8790204990647963
348 0.8822214443175467
347 0.8823882974705619
346 0.8833394090241401
345 0.886032225848538
344 0.8861701908052546
343 0.8865471481599136
342 0.8865291382807152
341 0.887398219042703
340 0.890484062953293
339 0.8904818598338595
338 0.8919512851680058
337 0.891590793242848
336 0.8918779654133557
335 0.8934021833064368
334 0.894854228759737
333 0.8949263376712447
332 0.8971994219034829
331 0.8990015898177445
330 0.8989630605837392
329 0.9008717515246558
328 0.9018043834309173
327 0.9040548156488625
326 0.9060572961751834
325 0.9057427942956315
324 0.9072427834774304
323 0.9088195815298599
322 0.9095075328868155
321 0.9106342786013337
320 0.9117770820286913
319 0.9135129002122184
318 0.9151332864272727
317 0.9160167656953906
316 0.9156299784979138
315 0.9159090990079042
314 0.9150754823792785
313 0.9147043865942159
312 0.9156982665932983
311 0.9167696886853833
310 0.9168862465388374
309 0.9172682612913425
308 0.9182517151460676
307 0.9198317509271264
306 0.921244969687281
305 0.9229102787842365
304 0.9239666039062203
303 0.9250787936133542
Can't load history: $< line too long.
/ibbr/vmd/1.9.3/lib/vmd/vmd_LINUXAMD64: /lib64/libGL.so.1: no version information available (required by /ibbr/vmd/1.9.3/lib/vmd/vmd_LINUXAMD64)
Info) VMD for LINUXAMD64, version 1.9.3 (November 30, 2016)
Info) http://www.ks.uiuc.edu/Research/vmd/                         
Info) Email questions and bug reports to vmd@ks.uiuc.edu           
Info) Please include this reference in published work using VMD:   
Info)    Humphrey, W., Dalke, A. and Schulten, K., `VMD - Visual   
Info)    Molecular Dynamics', J. Molec. Graphics 1996, 14.1, 33-38.
Info) -------------------------------------------------------------
Info) Multithreading available, 48 CPUs detected.
Info)   CPU features: SSE2 AVX AVX2 FMA 
Info) Free system memory: 121GB (96%)
Info) No CUDA accelerator devices available.
Info) Dynamically loaded 2 plugins in directory:
Info) /ibbr/vmd/1.9.3/lib/vmd/plugins/LINUXAMD64/molfile
4
Info) Using plugin xyz for structure file ./freq.QMRegion_a.xyz
Info) Using plugin xyz for coordinates from file ./freq.QMRegion_a.xyz
Info) Determining bond structure from distance search ...
Info) Analyzing structure ...
Info)    Atoms: 138
Info)    Bonds: 137
Info)    Angles: 0  Dihedrals: 0  Impropers: 0  Cross-terms: 0
Info)    Bondtypes: 0  Angletypes: 0  Dihedraltypes: 0  Impropertypes: 0
Info)    Residues: 1
Info)    Waters: 0
Info)    Segments: 1
Info)    Fragments: 1   Protein: 1   Nucleic: 0
Info) Finished with coordinate file ./freq.QMRegion_a.xyz.
0
Info) Using plugin xyz for structure file ./freq.QMRegion_b.xyz
Info) Using plugin xyz for coordinates from file ./freq.QMRegion_b.xyz
Info) Determining bond structure from distance search ...
Info) Analyzing structure ...
Info)    Atoms: 138
Info)    Bonds: 137
Info)    Angles: 0  Dihedrals: 0  Impropers: 0  Cross-terms: 0
Info)    Bondtypes: 0  Angletypes: 0  Dihedraltypes: 0  Impropertypes: 0
Info)    Residues: 1
Info)    Waters: 0
Info)    Segments: 1
Info)    Fragments: 1   Protein: 1   Nucleic: 0
Info) Finished with coordinate file ./freq.QMRegion_b.xyz.
1
file14
atomselect0
atomselect1
0
0
0
0
0
3.8238503606973073
Info) VMD for LINUXAMD64, version 1.9.3 (November 30, 2016)
Info) Exiting normally.
Can't load history: $< line too long.
[[0]]
399 0.8215819512375531
398 0.8209631183383955
397 0.8201302111037998
396 0.8193727295856553
395 0.8308652696874644
394 0.8302907414235123
393 0.8345793442016438
392 0.8348749582493298
391 0.8447037399372685
390 0.8446023497044142
389 0.852539135129594
388 0.8564174880870937
387 0.8558413655969977
386 0.8552707966100331
385 0.8591591893864199
384 0.8660298907542207
383 0.8664816030347121
382 0.8729918365202479
381 0.8781987611752337
380 0.8780910662704983
379 0.8812753851703194
378 0.8857067305941194
377 0.8862791538389255
376 0.8867107412570605
375 0.8868689923402531
374 0.8873660834761526
373 0.8872883734074746
372 0.8898354771385671
371 0.8914611761609532
370 0.8923285105875798
369 0.8926413373850596
368 0.8929212501856024
367 0.893907216289011
366 0.8962381480781382
365 0.8954894723476619
364 0.8959619653760295
363 0.896948721222282
362 0.8999355653921215
361 0.9009796011992112
360 0.9019895960128086
359 0.9046128175718318
358 0.9064864912327631
357 0.9066642749025083
356 0.9092958549466084
355 0.9099330438641364
354 0.9098993010047504
353 0.9120169369269057
352 0.9131437944812454
351 0.9149516314448651
350 0.9168641374806674
349 0.9184936669585455
348 0.9206700959890832
347 0.9221579675875474
346 0.9243938418947175
345 0.9264278177453167
Can't load history: $< line too long.
/ibbr/vmd/1.9.3/lib/vmd/vmd_LINUXAMD64: /lib64/libGL.so.1: no version information available (required by /ibbr/vmd/1.9.3/lib/vmd/vmd_LINUXAMD64)
Info) VMD for LINUXAMD64, version 1.9.3 (November 30, 2016)
Info) http://www.ks.uiuc.edu/Research/vmd/                         
Info) Email questions and bug reports to vmd@ks.uiuc.edu           
Info) Please include this reference in published work using VMD:   
Info)    Humphrey, W., Dalke, A. and Schulten, K., `VMD - Visual   
Info)    Molecular Dynamics', J. Molec. Graphics 1996, 14.1, 33-38.
Info) -------------------------------------------------------------
Info) Multithreading available, 48 CPUs detected.
Info)   CPU features: SSE2 AVX AVX2 FMA 
Info) Free system memory: 121GB (96%)
Info) No CUDA accelerator devices available.
Info) Dynamically loaded 2 plugins in directory:
Info) /ibbr/vmd/1.9.3/lib/vmd/plugins/LINUXAMD64/molfile
4
Info) Using plugin xyz for structure file ./freq.QMRegion_a.xyz
Info) Using plugin xyz for coordinates from file ./freq.QMRegion_a.xyz
Info) Determining bond structure from distance search ...
Info) Analyzing structure ...
Info)    Atoms: 138
Info)    Bonds: 137
Info)    Angles: 0  Dihedrals: 0  Impropers: 0  Cross-terms: 0
Info)    Bondtypes: 0  Angletypes: 0  Dihedraltypes: 0  Impropertypes: 0
Info)    Residues: 1
Info)    Waters: 0
Info)    Segments: 1
Info)    Fragments: 1   Protein: 1   Nucleic: 0
Info) Finished with coordinate file ./freq.QMRegion_a.xyz.
0
Info) Using plugin xyz for structure file ./freq.QMRegion_b.xyz
Info) Using plugin xyz for coordinates from file ./freq.QMRegion_b.xyz
Info) Determining bond structure from distance search ...
Info) Analyzing structure ...
Info)    Atoms: 138
Info)    Bonds: 137
Info)    Angles: 0  Dihedrals: 0  Impropers: 0  Cross-terms: 0
Info)    Bondtypes: 0  Angletypes: 0  Dihedraltypes: 0  Impropertypes: 0
Info)    Residues: 1
Info)    Waters: 0
Info)    Segments: 1
Info)    Fragments: 1   Protein: 1   Nucleic: 0
Info) Finished with coordinate file ./freq.QMRegion_b.xyz.
1
file14
atomselect0
atomselect1
0
0
0
0
0
3.2707967283557653
Info) VMD for LINUXAMD64, version 1.9.3 (November 30, 2016)
Info) Exiting normally.
Can't load history: $< line too long.
[[0]]
399 0.7862811611599216
398 0.7954010525182654
397 0.8194896516492414
396 0.8187440690225524
395 0.81786576269954
394 0.8371592080851188
393 0.8516605398879215
392 0.8511069742204668
391 0.8657974387404389
390 0.8833348115818168
389 0.8829627291198321
388 0.8820840158053037
387 0.8825314783498749
386 0.8824039756168583
385 0.8832814751295858
384 0.8917259795546987
383 0.8995310783984941
382 0.9015578478114373
381 0.904189627524413
380 0.9039670581101852
379 0.9054486538531219
378 0.9056837425461827
377 0.9064144876523812
376 0.9061282233621094
375 0.9055548081557315
374 0.9108962735131069
373 0.9110193174612575
372 0.9111299491887501
371 0.9126727036649448
370 0.9125762386730488
369 0.9127450403542607
368 0.9128642413960366
367 0.9122579349951
366 0.9119144187057386
365 0.9130183572564178
364 0.913427121868069
363 0.9173757877036266
362 0.9171703664635888
361 0.9176300546250221
360 0.9177322622472094
359 0.9171440804915736
358 0.9195738319460438
357 0.9189358035394904
356 0.918570774456357
355 0.9188436933221658
354 0.9186531420918427
353 0.9190341394978992
352 0.9192021239446508
351 0.9219073777247712
350 0.9217710782982653
349 0.9216466544818239
348 0.923418373629428
347 0.9235159298136666
346 0.9256774065485978
Can't load history: $< line too long.
/ibbr/vmd/1.9.3/lib/vmd/vmd_LINUXAMD64: /lib64/libGL.so.1: no version information available (required by /ibbr/vmd/1.9.3/lib/vmd/vmd_LINUXAMD64)
Info) VMD for LINUXAMD64, version 1.9.3 (November 30, 2016)
Info) http://www.ks.uiuc.edu/Research/vmd/                         
Info) Email questions and bug reports to vmd@ks.uiuc.edu           
Info) Please include this reference in published work using VMD:   
Info)    Humphrey, W., Dalke, A. and Schulten, K., `VMD - Visual   
Info)    Molecular Dynamics', J. Molec. Graphics 1996, 14.1, 33-38.
Info) -------------------------------------------------------------
Info) Multithreading available, 48 CPUs detected.
Info)   CPU features: SSE2 AVX AVX2 FMA 
Info) Free system memory: 121GB (96%)
Info) No CUDA accelerator devices available.
Info) Dynamically loaded 2 plugins in directory:
Info) /ibbr/vmd/1.9.3/lib/vmd/plugins/LINUXAMD64/molfile
4
Info) Using plugin xyz for structure file ./freq.QMRegion_a.xyz
Info) Using plugin xyz for coordinates from file ./freq.QMRegion_a.xyz
Info) Determining bond structure from distance search ...
Info) Analyzing structure ...
Info)    Atoms: 138
Info)    Bonds: 137
Info)    Angles: 0  Dihedrals: 0  Impropers: 0  Cross-terms: 0
Info)    Bondtypes: 0  Angletypes: 0  Dihedraltypes: 0  Impropertypes: 0
Info)    Residues: 1
Info)    Waters: 0
Info)    Segments: 1
Info)    Fragments: 1   Protein: 1   Nucleic: 0
Info) Finished with coordinate file ./freq.QMRegion_a.xyz.
0
Info) Using plugin xyz for structure file ./freq.QMRegion_b.xyz
Info) Using plugin xyz for coordinates from file ./freq.QMRegion_b.xyz
Info) Determining bond structure from distance search ...
Info) Analyzing structure ...
Info)    Atoms: 138
Info)    Bonds: 137
Info)    Angles: 0  Dihedrals: 0  Impropers: 0  Cross-terms: 0
Info)    Bondtypes: 0  Angletypes: 0  Dihedraltypes: 0  Impropertypes: 0
Info)    Residues: 1
Info)    Waters: 0
Info)    Segments: 1
Info)    Fragments: 1   Protein: 1   Nucleic: 0
Info) Finished with coordinate file ./freq.QMRegion_b.xyz.
1
file14
atomselect0
atomselect1
0
0
0
0
0
6.108474310043941
Info) VMD for LINUXAMD64, version 1.9.3 (November 30, 2016)
Info) Exiting normally.
Can't load history: $< line too long.
[[0]]
399 0.5564854542015278
398 0.5735769735022962
397 0.5912381931085644
396 0.6092009983765871
395 0.6267653239691472
394 0.6430830410908527
393 0.6594998093470454
392 0.6774195261877731
391 0.6777366422062746
390 0.6954781181808132
389 0.6934273402776476
388 0.6912656961450333
387 0.7084348215185602
386 0.7257732492546857
385 0.7236362232099919
384 0.7219811418910355
383 0.7199985974992344
382 0.7180909447953137
381 0.7178253845662883
380 0.7175401230932101
379 0.7291384691150948
378 0.7285445068336185
377 0.7404965686485904
376 0.7385328548702458
375 0.737039970866993
374 0.73795711866213
373 0.7493788179630065
372 0.7578124673596758
371 0.7572644777629268
370 0.7674682748320836
369 0.778222212829368
368 0.7782217505696623
367 0.7864782784372715
366 0.794069472409122
365 0.7946499079402665
364 0.7943068585760713
363 0.7944813234118372
362 0.7940928855304281
361 0.7930994960095471
360 0.7932508492956912
359 0.7914457224484441
358 0.7903422022071769
357 0.7960292093342944
356 0.7985821855048287
355 0.8036975194334768
354 0.802974032308532
353 0.8029059017434955
352 0.8028361236955903
351 0.8101963772987958
350 0.810817769839177
349 0.81614014054961
348 0.81554764445696
347 0.8176264733168945
346 0.8180570342321201
345 0.8239659583560258
344 0.8288581795277621
343 0.8345251907395419
342 0.8342660206398218
341 0.8352185372227603
340 0.8389240124524808
339 0.8436336374058869
338 0.8427636310885616
337 0.8472706539177908
336 0.8479592150227246
335 0.8520343554090366
334 0.8513333240973706
333 0.850895293445726
332 0.8507595866220741
331 0.854379788515462
330 0.858190088476527
329 0.8589810306716705
328 0.8583912349227969
327 0.8605503506983727
326 0.8601904828992031
325 0.8620209777405247
324 0.8643791339876808
323 0.8648515775731922
322 0.8676758530700182
321 0.8702527442136548
320 0.8738391561704247
319 0.8742453448733842
318 0.8775686527334878
317 0.878026137920824
316 0.8789531838196322
315 0.8800519773465144
314 0.8810548293791498
313 0.8806226375286653
312 0.8815213724109962
311 0.8838701499291727
310 0.8847623700367857
309 0.8871125975349667
308 0.8869430572299081
307 0.889798563535907
306 0.8927385174097383
305 0.8939789225968595
304 0.8943806546263486
303 0.8937442559188329
302 0.893936194425846
301 0.8936592797516556
300 0.8947088100403808
299 0.894881380308004
298 0.896477165139487
297 0.8978659232806118
296 0.8977740098864452
295 0.8990005876649863
294 0.8995149051255726
293 0.9017893595278961
292 0.9026525947394144
291 0.9028767756841526
290 0.9056366327868929
289 0.9064047917848752
288 0.9085179101489458
287 0.9112962083774412
286 0.9136592039958564
285 0.915550471710143
284 0.9161098313864285
283 0.9157535330653065
282 0.9154084113945781
281 0.9152622114284714
280 0.9175386010602162
279 0.9181215163705336
278 0.9179024375375244
277 0.9188686019681949
276 0.918999082615296
275 0.9189376961866261
274 0.9195747524765732
273 0.9214738149393481
272 0.9226112251585045
271 0.922567301877399
270 0.9224238317296145
269 0.924195220806129
268 0.925763521318608
Can't load history: $< line too long.
/ibbr/vmd/1.9.3/lib/vmd/vmd_LINUXAMD64: /lib64/libGL.so.1: no version information available (required by /ibbr/vmd/1.9.3/lib/vmd/vmd_LINUXAMD64)
Info) VMD for LINUXAMD64, version 1.9.3 (November 30, 2016)
Info) http://www.ks.uiuc.edu/Research/vmd/                         
Info) Email questions and bug reports to vmd@ks.uiuc.edu           
Info) Please include this reference in published work using VMD:   
Info)    Humphrey, W., Dalke, A. and Schulten, K., `VMD - Visual   
Info)    Molecular Dynamics', J. Molec. Graphics 1996, 14.1, 33-38.
Info) -------------------------------------------------------------
Info) Multithreading available, 48 CPUs detected.
Info)   CPU features: SSE2 AVX AVX2 FMA 
Info) Free system memory: 121GB (96%)
Info) No CUDA accelerator devices available.
Info) Dynamically loaded 2 plugins in directory:
Info) /ibbr/vmd/1.9.3/lib/vmd/plugins/LINUXAMD64/molfile
4
Info) Using plugin xyz for structure file ./freq.QMRegion_a.xyz
Info) Using plugin xyz for coordinates from file ./freq.QMRegion_a.xyz
Info) Determining bond structure from distance search ...
Info) Analyzing structure ...
Info)    Atoms: 138
Info)    Bonds: 137
Info)    Angles: 0  Dihedrals: 0  Impropers: 0  Cross-terms: 0
Info)    Bondtypes: 0  Angletypes: 0  Dihedraltypes: 0  Impropertypes: 0
Info)    Residues: 1
Info)    Waters: 0
Info)    Segments: 1
Info)    Fragments: 1   Protein: 1   Nucleic: 0
Info) Finished with coordinate file ./freq.QMRegion_a.xyz.
0
Info) Using plugin xyz for structure file ./freq.QMRegion_b.xyz
Info) Using plugin xyz for coordinates from file ./freq.QMRegion_b.xyz
Info) Determining bond structure from distance search ...
Info) Analyzing structure ...
Info)    Atoms: 138
Info)    Bonds: 137
Info)    Angles: 0  Dihedrals: 0  Impropers: 0  Cross-terms: 0
Info)    Bondtypes: 0  Angletypes: 0  Dihedraltypes: 0  Impropertypes: 0
Info)    Residues: 1
Info)    Waters: 0
Info)    Segments: 1
Info)    Fragments: 1   Protein: 1   Nucleic: 0
Info) Finished with coordinate file ./freq.QMRegion_b.xyz.
1
file14
atomselect0
atomselect1
0
0
0
0
0
5.20128666982838
Info) VMD for LINUXAMD64, version 1.9.3 (November 30, 2016)
Info) Exiting normally.
Can't load history: $< line too long.
[[0]]
399 0.7785575799251641
398 0.7967393391739617
397 0.7959357015865868
396 0.7959216795876994
395 0.794936946692809
394 0.8057929694014451
393 0.8053457340764648
392 0.8051780630217693
391 0.8048173481100714
390 0.8060815925249102
389 0.8056416771037319
388 0.8062044962346409
387 0.8054522295445345
386 0.8045902543927674
385 0.8032179916089504
384 0.8106600245543493
383 0.815624404116303
382 0.8191122977631001
381 0.8206883130160089
380 0.819407483993298
379 0.8201249611743417
378 0.8187149580138177
377 0.8172637386330102
376 0.8160158120418716
375 0.8207231613037118
374 0.8251183542603546
373 0.8308639435262473
372 0.8312827829557938
371 0.8365874932646642
370 0.8419691240703557
369 0.8466472883014986
368 0.8462671800267048
367 0.8489474233997771
366 0.8531203292183089
365 0.8532254205095013
364 0.852110230867553
363 0.8560196551162079
362 0.8572379752587072
361 0.8609527331307203
360 0.860589406466823
359 0.8643726317760821
358 0.8635202126618214
357 0.8646529661578506
356 0.8647829225089522
355 0.8684633043373093
354 0.8708602651636531
353 0.8731784889320129
352 0.8767631390636585
351 0.8791778327282784
350 0.8804992685733948
349 0.8817990908829642
348 0.8843870538069215
347 0.8835849767941691
346 0.8835286228740005
345 0.8841990702498426
344 0.8847573149326176
343 0.8876950283569058
342 0.8886627113163604
341 0.8886595603094434
340 0.891963195176313
339 0.8920094862211841
338 0.8937473108168961
337 0.8953687102097873
336 0.895254874683167
335 0.897417283946116
334 0.8983854007645182
333 0.9007194200932619
332 0.9036519967522044
331 0.9056597865185979
330 0.9065268873735969
329 0.9092586755198628
328 0.9106981954060206
327 0.9109120393459165
326 0.9127896004886843
325 0.9120998318381387
324 0.9123675235587532
323 0.9121433999441788
322 0.9137675292721925
321 0.9144593231494346
320 0.9165249539751452
319 0.9185886396980737
318 0.9204956764528068
317 0.9214752045366199
316 0.9214722984798042
315 0.9225986992775236
314 0.9240505529258666
313 0.9254694375165682
Can't load history: $< line too long.
/ibbr/vmd/1.9.3/lib/vmd/vmd_LINUXAMD64: /lib64/libGL.so.1: no version information available (required by /ibbr/vmd/1.9.3/lib/vmd/vmd_LINUXAMD64)
Info) VMD for LINUXAMD64, version 1.9.3 (November 30, 2016)
Info) http://www.ks.uiuc.edu/Research/vmd/                         
Info) Email questions and bug reports to vmd@ks.uiuc.edu           
Info) Please include this reference in published work using VMD:   
Info)    Humphrey, W., Dalke, A. and Schulten, K., `VMD - Visual   
Info)    Molecular Dynamics', J. Molec. Graphics 1996, 14.1, 33-38.
Info) -------------------------------------------------------------
Info) Multithreading available, 48 CPUs detected.
Info)   CPU features: SSE2 AVX AVX2 FMA 
Info) Free system memory: 121GB (96%)
Info) No CUDA accelerator devices available.
Info) Dynamically loaded 2 plugins in directory:
Info) /ibbr/vmd/1.9.3/lib/vmd/plugins/LINUXAMD64/molfile
4
Info) Using plugin xyz for structure file ./freq.QMRegion_a.xyz
Info) Using plugin xyz for coordinates from file ./freq.QMRegion_a.xyz
Info) Determining bond structure from distance search ...
Info) Analyzing structure ...
Info)    Atoms: 138
Info)    Bonds: 137
Info)    Angles: 0  Dihedrals: 0  Impropers: 0  Cross-terms: 0
Info)    Bondtypes: 0  Angletypes: 0  Dihedraltypes: 0  Impropertypes: 0
Info)    Residues: 1
Info)    Waters: 0
Info)    Segments: 1
Info)    Fragments: 1   Protein: 1   Nucleic: 0
Info) Finished with coordinate file ./freq.QMRegion_a.xyz.
0
Info) Using plugin xyz for structure file ./freq.QMRegion_b.xyz
Info) Using plugin xyz for coordinates from file ./freq.QMRegion_b.xyz
Info) Determining bond structure from distance search ...
Info) Analyzing structure ...
Info)    Atoms: 138
Info)    Bonds: 137
Info)    Angles: 0  Dihedrals: 0  Impropers: 0  Cross-terms: 0
Info)    Bondtypes: 0  Angletypes: 0  Dihedraltypes: 0  Impropertypes: 0
Info)    Residues: 1
Info)    Waters: 0
Info)    Segments: 1
Info)    Fragments: 1   Protein: 1   Nucleic: 0
Info) Finished with coordinate file ./freq.QMRegion_b.xyz.
1
file14
atomselect0
atomselect1
0
0
0
0
0
3.1022571398213206
Info) VMD for LINUXAMD64, version 1.9.3 (November 30, 2016)
Info) Exiting normally.
Can't load history: $< line too long.
[[0]]
399 0.4587485830210103
398 0.4567799712288867
397 0.4698143300961334
396 0.46724518493346934
395 0.4642024829304702
394 0.46097401199621213
393 0.459367968100464
392 0.4724066000420081
391 0.4710540546864568
390 0.4682971126724922
389 0.4794228769018454
388 0.4779055562188034
387 0.47724666983315966
386 0.48548786842528757
385 0.4822882043596719
384 0.4931760759948235
383 0.5038278062900947
382 0.5011257802168727
381 0.5110105384170736
380 0.5221119362912394
379 0.5326994693221605
378 0.5437288951150125
377 0.5428957080660687
376 0.5541144490724721
375 0.5650859353877651
374 0.5760778930259249
373 0.5737210706340244
372 0.5704999037999459
371 0.5682350315800957
370 0.5794230963994946
369 0.5765883857048582
368 0.5876884023259904
367 0.5871800417510954
366 0.5984179584741629
365 0.5964252134617775
364 0.5932632876201681
363 0.6031365391588579
362 0.6139864388796812
361 0.623306483146643
360 0.6210900061850566
359 0.630477606262475
358 0.6411798180983759
357 0.6517914741057419
356 0.6613706589306922
355 0.6604645785512149
354 0.65829748784139
353 0.6563020933822157
352 0.6656245457437729
351 0.6753141175297447
350 0.676022670638564
349 0.6746331648491403
348 0.6729565725746695
347 0.6824561415377084
346 0.6814721205258267
345 0.6906974790000258
344 0.6981661871333718
343 0.7071771732709788
342 0.7156011323282803
341 0.714574656803647
340 0.722772666463974
339 0.7289398831922149
338 0.7366704738152949
337 0.7350614224019552
336 0.7346592059677233
335 0.7437500133436494
334 0.7427444882060243
333 0.7509951730599027
332 0.7597801044160737
331 0.7584881815840308
330 0.7654476472623858
329 0.7728212530840333
328 0.7744016014198927
327 0.7742693363640463
326 0.7820254579001557
325 0.7884766784485953
324 0.7963944166656596
323 0.7959231408967202
322 0.8032376797049909
321 0.8023219788014468
320 0.8096579329661773
319 0.808327630651409
318 0.8081989177085267
317 0.8082732969410474
316 0.8066313714385673
315 0.8143502088318244
314 0.8143767369746212
313 0.8218325006070573
312 0.8211010706962927
311 0.8283068951180836
310 0.8287935130294706
309 0.834844264024062
308 0.8413151862997394
307 0.8402992971517226
306 0.8391096238720527
305 0.8409172490053975
304 0.8467138357565411
303 0.8531251490502914
302 0.8592240698082512
301 0.859150551535267
300 0.8632809875500294
299 0.8631433021435496
298 0.8693420972196725
297 0.8685684245485865
296 0.8742329525563974
295 0.8788127906006628
294 0.8800561462103438
293 0.8822430658809721
292 0.8815544452240435
291 0.8811339006312877
290 0.8837039951608079
289 0.8834823128209667
288 0.8890068038395751
287 0.8895397726154624
286 0.8897071573412213
285 0.890507930824304
284 0.891232856041292
283 0.8960590276424043
282 0.8954856406704657
281 0.895040341417273
280 0.8998045518474816
279 0.9006621614667754
278 0.9036442082620476
277 0.9078429778147303
276 0.9081149279357801
275 0.9108224588652316
274 0.9149198906332257
273 0.9142298009168024
272 0.9142568210876626
271 0.9145963059655663
270 0.9153019115125408
269 0.9149257584746223
268 0.91668023128918
267 0.9198383706040073
266 0.920165118509064
265 0.9202594750629862
264 0.919865413954053
263 0.9197231880766527
262 0.9199953160428174
261 0.9208534021664717
260 0.9210566556039075
259 0.9212531215064721
258 0.9231781975381731
257 0.9227028960365011
256 0.9243904738159816
255 0.9243283215084632
254 0.9258539572305214
Can't load history: $< line too long.
/ibbr/vmd/1.9.3/lib/vmd/vmd_LINUXAMD64: /lib64/libGL.so.1: no version information available (required by /ibbr/vmd/1.9.3/lib/vmd/vmd_LINUXAMD64)
Info) VMD for LINUXAMD64, version 1.9.3 (November 30, 2016)
Info) http://www.ks.uiuc.edu/Research/vmd/                         
Info) Email questions and bug reports to vmd@ks.uiuc.edu           
Info) Please include this reference in published work using VMD:   
Info)    Humphrey, W., Dalke, A. and Schulten, K., `VMD - Visual   
Info)    Molecular Dynamics', J. Molec. Graphics 1996, 14.1, 33-38.
Info) -------------------------------------------------------------
Info) Multithreading available, 48 CPUs detected.
Info)   CPU features: SSE2 AVX AVX2 FMA 
Info) Free system memory: 121GB (96%)
Info) No CUDA accelerator devices available.
Info) Dynamically loaded 2 plugins in directory:
Info) /ibbr/vmd/1.9.3/lib/vmd/plugins/LINUXAMD64/molfile
5
Info) Using plugin xyz for structure file ./freq.QMRegion_a.xyz
Info) Using plugin xyz for coordinates from file ./freq.QMRegion_a.xyz
Info) Determining bond structure from distance search ...
Info) Analyzing structure ...
Info)    Atoms: 138
Info)    Bonds: 137
Info)    Angles: 0  Dihedrals: 0  Impropers: 0  Cross-terms: 0
Info)    Bondtypes: 0  Angletypes: 0  Dihedraltypes: 0  Impropertypes: 0
Info)    Residues: 1
Info)    Waters: 0
Info)    Segments: 1
Info)    Fragments: 1   Protein: 1   Nucleic: 0
Info) Finished with coordinate file ./freq.QMRegion_a.xyz.
0
Info) Using plugin xyz for structure file ./freq.QMRegion_b.xyz
Info) Using plugin xyz for coordinates from file ./freq.QMRegion_b.xyz
Info) Determining bond structure from distance search ...
Info) Analyzing structure ...
Info)    Atoms: 138
Info)    Bonds: 137
Info)    Angles: 0  Dihedrals: 0  Impropers: 0  Cross-terms: 0
Info)    Bondtypes: 0  Angletypes: 0  Dihedraltypes: 0  Impropertypes: 0
Info)    Residues: 1
Info)    Waters: 0
Info)    Segments: 1
Info)    Fragments: 1   Protein: 1   Nucleic: 0
Info) Finished with coordinate file ./freq.QMRegion_b.xyz.
1
file14
atomselect0
atomselect1
0
0
0
0
0
3.246961827090881
Info) VMD for LINUXAMD64, version 1.9.3 (November 30, 2016)
Info) Exiting normally.
Can't load history: $< line too long.
[[0]]
399 0.7241883684748047
398 0.7369689144643674
397 0.7502468065722064
396 0.7721669914548179
395 0.7711706075151095
394 0.7872934049796696
393 0.7916415137605854
392 0.7902556995905491
391 0.7897164619833065
390 0.8036036541298641
389 0.8153630478893649
388 0.8142282611279692
387 0.813095442171816
386 0.8166489063156877
385 0.8157059669670065
384 0.8160737023687982
383 0.8153871801746834
382 0.8182899971014531
381 0.826436203221014
380 0.8331167754337738
379 0.8339205056008633
378 0.8335718668065216
377 0.8340319242315236
376 0.8380511773973701
375 0.8380541424653292
374 0.8374376593964725
373 0.8441182455459152
372 0.8451387124032792
371 0.8484242795867225
370 0.8549872416667936
369 0.8575863689774079
368 0.8637708593695828
367 0.8629883386724747
366 0.8650167708562515
365 0.8670919232871811
364 0.8660683671962629
363 0.8664041472990086
362 0.8704022977146235
361 0.8704808415419767
360 0.8718807224288927
359 0.8714002476003259
358 0.8706235945361555
357 0.8719739200185512
356 0.8732410512500444
355 0.8744722705382907
354 0.878242820867866
353 0.8805528615018832
352 0.8802380932784064
351 0.8837394389340497
350 0.8863701819667821
349 0.886387556341738
348 0.8901191938093385
347 0.8895112663281382
346 0.8886505019134466
345 0.888695002947837
344 0.8883194762919273
343 0.8894374058966948
342 0.8911625430941708
341 0.8904905076294474
340 0.8913187882929394
339 0.8920980940763179
338 0.8929734743831338
337 0.8933102579402059
336 0.8960770820833934
335 0.8986828926605854
334 0.8988211339901966
333 0.8988447236610613
332 0.9010386763984323
331 0.9010323322751068
330 0.9015262771709232
329 0.9015347855571578
328 0.9040018810476661
327 0.9053164329605402
326 0.9067143776169502
325 0.9074450712998015
324 0.9078401674645515
323 0.9072462679826634
322 0.9074704333503208
321 0.9095087228092299
320 0.9094869464024644
319 0.9105109151942882
318 0.9124033304699479
317 0.9118223777075591
316 0.9113643054032519
315 0.9115844421925027
314 0.9135066618183713
313 0.914575010090389
312 0.9150510990449043
311 0.916831576142347
310 0.9180193188599182
309 0.919064273918703
308 0.9188569765329406
307 0.9185698857632738
306 0.9196474548200158
305 0.920946116293613
304 0.9225976270465085
303 0.9230333906777495
302 0.9247934015938987
301 0.9267085686084522
Can't load history: $< line too long.
/ibbr/vmd/1.9.3/lib/vmd/vmd_LINUXAMD64: /lib64/libGL.so.1: no version information available (required by /ibbr/vmd/1.9.3/lib/vmd/vmd_LINUXAMD64)
Info) VMD for LINUXAMD64, version 1.9.3 (November 30, 2016)
Info) http://www.ks.uiuc.edu/Research/vmd/                         
Info) Email questions and bug reports to vmd@ks.uiuc.edu           
Info) Please include this reference in published work using VMD:   
Info)    Humphrey, W., Dalke, A. and Schulten, K., `VMD - Visual   
Info)    Molecular Dynamics', J. Molec. Graphics 1996, 14.1, 33-38.
Info) -------------------------------------------------------------
Info) Multithreading available, 48 CPUs detected.
Info)   CPU features: SSE2 AVX AVX2 FMA 
Info) Free system memory: 121GB (96%)
Info) No CUDA accelerator devices available.
Info) Dynamically loaded 2 plugins in directory:
Info) /ibbr/vmd/1.9.3/lib/vmd/plugins/LINUXAMD64/molfile
5
Info) Using plugin xyz for structure file ./freq.QMRegion_a.xyz
Info) Using plugin xyz for coordinates from file ./freq.QMRegion_a.xyz
Info) Determining bond structure from distance search ...
Info) Analyzing structure ...
Info)    Atoms: 138
Info)    Bonds: 137
Info)    Angles: 0  Dihedrals: 0  Impropers: 0  Cross-terms: 0
Info)    Bondtypes: 0  Angletypes: 0  Dihedraltypes: 0  Impropertypes: 0
Info)    Residues: 1
Info)    Waters: 0
Info)    Segments: 1
Info)    Fragments: 1   Protein: 1   Nucleic: 0
Info) Finished with coordinate file ./freq.QMRegion_a.xyz.
0
Info) Using plugin xyz for structure file ./freq.QMRegion_b.xyz
Info) Using plugin xyz for coordinates from file ./freq.QMRegion_b.xyz
Info) Determining bond structure from distance search ...
Info) Analyzing structure ...
Info)    Atoms: 138
Info)    Bonds: 137
Info)    Angles: 0  Dihedrals: 0  Impropers: 0  Cross-terms: 0
Info)    Bondtypes: 0  Angletypes: 0  Dihedraltypes: 0  Impropertypes: 0
Info)    Residues: 1
Info)    Waters: 0
Info)    Segments: 1
Info)    Fragments: 1   Protein: 1   Nucleic: 0
Info) Finished with coordinate file ./freq.QMRegion_b.xyz.
1
file14
atomselect0
atomselect1
0
0
0
0
0
3.954268058686906
Info) VMD for LINUXAMD64, version 1.9.3 (November 30, 2016)
Info) Exiting normally.
Can't load history: $< line too long.
[[0]]
399 0.6951344107896276
398 0.7114515744986909
397 0.7324933297076986
396 0.7308082875004307
395 0.7291951358249404
394 0.7520861653926282
393 0.7507378960212195
392 0.7491066142617158
391 0.7486967607113995
390 0.7510315462284678
389 0.7658869307193537
388 0.7847084815777174
387 0.8006370251631683
386 0.8003353640599914
385 0.7992297918853564
384 0.798087986563649
383 0.7966424807306517
382 0.7954811561378692
381 0.8024096288682518
380 0.8017015760837639
379 0.8160390789469316
378 0.8146653082459752
377 0.8254952773835486
376 0.8244917312454417
375 0.82351203178864
374 0.8239425169602722
373 0.8238959384781859
372 0.8229696935705546
371 0.8240020698053006
370 0.8232448286945471
369 0.8233839844843236
368 0.8338774664620378
367 0.8336615231741733
366 0.8328207111238924
365 0.8360570781959651
364 0.8352125721330195
363 0.841521788319001
362 0.8444024243098764
361 0.8438915073702505
360 0.8432221994704415
359 0.8432325806149241
358 0.8506850011560343
357 0.8500812148857586
356 0.8524288669591599
355 0.8513261326725301
354 0.8503323259574218
353 0.8529033270516753
352 0.8525514246868684
351 0.851241695301242
350 0.8571308012218244
349 0.8633077183326723
348 0.8628980365304502
347 0.8620173346150921
346 0.867798756165766
345 0.8675079973677606
344 0.8666362444897384
343 0.8657404877936585
342 0.8683295253462016
341 0.8735312441507961
340 0.8730899497272758
339 0.8727967402809205
338 0.8729051221864788
337 0.8749425002068065
336 0.873927937686273
335 0.8729382465792802
334 0.8771857142061451
333 0.8778806270073871
332 0.8781353982441509
331 0.8812588620749346
330 0.8814049354485651
329 0.8845757876201323
328 0.8845616197003021
327 0.8858337994207984
326 0.8875600489681248
325 0.8881884791060614
324 0.8884570963968106
323 0.8882179801943546
322 0.8893975913551921
321 0.8931878009417047
320 0.8951782087751454
319 0.8959548942850514
318 0.8991619467275986
317 0.8983005249402561
316 0.9009381895879148
315 0.9006637268308367
314 0.9004437357088493
313 0.903461079584855
312 0.9048761909622818
311 0.9066618290680433
310 0.9089121511751219
309 0.9092465294318807
308 0.9091303714605145
307 0.9090347806427488
306 0.9120058905401082
305 0.9121920249374099
304 0.9126649250784779
303 0.9129267902883512
302 0.9157575167467442
301 0.9156576394459421
300 0.9154533428830963
299 0.9158277837921263
298 0.915509569703983
297 0.9153169574497861
296 0.9145049366388159
295 0.9158428471209227
294 0.9164123863932009
293 0.9181281441833153
292 0.9186360902583395
291 0.9203405119355677
290 0.921960880104193
289 0.923338844611057
288 0.9228786459684628
287 0.9243703234166061
286 0.9262952958501482
Can't load history: $< line too long.
/ibbr/vmd/1.9.3/lib/vmd/vmd_LINUXAMD64: /lib64/libGL.so.1: no version information available (required by /ibbr/vmd/1.9.3/lib/vmd/vmd_LINUXAMD64)
Info) VMD for LINUXAMD64, version 1.9.3 (November 30, 2016)
Info) http://www.ks.uiuc.edu/Research/vmd/                         
Info) Email questions and bug reports to vmd@ks.uiuc.edu           
Info) Please include this reference in published work using VMD:   
Info)    Humphrey, W., Dalke, A. and Schulten, K., `VMD - Visual   
Info)    Molecular Dynamics', J. Molec. Graphics 1996, 14.1, 33-38.
Info) -------------------------------------------------------------
Info) Multithreading available, 48 CPUs detected.
Info)   CPU features: SSE2 AVX AVX2 FMA 
Info) Free system memory: 121GB (96%)
Info) No CUDA accelerator devices available.
Info) Dynamically loaded 2 plugins in directory:
Info) /ibbr/vmd/1.9.3/lib/vmd/plugins/LINUXAMD64/molfile
5
Info) Using plugin xyz for structure file ./freq.QMRegion_a.xyz
Info) Using plugin xyz for coordinates from file ./freq.QMRegion_a.xyz
Info) Determining bond structure from distance search ...
Info) Analyzing structure ...
Info)    Atoms: 138
Info)    Bonds: 137
Info)    Angles: 0  Dihedrals: 0  Impropers: 0  Cross-terms: 0
Info)    Bondtypes: 0  Angletypes: 0  Dihedraltypes: 0  Impropertypes: 0
Info)    Residues: 1
Info)    Waters: 0
Info)    Segments: 1
Info)    Fragments: 1   Protein: 1   Nucleic: 0
Info) Finished with coordinate file ./freq.QMRegion_a.xyz.
0
Info) Using plugin xyz for structure file ./freq.QMRegion_b.xyz
Info) Using plugin xyz for coordinates from file ./freq.QMRegion_b.xyz
Info) Determining bond structure from distance search ...
Info) Analyzing structure ...
Info)    Atoms: 138
Info)    Bonds: 137
Info)    Angles: 0  Dihedrals: 0  Impropers: 0  Cross-terms: 0
Info)    Bondtypes: 0  Angletypes: 0  Dihedraltypes: 0  Impropertypes: 0
Info)    Residues: 1
Info)    Waters: 0
Info)    Segments: 1
Info)    Fragments: 1   Protein: 1   Nucleic: 0
Info) Finished with coordinate file ./freq.QMRegion_b.xyz.
1
file14
atomselect0
atomselect1
0
0
0
0
0
5.726806082380946
Info) VMD for LINUXAMD64, version 1.9.3 (November 30, 2016)
Info) Exiting normally.
Can't load history: $< line too long.
[[0]]
399 0.7791834497534659
398 0.7776975628735495
397 0.7969457903235282
396 0.7963598994043807
395 0.7980180945754461
394 0.7965868646634632
393 0.7963127207002123
392 0.7949695297837691
391 0.7953720793832225
390 0.8101735241598952
389 0.8097724038231828
388 0.8135374972511067
387 0.8235570759251648
386 0.8336505691705689
385 0.8471614325662371
384 0.8462925395151886
383 0.8467300773834279
382 0.8498942747622857
381 0.8500258903530855
380 0.8495381150930068
379 0.8490547261898183
378 0.851081463350652
377 0.8501465350669392
376 0.8498529447997973
375 0.8495724326063696
374 0.8587760907595511
373 0.8634944071159213
372 0.868888078768296
371 0.8695229462434182
370 0.8725150290570856
369 0.8717391438118378
368 0.8715322462872539
367 0.8710436183110356
366 0.8710549714214884
365 0.8707266702407712
364 0.8779256104931674
363 0.8769946185355147
362 0.8777567109042065
361 0.8824077711500885
360 0.8824443310901403
359 0.8845924414727896
358 0.8855219658729433
357 0.8891475406016668
356 0.891441445185485
355 0.8920050470934534
354 0.8919063505104473
353 0.8920703450897158
352 0.8915477219916863
351 0.8918497688077002
350 0.8911902778763394
349 0.8942588325323649
348 0.8946453886445872
347 0.8958635390680705
346 0.8968095583056368
345 0.8966281648827631
344 0.8980991587165114
343 0.8977145190771099
342 0.8974232553200641
341 0.9008635296284825
340 0.9017580673395275
339 0.9042988793614848
338 0.9043785124997848
337 0.9037964281560532
336 0.9032665560966435
335 0.9033505079733422
334 0.9032473344943066
333 0.9057543898831107
332 0.9085450439591457
331 0.9088765237003678
330 0.9087831173757897
329 0.9109714927322407
328 0.9110911630617211
327 0.9135837265428532
326 0.9150272024596819
325 0.9163379920552529
324 0.9163312655177647
323 0.9164042692612051
322 0.9164315770012197
321 0.9168569423384062
320 0.9169858189602699
319 0.9188237602394994
318 0.918554675248585
317 0.9191242440462637
316 0.9213802471280108
315 0.9213990805911851
314 0.9214967662205616
313 0.9225266736168046
312 0.9222457543684006
311 0.9222292912548831
310 0.9236429628060094
309 0.9246964616152563
308 0.9251278740646544
Can't load history: $< line too long.
/ibbr/vmd/1.9.3/lib/vmd/vmd_LINUXAMD64: /lib64/libGL.so.1: no version information available (required by /ibbr/vmd/1.9.3/lib/vmd/vmd_LINUXAMD64)
Info) VMD for LINUXAMD64, version 1.9.3 (November 30, 2016)
Info) http://www.ks.uiuc.edu/Research/vmd/                         
Info) Email questions and bug reports to vmd@ks.uiuc.edu           
Info) Please include this reference in published work using VMD:   
Info)    Humphrey, W., Dalke, A. and Schulten, K., `VMD - Visual   
Info)    Molecular Dynamics', J. Molec. Graphics 1996, 14.1, 33-38.
Info) -------------------------------------------------------------
Info) Multithreading available, 48 CPUs detected.
Info)   CPU features: SSE2 AVX AVX2 FMA 
Info) Free system memory: 121GB (96%)
Info) No CUDA accelerator devices available.
Info) Dynamically loaded 2 plugins in directory:
Info) /ibbr/vmd/1.9.3/lib/vmd/plugins/LINUXAMD64/molfile
5
Info) Using plugin xyz for structure file ./freq.QMRegion_a.xyz
Info) Using plugin xyz for coordinates from file ./freq.QMRegion_a.xyz
Info) Determining bond structure from distance search ...
Info) Analyzing structure ...
Info)    Atoms: 138
Info)    Bonds: 137
Info)    Angles: 0  Dihedrals: 0  Impropers: 0  Cross-terms: 0
Info)    Bondtypes: 0  Angletypes: 0  Dihedraltypes: 0  Impropertypes: 0
Info)    Residues: 1
Info)    Waters: 0
Info)    Segments: 1
Info)    Fragments: 1   Protein: 1   Nucleic: 0
Info) Finished with coordinate file ./freq.QMRegion_a.xyz.
0
Info) Using plugin xyz for structure file ./freq.QMRegion_b.xyz
Info) Using plugin xyz for coordinates from file ./freq.QMRegion_b.xyz
Info) Determining bond structure from distance search ...
Info) Analyzing structure ...
Info)    Atoms: 138
Info)    Bonds: 137
Info)    Angles: 0  Dihedrals: 0  Impropers: 0  Cross-terms: 0
Info)    Bondtypes: 0  Angletypes: 0  Dihedraltypes: 0  Impropertypes: 0
Info)    Residues: 1
Info)    Waters: 0
Info)    Segments: 1
Info)    Fragments: 1   Protein: 1   Nucleic: 0
Info) Finished with coordinate file ./freq.QMRegion_b.xyz.
1
file14
atomselect0
atomselect1
0
0
0
0
0
6.1396491593431195
Info) VMD for LINUXAMD64, version 1.9.3 (November 30, 2016)
Info) Exiting normally.
Can't load history: $< line too long.
[[0]]
399 0.8351777127858501
398 0.8355683562785402
397 0.8407249356137171
396 0.8408491460603061
395 0.8409971844496626
394 0.840241743690134
393 0.8393612568727766
392 0.8409457250524461
391 0.8398466041867667
390 0.8388273042589235
389 0.8377999494810193
388 0.8377076407639179
387 0.8367582163989656
386 0.8373276570032735
385 0.8363287404897648
384 0.8359364897677256
383 0.8347114435508273
382 0.8352858493799526
381 0.8344339671901624
380 0.8332685053559556
379 0.8336932151615354
378 0.8330152011194621
377 0.8428676265999395
376 0.8421498332016082
375 0.8415911425500997
374 0.8412632242285407
373 0.8406550882716768
372 0.8420494551494965
371 0.8412175626363926
370 0.8477703394807159
369 0.8465813363102017
368 0.8464001002453182
367 0.8523271522594521
366 0.8517697536350306
365 0.860324445057012
364 0.8664546753026057
363 0.8661314637038422
362 0.8710996740102861
361 0.870067269072643
360 0.8690821259126403
359 0.87068752136272
358 0.8705944363530665
357 0.8769715417181647
356 0.8766711027613721
355 0.8762069104436043
354 0.8759482221809735
353 0.8753913889821355
352 0.8755848122049972
351 0.8754317142380029
350 0.8753367756628647
349 0.8748182913550097
348 0.8752491345177837
347 0.8757056825122026
346 0.8752563403937886
345 0.87668680817736
344 0.876164725234649
343 0.8807504705449807
342 0.8847092608583393
341 0.885628842267864
340 0.8900743101234823
339 0.8898033580693221
338 0.889910572025591
337 0.8903279610943551
336 0.8903613532243951
335 0.8922554667742916
334 0.8965898339970361
333 0.8994718996237465
332 0.8992483179665699
331 0.9017517837500111
330 0.900926783962364
329 0.9002013071239721
328 0.8997183630366204
327 0.9001287601242973
326 0.902749792592105
325 0.902942012310409
324 0.9026757560601714
323 0.9035367990508029
322 0.9033168653951393
321 0.9043184414850527
320 0.905611085254694
319 0.9071614790327055
318 0.9087298967844549
317 0.9106423225757792
316 0.9100621064630536
315 0.9093212536862583
314 0.9107485075575247
313 0.9135058232511185
312 0.9136006790709935
311 0.9136665427478199
310 0.9143281272245044
309 0.9148097316217125
308 0.9158373554110772
307 0.9150261421636487
306 0.9145542613937584
305 0.914232394121189
304 0.9148318363849933
303 0.916653857122081
302 0.9184487198872711
301 0.9189198045658833
300 0.9194706001491553
299 0.9198937742643155
298 0.9208191125120755
297 0.9217105080965994
296 0.9216051073973033
295 0.9232502304654012
294 0.9252301821964635
Can't load history: $< line too long.
/ibbr/vmd/1.9.3/lib/vmd/vmd_LINUXAMD64: /lib64/libGL.so.1: no version information available (required by /ibbr/vmd/1.9.3/lib/vmd/vmd_LINUXAMD64)
Info) VMD for LINUXAMD64, version 1.9.3 (November 30, 2016)
Info) http://www.ks.uiuc.edu/Research/vmd/                         
Info) Email questions and bug reports to vmd@ks.uiuc.edu           
Info) Please include this reference in published work using VMD:   
Info)    Humphrey, W., Dalke, A. and Schulten, K., `VMD - Visual   
Info)    Molecular Dynamics', J. Molec. Graphics 1996, 14.1, 33-38.
Info) -------------------------------------------------------------
Info) Multithreading available, 48 CPUs detected.
Info)   CPU features: SSE2 AVX AVX2 FMA 
Info) Free system memory: 121GB (96%)
Info) No CUDA accelerator devices available.
Info) Dynamically loaded 2 plugins in directory:
Info) /ibbr/vmd/1.9.3/lib/vmd/plugins/LINUXAMD64/molfile
5
Info) Using plugin xyz for structure file ./freq.QMRegion_a.xyz
Info) Using plugin xyz for coordinates from file ./freq.QMRegion_a.xyz
Info) Determining bond structure from distance search ...
Info) Analyzing structure ...
Info)    Atoms: 138
Info)    Bonds: 137
Info)    Angles: 0  Dihedrals: 0  Impropers: 0  Cross-terms: 0
Info)    Bondtypes: 0  Angletypes: 0  Dihedraltypes: 0  Impropertypes: 0
Info)    Residues: 1
Info)    Waters: 0
Info)    Segments: 1
Info)    Fragments: 1   Protein: 1   Nucleic: 0
Info) Finished with coordinate file ./freq.QMRegion_a.xyz.
0
Info) Using plugin xyz for structure file ./freq.QMRegion_b.xyz
Info) Using plugin xyz for coordinates from file ./freq.QMRegion_b.xyz
Info) Determining bond structure from distance search ...
Info) Analyzing structure ...
Info)    Atoms: 138
Info)    Bonds: 137
Info)    Angles: 0  Dihedrals: 0  Impropers: 0  Cross-terms: 0
Info)    Bondtypes: 0  Angletypes: 0  Dihedraltypes: 0  Impropertypes: 0
Info)    Residues: 1
Info)    Waters: 0
Info)    Segments: 1
Info)    Fragments: 1   Protein: 1   Nucleic: 0
Info) Finished with coordinate file ./freq.QMRegion_b.xyz.
1
file14
atomselect0
atomselect1
0
0
0
0
0
3.5495514292051
Info) VMD for LINUXAMD64, version 1.9.3 (November 30, 2016)
Info) Exiting normally.
Can't load history: $< line too long.
[[0]]
399 0.6564132511889254
398 0.6540672885444563
397 0.6618803095703615
396 0.6764469204462604
395 0.6752256563954271
394 0.687973736103163
393 0.6859761482240282
392 0.7003859509904768
391 0.6995342400978866
390 0.6982863806214848
389 0.6971260653081737
388 0.7105673391766968
387 0.7226546769907518
386 0.7216527012333808
385 0.7325606865069021
384 0.7307972997379003
383 0.7431590860521091
382 0.7435826204356395
381 0.7419383303308953
380 0.7415430911529852
379 0.7535914627040181
378 0.7652283187484531
377 0.7756787131997839
376 0.7756498969091599
375 0.7742634339325052
374 0.7728218609352739
373 0.7835624640233874
372 0.7938327050106926
371 0.7925067175881688
370 0.8027182127675843
369 0.8021619061447769
368 0.801574480756603
367 0.8114751655892443
366 0.8104522423882161
365 0.8091576148463013
364 0.8086928021608927
363 0.8095214606050888
362 0.8177930762625233
361 0.8189031264458829
360 0.8263857067395335
359 0.8254620314225998
358 0.8337918720312882
357 0.8421249615052848
356 0.848787308183787
355 0.850834370349849
354 0.8507181061671065
353 0.8526414817007115
352 0.8584440709443563
351 0.8626844988687198
350 0.8680105400485686
349 0.8675633527466301
348 0.8679675748127005
347 0.8672519394710866
346 0.8682797414267759
345 0.8734473809046959
344 0.8729356200923934
343 0.873121633123461
342 0.8753844961077423
341 0.8756427075614115
340 0.8750564941302472
339 0.8778871598367952
338 0.8778398612829907
337 0.8777162735884412
336 0.879143472297708
335 0.878493620874283
334 0.8787438570442071
333 0.8781317016462973
332 0.880070950943389
331 0.8828192559160372
330 0.8858680754428875
329 0.8881779063158327
328 0.8892833472421405
327 0.8927347396227432
326 0.8925186992612525
325 0.8918894856441562
324 0.8934179648876539
323 0.8966635419162634
322 0.896645028823332
321 0.8975883111226048
320 0.8976474020268767
319 0.9015496784614979
318 0.9011003413257688
317 0.9048402371697482
316 0.906515014505206
315 0.9081930241746454
314 0.9091193147373121
313 0.9088077751318109
312 0.9092422205173827
311 0.9124273884823905
310 0.9131468266666765
309 0.9155021580660752
308 0.9167609756084251
307 0.9167437831078457
306 0.9174736177042886
305 0.9201594063608128
304 0.9201610838421558
303 0.9217883104064429
302 0.9243219306024366
301 0.9256983551371276
Can't load history: $< line too long.
/ibbr/vmd/1.9.3/lib/vmd/vmd_LINUXAMD64: /lib64/libGL.so.1: no version information available (required by /ibbr/vmd/1.9.3/lib/vmd/vmd_LINUXAMD64)
Info) VMD for LINUXAMD64, version 1.9.3 (November 30, 2016)
Info) http://www.ks.uiuc.edu/Research/vmd/                         
Info) Email questions and bug reports to vmd@ks.uiuc.edu           
Info) Please include this reference in published work using VMD:   
Info)    Humphrey, W., Dalke, A. and Schulten, K., `VMD - Visual   
Info)    Molecular Dynamics', J. Molec. Graphics 1996, 14.1, 33-38.
Info) -------------------------------------------------------------
Info) Multithreading available, 48 CPUs detected.
Info)   CPU features: SSE2 AVX AVX2 FMA 
Info) Free system memory: 121GB (96%)
Info) No CUDA accelerator devices available.
Info) Dynamically loaded 2 plugins in directory:
Info) /ibbr/vmd/1.9.3/lib/vmd/plugins/LINUXAMD64/molfile
6
Info) Using plugin xyz for structure file ./freq.QMRegion_a.xyz
Info) Using plugin xyz for coordinates from file ./freq.QMRegion_a.xyz
Info) Determining bond structure from distance search ...
Info) Analyzing structure ...
Info)    Atoms: 138
Info)    Bonds: 137
Info)    Angles: 0  Dihedrals: 0  Impropers: 0  Cross-terms: 0
Info)    Bondtypes: 0  Angletypes: 0  Dihedraltypes: 0  Impropertypes: 0
Info)    Residues: 1
Info)    Waters: 0
Info)    Segments: 1
Info)    Fragments: 1   Protein: 1   Nucleic: 0
Info) Finished with coordinate file ./freq.QMRegion_a.xyz.
0
Info) Using plugin xyz for structure file ./freq.QMRegion_b.xyz
Info) Using plugin xyz for coordinates from file ./freq.QMRegion_b.xyz
Info) Determining bond structure from distance search ...
Info) Analyzing structure ...
Info)    Atoms: 138
Info)    Bonds: 137
Info)    Angles: 0  Dihedrals: 0  Impropers: 0  Cross-terms: 0
Info)    Bondtypes: 0  Angletypes: 0  Dihedraltypes: 0  Impropertypes: 0
Info)    Residues: 1
Info)    Waters: 0
Info)    Segments: 1
Info)    Fragments: 1   Protein: 1   Nucleic: 0
Info) Finished with coordinate file ./freq.QMRegion_b.xyz.
1
file14
atomselect0
atomselect1
0
0
0
0
0
2.9057172207915407
Info) VMD for LINUXAMD64, version 1.9.3 (November 30, 2016)
Info) Exiting normally.
Can't load history: $< line too long.
[[0]]
399 0.8549315374827117
398 0.8594368148883791
397 0.8588266049966187
396 0.8590544758453268
395 0.8588817675749996
394 0.8581988768488917
393 0.8589396391457583
392 0.8714115007190011
391 0.8712768113586431
390 0.8835455022985153
389 0.8957598367536919
388 0.8985828847893839
387 0.8987611074530413
386 0.8984544652125361
385 0.8985938765848771
384 0.8983780764669229
383 0.8992110493971259
382 0.9055216364067531
381 0.911757311050002
380 0.9121413033911656
379 0.9126456107402834
378 0.9128735276775313
377 0.9132510723705508
376 0.9137264074411939
375 0.9135029150386464
374 0.9138790475176155
373 0.9191834931816164
372 0.9189588535653649
371 0.9189231013936261
370 0.9188964508772005
369 0.9190652001849006
368 0.9186268872063075
367 0.9212378438157358
366 0.9211637472270803
365 0.9209849218033377
364 0.9210395628290824
363 0.9223806835574789
362 0.9230607979393105
361 0.9228716574814576
360 0.9233367312197349
359 0.9263864474308897
Can't load history: $< line too long.
/ibbr/vmd/1.9.3/lib/vmd/vmd_LINUXAMD64: /lib64/libGL.so.1: no version information available (required by /ibbr/vmd/1.9.3/lib/vmd/vmd_LINUXAMD64)
Info) VMD for LINUXAMD64, version 1.9.3 (November 30, 2016)
Info) http://www.ks.uiuc.edu/Research/vmd/                         
Info) Email questions and bug reports to vmd@ks.uiuc.edu           
Info) Please include this reference in published work using VMD:   
Info)    Humphrey, W., Dalke, A. and Schulten, K., `VMD - Visual   
Info)    Molecular Dynamics', J. Molec. Graphics 1996, 14.1, 33-38.
Info) -------------------------------------------------------------
Info) Multithreading available, 48 CPUs detected.
Info)   CPU features: SSE2 AVX AVX2 FMA 
Info) Free system memory: 121GB (96%)
Info) No CUDA accelerator devices available.
Info) Dynamically loaded 2 plugins in directory:
Info) /ibbr/vmd/1.9.3/lib/vmd/plugins/LINUXAMD64/molfile
6
Info) Using plugin xyz for structure file ./freq.QMRegion_a.xyz
Info) Using plugin xyz for coordinates from file ./freq.QMRegion_a.xyz
Info) Determining bond structure from distance search ...
Info) Analyzing structure ...
Info)    Atoms: 138
Info)    Bonds: 137
Info)    Angles: 0  Dihedrals: 0  Impropers: 0  Cross-terms: 0
Info)    Bondtypes: 0  Angletypes: 0  Dihedraltypes: 0  Impropertypes: 0
Info)    Residues: 1
Info)    Waters: 0
Info)    Segments: 1
Info)    Fragments: 1   Protein: 1   Nucleic: 0
Info) Finished with coordinate file ./freq.QMRegion_a.xyz.
0
Info) Using plugin xyz for structure file ./freq.QMRegion_b.xyz
Info) Using plugin xyz for coordinates from file ./freq.QMRegion_b.xyz
Info) Determining bond structure from distance search ...
Info) Analyzing structure ...
Info)    Atoms: 138
Info)    Bonds: 137
Info)    Angles: 0  Dihedrals: 0  Impropers: 0  Cross-terms: 0
Info)    Bondtypes: 0  Angletypes: 0  Dihedraltypes: 0  Impropertypes: 0
Info)    Residues: 1
Info)    Waters: 0
Info)    Segments: 1
Info)    Fragments: 1   Protein: 1   Nucleic: 0
Info) Finished with coordinate file ./freq.QMRegion_b.xyz.
1
file14
atomselect0
atomselect1
0
0
0
0
0
5.095432608877286
Info) VMD for LINUXAMD64, version 1.9.3 (November 30, 2016)
Info) Exiting normally.
Can't load history: $< line too long.
[[0]]
399 0.6387603782777558
398 0.6500877727756795
397 0.6657741220264537
396 0.6817034818691905
395 0.6983955139483637
394 0.696663617028867
393 0.7199876794775488
392 0.7181601396929739
391 0.7162786311870583
390 0.7143692212984349
389 0.7123377023261027
388 0.7104340542086006
387 0.7082161299830001
386 0.7066160266871157
385 0.7051909883316125
384 0.7033374838484714
383 0.7203383992665149
382 0.722609819528096
381 0.7211041068078944
380 0.738156442168318
379 0.7364169359689368
378 0.7352432516549255
377 0.7339695861188322
376 0.7324381838193765
375 0.7339487722200824
374 0.7323065674217382
373 0.7363509951672305
372 0.7354285016418423
371 0.7339868580615366
370 0.7324781955053121
369 0.7395273702402112
368 0.7401008724641929
367 0.7397377002798673
366 0.7437604980315998
365 0.7429251177937616
364 0.7469679309700131
363 0.7554178090505892
362 0.7565882283498122
361 0.7554055324215121
360 0.7556236985662828
359 0.7560056219192124
358 0.7592998067711352
357 0.7666143892652468
356 0.7662561825548816
355 0.7693718879211439
354 0.7691320920630735
353 0.7735400702738394
352 0.775038032863049
351 0.7757388833466836
350 0.7789638082113148
349 0.779028499187672
348 0.7796398696578268
347 0.785332431489757
346 0.7899641836232679
345 0.7889027317322685
344 0.7936827882369366
343 0.7968612858805981
342 0.8012365820141395
341 0.8047306212390049
340 0.8073659815291104
339 0.8115183203171393
338 0.8144655703728302
337 0.8198688389100897
336 0.8242695679256232
335 0.8243000420472391
334 0.8243652121545106
333 0.8287918738159589
332 0.8284148658264552
331 0.8283783362000364
330 0.8277861077254929
329 0.827233608421128
328 0.831565828523408
327 0.8353204708913415
326 0.8378102440240909
325 0.8397408519302637
324 0.8412307092580773
323 0.8433714265062529
322 0.8426596017903774
321 0.8425730105096787
320 0.8429753423057643
319 0.8456755283569541
318 0.8485281964980945
317 0.8511322228637339
316 0.8551956883481021
315 0.8549883552889412
314 0.855449325964061
313 0.8555106760872133
312 0.8562454489214328
311 0.8567590248612479
310 0.8570921207631021
309 0.8565551074805214
308 0.8566392027357543
307 0.8588240310192241
306 0.8579698327518046
305 0.8601198119303577
304 0.8622003841832924
303 0.864921703891119
302 0.8643907732225188
301 0.8672029751265223
300 0.867959556202844
299 0.8675027398062427
298 0.8699454085899598
297 0.8697823153974686
296 0.872194743257435
295 0.8742269782791421
294 0.8764183007538906
293 0.878500053785093
292 0.8780808532814475
291 0.8775768973033067
290 0.878301450787936
289 0.8806727028901202
288 0.8796385807970506
287 0.8808912206916673
286 0.8819645637337784
285 0.8817847200648012
284 0.8831087733810812
283 0.8836144139750688
282 0.8839560837970384
281 0.8845302302026056
280 0.8845239211469487
279 0.8871496752124445
278 0.8890826411581114
277 0.8896560547998863
276 0.8918129322073745
275 0.8936145208221646
274 0.8954524783978026
273 0.8960778302844791
272 0.8963134495994095
271 0.8971215744814592
270 0.8991576579207969
269 0.9007242917025622
268 0.9015379824707962
267 0.9026623576081829
266 0.9029935293157108
265 0.9029408597919039
264 0.904119383127841
263 0.9049060308846201
262 0.9053777587523223
261 0.9072865327682809
260 0.9072947892138863
259 0.9086043799601159
258 0.908657624272168
257 0.9099500641998565
256 0.9110229764902673
255 0.9108803575532566
254 0.9120911462740866
253 0.9121301009261378
252 0.9129484975169494
251 0.913576502044277
250 0.9147731769879417
249 0.9159760397420872
248 0.9155751974150562
247 0.9167850157400368
246 0.9190403576161286
245 0.9190760719050766
244 0.9197924027162547
243 0.9207083549787822
242 0.9215408332265267
241 0.9221158983138227
240 0.9221162858462165
239 0.9230967819338062
238 0.9238424792120873
237 0.923651829061032
236 0.9234249610893964
235 0.9244420610632089
234 0.9250870975483506
Can't load history: $< line too long.
/ibbr/vmd/1.9.3/lib/vmd/vmd_LINUXAMD64: /lib64/libGL.so.1: no version information available (required by /ibbr/vmd/1.9.3/lib/vmd/vmd_LINUXAMD64)
Info) VMD for LINUXAMD64, version 1.9.3 (November 30, 2016)
Info) http://www.ks.uiuc.edu/Research/vmd/                         
Info) Email questions and bug reports to vmd@ks.uiuc.edu           
Info) Please include this reference in published work using VMD:   
Info)    Humphrey, W., Dalke, A. and Schulten, K., `VMD - Visual   
Info)    Molecular Dynamics', J. Molec. Graphics 1996, 14.1, 33-38.
Info) -------------------------------------------------------------
Info) Multithreading available, 48 CPUs detected.
Info)   CPU features: SSE2 AVX AVX2 FMA 
Info) Free system memory: 121GB (96%)
Info) No CUDA accelerator devices available.
Info) Dynamically loaded 2 plugins in directory:
Info) /ibbr/vmd/1.9.3/lib/vmd/plugins/LINUXAMD64/molfile
6
Info) Using plugin xyz for structure file ./freq.QMRegion_a.xyz
Info) Using plugin xyz for coordinates from file ./freq.QMRegion_a.xyz
Info) Determining bond structure from distance search ...
Info) Analyzing structure ...
Info)    Atoms: 138
Info)    Bonds: 137
Info)    Angles: 0  Dihedrals: 0  Impropers: 0  Cross-terms: 0
Info)    Bondtypes: 0  Angletypes: 0  Dihedraltypes: 0  Impropertypes: 0
Info)    Residues: 1
Info)    Waters: 0
Info)    Segments: 1
Info)    Fragments: 1   Protein: 1   Nucleic: 0
Info) Finished with coordinate file ./freq.QMRegion_a.xyz.
0
Info) Using plugin xyz for structure file ./freq.QMRegion_b.xyz
Info) Using plugin xyz for coordinates from file ./freq.QMRegion_b.xyz
Info) Determining bond structure from distance search ...
Info) Analyzing structure ...
Info)    Atoms: 138
Info)    Bonds: 137
Info)    Angles: 0  Dihedrals: 0  Impropers: 0  Cross-terms: 0
Info)    Bondtypes: 0  Angletypes: 0  Dihedraltypes: 0  Impropertypes: 0
Info)    Residues: 1
Info)    Waters: 0
Info)    Segments: 1
Info)    Fragments: 1   Protein: 1   Nucleic: 0
Info) Finished with coordinate file ./freq.QMRegion_b.xyz.
1
file14
atomselect0
atomselect1
0
0
0
0
0
5.696561156373564
Info) VMD for LINUXAMD64, version 1.9.3 (November 30, 2016)
Info) Exiting normally.
Can't load history: $< line too long.
[[0]]
399 0.8197726815217175
398 0.8270758667067885
397 0.8340890802444709
396 0.840253058248049
395 0.8540837503079908
394 0.8546705001618397
393 0.8582104556593457
392 0.8584855398263567
391 0.8691306446469544
390 0.8687449315231164
389 0.8683687344402321
388 0.8680966565474331
387 0.8680685759929487
386 0.8773798415936531
385 0.8817426987487009
384 0.8826147437747844
383 0.8824536612538939
382 0.882316009836011
381 0.8820612376513368
380 0.8858427720181553
379 0.8864272318324184
378 0.891055375429812
377 0.8957804233557336
376 0.8992929236380862
375 0.9000208827507459
374 0.9043244528304524
373 0.9057368390945393
372 0.9059373068194536
371 0.9077209971454886
370 0.9086318463806954
369 0.9115276549359906
368 0.9111021152283951
367 0.9125826646158695
366 0.9134849447962917
365 0.9133398926015633
364 0.9168405502905125
363 0.916757209637673
362 0.9161675402349375
361 0.9167851703626357
360 0.9180455410774232
359 0.9179224668494403
358 0.9187575965871405
357 0.9203178231097904
356 0.9214775370973176
355 0.9244320753810849
354 0.9250196159701201
Can't load history: $< line too long.
/ibbr/vmd/1.9.3/lib/vmd/vmd_LINUXAMD64: /lib64/libGL.so.1: no version information available (required by /ibbr/vmd/1.9.3/lib/vmd/vmd_LINUXAMD64)
Info) VMD for LINUXAMD64, version 1.9.3 (November 30, 2016)
Info) http://www.ks.uiuc.edu/Research/vmd/                         
Info) Email questions and bug reports to vmd@ks.uiuc.edu           
Info) Please include this reference in published work using VMD:   
Info)    Humphrey, W., Dalke, A. and Schulten, K., `VMD - Visual   
Info)    Molecular Dynamics', J. Molec. Graphics 1996, 14.1, 33-38.
Info) -------------------------------------------------------------
Info) Multithreading available, 48 CPUs detected.
Info)   CPU features: SSE2 AVX AVX2 FMA 
Info) Free system memory: 121GB (96%)
Info) No CUDA accelerator devices available.
Info) Dynamically loaded 2 plugins in directory:
Info) /ibbr/vmd/1.9.3/lib/vmd/plugins/LINUXAMD64/molfile
6
Info) Using plugin xyz for structure file ./freq.QMRegion_a.xyz
Info) Using plugin xyz for coordinates from file ./freq.QMRegion_a.xyz
Info) Determining bond structure from distance search ...
Info) Analyzing structure ...
Info)    Atoms: 138
Info)    Bonds: 137
Info)    Angles: 0  Dihedrals: 0  Impropers: 0  Cross-terms: 0
Info)    Bondtypes: 0  Angletypes: 0  Dihedraltypes: 0  Impropertypes: 0
Info)    Residues: 1
Info)    Waters: 0
Info)    Segments: 1
Info)    Fragments: 1   Protein: 1   Nucleic: 0
Info) Finished with coordinate file ./freq.QMRegion_a.xyz.
0
Info) Using plugin xyz for structure file ./freq.QMRegion_b.xyz
Info) Using plugin xyz for coordinates from file ./freq.QMRegion_b.xyz
Info) Determining bond structure from distance search ...
Info) Analyzing structure ...
Info)    Atoms: 138
Info)    Bonds: 137
Info)    Angles: 0  Dihedrals: 0  Impropers: 0  Cross-terms: 0
Info)    Bondtypes: 0  Angletypes: 0  Dihedraltypes: 0  Impropertypes: 0
Info)    Residues: 1
Info)    Waters: 0
Info)    Segments: 1
Info)    Fragments: 1   Protein: 1   Nucleic: 0
Info) Finished with coordinate file ./freq.QMRegion_b.xyz.
1
file14
atomselect0
atomselect1
0
0
0
0
0
2.7602215960751795
Info) VMD for LINUXAMD64, version 1.9.3 (November 30, 2016)
Info) Exiting normally.
Can't load history: $< line too long.
[[0]]
399 0.6384058511086974
398 0.6605828152562484
397 0.6833682693893556
396 0.6813731211590452
395 0.7031351692031742
394 0.701244391872497
393 0.7233048174765888
392 0.721674107723328
391 0.7198257081513495
390 0.7178504674462238
389 0.7157116917665536
388 0.7139443925220373
387 0.7119686300830323
386 0.709774427516093
385 0.708347967174489
384 0.7066906704418854
383 0.7057142358393779
382 0.7038806987551534
381 0.7020393300624548
380 0.7002518764952426
379 0.6990434734461961
378 0.6971259285305202
377 0.7132719173977384
376 0.7299901582340111
375 0.7277192067024199
374 0.7259178863547432
373 0.72405250846609
372 0.7235432652252032
371 0.7216940224831301
370 0.7193377816321082
369 0.7188243683864836
368 0.734530173043485
367 0.7322827686828068
366 0.7315813206856632
365 0.7302592171652259
364 0.7442866313281866
363 0.7425931143123585
362 0.7410706817896763
361 0.7407774871355164
360 0.7410884114124354
359 0.753383370158432
358 0.7524794565928912
357 0.7513549918972144
356 0.7498239243986891
355 0.7482520818711625
354 0.7603608182869237
353 0.7591759723415319
352 0.7574785591184967
351 0.7569577593502432
350 0.7675383145883146
349 0.7660741670416
348 0.7648141353739744
347 0.7748052800314509
346 0.7732956576481231
345 0.7720433538188929
344 0.7713986251246783
343 0.7796813053967633
342 0.7885393375425046
341 0.7876566134282073
340 0.7863563866884177
339 0.7947159847324875
338 0.8041372301042083
337 0.8121722575192803
336 0.8128867303364843
335 0.8117708118901182
334 0.8205722603299396
333 0.8247836379087253
332 0.8242197222451215
331 0.8326036460102322
330 0.8321069136853134
329 0.8324198036943147
328 0.8333091066784323
327 0.8402273938817788
326 0.8467038365585935
325 0.8510425338042823
324 0.8497122620713982
323 0.8492009299941847
322 0.8551821975429869
321 0.8583911857551592
320 0.8624013088868785
319 0.8693899196052473
318 0.868924183345178
317 0.8690391239680664
316 0.8714254637147326
315 0.8728292071387576
314 0.8763777189311249
313 0.8784990457925492
312 0.8828603091742501
311 0.8857692275587999
310 0.8855431121817438
309 0.8888803357025132
308 0.88907614825997
307 0.8887211029146415
306 0.8935201108408309
305 0.8938282250009233
304 0.8937264706102758
303 0.8965133866219868
302 0.8956107866835042
301 0.8951816640269594
300 0.8968121898096906
299 0.8978386339643534
298 0.9017299892686457
297 0.9012012861906598
296 0.9016327805296186
295 0.9048096613227951
294 0.9072720671008311
293 0.907725294169011
292 0.9081526467402056
291 0.908546772134954
290 0.9103844756843497
289 0.9130960309671514
288 0.9128962363578758
287 0.9128679797227983
286 0.9122219383780528
285 0.9126730861774507
284 0.9155452729365873
283 0.9154872619489312
282 0.9167520347230852
281 0.9187442590325198
280 0.9183236926689827
279 0.9185801915467374
278 0.9193317894202487
277 0.9190284949561918
276 0.9190202515389335
275 0.919021452265879
274 0.921534083463738
273 0.9243292747246747
272 0.9243577752138652
271 0.9244104203925858
270 0.924346698097156
269 0.9256812981638821
Can't load history: $< line too long.
/ibbr/vmd/1.9.3/lib/vmd/vmd_LINUXAMD64: /lib64/libGL.so.1: no version information available (required by /ibbr/vmd/1.9.3/lib/vmd/vmd_LINUXAMD64)
Info) VMD for LINUXAMD64, version 1.9.3 (November 30, 2016)
Info) http://www.ks.uiuc.edu/Research/vmd/                         
Info) Email questions and bug reports to vmd@ks.uiuc.edu           
Info) Please include this reference in published work using VMD:   
Info)    Humphrey, W., Dalke, A. and Schulten, K., `VMD - Visual   
Info)    Molecular Dynamics', J. Molec. Graphics 1996, 14.1, 33-38.
Info) -------------------------------------------------------------
Info) Multithreading available, 48 CPUs detected.
Info)   CPU features: SSE2 AVX AVX2 FMA 
Info) Free system memory: 121GB (96%)
Info) No CUDA accelerator devices available.
Info) Dynamically loaded 2 plugins in directory:
Info) /ibbr/vmd/1.9.3/lib/vmd/plugins/LINUXAMD64/molfile
7
Info) Using plugin xyz for structure file ./freq.QMRegion_a.xyz
Info) Using plugin xyz for coordinates from file ./freq.QMRegion_a.xyz
Info) Determining bond structure from distance search ...
Info) Analyzing structure ...
Info)    Atoms: 138
Info)    Bonds: 137
Info)    Angles: 0  Dihedrals: 0  Impropers: 0  Cross-terms: 0
Info)    Bondtypes: 0  Angletypes: 0  Dihedraltypes: 0  Impropertypes: 0
Info)    Residues: 1
Info)    Waters: 0
Info)    Segments: 1
Info)    Fragments: 1   Protein: 1   Nucleic: 0
Info) Finished with coordinate file ./freq.QMRegion_a.xyz.
0
Info) Using plugin xyz for structure file ./freq.QMRegion_b.xyz
Info) Using plugin xyz for coordinates from file ./freq.QMRegion_b.xyz
Info) Determining bond structure from distance search ...
Info) Analyzing structure ...
Info)    Atoms: 138
Info)    Bonds: 137
Info)    Angles: 0  Dihedrals: 0  Impropers: 0  Cross-terms: 0
Info)    Bondtypes: 0  Angletypes: 0  Dihedraltypes: 0  Impropertypes: 0
Info)    Residues: 1
Info)    Waters: 0
Info)    Segments: 1
Info)    Fragments: 1   Protein: 1   Nucleic: 0
Info) Finished with coordinate file ./freq.QMRegion_b.xyz.
1
file14
atomselect0
atomselect1
0
0
0
0
0
6.165544932175085
Info) VMD for LINUXAMD64, version 1.9.3 (November 30, 2016)
Info) Exiting normally.
Can't load history: $< line too long.
[[0]]
399 0.5117427877101723
398 0.5301924560131565
397 0.5273646111107317
396 0.5245351650633574
395 0.5410537206386393
394 0.5381736774697394
393 0.5352255934311807
392 0.5328795889768636
391 0.5298725855649236
390 0.5270678581159788
389 0.542492518641592
388 0.5582556698136626
387 0.5748111219026598
386 0.5918124695609963
385 0.6086656998303952
384 0.6063239752794466
383 0.6044445006799637
382 0.6025179333506987
381 0.5997694866075122
380 0.616665301403687
379 0.6328715058392722
378 0.6307602708876803
377 0.6478453820581013
376 0.6638866800865443
375 0.6621435334113129
374 0.6784266477332594
373 0.6922437082997948
372 0.6908657422621167
371 0.6893855372858598
370 0.703729156174421
369 0.7025111196463882
368 0.7012545632544189
367 0.7001109636880041
366 0.7149713666361743
365 0.7136062203672012
364 0.714509200073711
363 0.7272296927943515
362 0.7262422514628533
361 0.7248620775024466
360 0.7355795091340059
359 0.7343319472441027
358 0.7470370809419263
357 0.745987932033876
356 0.745705140940941
355 0.7544364623419326
354 0.766730120067411
353 0.7675003817393992
352 0.7667398710862883
351 0.7658161935065817
350 0.7655917764283444
349 0.7667522805976078
348 0.7664756214404882
347 0.770433346700088
346 0.7696932254395981
345 0.7682113057985893
344 0.7676280354121539
343 0.7670773398978741
342 0.7775043822606187
341 0.7767266096356481
340 0.7790987687341365
339 0.7776344134283295
338 0.7873671858624942
337 0.7887879290894171
336 0.7889145761715901
335 0.7872561305873008
334 0.7864814545184609
333 0.786703013707382
332 0.7861552381588527
331 0.7854083979716022
330 0.7915138164853751
329 0.7898372522168815
328 0.7891685460553216
327 0.7929530244775147
326 0.7931546779155152
325 0.7920680944465387
324 0.7931999533719482
323 0.7992029820028939
322 0.7983626040345031
321 0.7962975981515701
320 0.7967936025389973
319 0.7998736289919519
318 0.8003241785963776
317 0.8009705062154837
316 0.8033514156063156
315 0.8023758774181216
314 0.8024143784343949
313 0.801875594431611
312 0.8014303435944735
311 0.8025469762817699
310 0.8075749077856541
309 0.8112815750157819
308 0.8112654717324284
307 0.8109497854184237
306 0.8113936478871322
305 0.8116387291821787
304 0.8156805441745777
303 0.8197325794250675
302 0.8240086475794316
301 0.8236927435696129
300 0.8275986467084285
299 0.8273368199656825
298 0.8291078657052694
297 0.8320915095085952
296 0.8380410341658415
295 0.8372700784243494
294 0.8406160333781221
293 0.8432530866240624
292 0.8442894994555113
291 0.8429224534156521
290 0.8440305173299594
289 0.8435741054128987
288 0.8466153150609536
287 0.8500107141180724
286 0.8540523340840219
285 0.8555198230258688
284 0.8582492629655549
283 0.8577790334188288
282 0.8578535113148733
281 0.8584609071260633
280 0.8582667852007091
279 0.8575101870775317
278 0.8574789913043919
277 0.8586491537241459
276 0.8586465657301217
275 0.8586497418237822
274 0.862714170734118
273 0.8638387815512668
272 0.8638591625945221
271 0.8632503476607484
270 0.8656896797238591
269 0.8675717078283545
268 0.869871226428975
267 0.8702388147107065
266 0.8716901995421349
265 0.8706103142879742
264 0.8740259975761542
263 0.8749253875056779
262 0.877662973705727
261 0.8809128658676721
260 0.8831636071364493
259 0.8833112502786779
258 0.8836001771708366
257 0.8824491991333074
256 0.8847677111213549
255 0.8872596246720208
254 0.8878625011674383
253 0.8879718169976905
252 0.8912211174181714
251 0.8945006486550315
250 0.8943139030995041
249 0.8950665962450365
248 0.897961402037266
247 0.9002177699011641
246 0.9014257640206831
245 0.90063571195123
244 0.9020028128628371
243 0.9037456114480681
242 0.9036909018583287
241 0.9037575473286673
240 0.9061672831087314
239 0.9059843977621884
238 0.9084016423763446
237 0.9078198811926211
236 0.9107324997380679
235 0.9132059043078037
234 0.9133419896627498
233 0.915981111618993
232 0.918536506291296
231 0.9201429624216428
230 0.9212448629131006
229 0.9213626551726336
228 0.9210784952910509
227 0.9208074209767546
226 0.9204057253007236
225 0.9204692088693823
224 0.9203439815945657
223 0.9199592596007052
222 0.9206151088432947
221 0.9206715956849997
220 0.9216250973660236
219 0.9214670003710984
218 0.9213884224838881
217 0.9216509428138229
216 0.9229604117585395
215 0.9242035174065861
214 0.9241580097329307
213 0.9239136414381783
212 0.9254597625985617
Can't load history: $< line too long.
/ibbr/vmd/1.9.3/lib/vmd/vmd_LINUXAMD64: /lib64/libGL.so.1: no version information available (required by /ibbr/vmd/1.9.3/lib/vmd/vmd_LINUXAMD64)
Info) VMD for LINUXAMD64, version 1.9.3 (November 30, 2016)
Info) http://www.ks.uiuc.edu/Research/vmd/                         
Info) Email questions and bug reports to vmd@ks.uiuc.edu           
Info) Please include this reference in published work using VMD:   
Info)    Humphrey, W., Dalke, A. and Schulten, K., `VMD - Visual   
Info)    Molecular Dynamics', J. Molec. Graphics 1996, 14.1, 33-38.
Info) -------------------------------------------------------------
Info) Multithreading available, 48 CPUs detected.
Info)   CPU features: SSE2 AVX AVX2 FMA 
Info) Free system memory: 121GB (96%)
Info) No CUDA accelerator devices available.
Info) Dynamically loaded 2 plugins in directory:
Info) /ibbr/vmd/1.9.3/lib/vmd/plugins/LINUXAMD64/molfile
7
Info) Using plugin xyz for structure file ./freq.QMRegion_a.xyz
Info) Using plugin xyz for coordinates from file ./freq.QMRegion_a.xyz
Info) Determining bond structure from distance search ...
Info) Analyzing structure ...
Info)    Atoms: 138
Info)    Bonds: 137
Info)    Angles: 0  Dihedrals: 0  Impropers: 0  Cross-terms: 0
Info)    Bondtypes: 0  Angletypes: 0  Dihedraltypes: 0  Impropertypes: 0
Info)    Residues: 1
Info)    Waters: 0
Info)    Segments: 1
Info)    Fragments: 1   Protein: 1   Nucleic: 0
Info) Finished with coordinate file ./freq.QMRegion_a.xyz.
0
Info) Using plugin xyz for structure file ./freq.QMRegion_b.xyz
Info) Using plugin xyz for coordinates from file ./freq.QMRegion_b.xyz
Info) Determining bond structure from distance search ...
Info) Analyzing structure ...
Info)    Atoms: 138
Info)    Bonds: 137
Info)    Angles: 0  Dihedrals: 0  Impropers: 0  Cross-terms: 0
Info)    Bondtypes: 0  Angletypes: 0  Dihedraltypes: 0  Impropertypes: 0
Info)    Residues: 1
Info)    Waters: 0
Info)    Segments: 1
Info)    Fragments: 1   Protein: 1   Nucleic: 0
Info) Finished with coordinate file ./freq.QMRegion_b.xyz.
1
file14
atomselect0
atomselect1
0
0
0
0
0
6.331168177825305
Info) VMD for LINUXAMD64, version 1.9.3 (November 30, 2016)
Info) Exiting normally.
Can't load history: $< line too long.
[[0]]
399 0.8421916510233145
398 0.85476112981414
397 0.8592889802371729
396 0.8608012310695217
395 0.8710933035018038
394 0.8727869383986613
393 0.8727807327943737
392 0.8800829857052718
391 0.8810630590946504
390 0.8823164393486939
389 0.8852066657949242
388 0.8857875058970397
387 0.8850645210915028
386 0.8849765483339795
385 0.8852246036145619
384 0.8860653751030592
383 0.8864500466650982
382 0.8856669053271129
381 0.8897786476261841
380 0.8934707158895292
379 0.8933555069284164
378 0.8933647137692434
377 0.8935060354415608
376 0.8949019106099003
375 0.8946634853061735
374 0.8961303201268737
373 0.899425335098069
372 0.9014371627024846
371 0.9015807492485406
370 0.900851172866153
369 0.9003240301440689
368 0.9006501059141818
367 0.9009723789850884
366 0.9008836541783274
365 0.9032649245764108
364 0.906615953346501
363 0.9082506447909727
362 0.9112725246956913
361 0.9110802317129415
360 0.9111405191809947
359 0.9113244726159657
358 0.9115998867407473
357 0.9133891115490003
356 0.9152482149856809
355 0.9158997291939838
354 0.9168119481138993
353 0.9163639291459148
352 0.9177466203490559
351 0.9178746532106975
350 0.9204589980640887
349 0.9209981652914796
348 0.9208336770501572
347 0.9228748574519728
346 0.9231533708179664
345 0.9239986023569876
344 0.9250329717984977
Can't load history: $< line too long.
/ibbr/vmd/1.9.3/lib/vmd/vmd_LINUXAMD64: /lib64/libGL.so.1: no version information available (required by /ibbr/vmd/1.9.3/lib/vmd/vmd_LINUXAMD64)
Info) VMD for LINUXAMD64, version 1.9.3 (November 30, 2016)
Info) http://www.ks.uiuc.edu/Research/vmd/                         
Info) Email questions and bug reports to vmd@ks.uiuc.edu           
Info) Please include this reference in published work using VMD:   
Info)    Humphrey, W., Dalke, A. and Schulten, K., `VMD - Visual   
Info)    Molecular Dynamics', J. Molec. Graphics 1996, 14.1, 33-38.
Info) -------------------------------------------------------------
Info) Multithreading available, 48 CPUs detected.
Info)   CPU features: SSE2 AVX AVX2 FMA 
Info) Free system memory: 121GB (96%)
Info) No CUDA accelerator devices available.
Info) Dynamically loaded 2 plugins in directory:
Info) /ibbr/vmd/1.9.3/lib/vmd/plugins/LINUXAMD64/molfile
7
Info) Using plugin xyz for structure file ./freq.QMRegion_a.xyz
Info) Using plugin xyz for coordinates from file ./freq.QMRegion_a.xyz
Info) Determining bond structure from distance search ...
Info) Analyzing structure ...
Info)    Atoms: 138
Info)    Bonds: 137
Info)    Angles: 0  Dihedrals: 0  Impropers: 0  Cross-terms: 0
Info)    Bondtypes: 0  Angletypes: 0  Dihedraltypes: 0  Impropertypes: 0
Info)    Residues: 1
Info)    Waters: 0
Info)    Segments: 1
Info)    Fragments: 1   Protein: 1   Nucleic: 0
Info) Finished with coordinate file ./freq.QMRegion_a.xyz.
0
Info) Using plugin xyz for structure file ./freq.QMRegion_b.xyz
Info) Using plugin xyz for coordinates from file ./freq.QMRegion_b.xyz
Info) Determining bond structure from distance search ...
Info) Analyzing structure ...
Info)    Atoms: 138
Info)    Bonds: 137
Info)    Angles: 0  Dihedrals: 0  Impropers: 0  Cross-terms: 0
Info)    Bondtypes: 0  Angletypes: 0  Dihedraltypes: 0  Impropertypes: 0
Info)    Residues: 1
Info)    Waters: 0
Info)    Segments: 1
Info)    Fragments: 1   Protein: 1   Nucleic: 0
Info) Finished with coordinate file ./freq.QMRegion_b.xyz.
1
file14
atomselect0
atomselect1
0
0
0
0
0
2.879162859771354
Info) VMD for LINUXAMD64, version 1.9.3 (November 30, 2016)
Info) Exiting normally.
Can't load history: $< line too long.
[[0]]
399 0.33089915899432254
398 0.3276235359057825
397 0.34106747966097717
396 0.3554233588264957
395 0.3524357104466599
394 0.3493613921698575
393 0.3628451952042565
392 0.3592052218425762
391 0.3559506910373569
390 0.3534757597846453
389 0.36664047266374367
388 0.37974202274329216
387 0.37617335932040263
386 0.37266358726781945
385 0.3862453566223577
384 0.3996531679669675
383 0.39587710860738745
382 0.41010059854493985
381 0.4240295653723152
380 0.43752806800957145
379 0.43472977777487953
378 0.43156429161508814
377 0.446330346441543
376 0.4435026138705843
375 0.4397178278898861
374 0.437707971302716
373 0.4351037991847261
372 0.4486051649494056
371 0.46136466252336816
370 0.45859046585949703
369 0.455989150128185
368 0.46696737604467053
367 0.4641337082841259
366 0.4762967961411909
365 0.489846202926143
364 0.48715314869222404
363 0.48494782314389406
362 0.49757168059398116
361 0.4950103716323868
360 0.49221041674739896
359 0.5046836800943957
358 0.5188487966591435
357 0.5171864867946177
356 0.5300665178624793
355 0.5424898722511653
354 0.5548115671200484
353 0.5535252715790631
352 0.5514753256323358
351 0.5491242848724779
350 0.5617304664248326
349 0.5608953341059406
348 0.5587154361396911
347 0.5715343700055375
346 0.5827045451986637
345 0.580333566455671
344 0.5786171353664151
343 0.5765799664467901
342 0.5758826854891984
341 0.5885634915808978
340 0.5874547815062449
339 0.5999103862453736
338 0.6116496390150175
337 0.6229245406694639
336 0.6220240509749848
335 0.6334258795919807
334 0.6316393755250991
333 0.6434227038126326
332 0.6546940119199232
331 0.6663961696244528
330 0.6651027592411933
329 0.6637285384359853
328 0.6631757148804005
327 0.6729790818078221
326 0.6825548576049485
325 0.6807860266259438
324 0.6915031573923233
323 0.6899693205781646
322 0.6957653851233205
321 0.694063898408728
320 0.6925802718160293
319 0.7039705644131816
318 0.7138239855315884
317 0.7246435890846963
316 0.7329409184068902
315 0.7317287876067865
314 0.7406857626782182
313 0.7401914234956328
312 0.7495723794219091
311 0.7583887773809249
310 0.7573246608631062
309 0.7569953145124855
308 0.7559314097762053
307 0.764215272677997
306 0.772697369836802
305 0.7725105831733198
304 0.7707543499114804
303 0.7795053064524884
302 0.7885048741356621
301 0.7950196151142765
300 0.7949599909294112
299 0.8025777512636316
298 0.8116116692527572
297 0.8115540157608145
296 0.8208978488005088
295 0.8218174981128261
294 0.8287684791547039
293 0.8286115362489213
292 0.8349991816662385
291 0.8369492380860122
290 0.8377032510358454
289 0.8377928056148367
288 0.8463434212303237
287 0.8452659375367559
286 0.8478802141246528
285 0.8489343114873513
284 0.85152292597098
283 0.8503917759945668
282 0.8550551909638735
281 0.8540755193308758
280 0.8607796153197373
279 0.860468186615272
278 0.8669901922249774
277 0.870541348252312
276 0.8708317094618457
275 0.8764807099759445
274 0.8757990725257351
273 0.8753002893894293
272 0.8784767636727642
271 0.8845324974738766
270 0.884530169042837
269 0.8852729800538488
268 0.8865017570177302
267 0.8873133544337668
266 0.8908650759883943
265 0.8904727315895801
264 0.8899434325380021
263 0.8889876867062769
262 0.8909240100341583
261 0.8904498399896342
260 0.8903581663942772
259 0.8946774285647496
258 0.8985813914385032
257 0.8986743670591977
256 0.8985836124031878
255 0.899108439865475
254 0.9024015748820203
253 0.9025480776751592
252 0.9064655292440468
251 0.9064182593681763
250 0.9063211855087661
249 0.9061548298576254
248 0.9063060329037934
247 0.9053834934429223
246 0.9074199007924998
245 0.9108276877524266
244 0.9115942136088987
243 0.9124832895556384
242 0.9121332117100401
241 0.9117989343453498
240 0.9112071209867854
239 0.9119513090382559
238 0.9118874194115226
237 0.9132101969212743
236 0.9163264300486106
235 0.9166765824483889
234 0.9198406296850643
233 0.9212303450453462
232 0.9235520235110491
231 0.9235939420175007
230 0.9266619294407588
Can't load history: $< line too long.
/ibbr/vmd/1.9.3/lib/vmd/vmd_LINUXAMD64: /lib64/libGL.so.1: no version information available (required by /ibbr/vmd/1.9.3/lib/vmd/vmd_LINUXAMD64)
Info) VMD for LINUXAMD64, version 1.9.3 (November 30, 2016)
Info) http://www.ks.uiuc.edu/Research/vmd/                         
Info) Email questions and bug reports to vmd@ks.uiuc.edu           
Info) Please include this reference in published work using VMD:   
Info)    Humphrey, W., Dalke, A. and Schulten, K., `VMD - Visual   
Info)    Molecular Dynamics', J. Molec. Graphics 1996, 14.1, 33-38.
Info) -------------------------------------------------------------
Info) Multithreading available, 48 CPUs detected.
Info)   CPU features: SSE2 AVX AVX2 FMA 
Info) Free system memory: 121GB (96%)
Info) No CUDA accelerator devices available.
Info) Dynamically loaded 2 plugins in directory:
Info) /ibbr/vmd/1.9.3/lib/vmd/plugins/LINUXAMD64/molfile
8
Info) Using plugin xyz for structure file ./freq.QMRegion_a.xyz
Info) Using plugin xyz for coordinates from file ./freq.QMRegion_a.xyz
Info) Determining bond structure from distance search ...
Info) Analyzing structure ...
Info)    Atoms: 138
Info)    Bonds: 137
Info)    Angles: 0  Dihedrals: 0  Impropers: 0  Cross-terms: 0
Info)    Bondtypes: 0  Angletypes: 0  Dihedraltypes: 0  Impropertypes: 0
Info)    Residues: 1
Info)    Waters: 0
Info)    Segments: 1
Info)    Fragments: 1   Protein: 1   Nucleic: 0
Info) Finished with coordinate file ./freq.QMRegion_a.xyz.
0
Info) Using plugin xyz for structure file ./freq.QMRegion_b.xyz
Info) Using plugin xyz for coordinates from file ./freq.QMRegion_b.xyz
Info) Determining bond structure from distance search ...
Info) Analyzing structure ...
Info)    Atoms: 138
Info)    Bonds: 137
Info)    Angles: 0  Dihedrals: 0  Impropers: 0  Cross-terms: 0
Info)    Bondtypes: 0  Angletypes: 0  Dihedraltypes: 0  Impropertypes: 0
Info)    Residues: 1
Info)    Waters: 0
Info)    Segments: 1
Info)    Fragments: 1   Protein: 1   Nucleic: 0
Info) Finished with coordinate file ./freq.QMRegion_b.xyz.
1
file14
atomselect0
atomselect1
0
0
0
0
0
5.578051821270072
Info) VMD for LINUXAMD64, version 1.9.3 (November 30, 2016)
Info) Exiting normally.
Can't load history: $< line too long.
[[0]]
399 0.6159907404886211
398 0.6137380412359172
397 0.63178019236344
396 0.6489949553680476
395 0.6468182831586351
394 0.6445317816985487
393 0.6420692000577357
392 0.6401199936216961
391 0.6377429283694377
390 0.6543904405951184
389 0.6525556498516385
388 0.6505694477125863
387 0.6674766144706726
386 0.6842635471094023
385 0.6822806637047207
384 0.6956336236791234
383 0.7124883599542287
382 0.7108582104603864
381 0.7099920260018641
380 0.7253631871399886
379 0.7242623631082705
378 0.7225799334036633
377 0.721684935597961
376 0.7202966891727232
375 0.7186072871967911
374 0.7178742268409843
373 0.7160108430741186
372 0.7153872583895612
371 0.723430578916405
370 0.7362490654271785
369 0.7349379914414845
368 0.7340218060452841
367 0.7331325748739641
366 0.7312337680093376
365 0.7429725672454216
364 0.741783128514009
363 0.7483461162439133
362 0.7581021643914322
361 0.7596267992514545
360 0.758431272801263
359 0.7572549661703278
358 0.7619823085474644
357 0.7619576866535039
356 0.7608630699286353
355 0.7599708666575549
354 0.7599104569397132
353 0.7586553839424734
352 0.7678997125039755
351 0.7669274602583688
350 0.7658368022705473
349 0.7639520262204115
348 0.7629283889352334
347 0.764568617636135
346 0.7686129919064605
345 0.7675509621560535
344 0.7737322601158111
343 0.7809701859623862
342 0.7806517862402544
341 0.7797496908519599
340 0.7797257677023304
339 0.7795014188542417
338 0.7794166630569717
337 0.777666511996212
336 0.7770095863682573
335 0.784230748758479
334 0.7882436750074804
333 0.7872221555904506
332 0.7876336276704892
331 0.7867030574155818
330 0.7861002014590214
329 0.7849482439896329
328 0.7853263871721836
327 0.789177418863261
326 0.78919686914319
325 0.7882748895710029
324 0.7862774168358558
323 0.7918422600014116
322 0.7971003606844813
321 0.7977849291161492
320 0.8001810184449495
319 0.7983721108573125
318 0.7967071190080953
317 0.7965246851337869
316 0.7964177299999698
315 0.796657332457993
314 0.795931599793309
313 0.794686390808675
312 0.8000986217454645
311 0.7998092877743394
310 0.7993803688424295
309 0.799302756714428
308 0.799420675370531
307 0.8008047974836382
306 0.7999969968115164
305 0.8032180660180444
304 0.8081943672937361
303 0.808346961203739
302 0.8099550982762157
301 0.8102354241530766
300 0.8124863872745199
299 0.8130860389382057
298 0.8125706996761621
297 0.8156574214553746
296 0.8145970754449535
295 0.8179263120983666
294 0.8180009801812523
293 0.821797672556262
292 0.8255129376927308
291 0.826005410189245
290 0.8242757348994288
289 0.8243758164964075
288 0.8273304644070955
287 0.8301459035334285
286 0.8301454156264109
285 0.8333190903851853
284 0.8327666460187966
283 0.8349946835616846
282 0.836932788721636
281 0.8370815396436728
280 0.8384149778514545
279 0.8384172511718333
278 0.8400624163127292
277 0.8411019824604266
276 0.8424973215333408
275 0.8417203912843276
274 0.8417141326832998
273 0.8408580287267144
272 0.8419360058445451
271 0.8433056871319801
270 0.8461221522043688
269 0.8464133855279923
268 0.8463571623255823
267 0.8470051919644308
266 0.847539749694858
265 0.8477557862301391
264 0.8505991980629245
263 0.8541556731857128
262 0.8548362962426796
261 0.8559238138094687
260 0.8569751074708898
259 0.8568870789717095
258 0.8589656112612754
257 0.861599379759622
256 0.8640196936177673
255 0.866109418195212
254 0.8671212226273032
253 0.8660071000355692
252 0.865847435355246
251 0.8677022665528155
250 0.8677574710072852
249 0.8699860020626032
248 0.8699877396281342
247 0.8712309752968874
246 0.8706069658917409
245 0.8734160264834344
244 0.8760520481855028
243 0.8779488912919599
242 0.8779580707278001
241 0.877176353711432
240 0.8778575226060422
239 0.8800091419151872
238 0.8819259845828701
237 0.8833572212140355
236 0.8859346031890782
235 0.8879480027465656
234 0.8902493799246248
233 0.8917603681030136
232 0.8922167480954045
231 0.8939290350002844
230 0.8950177298535122
229 0.8947031152250452
228 0.8954672412021413
227 0.8947324062635593
226 0.8964218510116295
225 0.8987267977406572
224 0.9008185364965776
223 0.902646040422425
222 0.9033778278155044
221 0.9029553342376634
220 0.9050740375275199
219 0.905542760464242
218 0.9060322439012182
217 0.9058680673155092
216 0.9072462205077647
215 0.9095761328955574
214 0.9112820641840932
213 0.9140734314812746
212 0.9135421643819469
211 0.9133232128200972
210 0.9138201219264728
209 0.9151380443039359
208 0.915037929250137
207 0.9147484622399121
206 0.9166419750229922
205 0.9181548269386797
204 0.9193993188562976
203 0.9193782439133793
202 0.9208114569239841
201 0.9213449317091815
200 0.9214447591145708
199 0.9219749878613233
198 0.9215334629670638
197 0.9229393167655457
196 0.9252875517497284
Can't load history: $< line too long.
/ibbr/vmd/1.9.3/lib/vmd/vmd_LINUXAMD64: /lib64/libGL.so.1: no version information available (required by /ibbr/vmd/1.9.3/lib/vmd/vmd_LINUXAMD64)
Info) VMD for LINUXAMD64, version 1.9.3 (November 30, 2016)
Info) http://www.ks.uiuc.edu/Research/vmd/                         
Info) Email questions and bug reports to vmd@ks.uiuc.edu           
Info) Please include this reference in published work using VMD:   
Info)    Humphrey, W., Dalke, A. and Schulten, K., `VMD - Visual   
Info)    Molecular Dynamics', J. Molec. Graphics 1996, 14.1, 33-38.
Info) -------------------------------------------------------------
Info) Multithreading available, 48 CPUs detected.
Info)   CPU features: SSE2 AVX AVX2 FMA 
Info) Free system memory: 121GB (96%)
Info) No CUDA accelerator devices available.
Info) Dynamically loaded 2 plugins in directory:
Info) /ibbr/vmd/1.9.3/lib/vmd/plugins/LINUXAMD64/molfile
8
Info) Using plugin xyz for structure file ./freq.QMRegion_a.xyz
Info) Using plugin xyz for coordinates from file ./freq.QMRegion_a.xyz
Info) Determining bond structure from distance search ...
Info) Analyzing structure ...
Info)    Atoms: 138
Info)    Bonds: 137
Info)    Angles: 0  Dihedrals: 0  Impropers: 0  Cross-terms: 0
Info)    Bondtypes: 0  Angletypes: 0  Dihedraltypes: 0  Impropertypes: 0
Info)    Residues: 1
Info)    Waters: 0
Info)    Segments: 1
Info)    Fragments: 1   Protein: 1   Nucleic: 0
Info) Finished with coordinate file ./freq.QMRegion_a.xyz.
0
Info) Using plugin xyz for structure file ./freq.QMRegion_b.xyz
Info) Using plugin xyz for coordinates from file ./freq.QMRegion_b.xyz
Info) Determining bond structure from distance search ...
Info) Analyzing structure ...
Info)    Atoms: 138
Info)    Bonds: 137
Info)    Angles: 0  Dihedrals: 0  Impropers: 0  Cross-terms: 0
Info)    Bondtypes: 0  Angletypes: 0  Dihedraltypes: 0  Impropertypes: 0
Info)    Residues: 1
Info)    Waters: 0
Info)    Segments: 1
Info)    Fragments: 1   Protein: 1   Nucleic: 0
Info) Finished with coordinate file ./freq.QMRegion_b.xyz.
1
file14
atomselect0
atomselect1
0
0
0
0
0
5.613280664336723
Info) VMD for LINUXAMD64, version 1.9.3 (November 30, 2016)
Info) Exiting normally.
Can't load history: $< line too long.
[[0]]
399 0.7814650541194602
398 0.8013312999546112
397 0.8002374648812913
396 0.8027339649974854
395 0.8123519792180586
394 0.8116015979972373
393 0.8110473737148594
392 0.8218240247442488
391 0.8289549862963838
390 0.8329575379620097
389 0.8394298044483846
388 0.8470339935442784
387 0.8472104353633898
386 0.8555047216383833
385 0.8550371815526236
384 0.8630058895304716
383 0.8630222792679809
382 0.8698087044894827
381 0.876614552381241
380 0.8767522482121759
379 0.8771848577722872
378 0.876863480185727
377 0.8762661545449202
376 0.8766832985192361
375 0.8809896423616825
374 0.8852929364161011
373 0.8874699709598117
372 0.8875054751508435
371 0.8915815201757863
370 0.892906031127164
369 0.8939425972477724
368 0.8965176662166787
367 0.8969668627038826
366 0.8999408390171002
365 0.8996340150462974
364 0.9030035052481578
363 0.9029958652161653
362 0.9055281743858294
361 0.9086714553783237
360 0.9106155666664223
359 0.913015594715173
358 0.9155194572482264
357 0.9179997732321302
356 0.9192174059974278
355 0.9218344571724185
354 0.9227541088726456
353 0.9248422328352702
352 0.9257710394328391
Can't load history: $< line too long.
/ibbr/vmd/1.9.3/lib/vmd/vmd_LINUXAMD64: /lib64/libGL.so.1: no version information available (required by /ibbr/vmd/1.9.3/lib/vmd/vmd_LINUXAMD64)
Info) VMD for LINUXAMD64, version 1.9.3 (November 30, 2016)
Info) http://www.ks.uiuc.edu/Research/vmd/                         
Info) Email questions and bug reports to vmd@ks.uiuc.edu           
Info) Please include this reference in published work using VMD:   
Info)    Humphrey, W., Dalke, A. and Schulten, K., `VMD - Visual   
Info)    Molecular Dynamics', J. Molec. Graphics 1996, 14.1, 33-38.
Info) -------------------------------------------------------------
Info) Multithreading available, 48 CPUs detected.
Info)   CPU features: SSE2 AVX AVX2 FMA 
Info) Free system memory: 121GB (96%)
Info) No CUDA accelerator devices available.
Info) Dynamically loaded 2 plugins in directory:
Info) /ibbr/vmd/1.9.3/lib/vmd/plugins/LINUXAMD64/molfile
9
Info) Using plugin xyz for structure file ./freq.QMRegion_a.xyz
Info) Using plugin xyz for coordinates from file ./freq.QMRegion_a.xyz
Info) Determining bond structure from distance search ...
Info) Analyzing structure ...
Info)    Atoms: 138
Info)    Bonds: 137
Info)    Angles: 0  Dihedrals: 0  Impropers: 0  Cross-terms: 0
Info)    Bondtypes: 0  Angletypes: 0  Dihedraltypes: 0  Impropertypes: 0
Info)    Residues: 1
Info)    Waters: 0
Info)    Segments: 1
Info)    Fragments: 1   Protein: 1   Nucleic: 0
Info) Finished with coordinate file ./freq.QMRegion_a.xyz.
0
Info) Using plugin xyz for structure file ./freq.QMRegion_b.xyz
Info) Using plugin xyz for coordinates from file ./freq.QMRegion_b.xyz
Info) Determining bond structure from distance search ...
Info) Analyzing structure ...
Info)    Atoms: 138
Info)    Bonds: 137
Info)    Angles: 0  Dihedrals: 0  Impropers: 0  Cross-terms: 0
Info)    Bondtypes: 0  Angletypes: 0  Dihedraltypes: 0  Impropertypes: 0
Info)    Residues: 1
Info)    Waters: 0
Info)    Segments: 1
Info)    Fragments: 1   Protein: 1   Nucleic: 0
Info) Finished with coordinate file ./freq.QMRegion_b.xyz.
1
file14
atomselect0
atomselect1
0
0
0
0
0
6.090944169137327
Info) VMD for LINUXAMD64, version 1.9.3 (November 30, 2016)
Info) Exiting normally.
Can't load history: $< line too long.
[[0]]
399 0.4682273733008506
398 0.48024687567330615
397 0.4773611559610206
396 0.4746434294365687
395 0.4734226091667699
394 0.48917496017862205
393 0.48613872126714375
392 0.4829560505605274
391 0.4976082568587381
390 0.4964437616813653
389 0.506627577156173
388 0.5036279176200138
387 0.5004460463048397
386 0.49804712556246344
385 0.4950472577339563
384 0.49342442811641407
383 0.49167475593698806
382 0.5055671075881221
381 0.5186668574307713
380 0.5315442720342591
379 0.5437481656780174
378 0.5412842138380631
377 0.554166946080656
376 0.5516550768504247
375 0.5493080390356719
374 0.5472271487133193
373 0.5447323393809606
372 0.5583472741273773
371 0.5564526584274789
370 0.5532293000803721
369 0.5671597089064668
368 0.5806245168046095
367 0.5784428884165536
366 0.5886983066915982
365 0.5863724147202393
364 0.5990184142926904
363 0.613126944119025
362 0.626137170713994
361 0.6239289845467788
360 0.6216092365750825
359 0.6193857230967637
358 0.6282334370694812
357 0.6414653937842059
356 0.6553145398512144
355 0.667279620142079
354 0.6652408033479934
353 0.6638198058081584
352 0.6621724195638073
351 0.6750890234611999
350 0.6734084667750451
349 0.6714579640543028
348 0.6825777578891601
347 0.6817557977926185
346 0.6939166465506483
345 0.7017919226686306
344 0.7016019254582166
343 0.7143179916729736
342 0.713311037369212
341 0.7115831429102544
340 0.7102279190796617
339 0.7085901250220583
338 0.707089220958929
337 0.7194539076668691
336 0.717976032035115
335 0.7173522373236307
334 0.7282770661751568
333 0.7273045485956633
332 0.7382948642975802
331 0.7465508159740446
330 0.7446247303433648
329 0.7440718697396078
328 0.7542548341591009
327 0.7527618907214244
326 0.7516605434808585
325 0.7504040301413863
324 0.7488798080358052
323 0.7479830427130469
322 0.746737212858913
321 0.7554126852856744
320 0.7652994859149136
319 0.7640128304899304
318 0.7657522265056592
317 0.7655049313363571
316 0.764882120078033
315 0.7678466298624778
314 0.7720032665827989
313 0.7723711561221519
312 0.7805932632497798
311 0.7813063824509365
310 0.7801645481913673
309 0.7779655993050911
308 0.7774006733515328
307 0.7845204597292272
306 0.7859475542426126
305 0.7920017663637435
304 0.7907818414989046
303 0.7907909339068666
302 0.7955273506880456
301 0.8011824680337384
300 0.8080945353668973
299 0.8148974217403265
298 0.8212377656671863
297 0.8236404775501955
296 0.8297422154654958
295 0.829768794587292
294 0.8299046615655865
293 0.8313403115179753
292 0.8366828624338694
291 0.8416796079801696
290 0.8406781377139483
289 0.8393827096620945
288 0.8383423939960581
287 0.8383290980501255
286 0.8444572814967202
285 0.8433970255059777
284 0.8428349670125783
283 0.8471000419265222
282 0.8460439912107389
281 0.8454248385995595
280 0.8474749508526986
279 0.851298123010171
278 0.8509730091397183
277 0.8514127225079626
276 0.8559257739260067
275 0.8605131106881403
274 0.8607728013465454
273 0.8651827525464826
272 0.8688132164917485
271 0.8706280209392817
270 0.8696601454391839
269 0.8713270040966025
268 0.8758965595359712
267 0.8801364114245728
266 0.8802062313616595
265 0.880338359121233
264 0.8798972314536198
263 0.8847247885915155
262 0.8884181623929639
261 0.8924524136655948
260 0.8961891827975286
259 0.8948835485521996
258 0.8966963856504052
257 0.8962135012268049
256 0.8962822748626463
255 0.895741469772886
254 0.8959936471301795
253 0.8979603537563805
252 0.9021569721100993
251 0.9025554345548681
250 0.9015859201855347
249 0.9048829371385047
248 0.9050428109375243
247 0.9050138723818193
246 0.9051952194812729
245 0.9075741754149947
244 0.9086878222301293
243 0.9087320038322139
242 0.908807986919089
241 0.9111122796317681
240 0.9110264729353126
239 0.9111191467751167
238 0.9120556354729772
237 0.9121488092952343
236 0.9127703585035386
235 0.9133192429656826
234 0.9145731208350929
233 0.9148478092907502
232 0.9171667152071041
231 0.9175358593567159
230 0.9177661334432733
229 0.9177591829631874
228 0.9175137421750797
227 0.9188760344863925
226 0.9195209434929561
225 0.9197266581980467
224 0.9218617684606016
223 0.9210905580707036
222 0.9231801762912575
221 0.9244312382204375
220 0.9238208282705808
219 0.9259405205180165
