9.808
8.648
7.741
8.840
9.613
8.743
10.391
9.666
11.120
11.416
11.153
11.859
9.831
10.117
8.816
10.430
8.308
7.338
8.174
9.705
9.773
10.919
9.397
8.468
8.194
8.132
9.001
6.882
6.841
5.887
5.036
5.139
3.777
4.030
3.654
6.725
7.100
7.384
5.325
5.017
5.821
3.482
2.971
3.463
2.391
2.263
2.503
1.201
0.264
1.453
0.768
1.649
0.389
-0.345
0.074
-0.461
-1.704
-2.023
-1.482
-2.734
-2.351
-2.824
-4.045
-3.932
-5.258
-6.128
-5.558
-6.255
-4.656
-6.115
-6.346
-5.358
-7.462
-7.288
-8.311
-7.881
-7.923
-7.149
-9.281
-9.491
-9.925
-9.775
-10.788
-9.831
-8.848
-7.768
-8.966
-9.142
-8.567
-10.204
-8.935
2.908
2.832
3.566
1.501
1.493
1.280
0.285
0.625
-0.333
-0.525
-0.119
-0.641
-1.936
-2.555
-1.837
-2.668
-2.112
-3.511
-3.193
-2.625
-4.366
-4.652
-5.233
-4.614
-5.800
-6.288
-5.774
-6.827
-7.442
-6.944
-7.902
-8.468
-9.256
-8.953
-8.025
-7.460
-8.991
-7.294
-6.370
-7.684
-6.852
-7.812
-6.244
-6.308
-5.262
-7.082
-6.279
13.173
12.930
13.727
12.739
14.526
14.703
14.601
15.370
13.019
13.538
11.985
13.577
12.120
11.129
11.889
12.601
11.687
11.850
11.593
10.324
10.455
11.195
10.505
8.784
8.253
8.852
8.168
6.758
6.142
6.866
5.752
4.786
5.896
6.511
6.600
6.290
7.028
6.418
4.989
3.965
4.096
2.763
2.906
2.784
4.579
4.986
3.889
3.796
3.495
4.490
2.614
2.880
1.928
1.897
1.354
2.605
0.957
1.374
0.817
-0.403
-0.316
-0.925
-1.229
-1.105
-1.797
-2.440
-1.938
-1.150
-1.808
-3.336
-4.186
-3.555
-3.422
-4.363
-2.549
-3.602
-3.688
-2.741
-4.945
-4.772
-5.515
-5.817
-6.152
-5.331
-6.972
-6.503
-7.234
-8.214
-8.893
-8.685
-7.974
1.394
1.281
0.551
1.193
1.617
1.805
-0.346
-0.541
-0.801
-0.660
-0.275
-0.241
-2.126
-2.282
-2.492
-2.922
-2.525
-3.094
-4.312
-4.342
-5.512
-6.289
-5.718
-4.790
-6.059
-6.974
-6.882
-7.886
-7.034
-7.503
-7.828
-5.838
-5.409
-5.021
-6.009
-5.161
-6.938
-6.332
-5.526
-7.324
-6.170
-5.165
-6.052
-7.178
-6.853
-8.247
-7.132
12.876
11.954
10.929
12.018
12.502
13.324
11.559
12.445
12.824
11.810
13.292
13.286
14.277
15.018
14.432
14.552
12.113
13.150
11.428
10.585
10.569
10.199
12.000
9.651
8.290
7.708
8.214
7.663
8.382
7.425
6.971
7.006
6.524
7.294
5.601
6.422
6.703
6.040
5.317
4.509
4.714
3.387
3.706
2.501
6.208
5.236
6.938
6.159
5.726
7.215
5.438
6.015
5.438
3.961
3.460
3.965
3.171
3.558
3.200
1.626
1.109
1.294
1.154
1.902
-0.114
-0.274
-1.392
-1.629
-1.158
-2.615
-2.766
-3.557
-2.661
-2.254
-1.934
-4.132
-4.705
-4.121
-4.763
-4.216
-4.846
-6.205
-6.801
-6.159
-6.996
-7.209
-8.010
-6.424
-6.833
-6.667
-5.325
3.008
3.905
2.383
2.053
2.352
1.988
0.666
0.277
0.695
-0.467
-0.598
-0.288
-1.851
-1.962
-1.926
-2.909
-2.763
-3.902
-2.743
-2.023
-3.554
-3.363
-4.796
-5.565
-5.296
-4.469
-3.862
-3.922
-5.779
-6.312
-5.535
-6.668
-6.086
-7.228
-7.759
-7.322
-8.354
-8.675
-8.034
-9.351
-9.507
-10.304
-10.041
-8.644
-9.239
-8.237
-7.834
12.663
11.629
11.753
11.815
12.298
13.042
11.272
12.147
12.427
12.838
11.363
12.897
14.070
14.114
14.261
14.783
10.088
9.637
9.817
9.904
10.729
10.418
9.831
8.367
7.574
6.786
8.178
6.821
7.616
6.151
5.841
6.344
4.876
5.457
4.674
5.866
5.250
6.604
5.058
5.587
6.547
4.762
4.194
5.403
3.518
3.452
3.140
2.423
2.425
2.841
1.097
1.084
0.756
0.034
-0.245
0.455
-1.249
-1.088
-1.510
-2.501
-3.428
-2.610
-2.248
-1.403
-3.088
-2.771
-4.386
-4.400
-4.592
-5.448
-5.231
-5.346
-6.861
-7.134
-6.756
-7.902
-7.377
-8.092
-9.184
-8.943
-9.826
-10.156
-10.236
-9.626
-11.631
-11.603
-12.052
-12.632
-13.688
-12.613
-12.295
3.714
4.118
3.479
2.347
2.051
2.493
1.283
1.443
1.405
-0.095
-0.285
-0.170
-1.184
-1.064
-2.111
-1.493
-2.265
-0.603
-1.939
-1.209
-3.208
-3.279
-4.478
-4.925
-4.139
-5.424
-4.904
-5.709
-6.747
-6.522
-7.115
-7.911
-7.641
-8.701
-8.505
-7.810
-9.095
-9.661
-9.339
-10.561
-10.017
-10.706
-9.110
-10.839
-11.264
-10.222
-11.619
13.369
12.195
11.336
12.305
13.522
13.343
14.453
12.705
13.298
12.328
14.040
13.467
14.580
14.678
15.511
14.560
11.886
12.795
11.144
9.969
9.624
9.612
11.492
9.363
8.509
9.052
8.213
7.153
6.661
6.433
5.751
5.740
4.880
4.087
5.540
7.310
8.017
7.847
6.046
5.442
5.884
4.266
4.223
4.589
4.128
4.837
3.309
3.591
2.780
4.421
2.873
2.576
3.545
1.790
2.245
1.284
0.754
-0.175
0.420
1.115
2.036
1.274
-0.078
0.070
-1.235
-2.033
-1.702
-2.231
-0.777
-2.661
-2.749
-2.241
-4.123
-4.032
-4.426
-5.255
-5.292
-4.943
-6.628
-6.719
-6.887
-7.701
-7.489
-7.766
-9.133
-9.197
-9.170
-10.160
-11.199
-10.056
-9.876
2.915
2.513
3.055
1.726
1.973
1.830
0.335
0.378
-0.360
-0.208
0.623
-0.249
-1.566
-1.772
-1.489
-2.711
-2.384
-2.786
-3.999
-4.008
-5.166
-6.058
-5.418
-5.902
-4.487
-6.234
-6.136
-5.859
-7.732
-8.135
-7.956
-8.543
-8.392
-9.597
-8.375
-7.426
-8.292
-9.526
-9.976
-10.283
-9.022
-8.067
-9.728
-8.739
-8.919
-9.596
-7.747
9.912
9.675
10.563
8.966
10.634
10.061
10.816
11.635
10.817
10.760
10.448
11.862
8.603
7.989
8.755
8.082
8.904
7.837
8.930
10.627
11.629
11.085
9.404
10.030
9.069
9.088
9.367
7.574
7.525
7.224
6.147
5.566
5.858
5.134
6.842
6.708
6.755
7.131
5.269
4.935
5.799
3.442
3.235
3.015
5.228
5.242
5.792
3.804
3.819
3.245
3.097
3.076
3.820
1.699
1.221
1.919
0.708
1.004
0.650
-0.708
-1.074
-0.836
-1.651
-1.273
-2.799
-3.383
-3.219
-2.753
-4.295
-3.122
-3.366
-3.794
-1.633
-1.082
-1.129
-1.402
-0.299
-1.952
-1.857
-1.801
-2.833
-1.015
-0.647
-0.259
-2.008
-2.757
-2.522
-1.346
-0.946
-1.991
-0.473
2.866
3.484
2.997
1.360
1.337
1.017
0.344
0.400
0.632
-1.139
-1.444
-1.197
-2.050
-1.501
-1.976
-3.496
-3.621
-4.070
-4.053
-3.299
-5.278
-5.502
-6.410
-6.133
-7.231
-6.883
-7.428
-5.990
-7.753
-8.600
-7.250
-8.511
-7.980
-8.574
-9.949
-10.474
-10.430
-9.925
-9.363
-9.366
-11.289
-11.147
-11.987
-11.944
-11.134
-12.824
-12.237
11.151
10.494
10.609
11.014
11.407
10.519
11.666
12.148
12.516
12.343
13.210
13.002
10.440
10.277
9.466
11.000
9.002
8.565
8.468
9.307
10.697
9.133
8.945
8.299
6.886
6.801
6.667
5.956
6.053
6.326
6.263
6.017
6.419
6.350
7.428
4.458
4.232
4.173
3.680
3.187
3.361
2.368
2.552
2.652
5.251
5.666
5.245
3.862
3.498
4.023
2.835
3.039
2.949
1.372
1.301
1.160
0.280
0.731
0.131
-1.061
-0.923
-1.611
-1.919
-1.314
-3.233
-3.671
-4.153
-3.585
-4.883
-4.960
-5.281
-4.289
-6.161
-6.507
-5.901
-7.390
-7.179
-7.616
-8.501
-8.678
-8.175
-9.833
-9.705
-10.129
-10.708
-10.579
-10.337
-12.161
-12.845
-12.447
-12.358
0.923
0.920
0.304
0.208
0.386
0.770
-1.197
-1.143
-1.898
-1.673
-0.996
-1.612
-3.132
-3.738
-3.241
-3.768
-3.720
-3.046
-5.144
-5.191
-6.222
-7.176
-6.425
-5.551
-7.048
-7.219
-6.659
-7.281
-8.671
-8.742
-9.051
-9.570
-9.526
-9.070
-11.020
-11.001
-11.453
-11.758
-12.721
-11.378
-11.983
-10.997
-12.424
-12.856
-13.867
-12.237
-13.120
7.922
6.897
6.032
7.328
9.235
9.936
9.704
8.950
8.124
8.608
7.277
8.645
7.397
8.165
6.491
7.127
6.396
5.407
6.314
7.691
8.910
7.785
7.387
6.441
5.815
5.244
6.424
4.702
5.137
3.618
3.270
3.677
2.199
2.412
1.276
3.983
3.644
4.657
2.837
2.099
2.516
0.854
1.142
0.224
1.967
2.123
2.857
0.766
0.624
-0.074
0.827
1.775
-0.061
0.514
-0.410
1.298
0.512
0.990
1.173
-0.921
-0.820
-1.400
-1.766
-1.364
-2.913
-3.265
-3.651
-3.014
-4.345
-4.424
-3.653
-5.055
-5.330
-5.837
-4.892
-6.419
-5.940
-6.912
-7.631
-8.426
-7.962
-7.398
-6.671
-8.287
-7.028
-7.908
-6.279
-6.384
-5.451
-7.138
-5.925
-0.095
-1.007
0.394
-0.656
0.109
-1.184
-1.636
-2.506
-1.105
-2.002
-1.161
-2.202
-3.276
-3.975
-2.980
-3.732
-4.684
-3.817
-2.613
-2.104
-2.273
-1.419
-2.774
-3.104
-3.520
-1.644
-1.086
-0.889
-2.189
-2.638
-2.980
-1.119
-1.549
-0.676
-0.062
-0.592
0.351
1.092
0.673
1.288
2.420
2.898
2.992
2.236
2.225
3.026
1.254
6.380
6.147
5.308
7.042
7.628
7.655
8.524
7.697
6.480
5.579
7.390
6.575
5.299
4.388
5.079
5.383
6.142
5.751
5.444
8.552
8.724
9.667
7.385
8.036
8.137
7.980
9.177
7.197
7.468
5.857
4.927
5.077
3.560
3.451
3.608
7.255
8.332
6.654
6.891
5.769
5.231
5.256
5.912
5.241
2.480
2.732
2.210
1.199
0.924
1.435
0.092
0.537
-0.254
-1.045
-1.734
-0.627
-2.002
-1.304
-2.514
-2.978
-3.746
-2.442
-3.776
-3.275
-5.130
-5.587
-6.115
-5.582
-6.613
-7.208
-6.621
-7.789
-8.318
-8.927
-7.720
-9.274
-9.612
-8.721
-10.514
-10.324
-11.035
-11.446
-11.422
-11.042
-12.945
-13.414
-12.944
-13.715
-13.328
-13.460
-14.804
3.896
3.891
3.328
3.174
3.877
2.627
2.145
1.321
2.548
1.381
2.095
0.550
0.816
0.294
1.556
-0.222
-0.885
-0.811
0.324
0.368
0.760
1.170
0.863
1.790
0.851
-0.408
-0.497
-1.303
-0.358
0.607
-0.334
-1.426
-1.499
-2.408
-1.282
-0.227
-1.474
-2.014
-1.713
-1.714
-3.558
-3.921
-3.785
-4.348
-3.928
-5.454
-4.197
14.196
13.152
12.207
12.963
14.430
14.553
13.565
15.300
15.476
16.004
16.152
15.321
13.766
12.953
14.501
13.294
13.529
14.548
12.885
12.126
11.901
11.953
13.497
11.042
9.664
8.984
9.514
9.052
9.857
8.542
7.786
7.630
7.118
7.983
6.568
7.912
8.269
7.713
6.622
6.468
7.269
4.996
4.410
4.754
6.320
6.860
6.270
4.894
4.860
4.436
3.914
4.116
4.160
2.438
2.292
2.184
1.592
1.748
1.939
0.179
-0.360
0.312
-0.608
0.005
-1.943
-2.330
-2.912
-2.482
-3.355
-4.097
-3.953
-4.791
-4.781
-4.785
-4.169
-6.294
-6.973
-6.746
-6.357
-5.709
-7.404
-5.973
-4.924
-6.017
-6.813
-7.874
-6.556
-6.583
-7.131
-5.494
-6.942
4.482
4.795
4.891
2.940
2.514
2.670
2.296
2.873
2.538
0.819
0.509
0.186
0.509
0.870
1.053
-1.021
-1.525
-1.432
-1.507
-1.028
-2.133
-2.206
-2.661
-2.108
-2.593
-4.146
-4.440
-4.383
-5.147
-5.344
-4.734
-6.489
-6.416
-6.666
-7.591
-7.339
-7.620
-8.921
-9.307
-9.665
-8.938
-8.257
-8.522
-10.330
-10.257
-10.781
-10.848
6.206
7.397
8.204
7.869
6.648
5.913
7.552
6.858
5.634
5.395
6.449
4.944
5.106
4.570
5.444
4.446
7.379
8.461
6.891
7.773
9.053
7.750
6.893
6.927
5.940
6.302
5.880
4.574
4.550
3.629
3.550
3.839
3.030
3.153
3.714
4.054
4.163
4.633
2.646
1.859
2.224
0.571
0.647
0.391
1.477
1.553
1.340
0.476
0.516
0.842
-0.874
-0.801
-1.195
-2.058
-2.195
-1.571
-3.363
-3.290
-3.827
-4.182
-4.387
-3.597
-5.425
-5.180
-6.684
-7.413
-7.100
-6.443
-7.074
-8.566
-9.283
-8.735
-8.740
-8.152
-8.291
-10.227
-10.361
-10.817
-10.676
-10.316
-10.181
-12.135
-12.365
-12.734
-12.602
-13.664
-12.512
-12.032
-10.941
-12.242
-12.412
-0.552
-0.576
-1.490
-0.576
-0.493
0.269
-1.952
-1.811
-2.314
-3.089
-2.918
-3.146
-4.436
-4.543
-4.493
-5.686
-5.797
-5.448
-6.923
-6.908
-7.803
-8.619
-7.932
-7.583
-8.994
-7.068
-7.243
-5.997
-7.392
-8.494
-6.959
-6.764
-7.207
-7.046
-5.184
-4.913
-4.791
-4.505
-5.047
-4.788
-3.066
-2.369
-3.023
-2.591
-1.515
-3.081
-2.799
7.054
5.813
5.154
5.194
8.092
7.599
8.290
8.922
6.699
7.501
6.037
6.282
7.768
8.488
6.992
8.239
6.070
6.572
5.052
6.446
5.875
7.604
6.892
5.220
4.541
4.548
5.011
3.048
2.975
2.411
2.762
3.371
2.015
2.301
0.928
2.218
2.678
1.187
2.327
1.238
0.247
1.431
1.536
2.233
2.233
3.255
1.873
1.441
0.378
1.960
1.420
2.387
0.674
0.987
-0.088
1.597
1.549
2.644
1.061
1.190
0.094
1.785
1.571
1.933
1.637
1.909
1.279
1.188
1.998
-0.082
0.107
-0.239
-1.291
-1.363
-1.099
-2.662
-2.652
-2.946
-3.875
-3.673
-4.640
-4.344
-3.421
-5.009
-5.107
-5.590
-4.384
-6.234
-6.891
-6.743
-5.874
0.199
-0.733
0.205
0.042
1.017
-0.124
-1.236
-1.161
-1.027
-2.561
-2.608
-2.648
-3.896
-3.931
-4.785
-4.111
-3.226
-3.946
-5.390
-5.328
-6.594
-7.437
-6.916
-6.089
-7.787
-7.384
-7.907
-6.484
-8.462
-9.232
-7.914
-9.171
-9.369
-8.422
-10.515
-11.111
-11.099
-10.352
-9.509
-9.918
-11.702
-11.374
-12.519
-12.061
-12.480
-11.160
-12.825
12.598
13.115
13.955
13.551
13.662
14.293
13.280
14.254
11.924
12.681
11.562
11.072
11.572
10.830
12.037
11.170
12.125
12.610
11.747
9.750
9.082
10.146
11.061
8.809
8.809
9.631
9.174
7.380
7.464
6.278
6.044
6.410
5.215
5.964
4.420
7.238
7.533
8.088
5.996
4.935
4.901
3.792
3.654
4.007
4.556
3.874
5.404
3.817
4.571
3.024
3.264
2.947
4.079
2.040
2.201
1.197
1.658
1.506
2.546
0.308
0.235
0.311
-0.991
-0.844
-2.278
-3.156
-2.641
-1.854
-2.963
-3.892
-4.186
-4.641
-3.805
-3.411
-3.106
-5.166
-5.561
-5.828
-5.175
-4.814
-4.321
-6.473
-6.294
-6.674
-7.630
-8.274
-7.231
-8.450
-9.503
-8.049
-8.346
2.410
2.510
1.719
1.742
2.209
0.712
1.649
1.640
2.581
0.447
0.263
-0.547
0.730
1.028
1.713
-0.352
-0.685
0.133
-1.475
-1.102
-2.716
-3.473
-3.433
-3.927
-2.692
-4.442
-5.271
-4.948
-3.904
-3.376
-3.102
-4.998
-5.878
-4.561
-5.423
-5.440
-4.685
-6.748
-6.728
-6.820
-8.065
-8.189
-7.810
-9.308
-9.263
-9.389
-10.181
11.917
10.537
10.313
10.565
12.389
11.787
13.389
12.427
12.884
12.623
12.814
13.904
12.049
12.003
11.273
12.989
9.439
9.499
8.454
9.527
10.288
10.071
9.290
8.077
6.953
7.059
6.116
6.447
7.144
5.135
5.154
6.076
3.658
3.278
3.140
6.352
5.633
7.366
5.919
5.167
5.219
4.288
3.563
5.068
3.501
3.934
4.161
2.004
1.614
1.410
1.970
1.988
2.832
0.669
0.908
-0.191
0.375
0.572
1.122
-1.009
-1.179
-1.793
-1.142
-0.797
-1.740
-1.763
-2.291
-2.281
-1.782
-3.804
-4.010
-3.859
-4.755
-4.395
-4.680
-6.202
-6.581
-6.158
-7.102
-6.678
-7.093
-8.505
-9.084
-8.931
-8.679
-8.118
-8.325
-10.151
-10.369
-10.258
-10.818
3.491
2.585
4.169
3.011
3.956
2.447
2.102
1.140
2.511
2.093
1.760
3.153
1.073
1.139
0.076
1.389
2.499
1.150
0.899
1.780
-0.340
-0.537
-1.554
-2.352
-1.344
-2.153
-1.333
-2.384
-3.456
-4.137
-3.913
-3.010
-2.109
-2.634
-4.116
-4.885
-4.694
-3.592
-4.504
-3.240
-2.524
-1.554
-2.805
-2.407
-1.844
-1.694
-3.369
12.773
12.039
11.235
11.620
11.675
11.942
10.833
11.422
13.235
13.305
14.180
12.563
13.967
14.599
13.623
14.509
12.940
12.325
13.566
13.308
14.334
12.918
13.810
12.062
11.008
10.823
11.227
9.587
9.787
9.136
8.225
7.812
7.756
8.683
7.162
8.519
8.955
7.550
8.293
7.296
6.327
7.336
7.837
8.013
6.634
6.829
6.518
5.280
5.425
4.607
4.640
4.831
5.071
3.137
2.722
2.822
2.615
3.040
2.781
1.095
0.652
0.853
0.572
1.452
-0.654
-0.827
-1.813
-1.419
-2.119
-2.941
-2.466
-3.507
-3.934
-4.401
-3.298
-5.112
-4.784
-5.832
-5.803
-6.465
-5.041
-6.624
-6.115
-7.580
-7.015
-7.518
-6.061
-7.790
-8.892
-7.562
-7.555
5.984
5.459
6.227
4.997
5.512
5.103
3.543
3.139
3.610
2.620
2.692
2.825
1.116
1.102
0.894
0.111
0.224
0.288
-1.276
-1.504
-2.164
-3.203
-1.985
-1.188
-1.841
-3.291
-3.628
-3.010
-4.348
-4.672
-3.866
-5.631
-5.377
-5.979
-6.744
-6.364
-7.077
-7.980
-7.692
-8.172
-9.333
-9.442
-9.316
-10.620
-10.971
-11.412
-10.389
9.037
8.127
7.299
8.799
10.011
10.784
10.396
9.435
8.086
8.763
7.431
7.439
9.704
10.444
10.163
8.961
7.558
8.365
7.120
6.636
6.494
7.780
6.622
5.357
4.202
3.909
4.465
3.157
3.562
2.876
2.174
1.888
1.656
1.810
2.241
1.876
1.065
1.425
2.294
2.394
1.917
3.163
3.857
3.636
0.203
0.119
0.048
-0.772
-1.739
-0.527
-0.906
0.063
-1.220
-1.906
-1.549
-1.864
-3.243
-3.426
-3.396
-4.224
-5.045
-3.741
-4.716
-3.933
-5.980
-6.128
-7.210
-6.814
-7.894
-8.062
-7.454
-8.621
-9.028
-9.604
-8.572
-9.887
-9.302
-10.558
-10.997
-11.500
-10.562
-12.047
-12.829
-12.524
-11.529
-10.765
-11.000
-12.455
-11.987
-13.211
-12.968
2.101
2.712
1.458
1.304
0.562
1.909
0.450
0.045
1.232
-0.730
-1.474
-0.553
-1.598
-0.760
-2.055
-2.532
-3.196
-1.846
-3.380
-2.729
-4.692
-5.002
-5.646
-6.031
-5.145
-6.844
-7.260
-7.666
-6.550
-5.612
-6.356
-7.672
-7.818
-7.362
-8.999
-9.381
-8.796
-10.181
-10.317
-10.012
-11.532
-11.634
-12.413
-11.628
-11.415
-10.983
-12.673
14.183
14.354
15.307
14.407
14.124
13.255
15.044
13.895
12.990
12.068
12.913
13.219
15.391
16.335
15.320
15.607
13.134
13.520
13.187
10.618
10.549
10.800
11.830
9.380
8.939
9.282
9.486
7.350
7.277
6.620
6.438
6.796
5.502
5.788
4.458
6.758
6.849
7.425
5.415
5.309
6.178
3.873
3.653
3.245
5.614
5.275
6.670
4.893
5.328
3.854
4.949
5.888
5.007
3.763
3.591
3.892
2.467
2.749
2.184
1.439
1.707
0.561
0.979
1.578
-0.180
-0.326
-1.338
-2.198
-1.680
-0.778
-1.635
-0.065
-0.313
0.429
-1.009
0.474
-0.066
1.408
0.804
1.436
1.431
-0.313
0.090
-0.874
-1.438
-2.119
-0.912
-2.408
-2.915
-3.218
-1.778
3.572
4.385
3.543
2.262
1.439
2.302
1.807
2.625
1.777
0.528
0.463
-0.361
0.270
0.733
0.593
-1.236
-1.241
-1.749
-2.114
-1.573
-3.489
-3.897
-4.383
-5.313
-3.918
-5.022
-5.337
-5.862
-4.044
-3.245
-3.527
-4.627
-5.173
-5.388
-3.649
-2.886
-3.236
-4.465
-5.014
-5.255
-3.488
-3.157
-2.561
-4.072
-3.579
-4.089
-5.055
12.544
12.461
13.229
11.578
12.784
12.951
13.708
11.927
13.633
14.554
13.595
13.675
11.290
10.473
11.305
11.055
12.550
12.497
13.470
9.966
10.047
9.648
11.372
8.937
8.228
8.815
8.026
6.790
6.996
5.902
6.039
6.924
4.793
5.046
4.832
6.005
5.793
6.434
4.619
4.435
5.302
3.007
2.906
2.404
3.533
3.497
3.672
2.221
2.262
1.934
1.060
1.103
1.335
-0.287
-0.223
-0.465
-1.431
-1.329
-1.235
-2.826
-3.602
-3.128
-3.014
-2.859
-3.323
-3.435
-3.610
-4.680
-3.064
-3.381
-3.279
-2.427
-4.495
-4.901
-5.350
-4.156
-3.798
-3.365
-5.333
-5.838
-6.159
-4.953
-4.584
-4.221
-6.128
-6.487
-7.006
-5.787
-5.423
-4.926
-6.704
2.508
2.643
2.925
0.997
0.815
0.932
0.057
0.125
0.597
-1.386
-1.869
-1.440
-2.161
-1.633
-2.250
-3.554
-3.938
-3.482
-4.500
-4.318
-5.599
-6.243
-6.213
-5.985
-5.769
-7.732
-7.855
-8.146
-8.507
-9.603
-8.122
-8.250
-8.830
-7.165
-8.716
-9.787
-8.198
-8.493
-7.433
-8.566
-9.409
-10.477
-9.228
-9.129
-9.267
-9.821
-8.092
11.869
11.422
12.340
10.720
10.773
10.320
11.284
10.072
12.398
11.643
12.710
13.276
12.869
12.529
13.001
13.861
10.861
9.906
10.586
12.759
13.795
13.244
11.684
11.854
11.713
11.963
12.257
10.231
10.130
9.939
9.174
8.790
8.751
8.953
9.379
9.164
9.053
9.670
7.905
7.969
8.926
6.569
6.677
5.790
7.312
7.096
7.206
6.294
5.867
6.737
5.141
5.536
4.783
3.910
3.698
4.374
2.765
3.147
2.223
1.578
0.658
1.419
1.841
2.879
0.935
1.288
-0.512
-0.990
-0.780
-1.102
-0.575
-0.904
-2.608
-2.967
-2.771
-3.136
-2.780
-2.750
-4.610
-5.067
-4.825
-5.149
-5.090
-4.365
-6.513
-6.696
-6.401
-7.674
-7.643
-7.389
-8.640
6.077
6.869
5.692
4.866
4.198
5.128
4.024
4.786
3.437
3.047
2.908
3.722
1.706
1.190
1.866
0.821
0.606
1.347
-0.419
-0.897
-0.987
-1.856
-0.538
0.557
-0.564
-1.389
-1.216
-2.455
-1.236
-0.158
-1.570
-1.956
-1.726
-1.636
-3.451
-3.985
-3.721
-4.248
-3.861
-5.348
-4.030
-4.161
-2.994
-5.011
-6.059
-4.778
-4.931
9.863
8.307
7.876
8.057
10.270
9.620
10.150
11.273
10.190
9.700
9.734
11.242
10.559
10.412
11.621
10.109
7.604
6.495
7.845
7.549
7.714
8.316
8.006
6.028
5.524
6.329
4.939
4.661
4.087
3.928
2.710
2.236
2.029
2.149
2.388
5.640
6.281
6.264
4.847
5.066
5.918
3.971
2.970
4.262
0.504
0.333
0.290
-0.436
-0.346
-0.298
-1.869
-2.093
-2.246
-2.908
-2.896
-2.464
-4.202
-4.029
-4.604
-5.253
-4.823
-6.020
-5.879
-5.220
-7.112
-7.408
-8.102
-8.636
-7.586
-9.206
-9.719
-9.975
-8.571
-8.158
-7.808
-9.476
-10.013
-10.296
-8.937
-8.283
-8.407
-10.096
-10.844
-9.747
-10.726
-9.893
-11.427
-11.536
-10.793
-12.089
-12.097
3.663
4.621
3.084
3.123
3.863
3.194
1.686
1.574
1.395
0.558
0.822
0.513
-0.775
-1.226
-0.629
-1.900
-1.568
-2.767
-2.122
-1.365
-3.217
-3.292
-4.445
-4.336
-4.630
-5.718
-5.933
-5.561
-7.019
-7.747
-7.427
-6.724
-6.154
-6.031
-7.936
-8.108
-7.663
-9.164
-9.552
-8.939
-10.221
-9.938
-10.569
-11.471
-12.308
-11.803
-11.052
13.610
12.366
11.671
11.925
14.622
15.516
14.262
14.903
13.318
14.214
12.607
12.982
14.268
13.545
14.654
15.065
12.503
13.227
11.531
11.813
11.092
12.522
12.901
10.745
10.443
10.726
11.038
8.903
8.634
8.348
8.737
9.280
8.433
9.327
7.818
8.189
8.325
8.807
6.819
6.279
6.910
4.795
4.276
4.536
7.726
8.331
7.698
6.204
6.173
5.856
5.244
5.339
5.564
3.808
3.116
3.920
3.150
3.477
3.422
1.638
1.002
1.426
1.255
2.074
0.045
-0.320
-1.109
-1.292
-1.026
-2.383
-2.593
-3.303
-2.313
-1.414
-3.194
-2.459
-1.561
-2.334
-3.832
-4.539
-3.908
-4.328
-3.684
-4.155
-5.845
-5.952
-6.455
-6.137
-5.405
-7.180
-6.046
4.131
4.554
4.633
2.597
2.150
2.143
2.080
2.532
2.210
0.538
0.151
0.368
-0.357
-0.013
-0.272
-1.731
-1.716
-2.039
-2.661
-2.347
-3.779
-4.373
-4.373
-3.752
-4.717
-5.645
-5.927
-6.526
-5.392
-4.358
-6.076
-5.626
-5.116
-5.169
-7.145
-7.494
-7.667
-7.512
-6.989
-7.165
-9.020
-9.470
-9.538
-9.395
-8.932
-10.485
-9.037
10.210
9.035
8.261
9.411
9.738
10.658
9.174
9.048
11.291
11.832
10.870
12.022
10.659
11.382
11.114
9.801
8.290
7.459
7.771
9.068
9.342
10.047
9.019
7.598
7.050
7.511
7.336
5.533
5.495
4.989
5.036
5.405
4.696
4.825
5.521
4.957
5.387
5.394
3.501
2.936
3.448
1.415
1.277
1.193
3.277
3.100
3.210
2.057
2.373
1.712
0.929
1.276
0.152
0.338
0.129
1.047
-0.890
-1.282
-0.539
-2.081
-2.621
-1.838
-2.801
-2.122
-4.047
-4.364
-5.048
-4.837
-5.790
-5.518
-5.360
-4.828
-7.044
-7.536
-7.558
-7.356
-6.695
-7.111
-8.819
-9.147
-8.887
-9.865
-9.960
-9.653
-11.330
-11.274
-11.498
-12.407
-12.220
-13.434
-12.306
0.536
0.822
0.909
-0.973
-1.182
-1.269
-1.956
-1.702
-1.751
-3.397
-3.570
-3.679
-4.500
-4.527
-5.472
-4.283
-4.995
-3.290
-4.411
-3.454
-5.465
-5.400
-6.845
-6.848
-7.599
-7.255
-7.191
-6.557
-8.741
-8.870
-9.445
-9.071
-8.577
-8.606
-10.572
-10.820
-11.092
-11.334
-12.323
-10.984
-11.726
-10.952
-11.757
-13.010
-13.003
-13.104
-13.890
12.660
11.246
10.976
11.440
13.683
13.689
13.607
14.692
12.710
12.437
13.665
11.970
12.896
12.693
13.886
12.178
10.097
9.088
10.038
9.751
10.437
10.006
10.227
8.182
7.392
7.771
7.374
5.977
6.140
5.082
4.504
4.923
3.168
3.318
2.690
5.518
5.777
6.068
4.061
3.714
4.459
2.223
1.975
1.599
2.118
1.829
2.655
0.982
1.486
0.491
-0.015
-0.119
0.541
-1.222
-1.530
-0.984
-2.552
-2.253
-2.718
-3.857
-4.760
-3.772
-3.946
-2.930
-5.001
-5.018
-6.386
-6.882
-6.309
-7.117
-6.637
-6.938
-8.647
-9.117
-8.778
-9.327
-8.760
-9.567
-10.728
-11.348
-11.221
-10.464
-10.003
-9.668
-11.757
-11.464
-12.509
-12.337
-12.880
-11.468
-13.012
1.971
2.762
1.959
0.606
0.357
0.524
-0.506
-0.431
-0.345
-1.937
-2.610
-2.295
-2.107
-1.428
-1.757
-3.593
-4.263
-3.770
-3.989
-3.326
-5.032
-5.032
-6.019
-5.985
-7.041
-5.851
-6.249
-4.786
-6.547
-7.579
-5.970
-6.604
-7.128
-7.078
-5.165
-5.326
-4.530
-4.317
-4.820
-4.235
-2.894
-2.079
-2.783
-2.667
-1.632
-3.352
-2.952
10.269
9.203
8.303
9.413
9.988
8.971
10.572
10.311
11.586
12.268
12.075
11.397
10.314
9.351
10.815
10.867
8.747
8.109
8.109
10.086
10.456
11.107
9.817
8.693
8.301
8.992
8.343
6.860
6.445
6.006
5.650
5.815
5.078
6.014
4.529
6.815
7.557
7.170
5.514
5.011
5.721
3.530
3.280
3.349
4.266
4.771
4.249
2.876
2.354
3.017
1.956
2.092
0.875
2.240
2.564
2.996
0.965
0.632
0.194
1.246
1.992
0.303
1.882
2.907
1.383
2.105
0.094
0.333
-0.282
-0.973
-0.871
-0.663
-2.399
-2.968
-2.415
-3.119
-4.147
-2.754
-3.005
-3.235
-1.916
-3.823
-3.914
-3.374
-5.258
-5.301
-5.697
-6.101
-7.155
-5.907
-5.658
2.660
2.871
2.905
1.198
0.979
0.921
0.213
0.370
-0.765
0.184
1.170
-0.132
-0.669
-0.230
-0.617
-2.125
-2.685
-2.098
-2.786
-2.328
-3.963
-4.416
-4.800
-4.496
-4.632
-6.303
-6.828
-6.374
-7.141
-6.803
-6.963
-8.671
-8.757
-9.111
-9.419
-9.088
-10.525
-9.180
-8.096
-9.718
-9.519
-8.678
-9.573
-10.818
-10.625
-11.277
-11.599
8.817
9.111
10.144
9.051
10.045
9.869
10.927
10.306
8.613
7.665
9.419
8.698
7.649
7.656
7.511
6.781
8.228
7.176
8.555
9.219
9.980
9.949
8.209
8.328
7.818
8.059
8.203
6.257
5.956
5.896
5.943
6.035
5.796
6.776
5.522
5.736
6.257
5.865
4.275
3.982
4.743
2.458
2.199
1.917
4.615
4.896
4.649
3.231
3.056
3.178
2.118
1.143
2.367
2.081
2.959
2.232
0.804
0.051
0.679
0.691
0.357
-0.166
1.975
2.871
2.119
2.996
1.080
0.253
1.576
0.490
1.242
-0.108
-0.488
-1.290
0.006
-1.263
-0.668
-1.835
-2.381
-2.899
-1.877
-3.448
-2.901
-4.199
-4.193
-5.056
-4.679
-3.286
-3.943
-2.634
-2.693
1.772
2.243
2.059
0.213
-0.261
-0.098
-0.520
-0.051
-0.416
-2.074
-2.166
-2.421
-3.004
-3.215
-2.507
-4.314
-4.097
-4.843
-5.222
-4.883
-6.394
-6.950
-7.105
-7.007
-6.587
-8.635
-8.547
-9.123
-9.375
-8.741
-9.463
-10.770
-10.805
-11.274
-11.668
-11.578
-11.457
-13.194
-13.268
-13.421
-14.157
-13.861
-13.876
-15.650
-16.086
-15.835
-16.203
12.120
10.878
11.094
10.135
12.010
11.810
12.900
11.099
12.294
13.026
12.380
11.448
13.357
13.156
14.300
13.525
10.298
9.549
11.044
10.055
10.688
10.725
9.830
8.584
7.543
7.145
7.877
6.329
6.740
5.654
5.828
6.645
4.910
4.250
4.314
5.273
4.653
5.858
4.375
3.843
4.034
2.955
3.523
1.923
5.771
6.084
6.650
4.797
5.380
4.056
4.073
3.345
4.782
3.284
4.085
2.788
2.396
3.025
2.056
1.199
0.521
1.308
0.379
0.809
-0.650
-1.023
-1.305
-1.014
-2.377
-0.912
0.184
-1.359
-1.166
-2.116
-1.172
-0.055
0.235
-0.174
1.268
1.385
1.403
2.422
2.323
2.253
3.736
4.485
3.868
4.213
4.259
5.254
3.543
2.832
2.277
3.877
2.070
2.761
1.165
1.628
0.680
2.334
1.253
2.113
1.026
0.081
-0.807
0.281
-0.168
0.743
-0.345
-1.227
-0.998
-2.488
-3.264
-2.982
-3.552
-2.186
-3.885
-4.214
-3.209
-5.122
-5.696
-4.889
-6.065
-5.440
-6.562
-7.176
-6.721
-7.675
-8.153
-8.889
-8.759
-7.492
-6.918
-8.351
-6.597
-7.193
-5.713
-6.441
11.968
11.841
11.790
12.760
13.158
13.295
13.026
14.042
10.743
10.298
11.002
9.979
12.159
13.183
11.870
11.479
10.589
10.300
9.757
11.783
13.164
11.680
10.892
11.100
10.229
10.043
10.698
8.860
9.168
8.460
7.604
7.393
7.077
7.669
7.239
7.834
7.582
8.250
6.653
6.873
7.974
5.507
5.590
4.865
5.628
5.387
5.139
4.777
4.917
4.969
3.240
2.763
3.098
2.624
3.094
2.745
1.201
0.642
1.216
0.546
-0.480
1.201
0.622
1.547
-0.480
-0.347
-1.856
-2.266
-1.898
-2.596
-2.055
-2.922
-3.991
-4.394
-3.820
-5.160
-6.066
-4.842
-5.513
-6.259
-4.734
-5.924
-5.097
-6.867
-6.260
-5.367
-6.727
-7.368
-8.351
-6.988
-7.508
4.754
5.446
4.181
3.837
3.015
4.376
3.403
4.099
3.411
2.079
1.280
1.703
1.944
2.734
2.127
0.696
0.878
-0.201
0.554
1.131
-0.016
-0.029
-0.646
-0.705
-0.010
-2.059
-2.056
-2.646
-2.602
-1.913
-2.620
-3.954
-4.673
-3.851
-4.559
-3.820
-5.528
-4.738
-3.848
-5.559
-5.193
-5.975
-4.438
-5.640
-4.811
-6.424
-6.017
8.846
9.382
10.124
9.964
9.948
10.547
10.613
9.517
8.104
7.426
8.812
7.379
7.809
7.613
6.922
8.059
8.310
7.560
8.859
8.407
8.256
9.802
7.616
7.660
6.465
6.299
6.466
5.223
5.569
4.831
4.419
4.487
3.866
3.175
4.693
3.976
3.769
4.278
2.776
2.881
3.834
1.499
0.763
1.645
3.183
3.938
2.421
2.458
3.325
2.067
1.349
1.735
0.962
0.156
0.650
-0.576
-0.710
-0.115
-1.313
-1.580
-1.926
-0.939
-2.715
-2.374
-4.017
-4.768
-4.690
-4.117
-5.477
-5.457
-5.722
-6.433
-4.659
-4.497
-3.724
-5.301
-4.564
-5.319
-6.574
-7.216
-6.431
-7.261
-6.523
-7.502
-8.466
-9.273
-8.888
-8.229
-8.283
-8.920
-7.224
0.783
1.579
0.114
0.028
-0.424
-0.788
0.906
1.242
1.842
0.183
-0.068
0.993
-0.932
-0.706
-1.783
-1.231
-1.210
-2.248
-0.074
0.903
-0.238
0.579
-1.549
-2.143
-1.307
-2.373
-1.630
-2.819
-3.469
-3.153
-4.142
-4.342
-4.316
-3.888
-5.820
-6.222
-5.777
-6.643
-6.183
-7.612
-7.081
-7.791
-6.181
-7.913
-7.357
-8.876
-8.102
12.835
12.199
12.424
12.633
12.585
13.199
11.533
12.787
14.352
14.765
14.843
14.442
12.429
12.941
12.587
11.369
10.672
10.253
10.301
10.408
11.862
9.610
10.239
9.672
8.244
7.876
8.090
7.420
7.851
7.479
7.110
6.748
7.199
7.571
7.936
5.958
5.574
5.984
4.969
4.699
5.122
3.790
2.907
4.396
5.808
6.078
5.299
4.700
4.450
5.102
3.445
3.531
3.303
2.141
1.928
2.249
0.986
1.356
0.689
-0.324
-0.153
-0.991
-1.226
-0.700
-2.575
-3.103
-3.447
-4.109
-2.850
-4.547
-4.055
-5.018
-5.717
-6.162
-5.200
-6.880
-6.495
-7.597
-7.603
-6.938
-8.246
-8.473
-9.205
-7.730
-9.112
-8.315
-9.691
-10.113
-10.502
-10.974
-9.649
3.361
4.172
3.219
2.027
2.117
1.873
0.857
0.859
0.988
-0.499
-0.435
-0.821
-1.628
-1.591
-1.456
-3.020
-3.009
-2.883
-4.196
-4.307
-5.056
-6.047
-4.863
-4.983
-3.817
-5.810
-5.847
-5.511
-7.297
-7.389
-7.386
-8.226
-7.656
-8.383
-9.607
-9.908
-9.400
-10.569
-10.596
-10.187
-11.982
-12.063
-12.139
-13.091
-12.911
-13.126
-14.121
10.193
8.934
8.360
8.375
11.046
11.252
10.486
11.944
11.019
11.142
11.920
10.582
9.868
10.743
9.663
9.047
8.969
7.961
9.683
8.495
7.837
9.326
9.457
7.649
6.240
5.846
5.677
5.929
4.842
6.166
5.333
4.453
5.726
6.329
6.224
6.650
7.717
6.529
6.152
5.532
5.150
5.281
5.379
6.001
4.429
3.697
4.666
3.888
3.131
4.669
3.467
4.233
2.761
2.578
1.885
3.161
1.690
2.276
0.987
0.948
1.684
0.314
0.089
0.650
-1.284
-1.776
-2.203
-2.777
-1.647
-3.085
-3.640
-2.507
-4.020
-3.378
-4.169
-5.358
-5.835
-5.416
-6.347
-7.264
-5.884
-6.764
-5.927
-7.257
-7.846
-8.101
-8.691
-7.329
-7.894
-7.497
-6.241
3.910
3.829
3.869
2.728
2.961
2.495
1.475
1.154
1.629
0.256
0.252
0.375
-0.963
-0.710
-1.176
-2.267
-1.956
-2.274
-3.581
-3.523
-4.695
-5.635
-4.798
-4.512
-4.044
-6.100
-7.005
-6.050
-6.360
-6.535
-5.490
-7.638
-7.616
-7.740
-8.864
-8.949
-8.796
-10.132
-10.257
-10.205
-11.116
-10.835
-11.060
-12.522
-12.776
-12.685
-13.188
10.160
11.143
11.878
11.747
9.474
9.948
8.442
9.371
9.104
9.479
8.251
8.704
10.742
10.006
11.283
11.509
10.658
9.820
11.426
9.776
9.715
10.744
10.106
8.312
7.203
7.541
6.431
6.625
7.351
5.401
5.444
6.423
3.915
3.586
3.320
6.420
7.406
5.977
5.462
4.254
3.814
3.337
3.420
3.772
3.659
4.221
4.098
2.164
1.777
2.060
1.242
1.606
1.266
-0.214
-0.521
-0.253
-1.291
-1.095
-1.182
-2.763
-3.238
-2.612
-3.404
-2.897
-4.547
-4.957
-5.367
-4.895
-6.409
-5.568
-5.830
-4.571
-6.626
-6.474
-7.561
-6.780
-7.355
-5.830
-7.498
-8.343
-7.857
-6.539
-6.759
-5.546
-6.640
-6.447
-7.703
-5.895
-5.790
-6.241
-4.829
1.871
1.200
1.557
1.663
2.478
1.662
0.378
0.258
-0.484
0.129
1.049
-0.255
-0.950
-1.871
-0.625
-1.001
-1.296
0.059
-1.844
-1.152
-3.123
-3.660
-4.092
-3.581
-4.460
-5.244
-5.974
-4.979
-6.136
-6.496
-5.493
-7.415
-7.179
-7.958
-8.549
-8.658
-9.499
-8.387
-7.420
-8.277
-9.442
-10.385
-9.647
-9.101
-8.152
-9.122
-9.976
14.577
13.347
13.227
13.519
14.328
15.210
13.532
14.147
14.869
15.197
14.039
15.623
15.777
15.560
16.589
16.017
11.929
11.157
11.642
11.765
12.602
12.055
12.143
10.200
9.432
9.741
9.568
7.940
7.476
7.412
7.426
7.858
6.625
7.391
6.011
7.540
7.981
8.063
6.112
5.341
5.651
3.921
3.606
4.006
5.717
4.940
6.346
5.038
5.621
4.452
4.143
3.536
4.818
3.174
3.726
2.426
2.370
2.984
2.054
1.230
0.465
1.708
0.458
0.739
-0.447
-0.982
-0.851
-1.884
-0.144
-0.578
0.376
-1.349
-0.849
-1.729
0.031
-0.926
-0.199
-1.923
-0.595
-1.347
-0.593
0.706
1.649
0.612
1.145
0.554
1.111
2.560
2.867
3.247
2.714
2.853
2.872
2.958
1.404
1.229
1.286
0.379
0.774
0.338
-1.077
-1.062
-1.490
-1.877
-1.704
-1.492
-3.424
-3.577
-4.016
-3.943
-3.227
-5.215
-5.495
-6.320
-6.039
-7.241
-6.604
-5.745
-7.371
-7.064
-6.278
-8.026
-7.130
-7.784
-6.057
-7.525
-8.503
-6.727
-7.619
-8.407
-6.635
-8.228
-7.687
-9.315
-7.935
-8.453
-6.870
-8.293
13.450
12.392
12.753
12.250
12.846
13.506
12.777
11.917
14.664
14.421
15.631
14.945
13.766
12.822
14.338
14.304
10.954
10.467
10.248
11.046
11.595
11.687
10.964
9.487
8.553
8.330
8.965
7.180
7.420
6.722
6.058
5.733
5.810
6.736
5.727
6.205
6.318
6.552
4.830
4.557
5.371
3.061
3.018
2.705
4.495
4.661
4.575
3.172
3.427
2.866
2.049
1.892
2.295
0.710
0.796
0.099
-0.164
0.498
-0.971
-0.736
-1.358
0.191
-1.503
-2.233
-1.236
-1.911
-0.346
-0.710
0.726
-0.517
0.478
-0.398
-1.659
-1.636
-2.615
-1.491
-1.281
-0.569
-2.653
-3.612
-2.472
-2.709
-3.255
-3.312
-1.376
-0.616
-1.501
-0.862
0.056
-1.624
-0.349
2.274
2.411
2.628
0.752
0.538
0.441
-0.040
0.397
0.192
-1.608
-1.929
-1.884
-2.282
-3.114
-1.554
-2.722
-3.574
-1.889
-3.157
-2.829
-3.742
-3.960
-4.187
-4.019
-3.701
-5.701
-5.904
-6.224
-6.196
-6.253
-7.281
-5.380
-4.318
-5.828
-5.327
-4.457
-6.270
-5.108
-4.916
-4.204
-6.316
-6.455
-7.233
-6.247
-5.541
-7.246
-6.015
9.355
7.902
7.789
7.325
10.100
10.171
11.063
9.612
9.548
10.553
8.802
9.366
9.896
9.679
10.964
9.439
7.192
6.252
7.678
7.490
7.328
8.842
6.908
6.469
5.076
4.967
4.761
4.199
3.167
4.174
3.520
2.795
3.777
4.636
4.152
4.692
5.655
4.967
3.629
3.714
4.660
2.424
1.625
2.561
2.510
1.646
2.198
2.684
3.302
3.230
1.292
1.458
0.505
0.743
0.557
1.618
-0.563
-0.366
-1.162
-1.268
-0.684
-2.083
-1.734
-1.016
-2.922
-3.180
-4.070
-3.782
-4.149
-5.289
-5.714
-4.923
-6.430
-5.919
-6.636
-7.700
-8.494
-8.140
-7.502
-6.452
-7.507
-8.412
-9.439
-8.272
-8.288
-7.218
-8.725
-8.984
-10.030
-8.470
-9.157
2.083
2.851
1.189
1.890
1.126
2.861
1.646
1.579
2.462
0.421
0.620
0.283
-0.870
-0.755
-1.627
-1.342
-0.519
-1.651
-2.622
-2.850
-3.578
-4.529
-3.464
-2.501
-4.237
-3.693
-2.960
-3.677
-5.074
-5.308
-4.976
-6.334
-6.225
-6.515
-7.587
-7.278
-7.983
-8.798
-9.066
-9.648
-8.528
-8.419
-7.610
-9.575
-9.165
-9.916
-10.451
16.132
14.881
14.444
15.170
16.994
17.065
18.006
16.536
15.720
15.185
14.969
16.565
16.873
17.396
17.467
16.231
13.689
12.815
13.172
13.535
13.726
14.182
14.055
11.997
11.171
11.644
10.904
9.799
9.180
9.128
8.236
8.113
7.344
7.897
6.691
10.019
10.886
10.467
8.809
8.064
8.232
6.928
7.367
6.641
6.620
5.704
7.233
6.335
7.206
5.604
5.823
6.631
5.541
4.655
4.011
5.030
3.739
4.308
3.223
2.484
2.040
2.841
1.613
2.085
0.286
-0.290
-0.534
-1.295
0.056
-1.437
-1.214
-1.172
-2.907
-3.072
-3.169
-3.817
-3.920
-3.435
-5.195
-5.088
-5.713
-6.164
-5.895
-6.891
-6.728
-6.853
-5.976
-8.076
-8.021
-8.779
-8.577
5.716
5.301
5.888
4.611
5.083
4.266
3.334
3.543
2.892
2.413
2.932
2.132
1.109
0.512
1.455
0.212
0.785
0.004
-1.044
-0.874
-2.332
-3.040
-2.958
-3.806
-2.201
-3.389
-2.629
-4.279
-3.863
-4.395
-2.905
-4.806
-5.566
-4.132
-5.257
-4.343
-5.878
-5.915
-5.056
-6.609
-6.518
-7.384
-5.818
-6.981
-7.420
-6.061
-7.594
10.926
10.383
9.785
9.727
11.459
10.645
12.175
11.829
9.795
9.431
8.990
10.103
11.968
11.459
12.528
12.645
11.403
12.166
10.734
12.707
13.350
13.558
12.152
11.321
10.449
10.830
10.345
9.028
8.603
9.177
8.392
7.760
8.494
9.225
8.993
8.212
8.729
8.375
6.813
6.002
6.304
4.675
4.500
4.742
7.109
6.687
7.205
6.097
6.355
6.254
4.654
4.317
4.543
3.605
3.977
3.490
2.243
1.904
2.349
1.218
1.729
0.952
0.025
-0.525
-0.183
-0.831
0.488
1.566
0.399
-0.051
-0.246
0.731
-1.351
-1.033
-2.043
-2.008
-1.223
-2.854
-2.691
-3.454
-1.953
-3.366
-2.572
-3.813
-4.452
-5.182
-5.021
-4.105
-3.359
-4.965
-3.628
3.603
3.666
3.628
2.153
2.082
1.939
1.119
0.950
1.428
-0.244
-0.758
-0.107
-1.152
-0.774
-1.130
-2.648
-2.783
-2.963
-3.476
-3.199
-4.709
-5.216
-5.518
-5.112
-6.588
-5.608
-6.496
-5.774
-4.411
-3.472
-4.421
-4.381
-5.336
-4.292
-3.254
-3.570
-3.032
-1.927
-1.956
-1.885
-0.644
-0.761
-0.625
0.619
1.472
0.886
0.415
13.727
12.549
11.708
12.695
13.391
12.564
14.320
12.924
14.897
15.814
14.997
14.565
14.429
14.768
13.727
15.251
11.956
10.955
11.750
12.711
12.665
13.777
12.761
11.275
10.933
10.501
11.799
9.693
10.183
8.786
8.377
8.572
7.626
7.691
7.977
8.974
8.588
9.744
7.910
8.180
9.344
6.863
5.969
6.741
6.120
5.733
5.901
5.402
5.644
5.724
3.832
3.528
3.433
3.264
3.436
3.820
1.773
1.411
1.772
0.849
-0.068
1.388
0.812
1.739
-0.323
-0.206
-1.652
-1.628
-1.808
-2.847
-2.705
-3.627
-3.310
-3.352
-2.546
-4.655
-4.646
-5.342
-4.934
-4.152
-5.863
-4.845
-5.515
-3.912
-5.005
-4.917
-4.178
-6.270
-6.251
-7.096
-6.362
6.974
8.001
6.291
6.704
7.578
6.621
5.450
5.567
5.317
4.155
3.368
4.135
3.936
3.960
4.712
2.562
2.450
2.389
1.336
1.670
0.091
-0.647
-0.485
0.164
-0.724
-1.898
-2.511
-1.720
-2.566
-2.748
-1.794
-3.817
-3.520
-4.574
-4.446
-3.643
-5.036
-5.458
-5.039
-6.200
-6.252
-6.589
-5.587
-7.462
-8.144
-8.057
-7.154
11.494
11.935
12.872
12.073
12.474
12.132
13.370
12.582
11.440
11.527
10.471
12.207
10.167
9.699
9.605
10.219
11.190
11.757
11.331
9.440
9.770
10.061
9.817
7.834
7.235
7.661
7.605
5.681
5.288
5.283
5.054
5.032
4.766
5.736
4.274
5.106
5.687
5.408
3.627
3.314
4.017
1.963
2.032
1.163
3.608
2.977
4.113
2.738
3.357
2.537
1.477
0.900
1.697
0.621
0.756
-0.443
1.113
1.110
2.145
0.256
0.864
0.251
-1.110
-1.289
-2.226
-3.141
-2.288
-1.497
-2.187
-3.635
-3.674
-3.553
-4.889
-5.020
-4.846
-6.128
-7.071
-6.183
-6.229
-5.416
-6.142
-7.608
-8.257
-7.909
-7.567
-7.075
-6.903
-8.938
-8.926
-9.388
-9.574
1.675
2.456
1.727
0.295
-0.455
0.193
0.035
0.612
0.514
-1.421
-1.739
-2.031
-1.684
-1.478
-0.965
-3.108
-3.715
-3.500
-3.354
-2.819
-4.061
-4.114
-4.796
-4.107
-5.554
-5.500
-6.405
-5.837
-4.611
-4.208
-3.644
-5.304
-5.436
-6.293
-4.543
-3.648
-4.260
-5.320
-5.639
-6.292
-4.526
-4.228
-3.677
-5.278
-5.857
-4.588
-6.023
10.055
9.105
8.823
9.658
9.390
9.057
10.094
8.542
10.231
10.820
9.291
10.692
11.459
12.036
11.409
11.960
7.749
7.027
7.295
6.523
6.443
6.350
7.826
5.340
4.138
3.976
4.142
2.964
3.034
2.912
2.370
2.366
1.874
2.797
1.564
1.589
1.695
0.808
1.294
0.370
-0.412
0.246
-0.180
1.247
0.653
1.063
0.380
-0.549
-0.895
-0.268
-1.672
-1.295
-1.734
-3.020
-3.395
-2.844
-4.231
-3.962
-4.521
-5.509
-5.844
-5.162
-6.593
-6.602
-7.465
-8.180
-7.441
-8.456
-7.252
-6.424
-5.432
-6.664
-6.168
-6.886
-6.036
-4.829
-3.974
-4.860
-4.676
-5.282
-5.070
-3.212
-2.899
-3.152
-2.196
-2.552
-2.034
-0.827
-0.814
-0.076
-0.482
-0.777
-1.050
-1.683
-0.238
0.327
0.581
-1.205
-0.565
-1.786
-2.012
-1.201
-2.554
-2.881
-3.575
-2.265
-3.612
-2.876
-4.034
-4.637
-4.529
-5.855
-6.539
-6.202
-5.372
-6.393
-7.571
-7.499
-7.775
-8.711
-8.361
-9.039
-9.940
-10.528
-10.448
-9.822
-9.062
-9.363
-11.142
-11.519
-11.825
-10.940
-10.520
-10.286
-12.342
-12.382
-13.042
-12.934
11.460
10.431
10.096
10.838
10.894
10.033
10.781
11.628
11.948
12.567
12.422
11.056
12.591
12.135
13.422
12.843
9.081
9.263
8.596
7.409
7.041
8.004
8.395
6.058
5.786
6.432
6.013
4.381
4.127
3.352
3.381
4.044
2.337
2.167
2.724
4.269
4.439
5.129
2.973
2.837
3.814
1.314
1.072
0.935
0.935
0.333
0.932
0.128
0.637
0.108
-1.324
-1.712
-1.956
-1.498
-1.242
-0.870
-2.942
-3.207
-3.606
-3.272
-3.043
-4.376
-2.693
-1.597
-3.293
-2.689
-4.761
-5.318
-5.422
-4.823
-4.458
-4.025
-6.203
-6.579
-6.769
-6.311
-5.324
-6.494
-7.457
-8.361
-7.267
-7.804
-6.824
-8.414
-8.471
-8.014
-8.248
-10.021
-10.265
-10.410
-10.592
0.602
0.890
-0.494
0.973
0.843
2.039
0.011
0.440
0.204
-1.468
-1.647
-1.797
-2.364
-2.627
-1.809
-3.736
-4.363
-3.587
-4.427
-4.905
-4.679
-5.196
-4.341
-5.327
-3.642
-3.713
-3.054
-3.126
-4.779
-5.418
-5.479
-4.169
-4.830
-3.366
-3.670
-3.168
-2.883
-4.763
-4.335
-5.538
-5.624
-6.470
-6.232
-4.755
-4.115
-5.368
-4.059
13.189
11.764
11.457
11.710
13.557
13.409
12.926
14.614
14.171
15.173
13.939
14.148
13.281
12.943
12.562
14.247
10.651
11.022
9.689
10.158
10.483
10.525
10.603
8.561
7.685
6.870
8.135
7.183
8.032
6.283
6.804
7.939
5.691
5.794
4.716
6.410
5.564
7.175
5.845
6.601
7.671
5.888
4.904
5.546
5.765
6.793
5.103
5.250
5.359
5.951
3.769
3.209
3.312
3.469
3.812
4.138
2.007
1.689
1.293
2.078
2.381
2.981
0.893
0.725
0.073
-0.657
0.049
-0.986
0.683
0.427
-0.344
0.595
1.753
2.556
1.700
2.229
1.558
2.143
3.616
4.357
3.575
3.978
3.048
4.297
5.072
5.037
4.897
6.447
6.461
7.182
6.798
6.716
7.776
6.577
6.343
6.595
5.239
6.857
6.399
7.961
6.223
6.363
5.125
6.798
6.509
7.905
6.265
6.547
5.155
6.805
7.886
6.094
6.598
4.621
4.509
4.436
3.500
2.507
3.503
3.570
3.318
4.628
2.520
2.757
1.545
2.487
1.837
3.471
2.091
1.040
2.689
2.189
1.945
3.180
1.289
0.238
1.318
1.714
12.704
11.872
12.378
12.093
14.117
14.201
14.801
14.474
12.530
12.791
13.085
11.516
12.355
12.936
11.326
12.558
10.347
9.792
9.987
10.132
10.320
11.160
10.000
8.730
8.144
8.734
8.164
6.708
6.231
5.925
5.475
5.581
4.764
5.576
4.120
6.646
7.162
7.359
5.329
4.956
5.640
3.522
2.878
2.875
3.797
4.361
3.349
2.569
2.251
2.838
1.396
1.922
0.986
0.306
-0.407
0.673
-0.668
0.023
-1.037
-1.878
-2.423
-1.529
-2.733
-2.262
-3.987
-4.533
-4.902
-4.445
-5.038
-6.204
-6.690
-6.742
-6.224
-5.731
-5.541
-7.569
-7.477
-8.007
-8.617
-9.570
-8.767
-8.242
-9.197
-7.567
-7.728
-7.994
-8.178
-6.230
-5.799
-5.938
-6.006
3.492
2.439
4.160
4.018
4.030
5.082
2.986
3.102
1.966
2.935
3.861
3.058
1.667
0.782
1.479
1.748
2.178
0.674
2.161
3.254
1.368
1.874
-0.119
-0.546
-0.588
-0.695
-0.267
-1.789
-0.488
-0.875
0.600
-1.404
-1.080
-2.426
-1.060
-0.035
-1.010
-2.063
-2.107
-3.108
-1.669
-1.702
-0.634
-2.650
-3.161
-3.485
-2.214
6.943
6.746
5.724
7.234
8.346
8.566
8.536
9.119
6.739
6.894
5.759
7.469
5.972
6.219
6.068
4.943
7.210
8.285
6.688
8.142
8.530
9.253
7.074
7.215
6.832
7.750
6.283
6.000
5.592
4.873
3.790
3.756
2.523
2.451
2.692
6.837
7.379
7.693
6.126
5.637
5.598
4.985
4.427
5.872
1.203
1.066
0.315
0.956
1.117
1.854
-0.268
-0.431
-1.222
0.026
0.980
-0.766
0.210
-0.764
1.089
0.358
1.275
-0.602
0.507
1.111
0.005
0.090
-0.897
-0.402
-1.764
-1.577
-0.772
-2.150
-2.515
-3.168
-1.764
-3.313
-2.604
-3.843
-4.389
-4.957
-5.100
-3.626
-2.752
-3.297
-4.456
-4.805
-3.777
-5.752
-5.887
-6.680
-5.718
3.849
3.237
3.163
4.375
4.864
5.158
3.151
2.338
3.378
2.687
3.465
1.791
2.377
1.564
3.282
1.930
2.740
1.813
0.589
0.636
-0.645
-1.532
-0.963
-1.466
-0.129
-1.951
-1.566
-2.838
-2.258
-1.486
-2.164
-3.656
-3.946
-3.693
-4.691
-4.730
-4.351
-6.127
-6.582
-5.885
-6.901
-7.540
-6.202
-7.694
-7.193
-8.124
-8.621
12.412
11.006
11.120
10.768
13.445
14.389
13.520
13.231
12.673
11.828
13.035
13.442
12.451
13.431
11.673
12.181
9.748
8.888
9.986
8.760
8.594
9.436
9.525
7.319
6.203
6.142
5.326
6.017
7.038
5.038
5.318
6.150
4.295
4.513
4.424
5.852
6.809
5.856
4.747
3.641
3.328
2.659
3.144
2.624
2.846
2.645
2.619
1.814
2.045
2.054
0.373
0.061
-0.271
-0.069
0.064
0.658
-1.519
-1.624
-2.274
-1.797
-0.980
-2.732
-1.787
-0.754
-2.761
-2.682
-4.180
-4.105
-4.536
-5.244
-5.351
-5.213
-6.570
-6.691
-6.598
-7.750
-8.743
-7.548
-7.868
-8.806
-6.919
-8.166
-8.306
-7.305
-9.390
-9.093
-10.094
-10.197
-10.813
-9.616
-10.784
1.292
1.278
0.960
0.313
-0.724
0.380
0.604
1.610
0.455
-0.364
-0.058
-1.401
-0.400
-0.993
0.640
-1.040
-0.252
-1.172
-2.337
-2.285
-3.514
-4.357
-3.779
-3.369
-3.350
-5.281
-5.788
-5.543
-5.961
-6.112
-5.111
-7.376
-7.592
-7.248
-8.425
-8.608
-7.954
-9.749
-10.216
-9.673
-10.598
-10.643
-11.554
-10.090
-9.031
-10.658
-10.176
12.142
13.126
14.123
13.218
11.986
11.580
12.867
11.304
10.734
10.882
10.270
10.127
12.554
11.665
12.808
13.383
12.727
13.668
12.505
10.780
11.338
10.847
11.644
9.349
8.723
9.116
8.911
7.165
6.705
6.575
5.276
4.710
4.687
5.110
4.831
6.825
7.456
7.214
5.367
4.573
4.794
3.298
3.500
3.324
3.161
2.854
2.713
2.616
2.790
3.151
1.105
0.879
0.603
0.572
0.502
1.266
-0.869
-0.912
-1.447
-1.447
-2.542
-1.049
-0.941
0.072
-1.673
-1.215
-3.120
-3.759
-3.490
-3.339
-2.575
-3.128
-4.815
-5.435
-5.233
-4.833
-4.095
-4.453
-6.207
-6.747
-6.769
-6.385
-6.027
-5.845
-7.825
-8.254
-8.343
-8.060
-7.473
-7.827
-9.147
1.932
1.745
1.984
0.827
1.198
0.693
-0.527
-0.790
-0.469
-1.612
-2.458
-1.957
-1.141
-0.314
-0.667
-2.269
-2.611
-3.075
-1.857
-0.770
-2.612
-2.113
-4.006
-4.459
-4.043
-4.980
-5.973
-4.726
-5.138
-4.145
-5.647
-5.981
-7.019
-5.655
-6.166
-6.548
-5.112
-7.161
-8.178
-6.738
-7.212
-6.190
-7.420
-8.128
-8.214
-9.108
-7.792
12.182
11.507
10.809
12.249
13.260
13.707
14.051
12.812
12.931
12.243
13.539
13.516
11.186
11.551
10.455
10.512
10.711
10.463
9.679
12.184
12.968
13.074
11.346
11.229
10.058
10.038
10.222
8.706
8.668
8.860
8.203
7.589
8.333
8.018
9.425
7.431
7.658
7.393
6.159
5.429
5.811
3.999
3.522
4.057
7.489
7.843
7.765
6.013
5.733
5.890
5.140
5.212
5.607
3.655
3.507
3.126
2.907
3.235
3.297
1.380
1.051
0.900
0.876
0.919
0.637
0.440
0.434
1.263
0.649
-0.938
-1.082
-0.985
-1.957
-1.478
-1.945
-3.362
-4.056
-3.678
-3.527
-3.107
-3.084
-5.056
-5.480
-5.696
-5.201
-4.768
-4.663
-6.630
-6.891
-7.332
-6.799
3.299
3.478
3.486
1.733
1.510
1.386
0.956
1.209
1.172
-0.532
-1.044
-0.742
-1.212
-0.485
-1.344
-2.546
-2.905
-2.650
-3.581
-3.239
-4.860
-5.413
-5.660
-5.939
-5.011
-6.997
-6.800
-7.479
-7.793
-7.969
-8.800
-7.154
-6.768
-6.294
-8.105
-8.613
-7.484
-9.096
-9.959
-9.571
-8.358
-7.699
-7.819
-9.233
-9.836
-8.500
-10.007
8.990
8.694
7.701
8.671
8.854
9.231
9.431
7.842
10.397
10.608
10.399
11.159
8.076
7.095
8.271
8.062
9.651
10.691
9.322
8.457
8.615
8.282
9.621
7.226
5.987
5.361
6.097
5.086
5.682
4.286
3.692
3.690
2.668
1.885
3.180
4.152
4.810
3.695
3.174
2.330
2.464
1.193
1.379
1.282
2.023
2.673
1.401
1.066
1.654
0.856
-0.198
0.120
-0.602
-1.253
-1.718
-0.788
-2.346
-2.199
-2.246
-3.806
-4.405
-4.063
-4.156
-3.876
-4.867
-5.099
-5.477
-4.876
-5.555
-6.960
-7.062
-7.264
-7.837
-7.908
-7.432
-9.313
-9.388
-9.781
-10.052
-9.954
-9.614
-11.560
-11.705
-12.100
-12.145
-12.108
-11.687
-13.655
-14.154
-14.018
-13.726
-0.181
-0.027
-0.288
-1.327
-1.503
-1.065
-2.627
-2.404
-2.987
-3.667
-3.410
-3.641
-5.085
-5.276
-5.041
-6.190
-7.113
-6.493
-5.810
-4.909
-6.358
-5.915
-7.585
-7.722
-7.422
-8.924
-9.147
-9.576
-8.894
-8.488
-8.203
-10.256
-10.055
-10.454
-11.525
-11.560
-12.416
-11.560
-10.637
-11.526
-12.790
-13.641
-12.672
-12.956
-12.057
-13.181
-13.826
7.476
6.474
5.730
5.934
8.315
7.775
8.829
8.978
6.762
6.306
5.972
7.541
8.405
8.948
9.094
7.878
6.897
5.979
7.272
8.122
9.552
7.599
7.823
7.351
6.704
6.854
7.278
5.124
4.992
4.503
3.559
3.309
2.957
2.761
3.676
4.472
4.738
4.864
2.997
2.397
2.996
0.897
0.589
0.616
1.683
1.969
0.872
1.268
1.126
2.078
-0.023
-0.363
0.118
-1.249
-2.102
-0.991
-1.825
-0.898
-2.314
-2.682
-2.207
-2.779
-4.002
-4.272
-4.775
-5.710
-4.605
-3.602
-5.329
-4.824
-5.897
-4.336
-4.421
-3.340
-4.823
-4.592
-5.314
-4.975
-3.291
-2.589
-2.939
-3.650
-4.394
-3.975
-2.415
-1.623
-1.974
-2.804
-3.002
-1.988
-3.761
0.230
0.672
0.608
-1.310
-1.480
-1.760
-2.150
-1.825
-3.051
-2.611
-3.105
-3.284
-1.443
-1.038
-0.658
-1.956
-2.274
-2.828
-0.889
0.068
-0.941
0.011
-2.104
-3.073
-1.975
-2.173
-1.116
-2.506
-2.967
-2.716
-2.820
-4.489
-4.760
-4.750
-5.296
-5.016
-5.011
-6.776
-7.000
-7.050
-7.691
-7.732
-7.289
-9.112
-9.790
-9.091
-9.605
13.011
11.858
11.044
12.142
13.350
13.626
14.099
12.441
12.544
13.274
12.518
11.682
14.199
14.984
14.084
14.612
11.127
10.871
11.884
9.615
10.617
9.462
9.963
8.212
7.395
7.204
7.780
5.941
6.051
5.434
5.475
6.256
4.407
4.731
4.058
5.006
4.785
5.535
3.708
3.313
3.934
2.092
1.567
1.455
3.185
2.692
3.490
2.238
2.853
1.884
0.969
0.480
1.401
0.006
0.536
-0.402
-1.117
-1.499
-0.639
-2.192
-2.994
-1.829
-2.759
-2.059
-4.057
-4.461
-5.240
-4.995
-5.476
-6.516
-7.391
-6.776
-6.351
-5.547
-6.208
-7.594
-7.745
-7.371
-8.845
-8.630
-8.903
-10.090
-9.880
-11.006
-10.391
-10.015
-9.803
-11.904
-12.039
-12.333
-12.569
2.399
2.951
3.046
1.113
1.400
0.841
-0.003
-0.452
0.158
-1.199
-1.255
-0.836
-2.549
-2.435
-2.800
-3.685
-4.534
-3.322
-4.088
-3.399
-5.009
-5.164
-5.918
-6.027
-5.426
-7.379
-7.792
-7.834
-7.488
-6.984
-7.040
-9.020
-9.603
-9.376
-9.417
-10.504
-9.277
-8.706
-8.761
-7.612
-9.344
-8.675
-9.589
-10.660
-11.460
-10.652
-11.082
13.173
12.571
12.814
13.032
12.878
13.431
11.860
13.208
14.682
15.170
15.098
15.018
12.668
13.248
12.853
11.611
11.050
11.010
10.445
10.344
11.418
10.146
10.530
8.980
7.869
7.673
7.895
6.530
5.751
6.479
6.538
6.393
6.662
7.617
6.808
6.431
7.170
6.735
5.154
4.153
4.371
2.802
3.162
2.476
5.606
5.442
6.084
4.278
3.710
3.663
4.345
3.426
5.284
4.233
4.979
3.224
4.486
3.898
5.531
4.306
4.902
3.244
4.744
5.726
4.157
4.797
2.720
2.205
2.205
2.719
3.510
1.713
3.094
2.460
4.086
3.283
3.900
3.928
2.036
1.356
1.431
2.307
2.856
3.056
1.085
0.763
0.294
1.306
2.054
0.352
1.680
1.785
2.290
1.314
0.543
0.262
0.844
-0.560
-0.752
-1.478
-0.251
0.681
-0.048
-1.281
-2.296
-1.463
-0.704
-0.833
0.355
-1.536
-2.603
-1.090
-1.819
0.328
0.744
0.268
1.226
0.745
1.278
2.572
2.449
2.996
3.653
3.327
4.693
3.781
2.844
3.967
4.952
5.841
5.051
4.856
4.871
5.821
3.636
3.480
2.687
3.734
-26.947
-26.673
-26.755
-25.707
-28.101
-28.262
-28.927
-28.125
-27.017
-27.229
-26.123
-27.664
-25.783
-24.962
-25.593
-25.865
-27.592
-28.644
-27.627
-25.808
-25.116
-25.884
-27.271
-25.063
-23.697
-23.340
-23.854
-22.562
-22.270
-21.402
-20.740
-20.928
-19.636
-20.120
-19.146
-23.007
-23.365
-23.848
-21.846
-21.580
-22.173
-20.421
-20.319
-20.671
-18.685
-19.222
-18.192
-17.731
-16.758
-18.052
-17.543
-18.459
-17.196
-16.422
-15.409
-16.685
-16.478
-17.461
-16.080
-15.524
-15.911
-14.542
-15.453
-16.349
-14.262
-14.388
-12.839
-12.446
-12.779
-11.948
-12.425
-11.981
-10.572
-10.236
-10.461
-9.557
-9.844
-9.651
-8.114
-7.523
-7.651
-7.947
-6.883
-8.117
-8.835
-9.927
-8.557
-8.626
-7.531
-9.026
-8.979
-19.151
-19.170
-18.309
-18.718
-18.559
-19.531
-17.313
-17.299
-16.546
-17.024
-17.855
-17.125
-15.655
-15.545
-15.587
-14.572
-14.592
-14.762
-13.209
-13.163
-12.089
-11.246
-11.979
-12.627
-10.948
-12.555
-13.649
-12.178
-12.179
-12.356
-11.113
-13.091
-12.973
-14.161
-12.655
-13.107
-11.557
-13.236
-14.347
-12.994
-12.722
-11.681
-12.526
-13.527
-13.060
-14.533
-13.675
-31.549
-31.719
-32.743
-31.297
-32.520
-32.423
-32.252
-33.547
-30.141
-29.745
-30.072
-29.451
-31.919
-32.769
-32.112
-31.077
-31.059
-31.488
-31.167
-29.069
-29.504
-29.344
-29.678
-27.543
-26.602
-26.889
-26.531
-25.147
-24.509
-24.747
-24.357
-24.212
-24.095
-24.292
-24.918
-25.147
-25.953
-25.425
-23.851
-23.650
-24.477
-22.195
-22.090
-21.590
-22.691
-22.681
-22.391
-21.600
-21.969
-20.707
-20.920
-20.456
-21.616
-19.930
-20.462
-19.306
-19.039
-19.681
-18.320
-18.254
-17.760
-18.923
-17.114
-16.455
-16.669
-15.808
-17.306
-18.090
-17.847
-16.253
-15.719
-16.729
-15.391
-16.067
-14.597
-14.861
-14.471
-15.669
-13.616
-13.497
-13.764
-12.339
-12.379
-12.366
-10.978
-10.190
-10.997
-10.795
-9.933
-11.615
-10.544
-21.816
-22.415
-22.122
-20.410
-20.197
-20.297
-19.568
-19.685
-20.005
-17.985
-17.604
-17.505
-17.791
-18.075
-18.504
-16.329
-15.865
-15.743
-16.214
-16.380
-16.003
-15.898
-16.100
-16.270
-16.951
-14.835
-13.945
-14.775
-14.702
-14.709
-15.710
-13.594
-13.614
-13.727
-12.225
-11.988
-11.410
-11.944
-10.883
-12.571
-12.156
-12.322
-13.025
-10.926
-10.494
-10.151
-11.066
-31.520
-31.022
-30.298
-31.714
-30.351
-30.726
-30.010
-29.482
-32.665
-33.365
-32.398
-33.298
-31.976
-31.089
-32.317
-32.641
-30.549
-30.223
-29.671
-31.357
-30.155
-32.581
-31.590
-31.037
-30.052
-29.647
-30.522
-28.831
-29.200
-28.096
-27.411
-27.328
-26.529
-27.105
-26.323
-27.999
-28.659
-27.224
-27.553
-26.256
-25.486
-25.805
-25.640
-26.717
-25.191
-24.696
-25.372
-24.204
-24.684
-24.300
-22.720
-22.459
-22.669
-21.763
-22.072
-21.848
-20.380
-20.107
-20.355
-19.281
-19.500
-19.167
-17.943
-17.222
-17.628
-16.639
-18.548
-19.627
-18.441
-18.178
-18.274
-18.869
-16.829
-16.521
-16.049
-16.810
-16.997
-17.544
-15.385
-15.337
-14.736
-15.069
-14.636
-16.008
-14.079
-14.422
-13.151
-13.638
-13.252
-14.397
-12.782
-24.663
-25.015
-24.454
-23.342
-23.205
-23.438
-22.193
-22.362
-22.286
-20.765
-20.620
-20.582
-19.561
-19.478
-18.645
-19.751
-20.530
-20.063
-18.366
-18.117
-17.492
-16.511
-17.764
-18.844
-17.231
-17.417
-18.007
-17.594
-15.907
-15.742
-15.615
-14.867
-14.957
-15.128
-13.457
-12.731
-13.405
-13.095
-12.921
-13.948
-11.849
-12.171
-10.899
-11.566
-10.641
-11.408
-12.291
-29.129
-29.590
-28.843
-30.411
-30.105
-29.516
-30.894
-30.540
-28.725
-29.426
-28.582
-27.828
-27.863
-28.055
-27.478
-27.097
-29.733
-30.091
-28.744
-30.602
-31.050
-31.372
-30.674
-29.053
-28.385
-28.919
-28.326
-26.894
-26.439
-26.250
-26.028
-26.202
-25.583
-25.216
-26.549
-26.649
-26.878
-27.447
-25.357
-24.466
-24.718
-23.060
-22.511
-23.073
-24.511
-24.703
-24.659
-23.029
-23.011
-22.481
-22.501
-22.566
-23.211
-21.052
-20.433
-20.893
-20.757
-21.310
-19.696
-20.939
-20.114
-20.713
-22.336
-22.590
-23.197
-24.144
-22.931
-23.654
-21.886
-23.022
-22.268
-24.049
-22.754
-23.213
-23.288
-21.294
-20.678
-20.813
-21.011
-21.743
-21.154
-19.589
-18.767
-19.451
-19.296
-19.977
-19.551
-17.852
-17.214
-17.633
-17.442
-22.204
-22.303
-22.659
-20.706
-20.237
-20.585
-19.842
-20.318
-19.625
-18.340
-17.767
-18.449
-17.464
-17.870
-17.654
-15.953
-15.715
-15.370
-15.560
-15.794
-15.047
-14.700
-14.627
-14.515
-15.457
-13.329
-13.051
-13.543
-12.112
-11.965
-12.134
-10.805
-10.591
-10.897
-9.656
-9.625
-9.903
-8.395
-8.216
-8.505
-7.245
-7.527
-7.266
-5.825
-5.315
-5.789
-5.123
-36.753
-36.340
-36.312
-37.130
-36.782
-37.394
-35.804
-37.000
-38.136
-38.397
-38.080
-38.870
-35.692
-35.827
-35.676
-34.726
-34.984
-35.152
-34.829
-33.383
-33.482
-34.147
-33.851
-31.898
-31.102
-31.331
-31.495
-29.584
-28.968
-29.454
-28.188
-27.379
-27.871
-27.952
-28.632
-29.179
-29.736
-29.588
-27.750
-27.138
-27.660
-25.646
-25.316
-25.408
-26.523
-26.195
-25.742
-26.502
-27.201
-25.480
-26.540
-25.863
-27.566
-26.173
-26.909
-25.199
-26.264
-26.045
-27.317
-25.141
-25.294
-24.182
-25.339
-26.368
-24.568
-24.817
-23.201
-22.855
-23.222
-22.073
-22.381
-22.106
-20.664
-20.436
-20.401
-19.658
-19.610
-20.073
-18.285
-18.479
-18.038
-17.191
-16.168
-17.362
-17.121
-18.141
-16.762
-16.109
-16.572
-15.880
-15.141
-24.831
-25.055
-25.129
-23.333
-22.794
-23.215
-22.693
-22.873
-22.955
-21.197
-20.865
-20.920
-20.404
-20.628
-20.547
-18.843
-18.589
-18.233
-18.186
-18.489
-17.563
-17.031
-17.019
-17.689
-16.875
-15.600
-15.631
-15.517
-14.476
-14.537
-14.582
-13.115
-12.990
-13.011
-11.999
-11.968
-12.178
-10.605
-10.517
-10.063
-9.722
-10.149
-9.737
-8.294
-8.297
-7.928
-7.653
-26.576
-25.841
-25.448
-26.564
-25.690
-24.858
-25.380
-26.205
-27.196
-27.988
-26.484
-27.548
-27.578
-26.996
-28.184
-28.253
-24.691
-24.342
-23.749
-24.523
-24.684
-25.237
-25.154
-22.997
-22.011
-21.205
-22.366
-21.270
-21.929
-20.907
-21.348
-22.229
-20.463
-21.002
-19.407
-19.988
-19.617
-20.372
-19.051
-18.012
-17.816
-17.138
-17.803
-16.428
-20.545
-21.583
-20.203
-19.589
-19.588
-19.946
-18.094
-18.062
-17.587
-17.387
-17.405
-17.794
-15.943
-15.841
-15.557
-15.116
-15.476
-14.047
-15.302
-16.351
-14.401
-14.685
-13.013
-12.791
-12.200
-12.807
-13.608
-11.948
-12.604
-11.581
-13.362
-12.880
-12.801
-13.921
-11.765
-11.551
-10.807
-12.154
-12.762
-12.764
-10.993
-10.147
-10.749
-11.372
-10.433
-11.956
-11.919
-16.435
-15.965
-17.103
-15.308
-15.748
-14.678
-14.458
-14.214
-15.079
-13.166
-12.394
-12.750
-13.334
-14.139
-13.858
-12.122
-11.379
-12.429
-11.516
-12.128
-10.394
-10.136
-9.529
-9.442
-10.063
-8.172
-8.191
-7.551
-7.345
-7.802
-7.392
-5.869
-5.185
-6.075
-5.108
-5.150
-5.820
-3.772
-3.754
-3.344
-2.815
-3.068
-3.127
-1.320
-1.093
-0.652
-1.003
-31.789
-30.378
-30.391
-29.763
-32.730
-32.358
-32.945
-33.622
-31.661
-30.872
-31.452
-32.553
-32.279
-32.260
-33.285
-31.609
-29.687
-28.664
-30.138
-30.415
-30.669
-31.628
-29.692
-29.334
-28.383
-28.049
-28.693
-27.065
-27.353
-26.590
-25.861
-25.772
-25.311
-25.503
-25.875
-26.061
-26.641
-25.197
-25.725
-24.665
-24.055
-24.148
-24.851
-23.127
-23.771
-23.183
-23.413
-23.424
-24.054
-23.744
-21.942
-21.313
-21.736
-21.683
-22.505
-21.748
-20.443
-19.531
-20.525
-20.286
-21.118
-20.402
-18.988
-18.889
-18.032
-17.070
-18.130
-18.757
-18.639
-16.671
-16.772
-15.912
-16.053
-16.036
-16.682
-14.627
-14.703
-14.095
-13.756
-13.726
-14.176
-12.272
-12.287
-11.774
-11.447
-11.458
-12.146
-10.051
-9.885
-9.659
-9.380
-23.990
-24.943
-23.472
-23.154
-22.316
-23.661
-22.834
-22.379
-23.800
-22.050
-22.701
-21.770
-20.766
-20.130
-20.941
-20.073
-20.878
-19.234
-19.494
-20.149
-18.317
-18.057
-17.479
-18.016
-17.330
-16.140
-16.355
-15.889
-15.073
-15.457
-14.771
-13.850
-13.644
-14.046
-12.573
-12.319
-12.700
-11.348
-11.828
-10.524
-10.805
-10.460
-11.556
-9.699
-8.986
-9.153
-10.078
-31.139
-30.586
-31.047
-30.770
-32.575
-33.181
-32.710
-32.998
-31.128
-31.320
-30.208
-31.837
-30.413
-30.625
-30.751
-29.381
-29.126
-28.665
-28.810
-28.887
-28.491
-30.139
-28.927
-27.777
-26.513
-25.959
-26.564
-25.589
-26.098
-25.454
-24.990
-24.913
-24.439
-24.389
-25.139
-24.192
-23.598
-24.173
-23.491
-23.916
-24.755
-23.285
-23.132
-23.892
-23.041
-22.851
-23.135
-21.996
-22.384
-21.988
-20.688
-20.300
-20.850
-19.784
-20.004
-20.079
-18.261
-17.819
-17.842
-17.790
-18.098
-18.263
-16.265
-15.818
-15.424
-14.359
-15.878
-16.900
-15.218
-15.955
-16.652
-16.210
-14.552
-13.874
-14.170
-14.465
-15.058
-15.001
-13.073
-12.473
-13.170
-12.445
-13.189
-12.029
-11.285
-10.488
-11.606
-10.667
-9.871
-11.568
-10.254
-21.856
-21.905
-21.693
-20.703
-20.717
-20.588
-19.420
-19.368
-19.390
-18.273
-18.317
-18.483
-16.868
-17.096
-16.458
-15.735
-15.475
-14.839
-16.044
-16.570
-15.440
-15.710
-14.650
-15.008
-14.798
-13.258
-13.076
-13.161
-12.052
-12.151
-12.065
-10.658
-10.610
-9.962
-10.108
-10.375
-10.430
-8.543
-8.215
-8.219
-8.016
-8.545
-8.033
-6.478
-6.224
-6.167
-5.983
-34.539
-33.617
-33.528
-34.032
-33.873
-32.982
-33.568
-34.667
-34.760
-33.839
-35.503
-35.059
-35.917
-35.862
-36.485
-36.330
-32.183
-31.736
-31.771
-31.332
-31.156
-31.968
-32.152
-29.983
-28.889
-28.736
-28.899
-27.579
-27.628
-26.292
-25.329
-25.347
-24.112
-24.094
-24.297
-27.537
-27.304
-28.546
-26.513
-26.927
-28.110
-25.693
-24.741
-25.533
-22.748
-22.865
-22.631
-21.569
-21.441
-21.900
-20.187
-20.166
-19.849
-19.035
-18.039
-18.958
-19.184
-20.169
-19.086
-18.158
-18.033
-17.140
-18.491
-19.535
-17.535
-17.871
-16.030
-15.793
-15.658
-15.180
-14.999
-15.764
-13.867
-13.939
-13.258
-12.922
-13.386
-11.917
-12.821
-13.790
-12.270
-12.022
-11.044
-12.534
-11.998
-11.478
-13.003
-11.297
-11.974
-10.435
-10.791
-26.016
-26.910
-25.143
-26.187
-25.481
-27.222
-26.009
-26.556
-26.533
-24.518
-24.158
-23.935
-24.505
-25.233
-24.823
-23.098
-22.420
-23.259
-22.612
-21.996
-22.748
-22.362
-23.335
-24.114
-23.874
-22.314
-21.763
-22.848
-21.476
-22.008
-21.384
-20.075
-20.140
-19.650
-19.156
-18.353
-19.751
-18.504
-19.286
-18.140
-17.379
-17.705
-16.935
-16.309
-15.885
-16.738
-15.537
-35.550
-34.573
-34.409
-35.036
-35.947
-36.665
-36.386
-35.151
-36.749
-37.178
-37.455
-36.431
-34.874
-34.843
-33.858
-35.484
-33.150
-32.497
-32.614
-32.329
-32.819
-32.041
-33.197
-30.940
-30.934
-30.103
-31.809
-30.875
-31.664
-29.646
-29.592
-30.476
-28.191
-27.957
-27.592
-31.034
-31.958
-31.037
-29.957
-28.848
-28.666
-27.620
-27.857
-27.486
-28.071
-28.179
-28.820
-26.760
-26.645
-26.020
-26.253
-25.978
-27.058
-24.978
-25.085
-24.160
-24.525
-24.452
-25.281
-23.093
-22.874
-22.348
-22.949
-23.704
-22.233
-22.454
-21.303
-20.406
-20.866
-21.872
-22.214
-21.094
-23.063
-22.678
-23.996
-23.181
-22.211
-23.851
-23.679
-24.549
-22.977
-24.135
-25.000
-24.305
-23.084
-22.921
-23.463
-21.819
-21.028
-22.024
-21.362
-26.302
-26.351
-26.218
-25.052
-25.178
-24.137
-24.690
-25.524
-23.765
-24.501
-24.508
-25.351
-23.146
-23.186
-22.334
-22.600
-22.723
-21.520
-23.312
-24.169
-22.950
-23.684
-21.687
-20.769
-21.399
-21.866
-22.729
-22.114
-20.609
-20.377
-19.681
-20.945
-20.960
-21.897
-19.850
-20.024
-18.902
-19.865
-20.871
-19.610
-18.874
-17.898
-19.186
-18.676
-18.352
-17.883
-19.615
-34.311
-33.196
-32.483
-32.521
-33.800
-32.962
-34.464
-33.393
-35.480
-35.268
-36.361
-35.638
-34.926
-35.811
-35.192
-34.196
-33.493
-32.619
-33.958
-33.961
-34.842
-33.958
-34.396
-32.496
-32.228
-31.580
-33.174
-31.450
-32.111
-30.311
-29.736
-29.919
-28.824
-29.441
-28.232
-31.123
-32.034
-30.590
-30.271
-28.950
-28.381
-28.280
-28.404
-28.799
-27.843
-28.400
-27.307
-26.751
-27.307
-26.203
-25.686
-25.371
-26.094
-24.526
-24.561
-24.266
-23.181
-23.055
-23.369
-22.066
-22.504
-21.684
-20.952
-21.240
-19.720
-18.917
-19.139
-19.835
-18.908
-17.941
-18.317
-17.608
-16.752
-16.348
-16.855
-15.544
-15.550
-15.514
-14.190
-13.969
-14.117
-13.158
-13.293
-13.158
-11.643
-11.553
-11.124
-11.163
-10.992
-11.962
-10.257
-26.821
-26.384
-26.724
-26.080
-26.453
-26.247
-24.589
-24.276
-24.558
-23.695
-24.136
-23.787
-22.255
-21.742
-22.156
-21.508
-22.076
-20.537
-21.236
-22.171
-20.058
-19.869
-18.692
-18.645
-18.524
-17.542
-17.464
-17.865
-16.160
-15.790
-16.191
-15.142
-15.513
-14.950
-13.659
-13.570
-13.459
-12.565
-12.573
-12.682
-11.145
-10.508
-11.094
-10.739
-9.655
-11.310
-10.919
-30.030
-30.601
-31.155
-29.750
-31.164
-30.830
-32.014
-31.660
-29.351
-30.067
-29.013
-28.464
-29.021
-28.618
-28.163
-29.397
-31.560
-32.139
-32.344
-29.871
-28.853
-30.627
-30.877
-29.227
-28.644
-27.906
-29.385
-27.943
-28.531
-26.587
-26.408
-27.224
-25.016
-25.283
-24.395
-27.594
-27.189
-28.530
-26.735
-25.542
-25.026
-24.678
-25.221
-24.538
-24.206
-24.162
-24.685
-22.800
-22.422
-22.775
-21.855
-22.172
-21.915
-20.377
-19.921
-20.421
-19.462
-19.890
-19.225
-18.038
-17.272
-17.676
-18.017
-18.915
-16.973
-17.030
-15.610
-15.678
-15.426
-14.525
-14.415
-14.790
-13.148
-13.184
-12.949
-11.969
-11.017
-11.846
-12.048
-12.705
-11.063
-12.690
-12.407
-13.789
-12.434
-13.216
-12.585
-11.052
-11.105
-10.210
-10.904
-23.258
-23.248
-22.562
-22.434
-22.244
-23.065
-21.081
-21.139
-20.442
-20.328
-20.995
-20.161
-18.961
-18.385
-19.122
-18.275
-18.658
-18.525
-16.760
-16.360
-15.880
-14.852
-16.158
-16.812
-16.789
-15.088
-15.577
-14.266
-14.153
-14.664
-13.731
-12.856
-12.187
-13.249
-11.953
-11.520
-12.555
-10.708
-10.043
-10.102
-11.040
-11.723
-11.660
-9.860
-9.419
-10.052
-9.065
-29.468
-28.898
-28.532
-29.649
-30.760
-31.569
-31.063
-30.770
-28.503
-27.547
-28.356
-28.865
-29.693
-30.060
-28.785
-30.247
-27.734
-27.167
-27.132
-28.849
-28.172
-30.293
-28.219
-28.694
-27.766
-28.103
-27.752
-26.395
-25.861
-25.790
-25.408
-25.629
-24.390
-24.088
-25.034
-26.415
-26.760
-27.056
-25.125
-24.341
-24.637
-23.077
-23.336
-22.386
-23.100
-22.686
-23.447
-22.185
-22.683
-22.033
-20.833
-20.297
-21.072
-20.048
-19.186
-20.738
-19.723
-20.522
-19.091
-18.822
-18.006
-19.458
-18.337
-18.952
-17.253
-17.079
-16.271
-15.878
-16.727
-15.108
-15.577
-14.512
-14.102
-13.660
-14.550
-12.749
-12.962
-12.327
-11.961
-10.870
-12.162
-12.476
-13.481
-12.581
-11.600
-10.587
-11.508
-12.273
-13.223
-12.552
-11.724
-22.597
-23.273
-22.758
-21.086
-20.893
-20.318
-20.966
-21.235
-21.556
-19.524
-19.005
-19.123
-19.266
-19.901
-19.575
-17.785
-17.176
-17.713
-17.326
-18.143
-16.016
-15.846
-14.837
-15.159
-14.565
-13.714
-12.954
-13.311
-14.071
-14.920
-13.123
-14.573
-13.834
-14.616
-15.993
-16.000
-16.652
-16.576
-16.632
-17.573
-15.790
-15.877
-14.713
-16.294
-15.899
-16.063
-17.403
-31.508
-30.328
-30.405
-30.267
-31.442
-31.494
-32.291
-30.602
-31.568
-31.901
-30.587
-32.363
-32.785
-33.627
-32.897
-32.818
-28.934
-28.111
-28.984
-27.954
-28.123
-28.646
-28.469
-26.471
-25.915
-26.627
-25.020
-25.414
-26.215
-24.841
-25.633
-26.835
-24.861
-25.460
-24.904
-24.372
-23.663
-24.941
-23.676
-22.812
-22.482
-22.106
-21.640
-22.857
-23.389
-22.881
-23.299
-22.429
-22.099
-21.467
-23.012
-23.370
-23.853
-21.993
-21.510
-21.356
-22.578
-23.042
-23.432
-21.402
-20.679
-21.739
-20.878
-21.567
-19.572
-19.261
-18.372
-18.015
-18.731
-17.119
-16.575
-17.489
-16.259
-16.732
-16.318
-14.838
-14.423
-14.770
-13.887
-14.012
-14.131
-12.435
-12.141
-12.231
-11.593
-10.525
-12.081
-11.564
-12.529
-11.052
-10.896
-21.064
-21.400
-20.731
-19.771
-20.132
-19.167
-18.960
-19.596
-18.003
-18.522
-17.926
-19.419
-17.698
-18.530
-16.936
-16.857
-16.551
-17.326
-15.635
-15.731
-14.408
-13.541
-14.049
-14.781
-13.296
-13.452
-14.081
-13.494
-11.979
-12.008
-11.425
-11.296
-11.993
-10.363
-10.909
-11.796
-10.188
-10.375
-11.145
-9.452
-10.042
-9.159
-10.909
-9.752
-10.407
-8.719
-9.660
-24.648
-23.694
-23.963
-22.664
-24.102
-24.780
-23.187
-24.071
-24.879
-25.735
-24.917
-24.004
-25.957
-25.792
-26.596
-26.492
-23.508
-22.649
-24.383
-23.951
-23.838
-25.270
-23.166
-23.058
-21.631
-21.074
-21.316
-20.989
-21.513
-21.015
-21.417
-21.654
-21.494
-22.554
-20.759
-19.512
-19.092
-18.947
-19.215
-19.207
-19.413
-18.846
-19.812
-18.216
-21.143
-21.772
-21.428
-19.596
-19.210
-19.138
-19.307
-19.821
-19.748
-17.774
-17.644
-17.518
-16.812
-16.671
-17.264
-15.395
-15.623
-14.853
-14.572
-15.020
-13.332
-12.876
-12.611
-13.240
-12.017
-11.780
-11.073
-12.489
-11.074
-11.876
-10.531
-10.277
-9.785
-10.991
-9.064
-9.245
-8.408
-8.196
-8.920
-7.785
-7.140
-7.589
-6.847
-5.831
-5.310
-6.042
-5.139
-18.080
-18.566
-17.024
-18.157
-19.213
-17.680
-17.675
-16.594
-18.191
-17.916
-19.002
-17.711
-17.195
-16.123
-17.541
-17.260
-16.678
-16.726
-18.681
-19.345
-19.134
-20.177
-18.444
-17.337
-18.793
-18.890
-18.511
-19.962
-18.682
-18.898
-19.455
-17.222
-17.263
-16.601
-16.967
-17.803
-16.842
-15.615
-15.593
-15.516
-14.482
-14.665
-14.479
-13.138
-12.286
-13.186
-12.973
-31.399
-30.200
-30.532
-30.082
-32.680
-32.549
-33.489
-32.961
-31.732
-31.074
-31.782
-32.679
-31.169
-30.849
-32.091
-30.329
-28.915
-28.095
-28.987
-27.920
-27.402
-28.990
-28.501
-26.701
-25.776
-25.363
-26.301
-24.619
-25.007
-23.869
-23.199
-23.166
-22.491
-22.653
-22.919
-23.699
-24.293
-23.222
-22.510
-22.571
-23.586
-21.301
-21.535
-20.509
-21.003
-20.546
-20.505
-20.795
-21.485
-21.052
-19.393
-18.693
-19.345
-18.963
-19.520
-19.139
-17.403
-16.928
-16.794
-17.277
-17.367
-18.136
-15.946
-15.836
-14.824
-13.870
-14.679
-15.762
-14.066
-14.121
-13.030
-14.475
-14.642
-14.710
-15.656
-13.716
-13.672
-12.640
-14.225
-14.283
-15.302
-13.587
-13.957
-13.794
-12.051
-11.637
-11.671
-11.462
-11.479
-10.388
-11.823
-20.820
-19.879
-21.622
-20.381
-21.271
-19.499
-19.975
-20.903
-19.498
-19.169
-19.812
-18.441
-18.397
-17.812
-19.156
-17.544
-18.068
-17.583
-16.126
-15.445
-15.527
-14.529
-16.160
-17.259
-15.934
-15.789
-16.262
-14.713
-16.313
-17.419
-15.808
-15.947
-16.390
-14.879
-16.610
-17.620
-16.097
-16.847
-17.473
-17.401
-15.611
-15.886
-14.925
-14.804
-14.009
-14.302
-15.249
-31.999
-30.706
-30.732
-30.849
-33.162
-33.012
-33.301
-34.037
-32.209
-32.169
-33.186
-31.446
-32.080
-31.272
-31.978
-32.924
-29.320
-29.249
-28.480
-28.830
-29.750
-28.985
-29.241
-27.339
-26.953
-27.720
-26.529
-25.942
-25.865
-24.663
-24.073
-24.508
-22.949
-23.405
-22.337
-26.361
-26.525
-27.353
-25.438
-25.818
-26.930
-24.694
-24.132
-25.070
-22.037
-22.709
-21.521
-21.037
-21.527
-20.690
-19.858
-20.190
-19.231
-18.904
-18.503
-19.492
-17.674
-17.311
-18.093
-16.578
-17.048
-16.293
-15.264
-15.426
-14.045
-13.254
-13.655
-14.595
-13.018
-12.980
-13.584
-12.927
-11.588
-11.010
-11.641
-10.652
-10.498
-9.676
-11.249
-10.551
-12.132
-11.671
-12.426
-10.756
-12.234
-11.421
-13.077
-12.778
-11.887
-13.098
-13.580
-23.728
-22.747
-23.340
-24.474
-25.414
-24.876
-23.767
-23.450
-24.401
-22.692
-21.805
-22.878
-22.238
-23.039
-22.173
-20.922
-20.244
-20.589
-20.753
-21.478
-20.038
-20.292
-19.245
-19.394
-19.470
-17.761
-17.546
-17.779
-16.785
-16.894
-17.007
-15.316
-15.284
-15.015
-14.250
-14.225
-13.252
-14.365
-15.301
-14.574
-13.191
-12.334
-12.900
-13.478
-14.228
-13.847
-12.504
-31.106
-30.256
-30.784
-30.237
-32.456
-32.306
-33.052
-32.940
-31.353
-32.199
-30.538
-31.453
-30.497
-29.630
-30.184
-31.217
-28.847
-28.291
-28.297
-28.876
-28.975
-29.812
-28.950
-27.376
-26.320
-26.587
-26.467
-24.913
-24.269
-24.575
-24.199
-24.022
-23.767
-24.480
-23.870
-24.815
-25.543
-25.045
-23.519
-23.238
-24.007
-21.766
-21.536
-21.151
-22.309
-22.190
-22.077
-21.239
-20.219
-21.302
-21.114
-21.876
-21.160
-19.745
-18.920
-19.618
-19.541
-20.191
-19.946
-18.064
-17.648
-17.632
-17.841
-18.038
-17.459
-17.314
-17.329
-17.486
-18.129
-16.003
-15.820
-15.144
-15.952
-14.934
-16.260
-16.857
-17.900
-16.598
-16.993
-17.501
-17.776
-15.774
-15.715
-14.883
-16.018
-15.992
-17.060
-15.116
-15.198
-14.040
-15.378
-21.630
-20.577
-22.385
-21.915
-22.132
-22.888
-20.741
-20.507
-19.864
-21.008
-20.163
-21.918
-21.265
-22.150
-20.338
-21.503
-22.610
-21.094
-21.027
-21.740
-19.828
-19.497
-18.690
-18.481
-19.013
-17.357
-17.576
-16.957
-16.187
-15.258
-16.326
-16.022
-15.284
-16.955
-15.533
-14.664
-16.307
-15.110
-14.538
-14.458
-16.273
-15.842
-16.742
-17.404
-18.028
-17.823
-16.884
-29.897
-30.228
-31.126
-29.464
-29.900
-29.060
-29.665
-30.799
-30.716
-30.817
-31.742
-30.390
-28.446
-27.772
-28.111
-28.421
-30.555
-30.576
-31.532
-29.873
-29.983
-31.050
-29.588
-28.533
-27.375
-27.541
-27.187
-26.092
-25.161
-26.043
-25.498
-25.075
-25.351
-26.357
-24.998
-26.182
-27.179
-26.016
-25.176
-25.386
-26.406
-24.130
-23.274
-24.144
-24.109
-23.156
-24.314
-23.841
-24.706
-23.699
-22.613
-22.672
-22.567
-21.249
-21.015
-21.271
-20.077
-19.885
-20.443
-18.674
-18.255
-17.965
-18.651
-19.426
-17.877
-17.927
-16.825
-17.072
-16.702
-15.507
-15.276
-15.536
-14.385
-14.834
-13.960
-13.260
-12.742
-13.746
-12.239
-12.746
-11.607
-11.267
-10.539
-10.775
-11.890
-12.385
-12.612
-10.859
-11.192
-10.618
-9.941
-24.002
-24.841
-23.063
-24.043
-25.088
-23.774
-22.991
-23.069
-23.084
-21.579
-21.509
-21.507
-20.351
-19.665
-20.804
-19.590
-18.845
-19.047
-20.491
-20.836
-20.747
-21.380
-20.187
-19.936
-19.281
-21.216
-21.772
-21.929
-20.553
-19.861
-19.964
-21.641
-22.418
-22.186
-20.938
-21.772
-20.490
-19.944
-20.166
-18.916
-20.084
-21.149
-19.498
-19.799
-19.568
-18.863
-20.708
-29.264
-28.069
-28.372
-27.440
-29.941
-29.159
-30.814
-30.317
-30.256
-30.742
-31.031
-29.793
-28.904
-27.988
-29.627
-28.558
-27.242
-26.722
-27.955
-25.242
-25.849
-24.434
-26.395
-24.341
-23.775
-24.220
-23.987
-22.216
-21.901
-21.639
-21.386
-21.615
-20.835
-21.512
-20.835
-21.801
-22.024
-22.455
-20.352
-19.933
-20.712
-18.375
-18.072
-18.018
-19.394
-18.968
-18.828
-19.127
-18.043
-19.709
-19.556
-20.653
-19.036
-19.301
-19.655
-18.193
-19.875
-19.648
-20.959
-19.368
-20.065
-18.410
-18.986
-18.116
-19.642
-19.275
-20.912
-21.277
-21.642
-20.428
-21.358
-19.776
-19.812
-19.075
-20.610
-19.072
-18.908
-19.642
-17.729
-17.838
-17.036
-17.070
-17.542
-17.321
-15.523
-15.188
-15.104
-15.040
-15.539
-15.445
-13.951
-18.057
-18.598
-16.987
-18.560
-18.008
-19.637
-18.293
-18.943
-18.594
-16.811
-16.494
-16.111
-16.475
-16.336
-17.215
-15.095
-14.343
-15.099
-14.697
-14.543
-14.757
-14.667
-15.212
-15.703
-15.889
-13.999
-13.288
-14.199
-13.273
-12.910
-13.976
-12.059
-12.329
-11.278
-11.587
-12.424
-11.248
-10.476
-10.640
-9.637
-9.998
-9.097
-9.612
-10.977
-11.845
-11.329
-10.425
-30.733
-30.735
-31.467
-29.745
-32.177
-32.724
-32.125
-32.603
-30.042
-30.563
-30.092
-29.054
-30.117
-30.565
-30.377
-29.049
-31.244
-31.409
-32.246
-29.100
-29.074
-28.843
-30.468
-28.030
-27.190
-26.731
-27.735
-26.016
-26.326
-24.894
-24.000
-24.032
-22.828
-23.050
-22.991
-25.476
-26.283
-24.669
-24.975
-24.367
-24.195
-23.732
-22.948
-24.573
-21.444
-20.633
-21.435
-21.072
-21.706
-21.188
-19.647
-19.613
-18.990
-18.981
-18.690
-19.706
-17.695
-17.857
-17.099
-16.980
-17.658
-16.080
-16.540
-17.404
-15.334
-15.174
-13.991
-13.303
-14.294
-13.264
-13.784
-13.559
-11.770
-11.516
-11.480
-10.931
-11.265
-11.086
-9.476
-9.067
-9.137
-8.559
-8.576
-7.519
-8.821
-9.730
-7.906
-8.834
-9.630
-8.997
-7.848
-23.036
-23.686
-22.972
-21.682
-20.975
-21.702
-21.134
-20.173
-21.776
-20.938
-21.948
-20.514
-20.083
-19.364
-20.785
-19.400
-20.182
-19.108
-18.257
-18.508
-17.025
-16.252
-16.640
-16.558
-17.266
-15.210
-15.027
-15.247
-14.036
-13.998
-14.282
-12.745
-12.062
-12.882
-12.227
-12.242
-12.837
-10.762
-10.082
-10.736
-10.158
-10.277
-9.070
-10.681
-10.443
-11.754
-10.150
-30.843
-29.762
-30.231
-29.344
-31.687
-32.452
-32.149
-31.190
-31.684
-32.615
-31.285
-32.092
-30.215
-30.957
-29.575
-29.517
-28.651
-28.010
-29.132
-27.254
-26.308
-28.315
-27.761
-26.526
-25.450
-25.755
-25.245
-24.105
-24.178
-23.102
-23.231
-24.045
-22.018
-21.947
-22.425
-23.722
-24.512
-22.806
-23.669
-22.672
-21.897
-22.736
-21.890
-23.673
-20.751
-20.920
-20.426
-19.541
-19.449
-19.809
-18.401
-18.578
-18.265
-17.115
-16.995
-16.986
-15.896
-16.053
-15.817
-14.609
-14.368
-14.684
-13.515
-13.794
-12.210
-11.565
-11.635
-10.767
-12.368
-11.155
-10.686
-10.336
-12.191
-12.528
-13.014
-11.558
-11.333
-10.647
-12.580
-13.576
-12.256
-12.610
-11.575
-13.141
-13.160
-13.286
-14.127
-12.229
-12.624
-12.011
-11.341
-22.504
-21.578
-23.391
-22.127
-21.129
-22.159
-23.231
-24.096
-23.438
-22.708
-23.593
-22.350
-21.655
-21.351
-20.802
-22.209
-23.041
-22.619
-21.155
-20.825
-20.608
-19.844
-20.943
-21.157
-21.903
-19.832
-18.888
-20.178
-19.420
-19.072
-20.244
-18.228
-18.392
-17.312
-17.999
-17.375
-18.943
-17.286
-16.427
-17.952
-16.945
-17.894
-16.473
-15.801
-15.675
-14.842
-16.015
-28.342
-28.224
-27.918
-27.492
-29.347
-29.250
-30.337
-29.167
-28.608
-29.461
-28.704
-27.823
-26.972
-26.215
-26.655
-26.972
-29.522
-29.285
-30.269
-29.421
-29.438
-30.174
-30.060
-27.963
-26.912
-26.801
-27.080
-25.444
-24.833
-25.447
-25.437
-25.221
-25.640
-26.655
-25.755
-24.813
-25.518
-24.857
-23.454
-22.436
-22.549
-21.138
-20.866
-21.303
-24.560
-24.461
-24.947
-23.276
-23.475
-22.861
-22.271
-22.856
-21.687
-21.315
-20.502
-21.946
-20.646
-21.547
-20.210
-19.536
-19.957
-19.323
-18.253
-18.356
-17.165
-16.382
-17.037
-16.693
-17.958
-15.797
-15.748
-15.990
-14.528
-14.527
-14.488
-13.317
-13.205
-13.589
-11.950
-11.547
-11.173
-12.079
-12.550
-12.874
-10.770
-10.377
-10.038
-10.691
-10.934
-11.414
-9.691
-20.032
-19.090
-19.905
-20.269
-21.077
-20.524
-19.113
-19.126
-19.380
-17.775
-17.461
-17.789
-16.638
-16.994
-16.613
-15.238
-15.386
-14.749
-14.352
-14.356
-13.636
-12.946
-13.560
-13.981
-12.504
-14.447
-14.039
-14.389
-15.853
-15.937
-16.303
-16.716
-16.717
-16.207
-18.152
-18.771
-18.601
-18.395
-18.115
-17.770
-19.904
-20.414
-20.206
-20.380
-20.744
-21.249
-19.607
-30.337
-29.440
-28.489
-29.380
-30.457
-29.508
-31.205
-30.656
-31.651
-32.411
-31.771
-32.042
-29.783
-30.342
-29.702
-28.828
-29.715
-30.785
-29.163
-27.812
-27.880
-27.396
-29.247
-26.795
-26.101
-26.729
-25.767
-24.812
-25.011
-23.871
-24.150
-25.088
-22.948
-23.371
-22.773
-24.081
-23.930
-24.672
-22.740
-22.738
-23.688
-21.318
-21.087
-20.708
-21.608
-21.521
-21.682
-20.333
-20.435
-20.289
-19.081
-19.273
-18.426
-18.581
-19.239
-17.599
-18.295
-17.419
-19.068
-17.844
-16.958
-17.621
-18.905
-19.805
-18.814
-19.696
-17.667
-18.068
-17.065
-16.652
-15.759
-16.344
-17.085
-17.927
-17.385
-15.774
-15.192
-15.305
-16.081
-16.725
-15.109
-16.654
-17.671
-16.742
-15.771
-14.793
-15.631
-16.340
-17.372
-16.357
-15.789
-20.825
-21.424
-20.966
-19.388
-18.761
-19.275
-18.873
-19.395
-19.102
-17.353
-16.818
-17.046
-16.937
-17.049
-17.567
-15.423
-15.126
-14.765
-15.044
-15.904
-13.916
-13.993
-12.630
-11.802
-12.701
-11.917
-11.746
-10.986
-12.944
-13.867
-13.131
-12.498
-11.761
-12.003
-13.685
-14.463
-13.625
-14.533
-15.156
-15.244
-13.596
-12.935
-12.893
-14.461
-15.149
-15.182
-13.852
-29.770
-28.566
-28.083
-27.894
-30.541
-30.010
-31.425
-30.747
-30.707
-30.204
-31.016
-31.578
-29.316
-28.738
-28.661
-30.089
-28.751
-29.451
-27.788
-28.398
-27.429
-29.422
-29.212
-27.538
-26.188
-26.339
-25.942
-25.006
-25.217
-23.849
-22.996
-23.284
-21.689
-21.960
-21.466
-24.804
-24.711
-25.676
-23.607
-23.654
-24.655
-22.309
-22.200
-21.483
-20.613
-20.460
-20.977
-19.346
-19.726
-18.866
-18.452
-17.887
-19.011
-17.320
-17.679
-16.703
-16.419
-17.108
-16.008
-15.192
-15.523
-14.672
-14.215
-14.733
-12.828
-12.296
-12.137
-11.394
-12.844
-11.250
-10.644
-10.586
-12.035
-12.632
-12.729
-11.247
-10.558
-10.555
-12.036
-12.684
-12.767
-11.173
-11.914
-10.741
-10.098
-9.456
-10.647
-9.104
-9.739
-8.520
-8.565
-21.913
-22.776
-21.959
-20.514
-20.480
-19.671
-20.229
-19.960
-21.117
-18.923
-18.086
-19.158
-18.546
-19.409
-18.390
-17.324
-17.094
-17.546
-16.135
-15.813
-15.487
-14.611
-15.727
-16.361
-14.693
-16.570
-15.866
-17.319
-17.238
-16.433
-18.076
-17.747
-18.598
-16.906
-18.245
-18.969
-17.290
-18.936
-20.028
-18.681
-18.404
-18.629
-18.999
-16.915
-16.490
-16.407
-16.626
-32.802
-33.182
-33.293
-34.140
-32.679
-32.456
-33.649
-31.813
-33.914
-33.686
-34.501
-34.738
-31.540
-31.561
-30.836
-31.251
-32.227
-31.595
-32.793
-30.240
-29.900
-30.589
-31.439
-29.099
-28.380
-28.283
-28.995
-27.029
-27.275
-26.307
-25.824
-26.010
-25.270
-26.068
-24.940
-26.182
-26.128
-26.730
-24.903
-24.075
-24.271
-22.775
-22.890
-22.513
-24.101
-24.436
-23.707
-22.960
-22.755
-23.195
-21.700
-21.897
-21.400
-20.508
-20.269
-20.858
-19.297
-18.539
-19.673
-18.686
-19.372
-18.557
-17.391
-16.469
-17.172
-16.127
-18.249
-17.917
-19.203
-18.758
-19.311
-17.881
-19.872
-20.197
-19.484
-21.099
-20.860
-21.683
-22.121
-22.452
-21.531
-23.401
-24.025
-24.093
-23.159
-22.740
-24.155
-22.233
-22.579
-21.165
-22.194
-21.718
-22.042
-21.495
-20.426
-19.931
-20.621
-19.531
-19.942
-19.500
-18.047
-17.635
-17.376
-17.882
-18.250
-18.422
-16.414
-16.466
-15.866
-15.721
-15.713
-15.189
-14.610
-15.092
-15.157
-15.882
-13.855
-12.950
-13.734
-13.728
-13.649
-14.739
-12.552
-12.572
-11.702
-12.336
-13.152
-12.448
-11.001
-10.959
-10.246
-10.566
-10.809
-11.189
-9.161
-8.870
-8.446
-9.088
-33.373
-31.895
-31.267
-31.760
-33.836
-33.895
-33.061
-34.848
-34.226
-35.288
-34.108
-33.790
-33.690
-33.424
-33.081
-34.718
-31.275
-30.168
-31.568
-31.126
-31.685
-31.370
-31.703
-29.551
-28.794
-29.274
-28.490
-27.535
-27.011
-26.617
-25.980
-25.912
-25.276
-25.083
-25.924
-28.012
-28.501
-28.783
-27.018
-26.928
-27.720
-25.528
-24.891
-25.737
-23.939
-23.580
-24.166
-22.938
-23.219
-22.722
-21.534
-21.231
-21.761
-20.577
-21.165
-20.004
-19.618
-20.247
-18.878
-18.781
-18.511
-19.323
-17.720
-17.951
-16.446
-15.630
-15.932
-15.255
-16.791
-15.020
-14.854
-15.540
-13.666
-13.209
-13.743
-12.735
-13.315
-12.082
-12.000
-12.820
-11.364
-11.122
-10.102
-11.413
-11.046
-10.826
-10.281
-12.317
-12.453
-13.212
-12.267
-24.744
-25.466
-23.939
-24.174
-23.658
-24.849
-23.136
-23.659
-22.408
-22.490
-23.409
-21.923
-21.640
-20.970
-22.217
-20.816
-20.148
-21.466
-20.075
-20.735
-18.730
-18.408
-17.731
-18.174
-17.091
-16.805
-16.463
-17.366
-15.617
-15.269
-16.021
-14.411
-13.826
-13.651
-14.810
-13.867
-15.719
-15.030
-14.285
-15.969
-14.867
-15.619
-15.214
-13.382
-13.062
-13.238
-12.646
-30.831
-29.403
-29.328
-29.240
-30.964
-31.911
-30.270
-30.719
-30.863
-31.536
-30.971
-29.903
-31.908
-32.891
-31.840
-31.734
-28.044
-27.187
-28.199
-27.156
-27.627
-27.280
-27.866
-25.645
-24.789
-25.209
-24.612
-23.490
-22.863
-22.762
-22.182
-22.227
-21.326
-21.786
-21.240
-23.975
-24.575
-24.670
-22.851
-22.378
-22.665
-21.282
-20.936
-21.621
-19.814
-19.230
-19.790
-19.135
-19.395
-19.664
-17.654
-17.360
-17.138
-17.133
-17.072
-17.835
-15.741
-15.556
-15.740
-14.584
-13.665
-14.795
-14.394
-14.613
-14.084
-14.028
-13.813
-12.850
-14.591
-13.619
-14.544
-12.881
-13.052
-11.979
-13.595
-13.296
-14.355
-12.840
-12.791
-13.054
-11.683
-13.433
-12.825
-14.420
-13.599
-14.424
-12.612
-14.107
-14.404
-13.389
-15.017
-19.970
-20.424
-19.543
-19.022
-18.736
-19.364
-17.677
-17.713
-17.256
-16.680
-17.210
-16.447
-15.370
-15.597
-15.017
-14.173
-13.774
-13.402
-14.456
-15.180
-14.101
-14.480
-13.165
-13.533
-12.155
-13.096
-12.343
-14.088
-12.462
-11.380
-12.876
-12.775
-12.167
-13.848
-12.382
-11.408
-13.097
-12.388
-11.956
-13.427
-11.723
-11.938
-12.120
-10.170
-9.743
-9.742
-9.703
-23.749
-23.600
-22.835
-23.273
-23.833
-22.952
-23.827
-24.707
-24.902
-24.762
-25.823
-25.135
-22.478
-22.392
-22.346
-21.666
-24.917
-25.188
-25.694
-24.761
-25.792
-24.751
-24.590
-23.402
-22.707
-22.897
-22.995
-21.237
-21.026
-20.939
-19.954
-19.278
-19.438
-18.628
-20.219
-20.373
-20.622
-20.786
-19.001
-18.543
-19.116
-17.026
-16.644
-17.013
-18.853
-18.773
-19.651
-17.482
-16.999
-17.602
-16.407
-16.695
-16.242
-15.043
-14.556
-15.223
-14.215
-14.735
-14.242
-12.795
-12.450
-12.903
-11.837
-12.340
-10.541
-10.083
-9.591
-8.982
-10.032
-8.493
-8.993
-7.998
-7.386
-7.949
-6.751
-6.585
-6.278
-7.137
-5.385
-5.823
-4.942
-4.276
-4.072
-4.724
-3.000
-3.136
-2.621
-1.883
-1.074
-1.466
-2.255
-16.254
-16.480
-16.607
-14.809
-14.587
-14.336
-14.131
-14.093
-14.731
-12.628
-12.637
-12.307
-11.721
-11.413
-12.315
-10.451
-10.875
-9.784
-9.652
-10.141
-8.511
-8.046
-7.813
-6.757
-8.246
-7.812
-7.430
-7.154
-9.158
-9.783
-9.678
-9.289
-9.043
-10.345
-8.187
-8.353
-7.140
-8.479
-8.894
-7.614
-9.577
-9.122
-10.426
-9.969
-9.912
-9.257
-10.982
-26.332
-25.718
-26.319
-25.826
-25.405
-25.036
-24.440
-26.039
-27.738
-28.367
-27.796
-28.207
-26.446
-27.161
-25.515
-26.790
-24.256
-23.543
-24.038
-24.311
-23.479
-25.785
-23.931
-23.944
-22.664
-22.832
-22.120
-21.892
-21.159
-21.175
-20.071
-19.590
-19.471
-19.651
-19.993
-22.831
-23.647
-23.498
-22.106
-21.930
-22.378
-21.221
-21.834
-20.695
-17.933
-17.731
-17.377
-17.337
-17.613
-17.734
-15.789
-15.404
-15.451
-14.972
-15.312
-15.096
-13.463
-12.999
-13.285
-12.750
-12.003
-13.478
-12.184
-12.716
-11.009
-10.806
-9.967
-9.738
-10.355
-8.626
-8.889
-8.355
-7.501
-7.416
-7.729
-6.051
-5.703
-5.399
-5.905
-6.452
-6.487
-4.475
-3.962
-4.504
-3.498
-3.526
-2.444
-3.778
-2.903
-4.074
-4.612
-20.317
-19.700
-20.839
-19.128
-19.489
-18.516
-18.089
-18.552
-17.454
-17.081
-17.594
-16.360
-16.168
-15.588
-16.765
-15.243
-14.650
-15.929
-14.450
-15.102
-13.170
-12.832
-12.135
-11.144
-12.329
-11.997
-11.411
-13.018
-11.547
-12.067
-11.794
-10.057
-9.746
-9.775
-9.172
-9.204
-9.635
-7.763
-7.455
-7.810
-6.715
-5.910
-7.292
-6.254
-7.185
-5.725
-5.601
-30.734
-29.783
-28.800
-29.705
-32.120
-32.195
-32.410
-32.803
-30.488
-29.458
-30.652
-31.090
-30.545
-30.669
-31.391
-29.611
-29.960
-30.968
-29.276
-28.473
-28.512
-28.184
-29.800
-27.407
-26.105
-25.626
-26.213
-25.091
-25.669
-24.610
-24.233
-24.434
-23.573
-24.404
-23.293
-23.953
-23.448
-24.283
-22.853
-21.906
-21.779
-20.932
-20.429
-21.566
-22.398
-22.710
-22.333
-21.057
-20.720
-21.069
-20.057
-20.613
-19.896
-18.646
-18.191
-18.776
-17.745
-17.767
-16.716
-18.125
-17.288
-18.394
-19.226
-20.186
-19.184
-20.078
-17.926
-18.051
-17.186
-17.336
-16.394
-17.236
-18.156
-17.690
-19.171
-18.369
-18.827
-19.023
-17.027
-16.800
-16.369
-17.170
-17.598
-17.985
-16.016
-15.318
-16.326
-15.374
-16.042
-14.468
-14.979
-20.058
-19.497
-20.802
-19.139
-19.764
-18.704
-17.999
-17.629
-18.495
-16.808
-17.251
-16.246
-15.903
-15.344
-16.575
-14.966
-14.356
-15.642
-14.126
-14.731
-12.871
-12.405
-11.889
-11.200
-12.421
-10.969
-10.615
-11.571
-9.670
-9.216
-10.152
-8.688
-9.080
-7.640
-8.561
-7.877
-9.539
-8.114
-8.961
-8.070
-6.710
-6.645
-6.413
-5.673
-4.615
-5.777
-5.880
-32.665
-31.259
-31.315
-30.581
-33.661
-34.671
-33.372
-33.645
-32.751
-32.173
-32.248
-33.801
-33.070
-33.002
-34.130
-32.442
-30.493
-29.483
-30.962
-29.187
-28.347
-29.670
-30.478
-28.389
-28.213
-28.006
-29.142
-26.985
-27.173
-25.817
-24.638
-24.462
-23.656
-23.382
-24.055
-26.847
-27.781
-26.088
-26.718
-26.610
-26.731
-26.178
-26.938
-26.229
-22.430
-22.645
-21.965
-21.403
-21.210
-21.825
-20.093
-20.478
-19.571
-19.167
-18.611
-19.777
-18.039
-18.554
-17.586
-16.899
-16.110
-17.362
-16.240
-16.568
-15.089
-14.737
-14.536
-15.189
-14.340
-13.198
-13.465
-12.728
-12.137
-11.922
-12.628
-10.811
-11.024
-10.385
-9.859
-9.997
-10.154
-8.429
-7.882
-8.344
-7.599
-8.144
-7.614
-6.135
-6.186
-5.693
-5.616
-24.742
-24.792
-24.515
-23.685
-23.425
-24.083
-22.423
-22.566
-22.008
-21.411
-21.894
-21.142
-20.045
-19.583
-20.271
-18.913
-19.354
-18.264
-18.139
-18.767
-16.845
-16.479
-15.804
-15.489
-16.339
-14.547
-14.772
-14.101
-13.438
-13.875
-13.042
-12.300
-11.881
-12.762
-11.160
-11.570
-10.391
-10.552
-9.820
-11.352
-9.812
-9.903
-10.215
-8.311
-7.756
-7.848
-8.168
-28.654
-27.308
-27.049
-27.419
-29.595
-29.134
-29.634
-30.631
-28.518
-27.963
-27.950
-29.490
-29.210
-28.431
-29.405
-30.007
-26.162
-25.194
-26.130
-25.889
-26.306
-26.393
-26.363
-24.271
-23.641
-22.688
-24.232
-23.248
-24.193
-22.815
-23.043
-23.706
-22.383
-22.920
-21.309
-22.129
-22.518
-21.859
-20.971
-19.892
-19.897
-18.737
-18.690
-17.867
-22.653
-23.609
-22.814
-21.569
-21.415
-21.927
-20.350
-20.652
-20.047
-19.042
-18.677
-19.225
-17.859
-18.282
-17.530
-16.637
-17.109
-15.902
-15.879
-16.350
-14.720
-14.422
-13.744
-14.296
-13.058
-12.898
-12.409
-13.567
-11.768
-12.186
-11.208
-10.761
-10.757
-11.248
-9.310
-9.291
-8.564
-8.824
-7.764
-8.831
-9.575
-10.629
-9.186
-9.598
-9.939
-8.553
-10.114
-18.512
-19.259
-18.838
-17.097
-16.303
-16.746
-17.173
-17.543
-17.859
-15.902
-15.594
-16.183
-14.838
-15.249
-14.497
-13.519
-13.731
-13.026
-12.621
-13.119
-11.321
-10.752
-10.612
-11.405
-9.919
-9.752
-9.043
-9.156
-10.533
-11.267
-11.099
-9.596
-9.046
-8.860
-10.295
-11.079
-10.827
-9.385
-8.551
-9.975
-8.951
-9.734
-8.078
-8.602
-8.342
-7.782
-9.361
-33.897
-32.536
-31.920
-32.111
-34.855
-34.513
-34.864
-35.904
-33.764
-33.047
-33.300
-34.640
-34.497
-35.477
-33.844
-34.694
-32.437
-33.084
-32.887
-30.444
-31.304
-30.393
-31.018
-28.945
-28.164
-28.803
-27.464
-27.172
-27.773
-26.269
-26.979
-28.062
-26.029
-25.500
-26.544
-26.282
-25.954
-26.870
-25.089
-25.249
-26.333
-23.912
-24.325
-23.593
-25.064
-25.529
-24.390
-24.198
-24.889
-23.678
-23.189
-23.674
-22.511
-22.306
-21.815
-22.912
-21.395
-20.875
-22.102
-20.309
-20.905
-19.694
-19.539
-19.993
-18.526
-18.113
-17.821
-18.308
-17.860
-16.346
-15.870
-15.869
-15.952
-16.573
-16.303
-14.429
-14.440
-13.959
-13.706
-13.699
-14.434
-12.343
-12.517
-11.666
-11.628
-10.942
-12.270
-10.779
-10.431
-11.341
-9.875
-22.648
-22.745
-22.793
-21.272
-20.541
-20.990
-20.785
-21.464
-20.909
-19.370
-19.409
-18.772
-18.837
-18.575
-19.637
-17.664
-17.939
-17.449
-16.610
-16.807
-15.566
-15.027
-15.241
-15.997
-15.275
-13.774
-13.636
-12.990
-13.675
-14.645
-13.627
-12.511
-12.907
-12.410
-11.198
-11.083
-10.900
-10.159
-10.444
-10.344
-8.715
-8.500
-8.505
-7.742
-7.639
-6.733
-8.119
-30.821
-29.404
-29.500
-28.836
-31.554
-32.587
-31.293
-31.516
-30.919
-30.255
-31.922
-30.702
-31.591
-32.620
-31.129
-31.686
-28.385
-27.450
-28.764
-27.716
-27.355
-28.760
-28.086
-26.441
-25.368
-25.083
-25.628
-24.114
-24.554
-23.727
-23.099
-22.872
-22.488
-23.246
-21.712
-23.010
-22.635
-23.396
-21.853
-21.591
-22.271
-20.305
-20.518
-20.152
-22.046
-21.217
-22.911
-21.441
-21.044
-22.347
-20.467
-20.910
-19.628
-19.964
-19.804
-20.778
-18.670
-18.915
-17.901
-18.301
-19.038
-17.497
-17.871
-18.667
-16.562
-16.249
-15.416
-15.589
-15.139
-14.080
-14.208
-13.205
-13.668
-14.042
-14.084
-12.087
-11.698
-11.652
-11.414
-10.331
-11.682
-11.725
-12.177
-12.547
-10.561
-10.951
-10.262
-9.268
-8.553
-9.570
-8.577
-19.058
-19.218
-19.030
-17.653
-16.864
-17.711
-17.057
-16.667
-16.273
-18.020
-18.677
-18.600
-17.345
-18.147
-16.600
-16.615
-17.366
-15.858
-16.107
-16.934
-14.865
-14.716
-13.746
-14.090
-12.993
-13.093
-12.889
-13.736
-11.792
-11.208
-12.131
-10.884
-11.369
-10.652
-9.464
-9.592
-9.099
-8.418
-8.827
-8.549
-6.972
-6.763
-6.391
-6.468
-6.575
-7.006
-5.437
-33.134
-33.061
-34.027
-33.034
-31.805
-31.695
-31.101
-31.343
-33.609
-33.104
-33.535
-34.662
-34.041
-33.785
-33.977
-35.040
-31.890
-32.118
-31.901
-30.323
-31.495
-29.765
-30.584
-29.249
-28.288
-28.646
-28.004
-27.041
-27.017
-27.145
-26.517
-26.236
-26.333
-27.306
-25.662
-25.729
-25.853
-25.752
-24.524
-24.102
-24.860
-22.717
-22.241
-22.177
-25.771
-24.880
-26.495
-25.253
-26.040
-24.512
-24.597
-23.827
-24.144
-25.633
-26.364
-26.103
-24.985
-24.401
-25.743
-23.965
-24.360
-23.068
-23.719
-24.384
-22.752
-22.455
-21.745
-22.094
-21.703
-20.306
-20.383
-19.607
-19.642
-19.650
-20.085
-18.169
-17.530
-17.795
-17.945
-17.985
-18.654
-16.499
-16.664
-15.643
-15.981
-15.889
-16.669
-14.571
-13.821
-14.288
-14.479
-22.794
-23.347
-23.354
-21.389
-20.810
-20.763
-21.641
-21.913
-22.434
-20.426
-19.636
-20.001
-20.641
-21.449
-20.948
-19.328
-18.643
-19.452
-18.648
-19.232
-17.607
-17.163
-16.774
-16.372
-17.373
-15.630
-16.160
-15.330
-14.433
-13.892
-14.857
-13.559
-14.007
-13.521
-12.165
-12.235
-11.415
-11.601
-12.236
-11.571
-10.133
-9.422
-10.171
-9.606
-9.776
-8.554
-10.297
-26.129
-24.900
-25.026
-24.019
-26.099
-26.960
-25.277
-25.958
-26.361
-25.415
-27.227
-26.609
-27.301
-28.222
-27.441
-27.175
-24.376
-24.254
-23.349
-25.313
-25.839
-25.801
-25.324
-23.688
-22.953
-23.123
-23.127
-21.435
-21.289
-21.024
-20.499
-20.325
-20.182
-20.826
-20.414
-20.613
-20.984
-20.842
-19.248
-18.688
-19.289
-17.262
-16.689
-16.850
-18.692
-18.053
-18.491
-18.212
-18.972
-18.007
-16.930
-16.118
-17.071
-16.453
-17.235
-16.185
-15.232
-14.487
-15.500
-14.708
-14.933
-15.315
-13.182
-12.697
-12.494
-11.404
-13.013
-12.867
-14.119
-12.247
-12.652
-12.611
-10.780
-10.159
-10.662
-10.195
-10.869
-10.020
-8.826
-8.969
-8.527
-7.799
-7.675
-8.230
-6.402
-5.920
-5.757
-6.378
-6.814
-6.821
-5.356
-17.003
-17.218
-17.789
-15.627
-15.299
-14.821
-15.390
-16.320
-14.471
-15.449
-16.287
-14.532
-15.398
-14.487
-16.186
-15.366
-14.589
-16.346
-14.988
-15.739
-14.166
-14.111
-13.356
-12.565
-13.912
-12.731
-12.402
-11.905
-13.832
-14.584
-14.378
-13.391
-12.642
-12.737
-14.324
-14.891
-13.615
-15.350
-15.963
-14.803
-16.127
-15.461
-17.003
-16.805
-17.299
-17.643
-16.019
-32.096
-30.678
-30.749
-30.368
-32.492
-32.489
-33.463
-31.783
-32.240
-33.239
-32.039
-31.490
-32.997
-32.524
-33.145
-33.903
-29.695
-29.726
-28.675
-29.589
-29.816
-30.300
-29.905
-28.043
-27.199
-27.695
-26.926
-25.929
-26.143
-25.036
-25.088
-25.906
-23.832
-23.985
-22.968
-25.330
-24.990
-26.148
-24.247
-24.608
-25.738
-23.387
-23.510
-22.465
-23.783
-23.680
-24.716
-22.540
-22.664
-21.652
-22.065
-21.423
-22.907
-21.066
-20.917
-21.593
-19.750
-19.335
-20.106
-18.678
-19.222
-18.214
-17.605
-18.077
-16.284
-15.690
-15.562
-16.175
-14.695
-14.990
-15.812
-14.549
-13.893
-13.195
-14.228
-12.980
-12.541
-13.721
-12.012
-11.436
-12.596
-11.063
-10.668
-11.526
-9.780
-10.147
-8.998
-8.998
-8.120
-8.559
-9.616
-23.268
-23.648
-23.901
-21.768
-21.401
-21.176
-21.534
-21.329
-22.382
-20.368
-20.534
-20.171
-19.072
-18.727
-19.210
-17.882
-18.194
-17.176
-17.117
-17.680
-15.776
-15.317
-14.861
-13.958
-15.340
-14.315
-13.929
-15.214
-13.374
-12.444
-13.723
-12.981
-13.866
-12.650
-11.882
-12.249
-11.034
-11.321
-12.118
-10.769
-10.405
-9.491
-10.784
-10.012
-9.352
-10.900
-9.337
-33.048
-33.954
-34.618
-34.528
-32.539
-33.311
-32.155
-31.771
-33.732
-34.500
-32.978
-34.074
-31.855
-31.129
-32.062
-31.444
-33.324
-32.303
-33.956
-32.924
-32.823
-34.053
-33.113
-31.594
-30.450
-30.648
-30.078
-29.300
-29.752
-28.244
-27.743
-28.038
-26.692
-27.059
-26.360
-28.755
-28.258
-29.661
-27.820
-28.320
-29.473
-27.255
-27.791
-26.873
-25.400
-24.751
-25.785
-24.392
-24.834
-23.891
-23.321
-22.805
-23.730
-22.230
-22.635
-21.575
-21.365
-20.778
-22.038
-20.384
-20.024
-20.875
-19.142
-18.762
-18.487
-17.473
-18.899
-19.839
-19.075
-17.788
-18.178
-16.841
-17.372
-16.845
-18.276
-16.376
-16.921
-15.634
-15.579
-15.014
-16.271
-14.633
-13.983
-15.307
-13.554
-14.048
-13.044
-12.503
-11.661
-12.007
-12.920
-25.969
-26.242
-25.489
-24.870
-24.182
-25.260
-23.951
-24.575
-23.369
-22.834
-22.244
-23.237
-21.710
-22.193
-21.408
-20.515
-20.854
-20.033
-19.573
-20.095
-18.237
-17.642
-17.590
-17.863
-17.894
-16.061
-15.693
-15.739
-15.277
-15.651
-15.389
-13.747
-13.249
-13.270
-13.455
-13.939
-13.912
-11.994
-11.494
-11.487
-11.588
-12.250
-11.919
-10.120
-10.220
-9.421
-9.897
-31.691
-30.309
-29.869
-29.642
-31.516
-32.486
-31.269
-30.804
-32.547
-32.594
-32.144
-33.544
-32.389
-32.437
-31.855
-33.361
-30.347
-31.204
-30.462
-28.981
-29.008
-29.912
-29.099
-27.511
-26.606
-26.789
-26.802
-25.093
-24.629
-25.002
-25.019
-24.953
-24.987
-26.066
-24.649
-24.253
-24.713
-24.300
-22.894
-22.104
-22.430
-20.747
-20.014
-20.981
-24.289
-24.618
-24.660
-22.761
-22.519
-22.482
-21.984
-22.051
-22.506
-20.528
-19.945
-20.490
-19.858
-20.460
-19.692
-18.532
-18.630
-18.386
-17.368
-17.491
-16.134
-15.387
-15.440
-16.231
-14.647
-14.774
-14.089
-15.570
-13.977
-14.575
-13.152
-13.340
-14.152
-13.038
-12.234
-12.873
-12.072
-11.021
-11.092
-10.611
-9.889
-9.511
-10.062
-8.554
-8.314
-7.708
-8.728
-20.097
-20.798
-19.297
-19.359
-18.669
-20.096
-18.486
-19.094
-17.714
-17.626
-18.258
-17.136
-16.547
-15.669
-16.973
-15.884
-16.627
-15.217
-15.104
-15.206
-14.293
-13.744
-13.962
-13.648
-14.847
-12.815
-13.044
-11.863
-12.667
-13.675
-12.165
-11.791
-12.327
-11.660
-10.374
-10.491
-9.866
-9.483
-8.554
-9.921
-9.109
-9.844
-8.506
-8.235
-8.715
-8.081
-7.202
-28.494
-29.465
-29.801
-28.894
-29.231
-29.913
-28.532
-29.801
-27.922
-28.806
-27.438
-27.323
-27.402
-27.899
-26.647
-26.947
-30.635
-31.518
-31.107
-30.110
-29.351
-31.455
-30.265
-29.207
-29.741
-30.378
-30.289
-28.577
-28.987
-27.427
-26.587
-26.758
-25.327
-25.705
-24.635
-28.166
-28.960
-27.298
-27.871
-26.540
-25.760
-26.230
-27.126
-25.808
-24.650
-24.465
-25.297
-23.232
-23.360
-22.630
-22.355
-22.190
-23.055
-21.094
-21.335
-20.430
-20.358
-19.885
-21.073
-19.318
-19.813
-18.730
-18.344
-18.791
-17.000
-16.413
-16.150
-16.827
-15.293
-15.310
-14.918
-14.398
-16.216
-16.395
-17.213
-15.581
-14.556
-16.230
-15.470
-14.677
-15.058
-16.825
-17.573
-17.206
-16.831
-16.457
-17.887
-16.111
-16.785
-15.130
-15.877
-25.185
-25.824
-24.659
-24.196
-24.634
-23.616
-23.214
-23.690
-22.496
-22.596
-23.329
-21.830
-21.803
-20.893
-21.427
-22.501
-23.526
-21.864
-22.774
-23.606
-22.177
-22.330
-21.099
-21.089
-20.105
-21.319
-22.304
-20.520
-21.185
-21.935
-20.146
-21.342
-20.552
-22.320
-21.293
-20.601
-22.266
-20.985
-20.205
-21.871
-20.484
-21.275
-19.543
-20.298
-19.855
-21.257
-19.542
-27.089
-26.346
-25.812
-25.605
-28.155
-28.845
-27.792
-28.757
-26.142
-25.677
-26.638
-25.456
-27.829
-28.571
-28.234
-27.254
-27.143
-27.687
-26.358
-27.570
-27.819
-28.225
-27.980
-26.082
-25.218
-25.528
-25.251
-23.789
-23.543
-23.830
-23.195
-22.814
-23.032
-24.102
-22.627
-22.633
-23.045
-22.538
-21.427
-20.593
-20.595
-19.456
-19.389
-19.914
-22.126
-21.079
-22.412
-22.198
-23.232
-21.875
-21.255
-21.457
-21.467
-19.733
-19.491
-19.679
-18.992
-19.404
-19.125
-17.435
-17.043
-16.921
-17.006
-16.919
-16.720
-16.409
-16.670
-17.181
-17.337
-15.242
-14.760
-14.707
-15.002
-13.944
-15.586
-15.510
-16.620
-14.962
-15.191
-14.215
-16.000
-15.275
-14.498
-15.090
-16.696
-17.277
-17.101
-16.735
-17.753
-16.127
-16.098
-18.065
-17.743
-18.220
-16.961
-17.313
-16.707
-15.759
-15.358
-16.188
-14.665
-14.365
-15.050
-13.462
-13.361
-12.573
-13.738
-12.961
-14.735
-13.519
-14.323
-12.627
-12.825
-11.552
-10.565
-11.559
-11.772
-11.054
-12.775
-11.336
-10.388
-12.045
-10.936
-11.872
-10.271
-10.065
-10.745
-9.383
-9.268
-8.364
-9.030
-10.080
-10.445
-9.323
-11.214
-11.695
-10.812
-11.922
-36.083
-34.625
-34.626
-33.982
-36.986
-37.063
-38.013
-36.691
-36.037
-35.619
-37.074
-35.499
-36.616
-37.655
-36.072
-36.676
-33.981
-33.901
-32.892
-34.461
-34.875
-35.079
-34.633
-32.959
-32.309
-31.677
-33.053
-31.289
-30.794
-30.278
-29.056
-28.591
-28.189
-28.736
-27.968
-32.074
-32.794
-32.688
-31.205
-30.536
-30.488
-29.815
-29.834
-30.461
-26.896
-26.370
-27.177
-25.957
-26.428
-25.743
-24.584
-24.173
-24.837
-23.573
-22.727
-24.135
-22.978
-23.774
-22.435
-21.943
-21.155
-22.457
-21.472
-22.210
-20.210
-20.096
-18.972
-18.106
-18.914
-18.722
-19.473
-18.552
-17.433
-16.914
-17.743
-16.520
-15.804
-17.121
-15.752
-16.398
-15.469
-14.566
-13.878
-14.693
-14.054
-14.968
-13.611
-13.168
-12.142
-13.567
-13.078
-28.449
-28.507
-28.062
-27.361
-27.351
-27.744
-26.012
-26.069
-25.705
-25.012
-25.689
-24.677
-23.893
-24.357
-23.309
-23.055
-22.288
-23.690
-22.470
-23.127
-21.376
-21.082
-20.395
-19.527
-20.781
-19.683
-20.351
-19.261
-18.401
-18.409
-17.558
-18.170
-17.871
-19.130
-17.047
-16.084
-17.225
-17.101
-18.003
-16.225
-17.200
-16.406
-18.109
-17.266
-17.362
-18.170
-16.382
-30.227
-28.786
-28.970
-28.216
-30.858
-31.897
-30.876
-30.372
-30.988
-32.031
-30.553
-30.917
-30.164
-29.716
-31.097
-29.535
-27.912
-28.005
-26.886
-28.674
-29.903
-28.532
-28.482
-27.438
-26.329
-26.123
-26.492
-25.049
-24.234
-24.989
-24.723
-24.524
-24.712
-24.223
-25.754
-24.800
-25.461
-25.139
-23.326
-22.935
-23.754
-21.412
-20.993
-21.086
-23.858
-24.051
-24.039
-22.375
-22.006
-22.085
-21.640
-22.137
-21.586
-20.263
-19.546
-20.229
-19.532
-18.639
-20.207
-19.158
-20.213
-18.646
-18.345
-18.760
-17.224
-16.822
-16.399
-16.479
-16.916
-14.965
-14.976
-14.404
-14.111
-14.476
-13.027
-14.191
-13.848
-15.182
-13.156
-12.216
-13.221
-13.313
-14.268
-13.476
-12.266
-11.195
-12.280
-12.638
-13.686
-12.470
-11.940
-20.792
-21.142
-21.082
-19.255
-18.935
-18.784
-18.576
-19.057
-18.830
-17.067
-16.618
-16.565
-16.864
-17.605
-15.814
-16.953
-17.983
-16.329
-16.447
-15.356
-17.120
-16.583
-18.585
-19.041
-19.229
-19.034
-20.136
-18.620
-18.874
-19.389
-17.772
-19.604
-19.203
-20.695
-19.496
-18.413
-19.905
-20.425
-21.396
-19.985
-20.680
-19.815
-21.499
-21.141
-20.975
-22.213
-20.562
-35.369
-34.681
-34.109
-35.427
-36.424
-37.211
-36.843
-35.920
-34.402
-34.965
-33.568
-33.887
-36.007
-36.853
-36.389
-35.316
-33.666
-34.275
-33.338
-31.412
-30.779
-31.910
-32.586
-30.433
-29.027
-28.713
-28.700
-28.241
-28.664
-28.561
-28.202
-27.934
-28.284
-29.358
-28.041
-26.729
-26.270
-26.340
-26.327
-26.447
-26.742
-26.120
-26.890
-26.280
-27.374
-27.040
-27.819
-26.017
-25.652
-25.228
-26.107
-26.397
-26.865
-24.816
-24.517
-24.080
-25.021
-25.487
-25.699
-23.774
-23.096
-24.084
-23.111
-23.775
-21.860
-21.478
-20.896
-21.414
-20.256
-19.957
-20.553
-19.410
-18.806
-19.231
-18.392
-17.718
-17.394
-17.981
-16.425
-16.757
-16.018
-15.372
-15.242
-15.662
-14.091
-13.525
-14.291
-13.238
-12.220
-13.655
-13.100
-24.682
-24.630
-24.031
-24.233
-24.634
-24.777
-22.690
-22.309
-22.117
-22.219
-22.638
-22.664
-20.673
-20.223
-20.238
-20.376
-19.294
-20.878
-20.982
-22.026
-20.384
-20.828
-18.868
-18.712
-18.178
-18.689
-19.019
-19.285
-17.247
-16.646
-16.845
-16.884
-17.606
-17.080
-15.387
-15.149
-14.705
-15.059
-15.753
-15.278
-13.580
-12.946
-13.274
-13.089
-13.561
-13.506
-12.004
-26.532
-26.255
-25.323
-27.080
-27.842
-28.354
-28.530
-27.849
-26.729
-27.315
-27.127
-25.828
-25.476
-25.913
-24.647
-25.031
-25.826
-25.512
-24.890
-26.335
-27.104
-26.551
-26.815
-24.799
-24.203
-23.439
-25.014
-23.513
-24.330
-22.948
-22.030
-21.441
-22.015
-21.629
-23.077
-22.524
-21.847
-22.982
-21.718
-22.172
-23.161
-21.351
-21.316
-21.711
-21.222
-21.495
-20.183
-21.317
-20.587
-22.397
-20.864
-21.511
-20.983
-19.349
-18.784
-19.221
-18.840
-19.128
-19.271
-17.294
-17.120
-16.776
-16.652
-17.120
-15.485
-15.156
-14.525
-14.237
-14.947
-13.172
-12.680
-12.484
-13.191
-13.366
-14.051
-11.872
-11.848
-11.929
-10.604
-9.711
-10.713
-10.408
-11.379
-10.309
-9.242
-9.127
-8.377
-9.186
-8.317
-8.999
-10.137
-19.938
-19.513
-20.040
-19.118
-19.673
-19.187
-17.639
-17.065
-17.406
-17.291
-17.509
-17.928
-15.828
-15.695
-15.747
-14.810
-14.877
-15.008
-13.401
-13.254
-12.343
-11.350
-12.318
-13.313
-11.496
-12.264
-13.017
-12.488
-10.868
-10.570
-10.200
-10.683
-11.408
-9.639
-10.888
-11.893
-10.219
-10.699
-10.746
-11.481
-9.379
-9.622
-8.510
-9.279
-9.127
-10.209
-8.477
-28.579
-27.689
-26.671
-27.847
-28.389
-28.580
-27.393
-29.031
-29.982
-30.122
-30.642
-30.076
-28.278
-29.032
-28.021
-27.349
-27.871
-28.838
-27.038
-28.560
-29.817
-28.798
-27.829
-27.615
-26.313
-26.116
-26.372
-25.168
-25.201
-25.227
-24.863
-24.605
-24.695
-25.672
-24.025
-23.881
-23.881
-23.829
-22.602
-21.955
-22.386
-20.593
-20.744
-20.068
-24.201
-24.843
-24.268
-22.708
-22.773
-22.427
-21.737
-21.918
-21.874
-20.280
-19.608
-20.078
-19.812
-20.514
-19.783
-18.408
-18.203
-17.637
-18.124
-18.827
-17.215
-17.140
-16.219
-16.350
-16.579
-14.804
-14.803
-14.625
-13.678
-13.527
-14.134
-12.324
-11.548
-12.423
-11.620
-12.283
-11.342
-10.320
-9.735
-10.648
-9.385
-10.063
-8.755
-8.392
-7.664
-8.031
-9.008
-19.739
-20.098
-19.716
-18.298
-17.914
-18.337
-17.474
-17.775
-17.395
-15.983
-15.930
-15.595
-15.049
-15.496
-15.149
-13.612
-13.640
-13.323
-12.705
-12.693
-11.974
-11.427
-12.028
-12.986
-11.140
-11.793
-10.877
-12.732
-11.550
-10.777
-12.415
-11.185
-11.784
-10.117
-11.336
-10.898
-12.375
-10.556
-10.327
-9.518
-10.979
-10.231
-11.024
-12.353
-13.069
-12.512
-12.723
-21.343
-20.978
-20.170
-20.566
-22.473
-22.139
-23.184
-22.945
-20.151
-20.501
-19.305
-19.784
-21.743
-21.915
-21.031
-22.685
-22.077
-22.740
-21.526
-22.531
-23.753
-21.860
-22.817
-21.441
-20.595
-20.524
-20.910
-19.201
-19.467
-18.519
-18.094
-18.592
-17.077
-17.599
-16.403
-18.313
-17.850
-18.882
-17.182
-17.521
-18.637
-16.287
-15.444
-16.246
-16.316
-17.111
-15.817
-15.284
-14.564
-15.754
-14.450
-14.006
-15.056
-13.250
-13.583
-12.651
-12.308
-12.114
-12.949
-11.061
-10.779
-11.415
-9.877
-9.498
-9.243
-8.348
-9.454
-8.672
-10.448
-9.326
-8.315
-9.383
-10.329
-10.504
-10.106
-11.815
-11.731
-12.366
-12.615
-13.001
-12.101
-13.963
-13.684
-14.599
-14.658
-13.986
-15.611
-14.988
-15.851
-14.125
-15.106
-16.219
-16.880
-16.652
-14.816
-14.887
-14.166
-14.091
-12.994
-14.233
-14.640
-14.272
-15.750
-14.199
-14.445
-13.108
-14.787
-14.289
-15.793
-14.721
-13.795
-15.710
-15.409
-17.197
-17.589
-17.385
-18.052
-17.796
-19.136
-17.771
-16.692
-17.972
-18.705
-18.414
-19.732
-18.886
-19.363
-19.636
-17.572
-17.766
-16.926
-16.861
-16.712
-17.476
-15.508
-14.864
-14.924
-15.738
-30.206
-28.816
-28.109
-28.603
-30.623
-31.695
-30.394
-30.127
-31.173
-32.167
-30.903
-31.170
-30.362
-30.422
-29.536
-31.212
-28.363
-27.305
-28.347
-29.642
-30.916
-29.602
-29.106
-28.627
-27.207
-26.934
-26.955
-26.508
-26.947
-25.072
-24.661
-25.338
-23.173
-22.934
-22.693
-26.704
-26.685
-27.722
-25.717
-25.866
-26.650
-24.918
-25.248
-25.036
-22.417
-22.556
-22.727
-20.902
-20.616
-20.495
-20.092
-20.344
-20.315
-18.626
-18.320
-18.552
-17.746
-18.088
-18.040
-16.230
-16.129
-16.030
-15.338
-15.367
-14.508
-13.972
-14.199
-15.009
-13.980
-12.854
-12.664
-11.982
-12.925
-12.826
-13.950
-11.853
-12.169
-10.872
-12.001
-11.842
-13.028
-10.963
-11.236
-11.061
-9.471
-8.985
-9.379
-8.772
-7.860
-9.402
-8.514
-23.444
-22.804
-23.400
-22.833
-23.384
-22.785
-21.329
-20.878
-21.088
-20.821
-20.830
-21.593
-19.503
-19.450
-18.749
-19.063
-19.164
-17.974
-19.943
-20.947
-19.829
-20.523
-18.540
-17.936
-18.760
-17.589
-17.888
-17.371
-16.239
-16.538
-15.600
-15.182
-15.760
-14.576
-14.318
-15.096
-13.610
-13.605
-14.324
-12.875
-12.890
-12.579
-12.016
-13.795
-13.366
-13.892
-14.803
-30.540
-29.332
-29.445
-28.540
-31.750
-31.468
-32.195
-32.504
-30.149
-29.338
-29.791
-30.981
-30.871
-31.865
-30.136
-30.829
-28.808
-28.631
-27.773
-29.653
-30.362
-30.037
-29.568
-28.145
-27.635
-26.906
-28.375
-26.915
-27.656
-26.057
-25.990
-26.707
-24.609
-24.674
-23.839
-26.112
-25.414
-26.734
-25.538
-25.805
-26.494
-25.158
-25.817
-25.204
-24.158
-23.926
-24.894
-22.860
-22.753
-22.888
-21.488
-21.419
-21.316
-20.260
-19.859
-20.498
-19.084
-19.297
-18.780
-17.904
-17.849
-18.240
-16.567
-16.642
-15.377
-14.477
-14.997
-14.554
-15.821
-13.864
-14.274
-12.912
-13.540
-13.058
-14.430
-12.547
-12.884
-11.602
-12.222
-13.183
-11.734
-11.218
-10.252
-11.600
-11.198
-10.865
-10.459
-12.519
-13.184
-12.439
-12.909
-23.749
-23.832
-23.052
-23.230
-22.870
-24.022
-22.119
-22.591
-21.340
-21.433
-22.093
-21.205
-20.202
-19.682
-20.689
-19.200
-19.219
-19.800
-17.864
-17.952
-16.646
-15.755
-16.368
-15.607
-17.216
-15.734
-14.845
-15.502
-16.788
-17.016
-17.648
-16.234
-16.042
-15.225
-17.238
-16.925
-18.243
-17.023
-16.023
-16.914
-18.124
-18.972
-18.268
-18.046
-18.921
-17.229
-17.801
