8.851
7.692
6.785
7.884
8.656
7.786
9.434
8.709
10.163
10.460
10.197
10.903
8.875
9.161
7.860
9.474
7.351
6.382
7.217
8.748
8.817
9.962
8.441
7.512
7.238
7.175
8.044
5.926
5.884
4.930
4.080
4.182
2.820
3.074
2.697
5.769
6.144
6.428
4.369
4.060
4.865
2.525
2.015
2.506
1.434
1.307
1.547
0.244
-0.693
0.496
-0.188
0.693
-0.568
-1.302
-0.883
-1.417
-2.661
-2.979
-2.438
-3.690
-3.307
-3.781
-5.002
-4.889
-6.215
-7.085
-6.514
-7.211
-5.612
-7.071
-7.302
-6.315
-8.418
-8.244
-9.267
-8.838
-8.879
-8.106
-10.238
-10.448
-10.882
-10.731
-11.745
-10.788
-9.805
-8.725
-9.923
-10.098
-9.524
-11.161
-9.891
1.951
1.875
2.609
0.545
0.536
0.323
-0.671
-0.332
-1.290
-1.481
-1.075
-1.598
-2.892
-3.512
-2.794
-3.624
-3.068
-4.467
-4.149
-3.581
-5.323
-5.609
-6.189
-5.570
-6.756
-7.245
-6.730
-7.784
-8.399
-7.900
-8.858
-9.424
-10.213
-9.909
-8.982
-8.416
-9.948
-8.250
-7.326
-8.641
-7.808
-8.769
-7.200
-7.264
-6.219
-8.038
-7.235
12.217
11.974
12.771
11.782
13.570
13.746
13.644
14.414
12.063
12.582
11.029
12.620
11.163
10.172
10.932
11.644
10.731
10.893
10.636
9.368
9.498
10.239
9.548
7.828
7.297
7.895
7.211
5.801
5.185
5.910
4.796
3.830
4.940
5.555
5.644
5.334
6.072
5.461
4.033
3.009
3.139
1.806
1.949
1.828
3.622
4.030
2.933
2.840
2.539
3.534
1.657
1.923
0.972
0.940
0.397
1.649
0.000
0.418
-0.139
-1.360
-1.273
-1.881
-2.186
-2.061
-2.754
-3.396
-2.895
-2.106
-2.765
-4.293
-5.143
-4.511
-4.378
-5.320
-3.505
-4.559
-4.644
-3.698
-5.901
-5.729
-6.472
-6.774
-7.108
-6.288
-7.929
-7.460
-8.191
-9.170
-9.849
-9.641
-8.930
0.438
0.325
-0.405
0.236
0.661
0.849
-1.303
-1.498
-1.757
-1.616
-1.231
-1.197
-3.083
-3.239
-3.448
-3.878
-3.481
-4.050
-5.269
-5.299
-6.469
-7.246
-6.675
-5.746
-7.015
-7.930
-7.838
-8.843
-7.990
-8.460
-8.784
-6.795
-6.365
-5.978
-6.965
-6.118
-7.895
-7.289
-6.482
-8.281
-7.127
-6.121
-7.009
-8.135
-7.810
-9.203
-8.089
11.920
10.997
9.972
11.062
11.545
12.367
10.602
11.489
11.868
10.853
12.336
12.329
13.321
14.061
13.475
13.595
11.156
12.193
10.471
9.629
9.612
9.242
11.043
8.695
7.334
6.752
7.258
6.706
7.425
6.468
6.014
6.049
5.567
6.337
4.644
5.465
5.747
5.083
4.360
3.553
3.757
2.431
2.750
1.545
5.251
4.279
5.982
5.203
4.770
6.259
4.482
5.059
4.482
3.004
2.504
3.009
2.214
2.601
2.244
0.670
0.153
0.338
0.197
0.946
-1.071
-1.230
-2.348
-2.585
-2.114
-3.571
-3.722
-4.513
-3.618
-3.211
-2.891
-5.088
-5.661
-5.078
-5.720
-5.172
-5.803
-7.161
-7.758
-7.116
-7.953
-8.166
-8.967
-7.380
-7.789
-7.623
-6.281
2.051
2.949
1.426
1.096
1.396
1.031
-0.290
-0.680
-0.261
-1.423
-1.555
-1.244
-2.808
-2.918
-2.883
-3.865
-3.719
-4.859
-3.700
-2.980
-4.511
-4.319
-5.753
-6.522
-6.252
-5.426
-4.818
-4.878
-6.736
-7.268
-6.492
-7.625
-7.043
-8.185
-8.716
-8.278
-9.311
-9.631
-8.991
-10.308
-10.464
-11.261
-10.997
-9.601
-10.196
-9.193
-8.791
11.707
10.672
10.796
10.859
11.341
12.086
10.316
11.191
11.471
11.882
10.406
11.940
13.113
13.157
13.304
13.826
9.132
8.681
8.860
8.948
9.773
9.461
8.874
7.411
6.617
5.830
7.222
5.864
6.660
5.194
4.884
5.388
3.920
4.501
3.717
4.910
4.294
5.648
4.101
4.631
5.591
3.805
3.238
4.446
2.561
2.495
2.183
1.467
1.468
1.885
0.140
0.127
-0.201
-0.923
-1.202
-0.501
-2.205
-2.044
-2.466
-3.458
-4.385
-3.566
-3.205
-2.360
-4.045
-3.727
-5.343
-5.356
-5.548
-6.405
-6.188
-6.302
-7.817
-8.091
-7.712
-8.858
-8.334
-9.048
-10.141
-9.900
-10.783
-11.113
-11.193
-10.583
-12.587
-12.559
-13.008
-13.588
-14.645
-13.570
-13.252
2.757
3.162
2.523
1.390
1.094
1.536
0.327
0.486
0.448
-1.051
-1.242
-1.126
-2.141
-2.021
-3.068
-2.450
-3.221
-1.559
-2.896
-2.166
-4.165
-4.236
-5.435
-5.881
-5.095
-6.380
-5.861
-6.665
-7.704
-7.478
-8.072
-8.868
-8.598
-9.657
-9.461
-8.767
-10.051
-10.618
-10.295
-11.517
-10.973
-11.663
-10.066
-11.795
-12.221
-11.178
-12.576
12.413
11.238
10.380
11.348
12.565
12.386
13.496
11.748
12.341
11.371
13.084
12.510
13.623
13.722
14.554
13.604
10.929
11.839
10.187
9.012
8.667
8.656
10.536
8.406
7.552
8.096
7.256
6.197
5.704
5.477
4.794
4.783
3.923
3.131
4.583
6.353
7.060
6.891
5.089
4.486
4.927
3.309
3.267
3.633
3.172
3.881
2.353
2.634
1.824
3.465
1.917
1.619
2.588
0.834
1.289
0.327
-0.202
-1.132
-0.537
0.159
1.080
0.317
-1.035
-0.886
-2.192
-2.989
-2.658
-3.188
-1.734
-3.618
-3.706
-3.198
-5.079
-4.988
-5.382
-6.211
-6.249
-5.899
-7.585
-7.675
-7.843
-8.658
-8.446
-8.722
-10.089
-10.153
-10.126
-11.117
-12.155
-11.013
-10.832
1.958
1.557
2.098
0.769
1.016
0.873
-0.622
-0.578
-1.316
-1.164
-0.333
-1.205
-2.523
-2.728
-2.445
-3.668
-3.340
-3.742
-4.956
-4.965
-6.123
-7.014
-6.374
-6.859
-5.443
-7.191
-7.093
-6.815
-8.689
-9.092
-8.913
-9.499
-9.348
-10.554
-9.332
-8.383
-9.248
-10.483
-10.932
-11.239
-9.978
-9.024
-10.684
-9.695
-9.876
-10.553
-8.703
8.956
8.719
9.607
8.010
9.678
9.105
9.859
10.678
9.861
9.804
9.491
10.905
7.647
7.033
7.798
7.126
7.948
6.881
7.973
9.670
10.673
10.128
8.448
9.073
8.112
8.132
8.411
6.618
6.569
6.268
5.190
4.609
4.902
4.177
5.886
5.751
5.799
6.174
4.313
3.979
4.843
2.486
2.278
2.059
4.271
4.285
4.836
2.847
2.862
2.288
2.140
2.120
2.863
0.742
0.265
0.963
-0.248
0.048
-0.307
-1.664
-2.031
-1.793
-2.608
-2.230
-3.755
-4.339
-4.176
-3.709
-5.252
-4.078
-4.323
-4.751
-2.590
-2.039
-2.085
-2.358
-1.256
-2.908
-2.813
-2.757
-3.790
-1.971
-1.604
-1.215
-2.964
-3.713
-3.479
-2.302
-1.903
-2.947
-1.429
1.909
2.527
2.041
0.403
0.381
0.061
-0.612
-0.557
-0.325
-2.095
-2.401
-2.153
-3.007
-2.458
-2.933
-4.453
-4.577
-5.027
-5.010
-4.255
-6.234
-6.459
-7.366
-7.090
-8.187
-7.840
-8.384
-6.946
-8.710
-9.557
-8.207
-9.467
-8.936
-9.530
-10.906
-11.431
-11.386
-10.882
-10.320
-10.323
-12.246
-12.103
-12.943
-12.900
-12.091
-13.781
-13.194
10.195
9.537
9.652
10.058
10.451
9.562
10.710
11.192
11.560
11.387
12.254
12.046
9.484
9.320
8.509
10.044
8.045
7.609
7.511
8.351
9.740
8.176
7.989
7.343
5.930
5.844
5.710
5.000
5.096
5.369
5.307
5.060
5.463
5.393
6.472
3.502
3.275
3.217
2.723
2.231
2.404
1.411
1.596
1.695
4.294
4.709
4.288
2.906
2.541
3.067
1.879
2.082
1.993
0.416
0.345
0.204
-0.676
-0.226
-0.825
-2.018
-1.879
-2.568
-2.875
-2.271
-4.189
-4.627
-5.109
-4.541
-5.840
-5.916
-6.237
-5.245
-7.117
-7.463
-6.857
-8.347
-8.135
-8.572
-9.458
-9.634
-9.131
-10.790
-10.661
-11.086
-11.664
-11.536
-11.294
-13.117
-13.802
-13.404
-13.315
-0.033
-0.036
-0.652
-0.749
-0.571
-0.187
-2.154
-2.099
-2.854
-2.629
-1.953
-2.569
-4.089
-4.694
-4.198
-4.725
-4.676
-4.002
-6.100
-6.147
-7.179
-8.132
-7.381
-6.507
-8.004
-8.175
-7.616
-8.237
-9.628
-9.698
-10.008
-10.526
-10.482
-10.027
-11.976
-11.957
-12.409
-12.715
-13.678
-12.334
-12.939
-11.953
-13.380
-13.813
-14.823
-13.193
-14.076
6.966
5.940
5.075
6.372
8.279
8.980
8.748
7.993
7.168
7.652
6.320
7.689
6.440
7.209
5.534
6.170
5.440
4.451
5.357
6.735
7.953
6.829
6.431
5.485
4.858
4.288
5.467
3.745
4.181
2.662
2.313
2.720
1.242
1.455
0.320
3.026
2.687
3.701
1.880
1.142
1.559
-0.102
0.186
-0.733
1.011
1.166
1.901
-0.190
-0.332
-1.030
-0.130
0.818
-1.017
-0.442
-1.366
0.341
-0.444
0.033
0.216
-1.878
-1.777
-2.357
-2.723
-2.321
-3.869
-4.221
-4.608
-3.970
-5.301
-5.381
-4.610
-6.011
-6.287
-6.794
-5.848
-7.375
-6.896
-7.869
-8.587
-9.383
-8.919
-8.354
-7.628
-9.244
-7.985
-8.865
-7.236
-7.340
-6.407
-8.094
-6.881
-1.051
-1.963
-0.563
-1.613
-0.847
-2.141
-2.593
-3.462
-2.062
-2.958
-2.118
-3.158
-4.233
-4.932
-3.936
-4.689
-5.641
-4.773
-3.569
-3.061
-3.229
-2.375
-3.730
-4.061
-4.477
-2.600
-2.043
-1.845
-3.145
-3.594
-3.937
-2.076
-2.505
-1.633
-1.018
-1.548
-0.605
0.135
-0.283
0.331
1.464
1.941
2.035
1.280
1.269
2.070
0.297
5.424
5.191
4.352
6.085
6.672
6.698
7.568
6.741
5.524
4.622
6.433
5.618
4.342
3.432
4.122
4.426
5.185
4.794
4.488
7.596
7.768
8.711
6.429
7.079
7.180
7.024
8.221
6.241
6.512
4.900
3.971
4.121
2.604
2.494
2.652
6.298
7.375
5.698
5.934
4.812
4.275
4.299
4.956
4.284
1.524
1.775
1.254
0.243
-0.032
0.478
-0.865
-0.419
-1.210
-2.002
-2.690
-1.584
-2.958
-2.261
-3.470
-3.935
-4.703
-3.398
-4.732
-4.231
-6.087
-6.543
-7.071
-6.539
-7.569
-8.164
-7.578
-8.746
-9.274
-9.883
-8.677
-10.231
-10.569
-9.677
-11.471
-11.281
-11.992
-12.402
-12.378
-11.998
-13.901
-14.370
-13.900
-14.671
-14.285
-14.416
-15.760
2.939
2.934
2.371
2.217
2.921
1.670
1.188
0.364
1.591
0.424
1.139
-0.407
-0.141
-0.663
0.599
-1.179
-1.841
-1.767
-0.633
-0.589
-0.196
0.214
-0.094
0.833
-0.106
-1.365
-1.454
-2.260
-1.314
-0.350
-1.291
-2.383
-2.456
-3.364
-2.239
-1.183
-2.431
-2.970
-2.669
-2.670
-4.514
-4.878
-4.741
-5.304
-4.885
-6.411
-5.154
13.240
12.196
11.250
12.006
13.474
13.597
12.609
14.344
14.519
15.048
15.195
14.365
12.810
11.996
13.544
12.338
12.572
13.592
11.929
11.170
10.945
10.997
12.540
10.085
8.707
8.028
8.557
8.095
8.901
7.586
6.830
6.673
6.161
7.026
5.612
6.956
7.313
6.757
5.666
5.511
6.313
4.040
3.454
3.798
5.363
5.903
5.314
3.938
3.903
3.480
2.957
3.160
3.203
1.481
1.335
1.227
0.635
0.791
0.983
-0.777
-1.316
-0.645
-1.564
-0.951
-2.899
-3.287
-3.868
-3.438
-4.312
-5.053
-4.909
-5.748
-5.737
-5.742
-5.125
-7.250
-7.929
-7.703
-7.313
-6.665
-8.361
-6.929
-5.880
-6.973
-7.769
-8.830
-7.513
-7.539
-8.087
-6.450
-7.898
3.526
3.838
3.934
1.983
1.557
1.713
1.340
1.916
1.581
-0.138
-0.447
-0.770
-0.448
-0.086
0.096
-1.977
-2.482
-2.389
-2.464
-1.984
-3.090
-3.162
-3.617
-3.064
-3.549
-5.103
-5.397
-5.340
-6.103
-6.300
-5.691
-7.445
-7.373
-7.622
-8.547
-8.295
-8.576
-9.878
-10.263
-10.622
-9.895
-9.213
-9.479
-11.287
-11.214
-11.738
-11.804
5.249
6.440
7.247
6.913
5.692
4.956
6.596
5.901
4.677
4.438
5.492
3.987
4.150
3.613
4.488
3.489
6.422
7.505
5.935
6.817
8.096
6.794
5.937
5.971
4.984
5.346
4.924
3.617
3.593
2.673
2.594
2.883
2.074
2.197
2.758
3.097
3.206
3.676
1.689
0.903
1.267
-0.385
-0.310
-0.566
0.521
0.597
0.384
-0.481
-0.440
-0.115
-1.830
-1.758
-2.152
-3.015
-3.151
-2.527
-4.319
-4.247
-4.783
-5.138
-5.343
-4.553
-6.382
-6.136
-7.641
-8.370
-8.056
-7.400
-8.030
-9.523
-10.240
-9.691
-9.696
-9.108
-9.248
-11.183
-11.318
-11.773
-11.633
-11.272
-11.137
-13.091
-13.321
-13.691
-13.559
-14.621
-13.468
-12.989
-11.897
-13.198
-13.369
-1.508
-1.532
-2.447
-1.532
-1.450
-0.687
-2.908
-2.768
-3.271
-4.046
-3.874
-4.103
-5.393
-5.500
-5.449
-6.643
-6.753
-6.405
-7.880
-7.864
-8.759
-9.575
-8.889
-8.539
-9.951
-8.025
-8.200
-6.954
-8.349
-9.450
-7.915
-7.720
-8.163
-8.003
-6.140
-5.870
-5.747
-5.462
-6.003
-5.745
-4.022
-3.325
-3.980
-3.547
-2.472
-4.037
-3.755
6.097
4.857
4.198
4.238
7.136
6.642
7.333
7.966
5.743
6.544
5.080
5.325
6.811
7.531
6.035
7.282
5.113
5.616
4.095
5.489
4.919
6.648
5.936
4.264
3.584
3.592
4.055
2.091
2.019
1.454
1.806
2.415
1.059
1.344
-0.028
1.261
1.721
0.231
1.371
0.281
-0.710
0.474
0.580
1.276
1.276
2.299
0.916
0.484
-0.579
1.003
0.463
1.431
-0.283
0.030
-1.045
0.640
0.593
1.688
0.105
0.234
-0.863
0.829
0.615
0.977
0.680
0.952
0.322
0.231
1.041
-1.039
-0.850
-1.195
-2.248
-2.320
-2.056
-3.619
-3.608
-3.903
-4.832
-4.629
-5.596
-5.300
-4.377
-5.966
-6.064
-6.546
-5.340
-7.190
-7.847
-7.700
-6.831
-0.757
-1.689
-0.752
-0.914
0.060
-1.081
-2.192
-2.117
-1.984
-3.517
-3.565
-3.605
-4.852
-4.887
-5.741
-5.068
-4.183
-4.903
-6.347
-6.285
-7.551
-8.393
-7.873
-7.046
-8.744
-8.340
-8.864
-7.441
-9.418
-10.188
-8.870
-10.128
-10.325
-9.379
-11.472
-12.067
-12.056
-11.308
-10.466
-10.875
-12.658
-12.330
-13.476
-13.017
-13.437
-12.116
-13.781
11.642
12.159
12.998
12.594
12.705
13.337
12.324
13.298
10.968
11.724
10.605
10.115
10.616
9.873
11.081
10.214
11.169
11.653
10.790
8.793
8.126
9.189
10.105
7.853
7.852
8.674
8.218
6.424
6.508
5.322
5.088
5.453
4.259
5.007
3.464
6.281
6.576
7.131
5.039
3.978
3.944
2.836
2.698
3.050
3.599
2.917
4.447
2.861
3.615
2.068
2.308
1.990
3.123
1.083
1.245
0.240
0.701
0.550
1.590
-0.648
-0.722
-0.646
-1.947
-1.801
-3.234
-4.113
-3.598
-2.811
-3.919
-4.849
-5.142
-5.597
-4.761
-4.368
-4.062
-6.122
-6.517
-6.784
-6.132
-5.770
-5.278
-7.429
-7.250
-7.630
-8.586
-9.231
-8.187
-9.407
-10.459
-9.005
-9.302
1.453
1.553
0.762
0.785
1.252
-0.245
0.693
0.684
1.624
-0.509
-0.693
-1.504
-0.227
0.072
0.756
-1.309
-1.641
-0.824
-2.431
-2.058
-3.672
-4.429
-4.390
-4.883
-3.648
-5.399
-6.227
-5.905
-4.860
-4.332
-4.059
-5.954
-6.834
-5.518
-6.380
-6.397
-5.642
-7.704
-7.684
-7.776
-9.022
-9.145
-8.767
-10.264
-10.220
-10.346
-11.138
10.960
9.580
9.356
9.608
11.433
10.831
12.433
11.471
11.927
11.667
11.858
12.948
11.093
11.046
10.316
12.033
8.482
8.543
7.498
8.571
9.331
9.115
8.334
7.120
5.996
6.103
5.159
5.490
6.187
4.178
4.197
5.119
2.701
2.321
2.183
5.396
4.676
6.409
4.962
4.210
4.262
3.332
2.606
4.112
2.544
2.977
3.204
1.048
0.657
0.454
1.014
1.031
1.875
-0.288
-0.048
-1.147
-0.582
-0.385
0.165
-1.966
-2.136
-2.749
-2.099
-1.754
-2.696
-2.720
-3.247
-3.237
-2.739
-4.760
-4.967
-4.815
-5.712
-5.352
-5.637
-7.159
-7.538
-7.114
-8.059
-7.635
-8.050
-9.461
-10.040
-9.888
-9.636
-9.075
-9.282
-11.107
-11.326
-11.214
-11.774
2.535
1.629
3.213
2.055
3.000
1.491
1.146
0.183
1.555
1.136
0.803
2.197
0.116
0.182
-0.881
0.432
1.543
0.194
-0.058
0.823
-1.297
-1.493
-2.511
-3.309
-2.301
-3.110
-2.290
-3.340
-4.413
-5.093
-4.870
-3.966
-3.065
-3.590
-5.073
-5.842
-5.650
-4.548
-5.461
-4.197
-3.480
-2.510
-3.761
-3.364
-2.800
-2.651
-4.325
11.817
11.083
10.279
10.664
10.719
10.985
9.877
10.466
12.279
12.349
13.224
11.606
13.010
13.642
12.666
13.553
11.983
11.369
12.609
12.351
13.377
11.961
12.854
11.105
10.052
9.867
10.271
8.631
8.831
8.179
7.268
6.856
6.800
7.727
6.205
7.563
7.998
6.594
7.337
6.339
5.371
6.380
6.881
7.056
5.678
5.873
5.561
4.324
4.468
3.650
3.684
3.874
4.114
2.180
1.766
1.866
1.658
2.084
1.825
0.139
-0.305
-0.103
-0.385
0.495
-1.611
-1.783
-2.769
-2.375
-3.075
-3.898
-3.422
-4.464
-4.890
-5.357
-4.255
-6.069
-5.740
-6.788
-6.760
-7.421
-5.997
-7.581
-7.072
-8.537
-7.972
-8.474
-7.017
-8.747
-9.849
-8.519
-8.512
5.028
4.502
5.271
4.041
4.555
4.147
2.587
2.182
2.653
1.664
1.736
1.869
0.160
0.146
-0.062
-0.845
-0.732
-0.669
-2.233
-2.461
-3.121
-4.160
-2.941
-2.144
-2.798
-4.247
-4.585
-3.966
-5.305
-5.629
-4.823
-6.588
-6.334
-6.935
-7.701
-7.320
-8.033
-8.936
-8.649
-9.128
-10.290
-10.399
-10.272
-11.577
-11.928
-12.369
-11.345
8.080
7.171
6.342
7.842
9.055
9.827
9.439
8.478
7.129
7.806
6.474
6.483
8.747
9.487
9.206
8.004
6.601
7.408
6.164
5.680
5.537
6.824
5.666
4.400
3.246
2.953
3.508
2.200
2.606
1.919
1.218
0.932
0.699
0.854
1.285
0.920
0.108
0.468
1.338
1.438
0.960
2.206
2.900
2.679
-0.753
-0.837
-0.908
-1.728
-2.696
-1.483
-1.863
-0.893
-2.177
-2.862
-2.505
-2.820
-4.200
-4.383
-4.353
-5.181
-6.001
-4.698
-5.673
-4.889
-6.937
-7.084
-8.167
-7.771
-8.851
-9.019
-8.411
-9.577
-9.985
-10.561
-9.529
-10.843
-10.258
-11.515
-11.953
-12.457
-11.518
-13.003
-13.786
-13.480
-12.486
-11.721
-11.957
-13.412
-12.944
-14.168
-13.924
1.145
1.756
0.502
0.348
-0.395
0.953
-0.507
-0.911
0.276
-1.686
-2.430
-1.509
-2.555
-1.717
-3.011
-3.489
-4.152
-2.802
-4.336
-3.685
-5.649
-5.958
-6.603
-6.987
-6.102
-7.800
-8.217
-8.622
-7.507
-6.568
-7.312
-8.629
-8.775
-8.319
-9.956
-10.338
-9.753
-11.138
-11.273
-10.968
-12.488
-12.590
-13.370
-12.585
-12.372
-11.939
-13.629
13.226
13.398
14.351
13.450
13.167
12.298
14.087
12.938
12.034
11.112
11.956
12.263
14.435
15.379
14.364
14.651
12.178
12.563
12.231
9.661
9.592
9.844
10.873
8.423
7.983
8.326
8.529
6.393
6.320
5.664
5.481
5.839
4.545
4.832
3.502
5.801
5.892
6.469
4.458
4.352
5.222
2.916
2.697
2.288
4.658
4.319
5.714
3.936
4.372
2.898
3.993
4.931
4.050
2.807
2.634
2.935
1.511
1.793
1.227
0.482
0.750
-0.395
0.023
0.621
-1.137
-1.283
-2.295
-3.155
-2.636
-1.734
-2.591
-1.022
-1.270
-0.527
-1.965
-0.482
-1.022
0.451
-0.153
0.479
0.475
-1.270
-0.867
-1.831
-2.394
-3.076
-1.868
-3.364
-3.871
-4.174
-2.734
2.615
3.429
2.586
1.306
0.483
1.346
0.851
1.669
0.821
-0.429
-0.493
-1.318
-0.686
-0.223
-0.363
-2.192
-2.198
-2.705
-3.071
-2.529
-4.445
-4.854
-5.340
-6.269
-4.874
-5.979
-6.293
-6.819
-5.000
-4.202
-4.484
-5.584
-6.129
-6.344
-4.605
-3.842
-4.193
-5.421
-5.970
-6.212
-4.445
-4.114
-3.517
-5.029
-4.535
-5.045
-6.012
11.587
11.504
12.272
10.621
11.828
11.994
12.752
10.970
12.676
13.598
12.638
12.718
10.333
9.516
10.349
10.099
11.593
11.541
12.514
9.010
9.091
8.691
10.416
7.980
7.271
7.858
7.070
5.833
6.039
4.945
5.082
5.967
3.836
4.090
3.875
5.049
4.836
5.478
3.662
3.479
4.346
2.050
1.949
1.448
2.576
2.540
2.715
1.264
1.306
0.977
0.104
0.147
0.379
-1.244
-1.180
-1.421
-2.387
-2.286
-2.191
-3.783
-4.559
-4.084
-3.971
-3.815
-4.279
-4.391
-4.566
-5.637
-4.021
-4.338
-4.235
-3.384
-5.452
-5.858
-6.306
-5.113
-4.755
-4.322
-6.290
-6.795
-7.116
-5.910
-5.541
-5.177
-7.085
-7.443
-7.962
-6.744
-6.380
-5.882
-7.661
1.551
1.687
1.969
0.041
-0.141
-0.024
-0.899
-0.831
-0.359
-2.343
-2.825
-2.396
-3.117
-2.589
-3.207
-4.511
-4.895
-4.439
-5.456
-5.274
-6.556
-7.199
-7.169
-6.942
-6.725
-8.688
-8.812
-9.102
-9.463
-10.560
-9.079
-9.206
-9.786
-8.121
-9.673
-10.743
-9.154
-9.450
-8.389
-9.523
-10.366
-11.434
-10.184
-10.085
-10.223
-10.777
-9.049
10.912
10.465
11.384
9.763
9.816
9.363
10.327
9.115
11.442
10.686
11.753
12.319
11.913
11.572
12.044
12.905
9.904
8.949
9.629
11.802
12.838
12.288
10.727
10.897
10.756
11.006
11.301
9.274
9.173
8.983
8.217
7.833
7.795
7.997
8.422
8.208
8.097
8.714
6.949
7.012
7.969
5.612
5.721
4.833
6.356
6.140
6.250
5.338
4.910
5.781
4.184
4.580
3.827
2.954
2.742
3.417
1.809
2.190
1.266
0.621
-0.298
0.462
0.884
1.922
-0.022
0.332
-1.468
-1.946
-1.737
-2.058
-1.532
-1.860
-3.565
-3.923
-3.727
-4.093
-3.736
-3.706
-5.567
-6.023
-5.782
-6.106
-6.046
-5.322
-7.470
-7.652
-7.358
-8.630
-8.599
-8.345
-9.596
5.121
5.913
4.736
3.909
3.241
4.171
3.067
3.829
2.480
2.090
1.951
2.765
0.749
0.233
0.909
-0.135
-0.350
0.391
-1.375
-1.853
-1.943
-2.813
-1.495
-0.400
-1.520
-2.345
-2.172
-3.412
-2.193
-1.115
-2.527
-2.912
-2.683
-2.593
-4.408
-4.941
-4.677
-5.205
-4.818
-6.305
-4.987
-5.118
-3.951
-5.968
-7.015
-5.734
-5.888
8.906
7.350
6.919
7.101
9.313
8.663
9.193
10.316
9.234
8.744
8.778
10.286
9.603
9.455
10.665
9.152
6.648
5.538
6.889
6.593
6.757
7.359
7.049
5.072
4.567
5.372
3.983
3.704
3.131
2.972
1.753
1.279
1.072
1.192
1.432
4.684
5.324
5.308
3.891
4.109
4.962
3.015
2.014
3.305
-0.453
-0.624
-0.667
-1.393
-1.303
-1.254
-2.825
-3.049
-3.203
-3.865
-3.853
-3.420
-5.159
-4.986
-5.561
-6.210
-5.780
-6.977
-6.835
-6.177
-8.068
-8.365
-9.059
-9.592
-8.543
-10.163
-10.675
-10.932
-9.528
-9.115
-8.764
-10.433
-10.969
-11.252
-9.893
-9.239
-9.363
-11.053
-11.800
-10.703
-11.682
-10.850
-12.384
-12.492
-11.750
-13.046
-13.053
2.706
3.665
2.128
2.167
2.906
2.237
0.729
0.617
0.438
-0.399
-0.135
-0.443
-1.732
-2.183
-1.585
-2.856
-2.524
-3.723
-3.079
-2.322
-4.173
-4.249
-5.401
-5.292
-5.586
-6.675
-6.889
-6.518
-7.975
-8.704
-8.383
-7.680
-7.110
-6.988
-8.893
-9.064
-8.619
-10.121
-10.508
-9.896
-11.178
-10.894
-11.525
-12.427
-13.265
-12.760
-12.009
12.653
11.410
10.715
10.968
13.666
14.559
13.306
13.946
12.361
13.258
11.651
12.026
13.311
12.589
13.697
14.109
11.546
12.270
10.574
10.856
10.136
11.566
11.944
9.788
9.487
9.769
10.082
7.947
7.678
7.391
7.781
8.323
7.477
8.370
6.862
7.233
7.368
7.851
5.862
5.323
5.953
3.839
3.319
3.579
6.769
7.374
6.741
5.248
5.216
4.899
4.288
4.383
4.608
2.851
2.160
2.964
2.194
2.521
2.465
0.681
0.046
0.470
0.299
1.118
-0.911
-1.276
-2.066
-2.249
-1.983
-3.340
-3.549
-4.259
-3.269
-2.370
-4.150
-3.415
-2.517
-3.291
-4.789
-5.495
-4.865
-5.285
-4.641
-5.111
-6.802
-6.909
-7.412
-7.094
-6.361
-8.137
-7.003
3.175
3.597
3.677
1.641
1.193
1.187
1.123
1.575
1.254
-0.418
-0.805
-0.588
-1.313
-0.970
-1.228
-2.688
-2.673
-2.996
-3.617
-3.304
-4.735
-5.329
-5.329
-4.708
-5.674
-6.601
-6.884
-7.483
-6.348
-5.314
-7.032
-6.583
-6.072
-6.126
-8.102
-8.450
-8.624
-8.469
-7.946
-8.121
-9.976
-10.427
-10.494
-10.352
-9.889
-11.442
-9.994
9.253
8.079
7.305
8.454
8.781
9.701
8.218
8.092
10.335
10.876
9.914
11.065
9.702
10.425
10.157
8.845
7.334
6.502
6.815
8.111
8.385
9.091
8.062
6.642
6.093
6.554
6.379
4.577
4.538
4.032
4.080
4.449
3.740
3.869
4.564
4.001
4.430
4.437
2.544
1.980
2.492
0.459
0.320
0.237
2.320
2.144
2.254
1.101
1.416
0.755
-0.027
0.320
-0.805
-0.619
-0.828
0.090
-1.846
-2.238
-1.496
-3.037
-3.577
-2.794
-3.758
-3.078
-5.004
-5.320
-6.005
-5.794
-6.746
-6.475
-6.316
-5.785
-8.000
-8.492
-8.514
-8.312
-7.652
-8.068
-9.775
-10.104
-9.843
-10.821
-10.916
-10.610
-12.286
-12.231
-12.454
-13.364
-13.177
-14.390
-13.263
-0.421
-0.134
-0.047
-1.930
-2.139
-2.225
-2.912
-2.658
-2.708
-4.354
-4.527
-4.635
-5.457
-5.484
-6.429
-5.240
-5.951
-4.247
-5.368
-4.411
-6.421
-6.356
-7.801
-7.804
-8.556
-8.212
-8.147
-7.514
-9.697
-9.827
-10.402
-10.027
-9.534
-9.563
-11.529
-11.777
-12.048
-12.290
-13.279
-11.940
-12.683
-11.908
-12.713
-13.967
-13.960
-14.061
-14.846
11.703
10.289
10.019
10.483
12.727
12.732
12.651
13.735
11.754
11.481
12.709
11.013
11.939
11.737
12.929
11.221
9.140
8.131
9.082
8.795
9.481
9.049
9.271
7.225
6.436
6.815
6.417
5.021
5.183
4.126
3.547
3.966
2.212
2.362
1.733
4.562
4.821
5.112
3.104
2.758
3.502
1.266
1.018
0.642
1.161
0.873
1.698
0.025
0.529
-0.465
-0.971
-1.076
-0.416
-2.179
-2.487
-1.941
-3.508
-3.210
-3.674
-4.813
-5.716
-4.728
-4.902
-3.886
-5.958
-5.974
-7.343
-7.839
-7.266
-8.074
-7.594
-7.895
-9.603
-10.074
-9.734
-10.284
-9.716
-10.524
-11.685
-12.304
-12.177
-11.420
-10.960
-10.624
-12.713
-12.420
-13.466
-13.293
-13.837
-12.425
-13.969
1.014
1.806
1.003
-0.350
-0.600
-0.432
-1.462
-1.387
-1.302
-2.893
-3.566
-3.252
-3.064
-2.385
-2.714
-4.549
-5.219
-4.726
-4.946
-4.283
-5.989
-5.989
-6.976
-6.941
-7.998
-6.807
-7.205
-5.742
-7.503
-8.535
-6.926
-7.560
-8.085
-8.035
-6.121
-6.283
-5.487
-5.274
-5.776
-5.191
-3.851
-3.035
-3.740
-3.623
-2.588
-4.308
-3.908
9.313
8.246
7.347
8.456
9.032
8.015
9.616
9.354
10.629
11.312
11.119
10.441
9.357
8.394
9.859
9.911
7.791
7.152
7.152
9.130
9.500
10.150
8.861
7.736
7.345
8.036
7.387
5.904
5.488
5.050
4.693
4.858
4.121
5.058
3.573
5.859
6.601
6.214
4.558
4.054
4.764
2.574
2.323
2.392
3.310
3.814
3.293
1.920
1.397
2.060
0.999
1.136
-0.082
1.284
1.607
2.040
0.008
-0.324
-0.762
0.290
1.036
-0.653
0.926
1.951
0.426
1.149
-0.863
-0.624
-1.239
-1.929
-1.827
-1.620
-3.355
-3.925
-3.371
-4.075
-5.103
-3.710
-3.961
-4.191
-2.873
-4.780
-4.871
-4.331
-6.214
-6.257
-6.654
-7.057
-8.111
-6.863
-6.614
1.703
1.914
1.949
0.241
0.022
-0.035
-0.744
-0.587
-1.721
-0.772
0.214
-1.088
-1.625
-1.186
-1.573
-3.082
-3.641
-3.054
-3.742
-3.284
-4.920
-5.372
-5.757
-5.453
-5.589
-7.259
-7.785
-7.331
-8.097
-7.760
-7.920
-9.627
-9.714
-10.067
-10.376
-10.044
-11.481
-10.137
-9.053
-10.674
-10.476
-9.635
-10.530
-11.775
-11.582
-12.233
-12.555
7.861
8.154
9.187
8.094
9.088
8.912
9.970
9.349
7.656
6.708
8.462
7.742
6.693
6.700
6.554
5.824
7.272
6.219
7.599
8.263
9.024
8.992
7.252
7.372
6.862
7.102
7.247
5.301
5.000
4.940
4.987
5.078
4.840
5.819
4.565
4.780
5.300
4.908
3.319
3.025
3.786
1.501
1.243
0.960
3.658
3.939
3.692
2.274
2.099
2.222
1.162
0.187
1.411
1.125
2.003
1.275
-0.152
-0.905
-0.277
-0.265
-0.600
-1.123
1.018
1.914
1.163
2.039
0.124
-0.703
0.619
-0.466
0.286
-1.065
-1.444
-2.247
-0.951
-2.219
-1.625
-2.792
-3.337
-3.855
-2.833
-4.404
-3.857
-5.155
-5.150
-6.013
-5.636
-4.242
-4.899
-3.591
-3.650
0.815
1.287
1.102
-0.744
-1.218
-1.054
-1.477
-1.007
-1.372
-3.030
-3.123
-3.377
-3.961
-4.172
-3.463
-5.270
-5.054
-5.800
-6.179
-5.839
-7.351
-7.906
-8.061
-7.964
-7.543
-9.592
-9.503
-10.079
-10.332
-9.698
-10.419
-11.727
-11.761
-12.231
-12.625
-12.535
-12.413
-14.150
-14.225
-14.377
-15.114
-14.818
-14.833
-16.607
-17.042
-16.792
-17.159
11.163
9.921
10.138
9.178
11.053
10.853
11.943
10.142
11.337
12.069
11.423
10.492
12.401
12.200
13.344
12.568
9.342
8.593
10.087
9.098
9.731
9.768
8.873
7.627
6.587
6.188
6.920
5.372
5.783
4.697
4.872
5.688
3.953
3.294
3.357
4.316
3.697
4.902
3.419
2.887
3.077
1.999
2.567
0.966
4.814
5.128
5.693
3.840
4.424
3.099
3.116
2.389
3.825
2.328
3.129
1.832
1.439
2.068
1.100
0.243
-0.436
0.351
-0.577
-0.147
-1.606
-1.980
-2.262
-1.970
-3.333
-1.869
-0.773
-2.315
-2.123
-3.072
-2.129
-1.012
-0.722
-1.130
0.311
0.428
0.447
1.466
1.366
1.296
2.780
3.529
2.911
3.256
3.302
4.298
2.586
1.876
1.320
2.920
1.114
1.804
0.208
0.672
-0.276
1.378
0.296
1.157
0.070
-0.876
-1.764
-0.676
-1.125
-0.213
-1.301
-2.183
-1.954
-3.444
-4.220
-3.939
-4.509
-3.143
-4.841
-5.170
-4.165
-6.078
-6.652
-5.846
-7.022
-6.397
-7.519
-8.133
-7.678
-8.631
-9.110
-9.845
-9.716
-8.449
-7.875
-9.308
-7.554
-8.149
-6.669
-7.397
11.012
10.884
10.834
11.803
12.202
12.339
12.070
13.086
9.787
9.342
10.045
9.022
11.203
12.227
10.914
10.523
9.632
9.343
8.801
10.827
12.208
10.723
9.935
10.144
9.272
9.086
9.741
7.903
8.212
7.504
6.648
6.437
6.120
6.713
6.283
6.877
6.626
7.294
5.696
5.916
7.017
4.551
4.633
3.909
4.671
4.431
4.182
3.820
3.960
4.012
2.284
1.807
2.142
1.667
2.137
1.788
0.245
-0.315
0.260
-0.410
-1.437
0.244
-0.335
0.590
-1.436
-1.303
-2.812
-3.222
-2.854
-3.552
-3.012
-3.878
-4.948
-5.350
-4.777
-6.116
-7.022
-5.799
-6.470
-7.215
-5.691
-6.880
-6.053
-7.824
-7.216
-6.323
-7.683
-8.325
-9.307
-7.945
-8.464
3.798
4.489
3.225
2.881
2.059
3.419
2.446
3.142
2.454
1.122
0.324
0.746
0.988
1.777
1.170
-0.261
-0.078
-1.157
-0.403
0.175
-0.973
-0.986
-1.602
-1.662
-0.967
-3.015
-3.013
-3.603
-3.558
-2.870
-3.577
-4.910
-5.630
-4.808
-5.516
-4.777
-6.484
-5.694
-4.804
-6.515
-6.150
-6.931
-5.394
-6.596
-5.768
-7.380
-6.973
7.890
8.425
9.167
9.008
8.991
9.590
9.657
8.561
7.147
6.470
7.855
6.422
6.852
6.657
5.966
7.102
7.353
6.603
7.902
7.451
7.300
8.845
6.659
6.703
5.508
5.342
5.510
4.267
4.612
3.875
3.462
3.530
2.909
2.219
3.736
3.019
2.813
3.322
1.819
1.924
2.878
0.543
-0.194
0.688
2.226
2.981
1.464
1.502
2.368
1.111
0.392
0.778
0.005
-0.801
-0.306
-1.533
-1.666
-1.071
-2.269
-2.537
-2.883
-1.895
-3.671
-3.331
-4.974
-5.724
-5.646
-5.073
-6.434
-6.414
-6.678
-7.389
-5.615
-5.454
-4.680
-6.257
-5.521
-6.276
-7.531
-8.173
-7.388
-8.217
-7.480
-8.459
-9.422
-10.230
-9.845
-9.186
-9.239
-9.877
-8.180
-0.174
0.623
-0.843
-0.928
-1.381
-1.744
-0.050
0.286
0.886
-0.773
-1.025
0.036
-1.888
-1.663
-2.739
-2.187
-2.166
-3.204
-1.030
-0.053
-1.195
-0.377
-2.505
-3.099
-2.263
-3.329
-2.587
-3.775
-4.426
-4.109
-5.099
-5.299
-5.273
-4.844
-6.776
-7.179
-6.734
-7.599
-7.139
-8.568
-8.037
-8.748
-7.138
-8.870
-8.313
-9.833
-9.059
11.878
11.242
11.467
11.676
11.629
12.243
10.576
11.830
13.396
13.808
13.887
13.485
11.472
11.984
11.630
10.413
9.715
9.296
9.345
9.452
10.905
8.654
9.282
8.716
7.287
6.920
7.134
6.464
6.894
6.523
6.154
5.791
6.242
6.614
6.979
5.002
4.617
5.027
4.012
3.743
4.166
2.834
1.951
3.439
4.851
5.122
4.342
3.743
3.493
4.146
2.488
2.575
2.347
1.185
0.971
1.292
0.029
0.399
-0.268
-1.280
-1.110
-1.948
-2.182
-1.656
-3.532
-4.060
-4.404
-5.066
-3.807
-5.503
-5.011
-5.975
-6.674
-7.118
-6.157
-7.837
-7.451
-8.553
-8.559
-7.894
-9.202
-9.429
-10.162
-8.686
-10.068
-9.271
-10.648
-11.070
-11.458
-11.930
-10.605
2.404
3.216
2.262
1.070
1.160
0.917
-0.100
-0.098
0.032
-1.455
-1.392
-1.778
-2.585
-2.547
-2.412
-3.977
-3.965
-3.840
-5.153
-5.264
-6.013
-7.003
-5.819
-5.939
-4.774
-6.767
-6.803
-6.468
-8.254
-8.346
-8.343
-9.182
-8.612
-9.339
-10.563
-10.865
-10.356
-11.526
-11.552
-11.144
-12.938
-13.020
-13.095
-14.048
-13.868
-14.082
-15.077
9.236
7.977
7.403
7.418
10.090
10.295
9.530
10.988
10.063
10.185
10.964
9.625
8.912
9.786
8.706
8.091
8.013
7.004
8.726
7.538
6.880
8.370
8.501
6.693
5.283
4.890
4.720
4.972
3.886
5.209
4.377
3.497
4.770
5.373
5.268
5.693
6.760
5.572
5.195
4.576
4.194
4.324
4.423
5.044
3.472
2.740
3.709
2.932
2.174
3.712
2.510
3.276
1.805
1.621
0.929
2.205
0.734
1.320
0.030
-0.008
0.728
-0.643
-0.867
-0.306
-2.240
-2.733
-3.160
-3.734
-2.603
-4.041
-4.596
-3.464
-4.977
-4.334
-5.126
-6.315
-6.792
-6.372
-7.304
-8.221
-6.840
-7.721
-6.884
-8.214
-8.802
-9.057
-9.647
-8.286
-8.851
-8.453
-7.197
2.953
2.873
2.913
1.771
2.005
1.539
0.519
0.197
0.672
-0.700
-0.705
-0.581
-1.919
-1.666
-2.133
-3.224
-2.912
-3.230
-4.537
-4.479
-5.652
-6.591
-5.754
-5.468
-5.000
-7.056
-7.961
-7.007
-7.316
-7.492
-6.447
-8.595
-8.572
-8.697
-9.820
-9.905
-9.752
-11.088
-11.214
-11.162
-12.072
-11.792
-12.016
-13.479
-13.733
-13.642
-14.145
9.203
10.186
10.921
10.791
8.518
8.992
7.486
8.414
8.148
8.523
7.295
7.748
9.786
9.050
10.327
10.552
9.702
8.864
10.469
8.820
8.758
9.788
9.149
7.356
6.246
6.584
5.474
5.669
6.394
4.445
4.487
5.466
2.958
2.630
2.363
5.464
6.449
5.020
4.506
3.298
2.858
2.381
2.463
2.815
2.703
3.265
3.142
1.207
0.821
1.104
0.286
0.650
0.310
-1.171
-1.478
-1.209
-2.248
-2.052
-2.139
-3.720
-4.195
-3.569
-4.361
-3.853
-5.503
-5.913
-6.324
-5.852
-7.366
-6.525
-6.786
-5.528
-7.583
-7.430
-8.517
-7.736
-8.311
-6.787
-8.454
-9.300
-8.813
-7.495
-7.715
-6.503
-7.596
-7.403
-8.660
-6.851
-6.747
-7.197
-5.786
0.914
0.243
0.601
0.707
1.521
0.705
-0.578
-0.698
-1.440
-0.828
0.092
-1.212
-1.906
-2.827
-1.581
-1.957
-2.252
-0.898
-2.801
-2.109
-4.080
-4.616
-5.049
-4.537
-5.417
-6.200
-6.931
-5.936
-7.092
-7.452
-6.450
-8.372
-8.135
-8.915
-9.506
-9.614
-10.456
-9.344
-8.377
-9.234
-10.398
-11.341
-10.604
-10.057
-9.109
-10.079
-10.932
13.620
12.390
12.270
12.563
13.371
14.254
12.576
13.191
13.913
14.240
13.082
14.666
14.820
14.604
15.633
15.061
10.972
10.201
10.686
10.808
11.645
11.098
11.187
9.244
8.475
8.785
8.611
6.984
6.520
6.455
6.470
6.901
5.669
6.434
5.055
6.583
7.024
7.106
5.155
4.384
4.695
2.965
2.649
3.050
4.760
3.984
5.389
4.082
4.665
3.495
3.186
2.580
3.861
2.217
2.770
1.469
1.414
2.028
1.097
0.274
-0.491
0.752
-0.498
-0.217
-1.403
-1.938
-1.807
-2.840
-1.101
-1.534
-0.580
-2.305
-1.806
-2.685
-0.926
-1.882
-1.155
-2.880
-1.551
-2.304
-1.549
-0.251
0.692
-0.344
0.189
-0.403
0.155
1.603
1.911
2.290
1.758
1.897
1.916
2.002
0.448
0.272
0.330
-0.577
-0.183
-0.618
-2.034
-2.018
-2.447
-2.833
-2.660
-2.448
-4.381
-4.533
-4.973
-4.899
-4.183
-6.172
-6.451
-7.276
-6.996
-8.197
-7.561
-6.701
-8.327
-8.020
-7.235
-8.983
-8.086
-8.740
-7.014
-8.481
-9.460
-7.684
-8.575
-9.363
-7.592
-9.185
-8.643
-10.272
-8.891
-9.409
-7.827
-9.250
12.494
11.436
11.796
11.293
11.889
12.549
11.821
10.960
13.707
13.464
14.674
13.988
12.810
11.865
13.381
13.348
9.997
9.511
9.292
10.089
10.639
10.731
10.007
8.530
7.596
7.373
8.008
6.224
6.464
5.765
5.102
4.776
4.853
5.779
4.771
5.249
5.362
5.595
3.873
3.601
4.415
2.104
2.062
1.749
3.539
3.704
3.618
2.216
2.471
1.909
1.093
0.936
1.339
-0.246
-0.161
-0.857
-1.120
-0.459
-1.927
-1.692
-2.315
-0.765
-2.460
-3.190
-2.192
-2.867
-1.303
-1.666
-0.230
-1.474
-0.479
-1.354
-2.616
-2.593
-3.571
-2.448
-2.238
-1.526
-3.610
-4.568
-3.428
-3.666
-4.212
-4.268
-2.333
-1.573
-2.457
-1.818
-0.900
-2.581
-1.305
1.317
1.455
1.672
-0.205
-0.418
-0.515
-0.996
-0.559
-0.765
-2.565
-2.885
-2.841
-3.238
-4.070
-2.511
-3.679
-4.530
-2.845
-4.114
-3.786
-4.699
-4.916
-5.143
-4.976
-4.657
-6.658
-6.861
-7.180
-7.153
-7.210
-8.237
-6.336
-5.275
-6.785
-6.284
-5.413
-7.227
-6.065
-5.872
-5.161
-7.272
-7.411
-8.190
-7.204
-6.497
-8.203
-6.971
8.398
6.946
6.832
6.369
9.143
9.214
10.106
8.655
8.591
9.596
7.845
8.409
8.940
8.723
10.008
8.483
6.236
5.295
6.722
6.534
6.371
7.885
5.952
5.512
4.120
4.010
3.805
3.243
2.210
3.218
2.563
1.839
2.820
3.680
3.196
3.735
4.698
4.011
2.673
2.758
3.704
1.468
0.668
1.604
1.553
0.690
1.242
1.727
2.346
2.274
0.335
0.501
-0.451
-0.213
-0.399
0.662
-1.520
-1.322
-2.118
-2.224
-1.641
-3.040
-2.690
-1.972
-3.879
-4.136
-5.027
-4.739
-5.105
-6.246
-6.671
-5.879
-7.387
-6.875
-7.593
-8.656
-9.451
-9.096
-8.458
-7.409
-8.463
-9.369
-10.396
-9.229
-9.244
-8.174
-9.682
-9.940
-10.987
-9.426
-10.113
1.127
1.894
0.232
0.933
0.170
1.905
0.690
0.622
1.505
-0.536
-0.336
-0.674
-1.827
-1.712
-2.584
-2.298
-1.475
-2.608
-3.578
-3.806
-4.535
-5.485
-4.421
-3.458
-5.193
-4.650
-3.917
-4.633
-6.031
-6.265
-5.933
-7.290
-7.181
-7.471
-8.544
-8.234
-8.939
-9.754
-10.023
-10.604
-9.485
-9.376
-8.566
-10.532
-10.122
-10.873
-11.407
15.176
13.925
13.488
14.213
16.038
16.108
17.049
15.579
14.764
14.228
14.012
15.609
15.917
16.439
16.510
15.275
12.733
11.858
12.216
12.579
12.769
13.226
13.099
11.040
10.215
10.688
9.947
8.842
8.223
8.171
7.279
7.156
6.387
6.941
5.735
9.063
9.930
9.511
7.853
7.107
7.276
5.971
6.410
5.685
5.663
4.747
6.277
5.379
6.250
4.648
4.867
5.675
4.585
3.699
3.054
4.074
2.783
3.351
2.266
1.527
1.084
1.884
0.657
1.129
-0.671
-1.246
-1.490
-2.252
-0.901
-2.393
-2.171
-2.128
-3.864
-4.028
-4.126
-4.774
-4.876
-4.391
-6.152
-6.045
-6.670
-7.120
-6.851
-7.847
-7.685
-7.810
-6.932
-9.033
-8.977
-9.736
-9.534
4.760
4.345
4.932
3.655
4.127
3.310
2.378
2.586
1.936
1.456
1.976
1.176
0.153
-0.444
0.499
-0.745
-0.171
-0.952
-2.001
-1.831
-3.288
-3.996
-3.915
-4.762
-3.158
-4.346
-3.586
-5.236
-4.820
-5.351
-3.861
-5.762
-6.522
-5.088
-6.214
-5.300
-6.834
-6.871
-6.013
-7.565
-7.474
-8.341
-6.774
-7.937
-8.376
-7.018
-8.550
9.970
9.427
8.828
8.771
10.503
9.688
11.219
10.873
8.838
8.474
8.033
9.147
11.012
10.503
11.571
11.689
10.446
11.209
9.778
11.751
12.393
12.601
11.195
10.365
9.492
9.873
9.389
8.072
7.646
8.220
7.435
6.803
7.538
8.268
8.036
7.255
7.772
7.418
5.856
5.045
5.347
3.719
3.544
3.786
6.152
5.730
6.248
5.140
5.399
5.298
3.697
3.360
3.587
2.649
3.021
2.533
1.287
0.948
1.393
0.261
0.772
-0.004
-0.931
-1.482
-1.139
-1.787
-0.468
0.610
-0.558
-1.008
-1.203
-0.225
-2.307
-1.989
-2.999
-2.964
-2.179
-3.811
-3.648
-4.411
-2.910
-4.323
-3.529
-4.770
-5.409
-6.138
-5.977
-5.062
-4.316
-5.922
-4.584
2.647
2.709
2.672
1.196
1.126
0.983
0.163
-0.006
0.472
-1.200
-1.715
-1.064
-2.108
-1.730
-2.087
-3.604
-3.739
-3.919
-4.432
-4.156
-5.665
-6.173
-6.475
-6.068
-7.544
-6.565
-7.452
-6.731
-5.367
-4.428
-5.377
-5.337
-6.293
-5.249
-4.211
-4.526
-3.988
-2.884
-2.913
-2.842
-1.600
-1.717
-1.581
-0.337
0.515
-0.070
-0.541
12.771
11.592
10.751
11.739
12.434
11.607
13.363
11.967
13.940
14.857
14.041
13.608
13.472
13.812
12.771
14.294
11.000
9.999
10.794
11.755
11.708
12.821
11.804
10.318
9.977
9.545
10.842
8.736
9.226
7.830
7.421
7.616
6.670
6.735
7.021
8.017
7.631
8.788
6.953
7.224
8.387
5.907
5.012
5.784
5.163
4.777
4.945
4.445
4.688
4.767
2.876
2.572
2.477
2.308
2.480
2.863
0.817
0.455
0.816
-0.108
-1.025
0.431
-0.144
0.782
-1.279
-1.163
-2.608
-2.585
-2.764
-3.804
-3.662
-4.583
-4.266
-4.309
-3.502
-5.611
-5.602
-6.299
-5.890
-5.108
-6.820
-5.801
-6.471
-4.869
-5.961
-5.873
-5.135
-7.227
-7.208
-8.053
-7.318
6.017
7.044
5.335
5.748
6.621
5.664
4.493
4.611
4.361
3.199
2.411
3.178
2.979
3.004
3.755
1.606
1.493
1.432
0.379
0.714
-0.865
-1.604
-1.442
-0.793
-1.681
-2.854
-3.468
-2.677
-3.522
-3.705
-2.750
-4.774
-4.477
-5.530
-5.403
-4.600
-5.992
-6.415
-5.996
-7.157
-7.208
-7.545
-6.544
-8.419
-9.100
-9.013
-8.110
10.537
10.979
11.915
11.117
11.518
11.176
12.413
11.626
10.484
10.571
9.515
11.250
9.210
8.742
8.648
9.263
10.233
10.801
10.375
8.483
8.813
9.104
8.861
6.878
6.279
6.704
6.649
4.724
4.331
4.326
4.098
4.076
3.810
4.779
3.317
4.149
4.730
4.452
2.671
2.358
3.061
1.006
1.075
0.206
2.652
2.021
3.157
1.781
2.400
1.581
0.521
-0.056
0.740
-0.336
-0.201
-1.400
0.156
0.154
1.189
-0.701
-0.092
-0.705
-2.066
-2.246
-3.182
-4.097
-3.245
-2.454
-3.143
-4.591
-4.630
-4.510
-5.846
-5.977
-5.802
-7.085
-8.027
-7.139
-7.185
-6.372
-7.099
-8.565
-9.214
-8.866
-8.523
-8.031
-7.859
-9.894
-9.883
-10.344
-10.531
0.719
1.500
0.771
-0.661
-1.411
-0.763
-0.922
-0.345
-0.442
-2.378
-2.695
-2.987
-2.641
-2.434
-1.921
-4.065
-4.672
-4.456
-4.311
-3.775
-5.017
-5.071
-5.752
-5.064
-6.510
-6.456
-7.361
-6.793
-5.568
-5.165
-4.601
-6.261
-6.393
-7.249
-5.500
-4.604
-5.216
-6.276
-6.596
-7.249
-5.482
-5.184
-4.634
-6.234
-6.814
-5.545
-6.979
9.098
8.149
7.866
8.701
8.434
8.101
9.138
7.585
9.274
9.864
8.334
9.736
10.502
11.080
10.452
11.004
6.793
6.071
6.339
5.567
5.487
5.393
6.869
4.383
3.181
3.020
3.185
2.008
2.077
1.955
1.413
1.410
0.917
1.840
0.608
0.633
0.738
-0.149
0.337
-0.586
-1.368
-0.710
-1.137
0.290
-0.303
0.106
-0.576
-1.506
-1.852
-1.224
-2.629
-2.251
-2.690
-3.976
-4.352
-3.801
-5.188
-4.919
-5.477
-6.465
-6.801
-6.119
-7.550
-7.558
-8.422
-9.136
-8.398
-9.413
-8.208
-7.381
-6.389
-7.620
-7.124
-7.843
-6.992
-5.785
-4.931
-5.816
-5.633
-6.239
-6.026
-4.169
-3.856
-4.108
-3.152
-3.509
-2.990
-1.783
-1.770
-1.032
-1.438
-1.734
-2.006
-2.639
-1.194
-0.630
-0.375
-2.161
-1.522
-2.742
-2.968
-2.157
-3.510
-3.837
-4.532
-3.222
-4.569
-3.832
-4.991
-5.594
-5.485
-6.811
-7.496
-7.158
-6.328
-7.349
-8.527
-8.455
-8.732
-9.668
-9.317
-9.996
-10.896
-11.485
-11.405
-10.778
-10.019
-10.319
-12.098
-12.476
-12.781
-11.897
-11.477
-11.243
-13.299
-13.338
-13.998
-13.890
10.503
9.474
9.139
9.881
9.937
9.076
9.824
10.672
10.991
11.611
11.465
10.099
11.635
11.178
12.466
11.886
8.124
8.306
7.639
6.453
6.084
7.048
7.439
5.102
4.829
5.476
5.057
3.424
3.171
2.395
2.424
3.087
1.380
1.210
1.768
3.312
3.483
4.172
2.017
1.880
2.858
0.357
0.116
-0.021
-0.022
-0.623
-0.024
-0.829
-0.319
-0.848
-2.280
-2.669
-2.913
-2.455
-2.198
-1.826
-3.898
-4.164
-4.563
-4.229
-4.000
-5.333
-3.649
-2.553
-4.249
-3.645
-5.717
-6.274
-6.378
-5.780
-5.414
-4.982
-7.160
-7.536
-7.725
-7.268
-6.280
-7.450
-8.413
-9.318
-8.224
-8.761
-7.781
-9.371
-9.428
-8.971
-9.205
-10.978
-11.222
-11.366
-11.548
-0.355
-0.066
-1.451
0.016
-0.114
1.082
-0.945
-0.517
-0.752
-2.424
-2.604
-2.754
-3.320
-3.583
-2.765
-4.693
-5.319
-4.544
-5.383
-5.862
-5.636
-6.152
-5.297
-6.283
-4.599
-4.669
-4.010
-4.082
-5.736
-6.374
-6.436
-5.125
-5.786
-4.323
-4.626
-4.124
-3.839
-5.720
-5.292
-6.495
-6.581
-7.427
-7.189
-5.711
-5.071
-6.325
-5.016
12.233
10.808
10.501
10.754
12.601
12.452
11.970
13.658
13.215
14.216
12.983
13.191
12.324
11.987
11.606
13.291
9.695
10.065
8.732
9.201
9.526
9.568
9.646
7.605
6.729
5.914
7.178
6.226
7.075
5.327
5.848
6.983
4.735
4.837
3.759
5.454
4.607
6.219
4.889
5.645
6.715
4.932
3.947
4.590
4.809
5.836
4.146
4.293
4.403
4.995
2.812
2.253
2.355
2.512
2.855
3.182
1.050
0.732
0.336
1.122
1.424
2.025
-0.064
-0.231
-0.883
-1.613
-0.907
-1.942
-0.273
-0.529
-1.300
-0.362
0.797
1.600
0.744
1.272
0.601
1.187
2.660
3.400
2.619
3.022
2.091
3.340
4.115
4.080
3.941
5.491
5.505
6.226
5.842
5.759
6.819
5.621
5.387
5.639
4.282
5.901
5.443
7.005
5.267
5.406
4.168
5.842
5.552
6.948
5.309
5.590
4.199
5.848
6.930
5.137
5.641
3.665
3.552
3.480
2.544
1.550
2.546
2.613
2.361
3.672
1.563
1.800
0.589
1.530
0.881
2.514
1.134
0.084
1.732
1.232
0.988
2.223
0.333
-0.719
0.362
0.757
11.747
10.915
11.422
11.136
13.160
13.245
13.844
13.518
11.573
11.835
12.128
10.559
11.399
11.980
10.369
11.602
9.391
8.835
9.031
9.176
9.363
10.203
9.044
7.773
7.187
7.777
7.208
5.751
5.275
4.968
4.518
4.625
3.808
4.620
3.163
5.690
6.206
6.403
4.373
3.999
4.683
2.566
1.921
1.918
2.841
3.405
2.393
1.612
1.294
1.882
0.440
0.966
0.029
-0.650
-1.363
-0.283
-1.624
-0.934
-1.993
-2.835
-3.380
-2.485
-3.690
-3.218
-4.943
-5.489
-5.858
-5.401
-5.995
-7.161
-7.647
-7.698
-7.180
-6.687
-6.498
-8.526
-8.433
-8.963
-9.573
-10.527
-9.723
-9.198
-10.154
-8.523
-8.685
-8.950
-9.135
-7.186
-6.755
-6.895
-6.963
2.535
1.483
3.204
3.061
3.073
4.125
2.030
2.146
1.009
1.979
2.905
2.102
0.711
-0.174
0.522
0.792
1.221
-0.282
1.204
2.298
0.411
0.918
-1.075
-1.503
-1.544
-1.651
-1.224
-2.745
-1.445
-1.831
-0.357
-2.361
-2.036
-3.383
-2.017
-0.991
-1.967
-3.020
-3.063
-4.064
-2.625
-2.659
-1.590
-3.607
-4.117
-4.442
-3.171
5.987
5.790
4.767
6.277
7.389
7.609
7.579
8.163
5.783
5.937
4.803
6.513
5.016
5.262
5.111
3.986
6.253
7.328
5.732
7.186
7.574
8.297
6.117
6.258
5.876
6.793
5.327
5.043
4.635
3.917
2.833
2.800
1.567
1.495
1.736
5.880
6.423
6.737
5.170
4.681
4.641
4.028
3.470
4.915
0.246
0.109
-0.641
-0.001
0.160
0.898
-1.225
-1.387
-2.178
-0.930
0.023
-1.722
-0.746
-1.720
0.132
-0.598
0.319
-1.558
-0.449
0.155
-0.951
-0.866
-1.853
-1.359
-2.720
-2.534
-1.729
-3.107
-3.472
-4.125
-2.720
-4.270
-3.560
-4.799
-5.345
-5.914
-6.057
-4.582
-3.709
-4.253
-5.412
-5.761
-4.733
-6.709
-6.843
-7.636
-6.675
2.893
2.280
2.207
3.418
3.907
4.202
2.194
1.381
2.422
1.730
2.508
0.835
1.421
0.608
2.326
0.974
1.783
0.857
-0.368
-0.321
-1.602
-2.489
-1.919
-2.423
-1.085
-2.908
-2.522
-3.795
-3.214
-2.442
-3.121
-4.612
-4.902
-4.650
-5.648
-5.687
-5.308
-7.083
-7.538
-6.842
-7.857
-8.497
-7.158
-8.651
-8.149
-9.080
-9.577
11.456
10.050
10.163
9.811
12.488
13.432
12.563
12.275
11.717
10.871
12.079
12.485
11.494
12.474
10.717
11.225
8.791
7.932
9.030
7.804
7.637
8.479
8.568
6.362
5.247
5.186
4.369
5.061
6.082
4.081
4.361
5.194
3.339
3.556
3.468
4.896
5.853
4.899
3.790
2.685
2.371
1.703
2.187
1.668
1.890
1.689
1.662
0.858
1.088
1.097
-0.584
-0.895
-1.228
-1.026
-0.892
-0.298
-2.476
-2.580
-3.230
-2.753
-1.937
-3.688
-2.744
-1.710
-3.718
-3.638
-5.136
-5.062
-5.492
-6.201
-6.308
-6.170
-7.527
-7.647
-7.555
-8.706
-9.699
-8.505
-8.825
-9.762
-7.876
-9.123
-9.262
-8.261
-10.347
-10.050
-11.050
-11.154
-11.769
-10.572
-11.741
0.335
0.322
0.004
-0.643
-1.680
-0.577
-0.352
0.654
-0.502
-1.320
-1.015
-2.357
-1.356
-1.950
-0.317
-1.996
-1.209
-2.129
-3.294
-3.241
-4.470
-5.314
-4.736
-4.326
-4.306
-6.237
-6.745
-6.499
-6.918
-7.068
-6.067
-8.332
-8.548
-8.205
-9.381
-9.565
-8.911
-10.705
-11.173
-10.629
-11.555
-11.599
-12.511
-11.046
-9.987
-11.615
-11.132
11.186
12.170
13.166
12.262
11.030
10.624
11.910
10.348
9.778
9.925
9.313
9.171
11.597
10.709
11.851
12.426
11.771
12.712
11.548
9.823
10.381
9.891
10.688
8.393
7.766
8.160
7.954
6.209
5.749
5.619
4.319
3.754
3.731
4.154
3.875
5.869
6.500
6.258
4.410
3.617
3.837
2.341
2.544
2.368
2.205
1.897
1.757
1.659
1.833
2.195
0.148
-0.078
-0.354
-0.384
-0.454
0.309
-1.825
-1.868
-2.403
-2.404
-3.499
-2.006
-1.897
-0.884
-2.629
-2.172
-4.076
-4.716
-4.446
-4.296
-3.531
-4.084
-5.771
-6.392
-6.190
-5.789
-5.051
-5.409
-7.164
-7.703
-7.725
-7.342
-6.984
-6.801
-8.781
-9.211
-9.299
-9.017
-8.429
-8.783
-10.104
0.975
0.788
1.027
-0.130
0.241
-0.263
-1.483
-1.747
-1.426
-2.569
-3.415
-2.913
-2.098
-1.271
-1.623
-3.226
-3.567
-4.031
-2.813
-1.726
-3.568
-3.069
-4.963
-5.416
-4.999
-5.937
-6.930
-5.683
-6.095
-5.101
-6.604
-6.938
-7.976
-6.612
-7.122
-7.505
-6.068
-8.118
-9.134
-7.694
-8.168
-7.147
-8.377
-9.085
-9.170
-10.065
-8.748
11.225
10.550
9.852
11.292
12.304
12.751
13.094
11.856
11.975
11.287
12.582
12.559
10.229
10.595
9.498
9.555
9.754
9.507
8.723
11.227
12.011
12.118
10.390
10.272
9.102
9.082
9.265
7.749
7.711
7.904
7.247
6.632
7.377
7.062
8.469
6.475
6.701
6.437
5.202
4.472
4.855
3.043
2.566
3.101
6.533
6.886
6.808
5.056
4.777
4.934
4.184
4.255
4.651
2.698
2.550
2.169
1.951
2.278
2.341
0.424
0.094
-0.056
-0.080
-0.037
-0.319
-0.517
-0.522
0.306
-0.308
-1.895
-2.038
-1.941
-2.914
-2.435
-2.901
-4.319
-5.013
-4.634
-4.484
-4.063
-4.041
-6.012
-6.437
-6.653
-6.157
-5.724
-5.620
-7.586
-7.848
-8.289
-7.756
2.343
2.522
2.530
0.777
0.554
0.430
-0.000
0.252
0.215
-1.489
-2.001
-1.698
-2.169
-1.441
-2.300
-3.502
-3.861
-3.606
-4.537
-4.196
-5.817
-6.369
-6.617
-6.896
-5.967
-7.953
-7.757
-8.436
-8.749
-8.926
-9.756
-8.110
-7.724
-7.251
-9.062
-9.569
-8.440
-10.053
-10.915
-10.528
-9.315
-8.655
-8.776
-10.189
-10.792
-9.456
-10.963
8.034
7.738
6.744
7.714
7.897
8.274
8.474
6.886
9.441
9.651
9.442
10.203
7.119
6.138
7.314
7.106
8.695
9.735
8.366
7.501
7.658
7.325
8.665
6.269
5.031
4.404
5.141
4.129
4.726
3.330
2.736
2.733
1.711
0.928
2.224
3.196
3.853
2.738
2.218
1.374
1.507
0.236
0.423
0.325
1.066
1.717
0.444
0.109
0.698
-0.100
-1.155
-0.836
-1.558
-2.209
-2.674
-1.744
-3.302
-3.156
-3.203
-4.762
-5.362
-5.020
-5.112
-4.832
-5.823
-6.055
-6.433
-5.832
-6.511
-7.917
-8.019
-8.221
-8.793
-8.864
-8.389
-10.269
-10.344
-10.737
-11.009
-10.911
-10.570
-12.516
-12.662
-13.057
-13.102
-13.064
-12.643
-14.611
-15.110
-14.974
-14.682
-1.137
-0.983
-1.244
-2.283
-2.459
-2.022
-3.584
-3.360
-3.944
-4.624
-4.367
-4.597
-6.041
-6.232
-5.998
-7.146
-8.070
-7.449
-6.767
-5.865
-7.314
-6.871
-8.541
-8.678
-8.379
-9.881
-10.103
-10.533
-9.850
-9.445
-9.160
-11.213
-11.011
-11.411
-12.482
-12.517
-13.372
-12.516
-11.593
-12.483
-13.747
-14.597
-13.628
-13.913
-13.013
-14.138
-14.782
6.519
5.518
4.773
4.978
7.359
6.818
7.872
8.022
5.806
5.349
5.016
6.585
7.449
7.992
8.137
6.921
5.940
5.022
6.315
7.165
8.595
6.642
6.866
6.395
5.747
5.897
6.321
4.167
4.035
3.547
2.602
2.352
2.001
1.804
2.720
3.516
3.782
3.907
2.040
1.441
2.039
-0.059
-0.368
-0.341
0.727
1.013
-0.084
0.311
0.170
1.121
-0.980
-1.320
-0.839
-2.206
-3.058
-1.948
-2.782
-1.855
-3.271
-3.638
-3.163
-3.736
-4.959
-5.229
-5.732
-6.666
-5.562
-4.558
-6.286
-5.780
-6.853
-5.293
-5.378
-4.297
-5.779
-5.549
-6.270
-5.931
-4.248
-3.545
-3.896
-4.606
-5.350
-4.932
-3.372
-2.580
-2.930
-3.760
-3.959
-2.944
-4.717
-0.726
-0.285
-0.349
-2.267
-2.436
-2.717
-3.107
-2.782
-4.008
-3.568
-4.062
-4.241
-2.400
-1.995
-1.614
-2.912
-3.230
-3.785
-1.846
-0.889
-1.898
-0.945
-3.060
-4.029
-2.931
-3.130
-2.072
-3.463
-3.924
-3.672
-3.776
-5.445
-5.716
-5.707
-6.253
-5.972
-5.968
-7.733
-7.956
-8.007
-8.647
-8.688
-8.245
-10.068
-10.746
-10.047
-10.561
12.054
10.902
10.087
11.185
12.394
12.669
13.142
11.484
11.588
12.318
11.562
10.725
13.243
14.028
13.128
13.655
10.171
9.914
10.928
8.659
9.661
8.505
9.007
7.255
6.439
6.248
6.824
4.984
5.094
4.477
4.519
5.300
3.450
3.774
3.101
4.050
3.828
4.579
2.752
2.356
2.978
1.135
0.610
0.499
2.228
1.735
2.533
1.282
1.896
0.927
0.013
-0.477
0.444
-0.950
-0.420
-1.358
-2.073
-2.455
-1.596
-3.148
-3.951
-2.786
-3.715
-3.016
-5.013
-5.418
-6.197
-5.952
-6.433
-7.473
-8.348
-7.732
-7.307
-6.503
-7.165
-8.550
-8.701
-8.327
-9.802
-9.587
-9.860
-11.046
-10.836
-11.963
-11.348
-10.972
-10.759
-12.861
-12.996
-13.289
-13.525
1.443
1.995
2.090
0.156
0.443
-0.116
-0.959
-1.408
-0.799
-2.155
-2.211
-1.792
-3.506
-3.391
-3.757
-4.642
-5.491
-4.279
-5.044
-4.355
-5.966
-6.121
-6.875
-6.984
-6.383
-8.336
-8.748
-8.790
-8.445
-7.941
-7.996
-9.976
-10.560
-10.332
-10.374
-11.461
-10.234
-9.662
-9.718
-8.569
-10.300
-9.631
-10.546
-11.616
-12.417
-11.609
-12.039
12.216
11.614
11.857
12.076
11.922
12.475
10.904
12.251
13.725
14.213
14.142
14.062
11.712
12.291
11.896
10.655
10.093
10.054
9.488
9.388
10.461
9.190
9.573
8.023
6.912
6.717
6.939
5.574
4.794
5.523
5.582
5.437
5.705
6.660
5.852
5.474
6.213
5.779
4.198
3.196
3.414
1.845
2.205
1.519
4.650
4.486
5.127
3.321
2.753
2.706
3.388
2.469
4.328
3.276
4.022
2.267
3.530
2.941
4.575
3.349
3.945
2.287
3.788
4.769
3.200
3.841
1.763
1.249
1.248
1.762
2.554
0.756
2.138
1.503
3.130
2.326
2.944
2.972
1.080
0.399
0.474
1.351
1.899
2.099
0.129
-0.194
-0.662
0.349
1.098
-0.605
0.723
0.829
1.333
0.357
-0.413
-0.695
-0.113
-1.517
-1.708
-2.435
-1.208
-0.276
-1.004
-2.238
-3.252
-2.419
-1.661
-1.790
-0.602
-2.493
-3.559
-2.047
-2.776
-0.628
-0.213
-0.689
0.269
-0.212
0.322
1.616
1.493
2.039
2.696
2.370
3.736
2.824
1.887
3.011
3.995
4.885
4.095
3.900
3.915
4.865
2.680
2.523
1.731
2.778
-27.903
-27.629
-27.712
-26.663
-29.058
-29.219
-29.883
-29.082
-27.973
-28.186
-27.080
-28.621
-26.740
-25.919
-26.549
-26.822
-28.549
-29.601
-28.583
-26.765
-26.073
-26.841
-28.227
-26.020
-24.653
-24.296
-24.810
-23.518
-23.227
-22.358
-21.697
-21.884
-20.593
-21.076
-20.102
-23.963
-24.321
-24.805
-22.802
-22.536
-23.130
-21.377
-21.275
-21.627
-19.642
-20.178
-19.148
-18.687
-17.715
-19.009
-18.500
-19.415
-18.152
-17.378
-16.366
-17.642
-17.435
-18.417
-17.036
-16.480
-16.867
-15.499
-16.410
-17.306
-15.218
-15.344
-13.795
-13.402
-13.736
-12.904
-13.381
-12.938
-11.529
-11.193
-11.417
-10.513
-10.801
-10.608
-9.070
-8.479
-8.607
-8.904
-7.840
-9.074
-9.791
-10.884
-9.513
-9.582
-8.487
-9.983
-9.936
-20.107
-20.126
-19.265
-19.675
-19.516
-20.487
-18.269
-18.255
-17.503
-17.980
-18.811
-18.081
-16.611
-16.502
-16.544
-15.528
-15.548
-15.719
-14.166
-14.120
-13.046
-12.202
-12.936
-13.583
-11.904
-13.512
-14.606
-13.134
-13.136
-13.313
-12.069
-14.048
-13.929
-15.118
-13.612
-14.064
-12.513
-14.193
-15.304
-13.951
-13.679
-12.637
-13.483
-14.483
-14.017
-15.490
-14.631
-32.506
-32.676
-33.699
-32.254
-33.476
-33.380
-33.209
-34.504
-31.098
-30.701
-31.028
-30.408
-32.876
-33.726
-33.068
-32.034
-32.016
-32.445
-32.124
-30.026
-30.460
-30.300
-30.635
-28.500
-27.558
-27.846
-27.488
-26.103
-25.466
-25.704
-25.313
-25.169
-25.052
-25.249
-25.875
-26.103
-26.909
-26.382
-24.807
-24.607
-25.433
-23.151
-23.046
-22.547
-23.648
-23.637
-23.347
-22.556
-22.925
-21.663
-21.877
-21.412
-22.572
-20.887
-21.418
-20.262
-19.996
-20.638
-19.277
-19.211
-18.716
-19.879
-18.070
-17.411
-17.625
-16.765
-18.262
-19.047
-18.803
-17.209
-16.676
-17.686
-16.347
-17.023
-15.553
-15.818
-15.427
-16.626
-14.572
-14.453
-14.721
-13.295
-13.335
-13.323
-11.934
-11.146
-11.953
-11.751
-10.890
-12.572
-11.500
-22.772
-23.372
-23.079
-21.366
-21.154
-21.253
-20.524
-20.642
-20.961
-18.942
-18.560
-18.461
-18.747
-19.032
-19.460
-17.286
-16.822
-16.700
-17.170
-17.336
-16.960
-16.854
-17.056
-17.226
-17.908
-15.792
-14.901
-15.732
-15.659
-15.666
-16.666
-14.550
-14.570
-14.683
-13.182
-12.945
-12.367
-12.900
-11.839
-13.528
-13.113
-13.278
-13.981
-11.883
-11.451
-11.107
-12.023
-32.476
-31.979
-31.254
-32.670
-31.308
-31.682
-30.966
-30.439
-33.622
-34.321
-33.355
-34.254
-32.933
-32.045
-33.274
-33.598
-31.506
-31.179
-30.627
-32.313
-31.111
-33.538
-32.547
-31.994
-31.009
-30.604
-31.479
-29.787
-30.157
-29.052
-28.367
-28.284
-27.486
-28.061
-27.279
-28.956
-29.616
-28.181
-28.510
-27.212
-26.443
-26.761
-26.596
-27.673
-26.148
-25.652
-26.328
-25.160
-25.641
-25.256
-23.677
-23.415
-23.625
-22.719
-23.028
-22.805
-21.337
-21.064
-21.312
-20.238
-20.457
-20.124
-18.900
-18.179
-18.584
-17.596
-19.504
-20.584
-19.397
-19.134
-19.230
-19.825
-17.786
-17.478
-17.006
-17.767
-17.953
-18.501
-16.341
-16.294
-15.692
-16.025
-15.593
-16.965
-15.036
-15.379
-14.108
-14.595
-14.209
-15.353
-13.739
-25.619
-25.972
-25.410
-24.298
-24.162
-24.394
-23.149
-23.318
-23.243
-21.722
-21.576
-21.538
-20.518
-20.435
-19.602
-20.707
-21.486
-21.019
-19.323
-19.074
-18.449
-17.467
-18.721
-19.801
-18.187
-18.374
-18.964
-18.551
-16.863
-16.699
-16.571
-15.823
-15.914
-16.084
-14.414
-13.688
-14.361
-14.052
-13.878
-14.904
-12.806
-13.127
-11.855
-12.523
-11.597
-12.364
-13.248
-30.085
-30.547
-29.800
-31.367
-31.061
-30.472
-31.851
-31.497
-29.681
-30.382
-29.538
-28.784
-28.820
-29.012
-28.434
-28.053
-30.690
-31.047
-29.700
-31.559
-32.006
-32.329
-31.631
-30.009
-29.341
-29.875
-29.282
-27.850
-27.395
-27.206
-26.984
-27.159
-26.540
-26.173
-27.506
-27.606
-27.835
-28.403
-26.314
-25.423
-25.675
-24.017
-23.468
-24.030
-25.467
-25.659
-25.615
-23.985
-23.967
-23.437
-23.457
-23.522
-24.167
-22.009
-21.389
-21.850
-21.713
-22.267
-20.653
-21.895
-21.071
-21.670
-23.292
-23.547
-24.154
-25.101
-23.888
-24.611
-22.843
-23.978
-23.224
-25.005
-23.711
-24.169
-24.244
-22.251
-21.634
-21.769
-21.967
-22.700
-22.111
-20.545
-19.724
-20.408
-20.252
-20.934
-20.507
-18.809
-18.171
-18.590
-18.399
-23.161
-23.259
-23.616
-21.662
-21.193
-21.541
-20.799
-21.274
-20.581
-19.297
-18.723
-19.405
-18.421
-18.827
-18.611
-16.909
-16.672
-16.327
-16.517
-16.750
-16.003
-15.656
-15.583
-15.472
-16.414
-14.286
-14.007
-14.500
-13.068
-12.922
-13.090
-11.761
-11.548
-11.854
-10.613
-10.581
-10.859
-9.352
-9.173
-9.461
-8.201
-8.483
-8.223
-6.782
-6.272
-6.746
-6.080
-37.709
-37.296
-37.269
-38.086
-37.739
-38.350
-36.760
-37.957
-39.092
-39.354
-39.037
-39.827
-36.648
-36.783
-36.633
-35.682
-35.940
-36.108
-35.786
-34.340
-34.439
-35.103
-34.808
-32.854
-32.059
-32.288
-32.451
-30.540
-29.925
-30.410
-29.145
-28.335
-28.828
-28.909
-29.589
-30.135
-30.693
-30.544
-28.707
-28.095
-28.617
-26.602
-26.273
-26.364
-27.480
-27.151
-26.698
-27.459
-28.157
-26.436
-27.496
-26.820
-28.522
-27.130
-27.865
-26.155
-27.221
-27.002
-28.273
-26.098
-26.251
-25.139
-26.296
-27.324
-25.525
-25.773
-24.157
-23.812
-24.178
-23.030
-23.338
-23.063
-21.620
-21.393
-21.358
-20.614
-20.566
-21.029
-19.241
-19.436
-18.994
-18.148
-17.124
-18.318
-18.077
-19.097
-17.719
-17.066
-17.529
-16.837
-16.097
-25.788
-26.012
-26.086
-24.290
-23.751
-24.172
-23.650
-23.829
-23.912
-22.154
-21.822
-21.877
-21.361
-21.585
-21.504
-19.799
-19.545
-19.189
-19.142
-19.445
-18.519
-17.988
-17.976
-18.646
-17.831
-16.557
-16.587
-16.473
-15.433
-15.494
-15.539
-14.071
-13.947
-13.968
-12.955
-12.924
-13.134
-11.562
-11.473
-11.019
-10.679
-11.106
-10.694
-9.251
-9.254
-8.885
-8.610
-27.532
-26.798
-26.405
-27.521
-26.646
-25.814
-26.337
-27.161
-28.153
-28.945
-27.440
-28.504
-28.535
-27.953
-29.141
-29.209
-25.647
-25.299
-24.706
-25.480
-25.641
-26.193
-26.111
-23.953
-22.967
-22.162
-23.322
-22.226
-22.885
-21.863
-22.305
-23.185
-21.420
-21.958
-20.364
-20.944
-20.573
-21.329
-20.007
-18.969
-18.772
-18.094
-18.759
-17.385
-21.501
-22.539
-21.159
-20.545
-20.545
-20.902
-19.051
-19.018
-18.543
-18.344
-18.362
-18.751
-16.899
-16.798
-16.514
-16.072
-16.433
-15.004
-16.258
-17.307
-15.358
-15.642
-13.970
-13.748
-13.157
-13.763
-14.565
-12.904
-13.560
-12.537
-14.319
-13.836
-13.757
-14.877
-12.721
-12.508
-11.763
-13.111
-13.719
-13.720
-11.949
-11.103
-11.705
-12.328
-11.390
-12.912
-12.875
-17.392
-16.921
-18.060
-16.265
-16.704
-15.634
-15.414
-15.171
-16.036
-14.123
-13.350
-13.706
-14.291
-15.096
-14.815
-13.078
-12.335
-13.385
-12.472
-13.085
-11.350
-11.092
-10.485
-10.399
-11.020
-9.128
-9.148
-8.508
-8.301
-8.758
-8.349
-6.826
-6.142
-7.032
-6.065
-6.107
-6.777
-4.729
-4.711
-4.300
-3.772
-4.024
-4.083
-2.276
-2.050
-1.609
-1.960
-32.745
-31.335
-31.348
-30.719
-33.687
-33.315
-33.901
-34.578
-32.618
-31.828
-32.409
-33.510
-33.235
-33.216
-34.242
-32.566
-30.644
-29.621
-31.094
-31.371
-31.626
-32.585
-30.649
-30.290
-29.339
-29.006
-29.650
-28.021
-28.310
-27.546
-26.817
-26.728
-26.267
-26.459
-26.831
-27.017
-27.597
-26.153
-26.682
-25.621
-25.011
-25.104
-25.808
-24.083
-24.727
-24.139
-24.370
-24.381
-25.010
-24.701
-22.899
-22.269
-22.692
-22.639
-23.461
-22.704
-21.399
-20.487
-21.482
-21.243
-22.074
-21.359
-19.945
-19.846
-18.988
-18.026
-19.087
-19.714
-19.595
-17.627
-17.729
-16.869
-17.010
-16.992
-17.639
-15.583
-15.659
-15.051
-14.713
-14.683
-15.132
-13.228
-13.243
-12.730
-12.403
-12.415
-13.103
-11.007
-10.841
-10.615
-10.337
-24.947
-25.900
-24.429
-24.111
-23.273
-24.617
-23.790
-23.336
-24.757
-23.007
-23.657
-22.727
-21.723
-21.086
-21.898
-21.029
-21.834
-20.191
-20.451
-21.106
-19.273
-19.013
-18.436
-18.972
-18.286
-17.097
-17.311
-16.845
-16.030
-16.414
-15.728
-14.807
-14.600
-15.003
-13.530
-13.275
-13.656
-12.304
-12.784
-11.480
-11.762
-11.416
-12.513
-10.656
-9.943
-10.110
-11.035
-32.095
-31.543
-32.004
-31.726
-33.531
-34.137
-33.667
-33.954
-32.084
-32.277
-31.165
-32.793
-31.369
-31.581
-31.708
-30.338
-30.083
-29.622
-29.767
-29.844
-29.447
-31.096
-29.883
-28.734
-27.470
-26.915
-27.520
-26.546
-27.055
-26.411
-25.946
-25.870
-25.395
-25.346
-26.096
-25.149
-24.554
-25.130
-24.448
-24.872
-25.711
-24.242
-24.089
-24.849
-23.998
-23.807
-24.091
-22.953
-23.341
-22.945
-21.644
-21.257
-21.806
-20.740
-20.961
-21.035
-19.218
-18.775
-18.799
-18.747
-19.055
-19.220
-17.221
-16.775
-16.380
-15.315
-16.835
-17.857
-16.174
-16.912
-17.608
-17.167
-15.508
-14.830
-15.126
-15.421
-16.015
-15.957
-14.030
-13.430
-14.126
-13.401
-14.145
-12.986
-12.242
-11.444
-12.563
-11.623
-10.827
-12.524
-11.210
-22.813
-22.862
-22.650
-21.659
-21.673
-21.545
-20.377
-20.324
-20.346
-19.230
-19.274
-19.440
-17.825
-18.052
-17.415
-16.691
-16.431
-15.795
-17.001
-17.526
-16.396
-16.666
-15.607
-15.965
-15.755
-14.214
-14.033
-14.117
-13.008
-13.107
-13.022
-11.615
-11.567
-10.919
-11.064
-11.332
-11.387
-9.499
-9.171
-9.175
-8.972
-9.502
-8.990
-7.435
-7.181
-7.124
-6.939
-35.496
-34.573
-34.485
-34.989
-34.830
-33.939
-34.525
-35.623
-35.716
-34.796
-36.459
-36.016
-36.874
-36.819
-37.442
-37.286
-33.139
-32.692
-32.728
-32.289
-32.112
-32.924
-33.109
-30.939
-29.845
-29.692
-29.855
-28.536
-28.584
-27.248
-26.286
-26.304
-25.069
-25.050
-25.253
-28.493
-28.261
-29.503
-27.469
-27.884
-29.066
-26.649
-25.697
-26.490
-23.705
-23.821
-23.587
-22.526
-22.397
-22.856
-21.143
-21.123
-20.805
-19.992
-18.995
-19.914
-20.140
-21.126
-20.043
-19.115
-18.990
-18.097
-19.447
-20.492
-18.492
-18.827
-16.986
-16.749
-16.614
-16.136
-15.956
-16.721
-14.824
-14.895
-14.215
-13.879
-14.343
-12.873
-13.777
-14.746
-13.227
-12.979
-12.000
-13.490
-12.954
-12.435
-13.959
-12.253
-12.930
-11.391
-11.747
-26.972
-27.866
-26.100
-27.144
-26.437
-28.179
-26.966
-27.512
-27.489
-25.474
-25.115
-24.891
-25.462
-26.189
-25.779
-24.055
-23.376
-24.216
-23.568
-22.952
-23.705
-23.319
-24.292
-25.071
-24.831
-23.271
-22.720
-23.804
-22.433
-22.964
-22.341
-21.031
-21.097
-20.606
-20.112
-19.309
-20.707
-19.460
-20.243
-19.096
-18.335
-18.662
-17.892
-17.265
-16.841
-17.695
-16.494
-36.507
-35.529
-35.366
-35.993
-36.904
-37.621
-37.342
-36.107
-37.706
-38.135
-38.412
-37.388
-35.830
-35.799
-34.814
-36.441
-34.106
-33.453
-33.570
-33.286
-33.775
-32.997
-34.153
-31.896
-31.891
-31.059
-32.766
-31.831
-32.620
-30.603
-30.549
-31.433
-29.148
-28.914
-28.548
-31.991
-32.914
-31.994
-30.914
-29.804
-29.622
-28.577
-28.814
-28.442
-29.027
-29.135
-29.776
-27.717
-27.602
-26.976
-27.209
-26.934
-28.015
-25.935
-26.041
-25.117
-25.481
-25.408
-26.237
-24.049
-23.830
-23.305
-23.906
-24.660
-23.190
-23.410
-22.259
-21.363
-21.822
-22.829
-23.170
-22.050
-24.020
-23.635
-24.952
-24.137
-23.168
-24.807
-24.635
-25.506
-23.934
-25.091
-25.956
-25.261
-24.041
-23.878
-24.419
-22.775
-21.984
-22.981
-22.319
-27.258
-27.308
-27.175
-26.008
-26.134
-25.093
-25.646
-26.481
-24.721
-25.457
-25.464
-26.308
-24.102
-24.142
-23.291
-23.556
-23.679
-22.476
-24.269
-25.126
-23.906
-24.641
-22.644
-21.725
-22.355
-22.822
-23.686
-23.071
-21.566
-21.334
-20.638
-21.902
-21.917
-22.853
-20.806
-20.980
-19.859
-20.821
-21.827
-20.567
-19.830
-18.855
-20.142
-19.632
-19.308
-18.839
-20.572
-35.268
-34.152
-33.440
-33.477
-34.757
-33.918
-35.421
-34.350
-36.437
-36.224
-37.317
-36.595
-35.883
-36.767
-36.149
-35.152
-34.450
-33.575
-34.915
-34.917
-35.799
-34.915
-35.352
-33.452
-33.184
-32.537
-34.131
-32.407
-33.067
-31.267
-30.693
-30.876
-29.780
-30.397
-29.188
-32.079
-32.990
-31.546
-31.228
-29.906
-29.338
-29.237
-29.361
-29.756
-28.799
-29.356
-28.263
-27.707
-28.263
-27.159
-26.643
-26.328
-27.050
-25.483
-25.517
-25.223
-24.138
-24.011
-24.325
-23.023
-23.461
-22.641
-21.909
-22.197
-20.676
-19.873
-20.095
-20.792
-19.865
-18.897
-19.273
-18.565
-17.709
-17.305
-17.812
-16.500
-16.506
-16.470
-15.147
-14.926
-15.074
-14.114
-14.249
-14.114
-12.599
-12.510
-12.081
-12.120
-11.949
-12.918
-11.214
-27.777
-27.340
-27.680
-27.037
-27.409
-27.203
-25.546
-25.233
-25.514
-24.652
-25.093
-24.743
-23.211
-22.698
-23.112
-22.465
-23.032
-21.494
-22.193
-23.128
-21.015
-20.826
-19.648
-19.602
-19.480
-18.498
-18.421
-18.821
-17.116
-16.746
-17.148
-16.099
-16.470
-15.907
-14.616
-14.527
-14.416
-13.522
-13.530
-13.639
-12.102
-11.464
-12.050
-11.695
-10.612
-12.267
-11.875
-30.987
-31.558
-32.112
-30.706
-32.120
-31.786
-32.970
-32.617
-30.307
-31.024
-29.969
-29.421
-29.977
-29.574
-29.120
-30.354
-32.516
-33.096
-33.301
-30.828
-29.809
-31.583
-31.833
-30.184
-29.600
-28.862
-30.342
-28.900
-29.487
-27.543
-27.364
-28.181
-25.972
-26.240
-25.352
-28.550
-28.146
-29.487
-27.692
-26.499
-25.982
-25.634
-26.177
-25.495
-25.163
-25.119
-25.642
-23.756
-23.379
-23.731
-22.812
-23.128
-22.872
-21.333
-20.877
-21.378
-20.418
-20.846
-20.181
-18.994
-18.229
-18.633
-18.973
-19.871
-17.930
-17.986
-16.566
-16.635
-16.383
-15.481
-15.372
-15.746
-14.105
-14.140
-13.905
-12.926
-11.974
-12.802
-13.005
-13.662
-12.019
-13.647
-13.363
-14.745
-13.391
-14.173
-13.542
-12.008
-12.061
-11.167
-11.860
-24.215
-24.205
-23.519
-23.390
-23.200
-24.022
-22.038
-22.095
-21.398
-21.284
-21.951
-21.118
-19.917
-19.342
-20.078
-19.231
-19.614
-19.482
-17.716
-17.316
-16.836
-15.809
-17.115
-17.769
-17.745
-16.044
-16.533
-15.222
-15.109
-15.620
-14.688
-13.813
-13.144
-14.206
-12.910
-12.477
-13.511
-11.664
-11.000
-11.058
-11.996
-12.679
-12.617
-10.816
-10.375
-11.008
-10.022
-30.424
-29.854
-29.488
-30.606
-31.716
-32.526
-32.020
-31.727
-29.459
-28.504
-29.312
-29.822
-30.649
-31.017
-29.741
-31.204
-28.691
-28.124
-28.088
-29.806
-29.128
-31.249
-29.175
-29.650
-28.722
-29.059
-28.709
-27.351
-26.818
-26.746
-26.365
-26.585
-25.346
-25.045
-25.990
-27.372
-27.716
-28.013
-26.082
-25.297
-25.593
-24.034
-24.292
-23.343
-24.057
-23.642
-24.403
-23.141
-23.639
-22.990
-21.790
-21.254
-22.029
-21.005
-20.142
-21.695
-20.680
-21.479
-20.048
-19.778
-18.962
-20.414
-19.294
-19.909
-18.210
-18.036
-17.228
-16.834
-17.684
-16.065
-16.533
-15.468
-15.058
-14.616
-15.507
-13.705
-13.919
-13.284
-12.918
-11.827
-13.118
-13.432
-14.438
-13.537
-12.556
-11.544
-12.465
-13.230
-14.179
-13.508
-12.681
-23.553
-24.229
-23.714
-22.043
-21.849
-21.274
-21.923
-22.191
-22.512
-20.481
-19.962
-20.079
-20.222
-20.858
-20.531
-18.742
-18.132
-18.669
-18.282
-19.100
-16.972
-16.802
-15.794
-16.115
-15.522
-14.670
-13.911
-14.267
-15.027
-15.876
-14.080
-15.529
-14.790
-15.572
-16.950
-16.957
-17.608
-17.532
-17.589
-18.530
-16.747
-16.833
-15.670
-17.250
-16.855
-17.019
-18.360
-32.464
-31.284
-31.361
-31.223
-32.398
-32.451
-33.247
-31.558
-32.525
-32.858
-31.543
-33.319
-33.741
-34.583
-33.853
-33.774
-29.891
-29.068
-29.941
-28.910
-29.079
-29.602
-29.426
-27.428
-26.872
-27.583
-25.977
-26.370
-27.172
-25.798
-26.590
-27.791
-25.818
-26.417
-25.860
-25.329
-24.619
-25.897
-24.633
-23.769
-23.439
-23.063
-22.597
-23.813
-24.345
-23.838
-24.255
-23.386
-23.055
-22.424
-23.969
-24.326
-24.810
-22.949
-22.467
-22.313
-23.535
-23.999
-24.388
-22.358
-21.636
-22.696
-21.834
-22.523
-20.528
-20.217
-19.329
-18.972
-19.687
-18.076
-17.532
-18.446
-17.215
-17.688
-17.274
-15.794
-15.379
-15.726
-14.843
-14.969
-15.088
-13.391
-13.098
-13.187
-12.549
-11.482
-13.037
-12.520
-13.485
-12.009
-11.852
-22.020
-22.356
-21.687
-20.728
-21.088
-20.123
-19.917
-20.552
-18.959
-19.479
-18.882
-20.375
-18.655
-19.487
-17.893
-17.813
-17.508
-18.283
-16.592
-16.687
-15.364
-14.497
-15.005
-15.738
-14.253
-14.409
-15.038
-14.451
-12.935
-12.964
-12.382
-12.253
-12.950
-11.319
-11.866
-12.753
-11.145
-11.331
-12.101
-10.409
-10.998
-10.116
-11.865
-10.709
-11.363
-9.675
-10.616
-25.605
-24.651
-24.920
-23.621
-25.059
-25.737
-24.144
-25.027
-25.836
-26.691
-25.874
-24.961
-26.913
-26.748
-27.553
-27.449
-24.464
-23.605
-25.340
-24.907
-24.794
-26.227
-24.122
-24.015
-22.587
-22.031
-22.273
-21.946
-22.469
-21.972
-22.373
-22.611
-22.451
-23.511
-21.715
-20.468
-20.048
-19.904
-20.172
-20.163
-20.369
-19.802
-20.769
-19.172
-22.100
-22.729
-22.384
-20.552
-20.166
-20.094
-20.264
-20.777
-20.705
-18.730
-18.601
-18.474
-17.769
-17.628
-18.221
-16.352
-16.579
-15.810
-15.529
-15.977
-14.289
-13.833
-13.568
-14.197
-12.973
-12.737
-12.029
-13.446
-12.030
-12.833
-11.487
-11.234
-10.741
-11.947
-10.021
-10.201
-9.364
-9.152
-9.876
-8.742
-8.096
-8.546
-7.803
-6.788
-6.266
-6.999
-6.096
-19.036
-19.523
-17.980
-19.113
-20.170
-18.636
-18.632
-17.550
-19.147
-18.872
-19.958
-18.667
-18.152
-17.080
-18.497
-18.217
-17.635
-17.682
-19.637
-20.302
-20.091
-21.133
-19.400
-18.294
-19.749
-19.846
-19.467
-20.919
-19.638
-19.855
-20.411
-18.178
-18.220
-17.558
-17.924
-18.759
-17.798
-16.571
-16.550
-16.473
-15.438
-15.622
-15.435
-14.095
-13.242
-14.143
-13.930
-32.356
-31.157
-31.488
-31.038
-33.636
-33.506
-34.445
-33.918
-32.688
-32.031
-32.739
-33.635
-32.125
-31.806
-33.048
-31.285
-29.872
-29.051
-29.943
-28.877
-28.359
-29.947
-29.458
-27.658
-26.732
-26.320
-27.258
-25.576
-25.964
-24.825
-24.155
-24.123
-23.448
-23.610
-23.875
-24.655
-25.250
-24.178
-23.467
-23.527
-24.543
-22.257
-22.492
-21.465
-21.959
-21.502
-21.462
-21.752
-22.442
-22.009
-20.349
-19.649
-20.301
-19.920
-20.476
-20.096
-18.359
-17.884
-17.750
-18.234
-18.323
-19.093
-16.903
-16.792
-15.781
-14.827
-15.636
-16.718
-15.023
-15.077
-13.987
-15.431
-15.599
-15.667
-16.613
-14.673
-14.628
-13.597
-15.182
-15.239
-16.259
-14.543
-14.913
-14.750
-13.008
-12.593
-12.627
-12.418
-12.435
-11.345
-12.779
-21.776
-20.835
-22.579
-21.338
-22.228
-20.456
-20.931
-21.859
-20.454
-20.126
-20.768
-19.398
-19.353
-18.768
-20.112
-18.501
-19.025
-18.540
-17.083
-16.401
-16.483
-15.486
-17.116
-18.215
-16.890
-16.746
-17.219
-15.670
-17.270
-18.376
-16.765
-16.904
-17.347
-15.836
-17.567
-18.576
-17.054
-17.804
-18.430
-18.358
-16.567
-16.842
-15.882
-15.760
-14.966
-15.258
-16.206
-32.956
-31.662
-31.688
-31.806
-34.119
-33.968
-34.257
-34.993
-33.166
-33.125
-34.143
-32.403
-33.037
-32.229
-32.935
-33.880
-30.277
-30.205
-29.437
-29.786
-30.707
-29.942
-30.197
-28.296
-27.909
-28.677
-27.485
-26.899
-26.821
-25.619
-25.029
-25.465
-23.906
-24.361
-23.294
-27.318
-27.482
-28.309
-26.395
-26.774
-27.887
-25.650
-25.089
-26.027
-22.994
-23.665
-22.478
-21.993
-22.483
-21.646
-20.815
-21.146
-20.188
-19.860
-19.459
-20.448
-18.631
-18.267
-19.050
-17.535
-18.004
-17.249
-16.221
-16.382
-15.001
-14.211
-14.611
-15.552
-13.975
-13.936
-14.541
-13.883
-12.545
-11.967
-12.597
-11.609
-11.454
-10.633
-12.205
-11.508
-13.089
-12.627
-13.382
-11.712
-13.191
-12.377
-14.033
-13.734
-12.844
-14.055
-14.537
-24.685
-23.703
-24.296
-25.430
-26.370
-25.833
-24.724
-24.406
-25.357
-23.648
-22.761
-23.834
-23.194
-23.996
-23.129
-21.878
-21.200
-21.546
-21.710
-22.434
-20.995
-21.248
-20.201
-20.351
-20.426
-18.718
-18.502
-18.735
-17.741
-17.850
-17.963
-16.272
-16.240
-15.971
-15.206
-15.182
-14.209
-15.321
-16.258
-15.531
-14.148
-13.291
-13.857
-14.434
-15.184
-14.804
-13.461
-32.062
-31.212
-31.740
-31.194
-33.412
-33.262
-34.008
-33.896
-32.309
-33.155
-31.494
-32.410
-31.454
-30.586
-31.140
-32.173
-29.803
-29.247
-29.254
-29.833
-29.932
-30.769
-29.906
-28.332
-27.276
-27.543
-27.423
-25.870
-25.225
-25.532
-25.155
-24.979
-24.724
-25.436
-24.827
-25.771
-26.500
-26.002
-24.476
-24.195
-24.963
-22.722
-22.492
-22.107
-23.266
-23.146
-23.033
-22.195
-21.176
-22.259
-22.071
-22.833
-22.116
-20.701
-19.877
-20.575
-20.498
-21.147
-20.902
-19.021
-18.604
-18.589
-18.797
-18.994
-18.415
-18.270
-18.285
-18.443
-19.085
-16.960
-16.776
-16.100
-16.908
-15.890
-17.216
-17.814
-18.856
-17.555
-17.950
-18.458
-18.733
-16.731
-16.671
-15.839
-16.974
-16.949
-18.017
-16.072
-16.154
-14.997
-16.334
-22.587
-21.534
-23.341
-22.872
-23.089
-23.845
-21.698
-21.463
-20.821
-21.964
-21.120
-22.874
-22.222
-23.107
-21.294
-22.460
-23.566
-22.051
-21.984
-22.696
-20.785
-20.453
-19.647
-19.437
-19.969
-18.313
-18.532
-17.914
-17.143
-16.214
-17.283
-16.978
-16.241
-17.912
-16.489
-15.620
-17.263
-16.067
-15.494
-15.414
-17.229
-16.798
-17.699
-18.361
-18.985
-18.780
-17.840
-30.853
-31.184
-32.082
-30.420
-30.857
-30.017
-30.622
-31.755
-31.672
-31.774
-32.699
-31.347
-29.403
-28.728
-29.067
-29.377
-31.511
-31.532
-32.489
-30.830
-30.939
-32.006
-30.544
-29.490
-28.332
-28.498
-28.144
-27.048
-26.118
-26.999
-26.454
-26.031
-26.307
-27.313
-25.954
-27.139
-28.136
-26.972
-26.133
-26.342
-27.363
-25.087
-24.230
-25.100
-25.065
-24.112
-25.270
-24.798
-25.663
-24.655
-23.569
-23.628
-23.524
-22.206
-21.971
-22.227
-21.033
-20.842
-21.400
-19.631
-19.211
-18.922
-19.607
-20.382
-18.833
-18.883
-17.781
-18.029
-17.659
-16.463
-16.233
-16.493
-15.342
-15.791
-14.917
-14.216
-13.698
-14.702
-13.195
-13.703
-12.564
-12.223
-11.496
-11.732
-12.846
-13.342
-13.568
-11.816
-12.149
-11.575
-10.897
-24.958
-25.798
-24.020
-24.999
-26.045
-24.731
-23.948
-24.026
-24.040
-22.536
-22.466
-22.464
-21.308
-20.622
-21.760
-20.546
-19.802
-20.004
-21.447
-21.792
-21.704
-22.336
-21.144
-20.893
-20.238
-22.173
-22.728
-22.885
-21.510
-20.817
-20.921
-22.597
-23.374
-23.143
-21.894
-22.729
-21.446
-20.901
-21.122
-19.872
-21.041
-22.106
-20.455
-20.755
-20.524
-19.820
-21.664
-30.220
-29.025
-29.329
-28.396
-30.897
-30.115
-31.770
-31.273
-31.212
-31.698
-31.988
-30.750
-29.861
-28.945
-30.583
-29.514
-28.198
-27.678
-28.911
-26.199
-26.806
-25.391
-27.351
-25.298
-24.731
-25.177
-24.944
-23.172
-22.857
-22.596
-22.343
-22.571
-21.792
-22.469
-21.792
-22.757
-22.981
-23.411
-21.308
-20.890
-21.668
-19.331
-19.029
-18.974
-20.351
-19.925
-19.785
-20.084
-18.999
-20.665
-20.513
-21.610
-19.993
-20.257
-20.612
-19.149
-20.832
-20.605
-21.916
-20.324
-21.022
-19.367
-19.943
-19.073
-20.598
-20.231
-21.869
-22.233
-22.599
-21.384
-22.315
-20.733
-20.768
-20.032
-21.567
-20.029
-19.864
-20.598
-18.685
-18.794
-17.993
-18.026
-18.499
-18.277
-16.479
-16.145
-16.060
-15.996
-16.496
-16.401
-14.907
-19.014
-19.554
-17.944
-19.517
-18.965
-20.593
-19.250
-19.899
-19.551
-17.768
-17.450
-17.068
-17.431
-17.293
-18.172
-16.052
-15.300
-16.056
-15.653
-15.500
-15.713
-15.624
-16.168
-16.659
-16.846
-14.956
-14.244
-15.155
-14.229
-13.867
-14.932
-13.016
-13.285
-12.234
-12.544
-13.381
-12.205
-11.432
-11.597
-10.593
-10.955
-10.054
-10.569
-11.933
-12.801
-12.285
-11.382
-31.690
-31.692
-32.423
-30.702
-33.134
-33.680
-33.081
-33.560
-30.998
-31.519
-31.049
-30.011
-31.074
-31.522
-31.334
-30.005
-32.200
-32.366
-33.203
-30.057
-30.031
-29.800
-31.425
-28.986
-28.147
-27.688
-28.691
-26.973
-27.282
-25.851
-24.956
-24.988
-23.785
-24.007
-23.947
-26.433
-27.240
-25.625
-25.931
-25.324
-25.152
-24.689
-23.905
-25.530
-22.401
-21.590
-22.391
-22.028
-22.662
-22.144
-20.604
-20.570
-19.947
-19.938
-19.646
-20.663
-18.652
-18.813
-18.056
-17.936
-18.615
-17.037
-17.496
-18.360
-16.291
-16.131
-14.947
-14.260
-15.251
-14.221
-14.740
-14.516
-12.727
-12.472
-12.437
-11.887
-12.222
-12.042
-10.433
-10.024
-10.094
-9.515
-9.532
-8.476
-9.778
-10.687
-8.862
-9.791
-10.587
-9.954
-8.804
-23.993
-24.643
-23.929
-22.639
-21.931
-22.659
-22.091
-21.129
-22.732
-21.894
-22.905
-21.470
-21.040
-20.320
-21.742
-20.357
-21.138
-20.064
-19.214
-19.464
-17.982
-17.208
-17.597
-17.515
-18.223
-16.167
-15.983
-16.204
-14.993
-14.954
-15.238
-13.701
-13.019
-13.839
-13.183
-13.199
-13.794
-11.719
-11.039
-11.693
-11.114
-11.233
-10.026
-11.637
-11.400
-12.710
-11.107
-31.799
-30.718
-31.188
-30.300
-32.644
-33.408
-33.105
-32.146
-32.641
-33.571
-32.242
-33.048
-31.171
-31.913
-30.531
-30.473
-29.607
-28.966
-30.088
-28.210
-27.265
-29.271
-28.717
-27.483
-26.406
-26.711
-26.202
-25.062
-25.134
-24.059
-24.187
-25.001
-22.974
-22.904
-23.382
-24.678
-25.469
-23.763
-24.626
-23.629
-22.854
-23.692
-22.847
-24.630
-21.708
-21.876
-21.382
-20.497
-20.406
-20.765
-19.357
-19.535
-19.221
-18.072
-17.951
-17.942
-16.852
-17.009
-16.774
-15.566
-15.325
-15.640
-14.472
-14.750
-13.167
-12.521
-12.591
-11.723
-13.324
-12.111
-11.643
-11.293
-13.147
-13.484
-13.971
-12.514
-12.289
-11.603
-13.537
-14.533
-13.212
-13.567
-12.532
-14.097
-14.116
-14.243
-15.084
-13.185
-13.580
-12.968
-12.297
-23.460
-22.535
-24.348
-23.084
-22.085
-23.115
-24.188
-25.052
-24.395
-23.665
-24.549
-23.307
-22.612
-22.307
-21.759
-23.165
-23.998
-23.575
-22.112
-21.782
-21.565
-20.800
-21.899
-22.114
-22.860
-20.789
-19.845
-21.135
-20.377
-20.028
-21.201
-19.185
-19.348
-18.268
-18.955
-18.331
-19.900
-18.243
-17.383
-18.909
-17.901
-18.850
-17.429
-16.757
-16.631
-15.798
-16.972
-29.298
-29.180
-28.874
-28.448
-30.304
-30.207
-31.293
-30.123
-29.565
-30.417
-29.661
-28.779
-27.928
-27.171
-27.611
-27.929
-30.478
-30.241
-31.225
-30.378
-30.395
-31.131
-31.017
-28.919
-27.868
-27.757
-28.036
-26.401
-25.789
-26.404
-26.394
-26.178
-26.596
-27.612
-26.712
-25.769
-26.474
-25.813
-24.411
-23.393
-23.506
-22.095
-21.823
-22.260
-25.517
-25.418
-25.904
-24.232
-24.432
-23.817
-23.227
-23.813
-22.643
-22.271
-21.458
-22.902
-21.602
-22.504
-21.166
-20.492
-20.913
-20.279
-19.210
-19.312
-18.122
-17.339
-17.994
-17.650
-18.914
-16.754
-16.705
-16.946
-15.484
-15.484
-15.444
-14.273
-14.162
-14.546
-12.906
-12.504
-12.129
-13.035
-13.506
-13.831
-11.726
-11.334
-10.994
-11.647
-11.890
-12.371
-10.648
-20.989
-20.046
-20.862
-21.226
-22.034
-21.481
-20.069
-20.083
-20.336
-18.731
-18.418
-18.746
-17.595
-17.950
-17.570
-16.194
-16.342
-15.705
-15.309
-15.312
-14.592
-13.902
-14.517
-14.937
-13.460
-15.403
-14.996
-15.345
-16.810
-16.893
-17.259
-17.672
-17.674
-17.164
-19.109
-19.728
-19.558
-19.352
-19.072
-18.726
-20.860
-21.370
-21.163
-21.337
-21.700
-22.206
-20.563
-31.293
-30.396
-29.446
-30.337
-31.414
-30.465
-32.162
-31.612
-32.607
-33.368
-32.727
-32.998
-30.739
-31.299
-30.659
-29.785
-30.671
-31.742
-30.119
-28.769
-28.836
-28.353
-30.204
-27.751
-27.057
-27.685
-26.724
-25.768
-25.967
-24.827
-25.107
-26.044
-23.905
-24.327
-23.729
-25.037
-24.886
-25.628
-23.696
-23.694
-24.644
-22.274
-22.043
-21.664
-22.565
-22.477
-22.638
-21.290
-21.391
-21.246
-20.038
-20.229
-19.382
-19.537
-20.195
-18.556
-19.251
-18.375
-20.025
-18.801
-17.914
-18.577
-19.861
-20.761
-19.770
-20.653
-18.624
-19.024
-18.021
-17.609
-16.716
-17.300
-18.041
-18.883
-18.342
-16.731
-16.148
-16.262
-17.038
-17.682
-16.065
-17.611
-18.628
-17.699
-16.727
-15.750
-16.587
-17.297
-18.329
-17.314
-16.746
-21.782
-22.380
-21.922
-20.344
-19.717
-20.232
-19.830
-20.352
-20.059
-18.309
-17.775
-18.002
-17.893
-18.006
-18.523
-16.379
-16.082
-15.722
-16.000
-16.861
-14.873
-14.949
-13.587
-12.758
-13.657
-12.873
-12.702
-11.943
-13.900
-14.823
-14.087
-13.454
-12.718
-12.959
-14.641
-15.420
-14.582
-15.489
-16.112
-16.201
-14.552
-13.892
-13.850
-15.417
-16.106
-16.138
-14.808
-30.727
-29.522
-29.040
-28.851
-31.497
-30.966
-32.382
-31.703
-31.664
-31.161
-31.972
-32.534
-30.272
-29.694
-29.617
-31.046
-29.707
-30.407
-28.744
-29.354
-28.386
-30.378
-30.168
-28.494
-27.144
-27.296
-26.898
-25.962
-26.173
-24.806
-23.953
-24.241
-22.646
-22.917
-22.423
-25.760
-25.668
-26.632
-24.563
-24.611
-25.611
-23.265
-23.157
-22.440
-21.569
-21.417
-21.933
-20.302
-20.682
-19.823
-19.409
-18.844
-19.967
-18.277
-18.636
-17.660
-17.375
-18.064
-16.964
-16.148
-16.479
-15.628
-15.171
-15.690
-13.785
-13.252
-13.094
-12.350
-13.801
-12.206
-11.601
-11.542
-12.991
-13.589
-13.686
-12.204
-11.515
-11.511
-12.993
-13.641
-13.723
-12.129
-12.871
-11.698
-11.054
-10.412
-11.603
-10.060
-10.695
-9.477
-9.522
-22.869
-23.732
-22.916
-21.471
-21.436
-20.628
-21.186
-20.917
-22.074
-19.880
-19.043
-20.114
-19.503
-20.365
-19.347
-18.280
-18.050
-18.503
-17.091
-16.769
-16.444
-15.568
-16.684
-17.317
-15.649
-17.527
-16.822
-18.276
-18.194
-17.390
-19.033
-18.704
-19.555
-17.863
-19.202
-19.925
-18.246
-19.892
-20.985
-19.637
-19.360
-19.586
-19.956
-17.872
-17.446
-17.363
-17.582
-33.759
-34.139
-34.250
-35.096
-33.636
-33.412
-34.605
-32.769
-34.871
-34.642
-35.457
-35.694
-32.497
-32.517
-31.793
-32.207
-33.184
-32.551
-33.749
-31.197
-30.856
-31.545
-32.396
-30.056
-29.337
-29.240
-29.951
-27.986
-28.232
-27.264
-26.781
-26.966
-26.227
-27.024
-25.896
-27.139
-27.084
-27.686
-25.859
-25.031
-25.228
-23.732
-23.847
-23.469
-25.057
-25.393
-24.663
-23.917
-23.711
-24.151
-22.657
-22.853
-22.357
-21.465
-21.225
-21.815
-20.253
-19.495
-20.629
-19.642
-20.328
-19.514
-18.347
-17.425
-18.128
-17.084
-19.206
-18.874
-20.160
-19.714
-20.268
-18.838
-20.828
-21.154
-20.441
-22.055
-21.817
-22.640
-23.077
-23.408
-22.488
-24.358
-24.982
-25.050
-24.115
-23.697
-25.111
-23.190
-23.536
-22.122
-23.151
-22.675
-22.999
-22.452
-21.383
-20.888
-21.577
-20.488
-20.899
-20.457
-19.003
-18.591
-18.333
-18.839
-19.206
-19.378
-17.371
-17.423
-16.822
-16.678
-16.669
-16.145
-15.567
-16.048
-16.114
-16.839
-14.811
-13.907
-14.691
-14.684
-14.605
-15.695
-13.508
-13.528
-12.659
-13.293
-14.108
-13.404
-11.957
-11.916
-11.202
-11.523
-11.765
-12.145
-10.117
-9.826
-9.402
-10.044
-34.329
-32.851
-32.224
-32.717
-34.792
-34.852
-34.017
-35.805
-35.182
-36.245
-35.064
-34.746
-34.646
-34.380
-34.038
-35.674
-32.231
-31.125
-32.525
-32.082
-32.641
-32.326
-32.659
-30.508
-29.751
-30.231
-29.447
-28.491
-27.967
-27.574
-26.936
-26.869
-26.232
-26.039
-26.880
-28.968
-29.458
-29.739
-27.974
-27.884
-28.677
-26.484
-25.848
-26.694
-24.896
-24.536
-25.123
-23.895
-24.175
-23.678
-22.490
-22.187
-22.718
-21.534
-22.121
-20.961
-20.575
-21.204
-19.834
-19.738
-19.468
-20.279
-18.676
-18.908
-17.402
-16.587
-16.888
-16.211
-17.747
-15.977
-15.810
-16.497
-14.622
-14.165
-14.700
-13.692
-14.272
-13.039
-12.956
-13.777
-12.320
-12.078
-11.058
-12.369
-12.002
-11.783
-11.237
-13.274
-13.409
-14.168
-13.223
-25.701
-26.422
-24.896
-25.130
-24.614
-25.805
-24.093
-24.615
-23.365
-23.446
-24.366
-22.879
-22.596
-21.927
-23.173
-21.772
-21.104
-22.423
-21.031
-21.692
-19.686
-19.364
-18.687
-19.131
-18.048
-17.762
-17.419
-18.322
-16.574
-16.226
-16.978
-15.367
-14.783
-14.608
-15.767
-14.824
-16.676
-15.986
-15.242
-16.926
-15.824
-16.576
-16.171
-14.339
-14.018
-14.195
-13.602
-31.788
-30.359
-30.284
-30.197
-31.920
-32.868
-31.226
-31.676
-31.819
-32.493
-31.927
-30.859
-32.864
-33.848
-32.797
-32.690
-29.001
-28.143
-29.156
-28.113
-28.583
-28.236
-28.822
-26.601
-25.746
-26.165
-25.569
-24.446
-23.820
-23.719
-23.138
-23.183
-22.282
-22.742
-22.196
-24.932
-25.531
-25.627
-23.808
-23.334
-23.621
-22.238
-21.893
-22.578
-20.770
-20.187
-20.746
-20.091
-20.351
-20.621
-18.610
-18.317
-18.094
-18.090
-18.029
-18.791
-16.698
-16.513
-16.697
-15.541
-14.622
-15.751
-15.350
-15.569
-15.040
-14.984
-14.770
-13.806
-15.548
-14.575
-15.501
-13.838
-14.009
-12.936
-14.552
-14.252
-15.312
-13.796
-13.747
-14.010
-12.640
-14.390
-13.782
-15.376
-14.555
-15.380
-13.569
-15.063
-15.361
-14.345
-15.973
-20.926
-21.381
-20.499
-19.978
-19.692
-20.321
-18.633
-18.669
-18.213
-17.636
-18.166
-17.403
-16.326
-16.554
-15.974
-15.129
-14.730
-14.359
-15.412
-16.137
-15.057
-15.437
-14.122
-14.490
-13.111
-14.052
-13.299
-15.045
-13.418
-12.337
-13.833
-13.731
-13.124
-14.804
-13.339
-12.365
-14.053
-13.345
-12.912
-14.383
-12.679
-12.894
-13.077
-11.126
-10.699
-10.699
-10.660
-24.705
-24.556
-23.792
-24.230
-24.789
-23.908
-24.783
-25.664
-25.858
-25.718
-26.780
-26.092
-23.434
-23.348
-23.303
-22.623
-25.873
-26.144
-26.651
-25.718
-26.748
-25.707
-25.546
-24.358
-23.664
-23.853
-23.952
-22.194
-21.982
-21.895
-20.911
-20.235
-20.395
-19.585
-21.176
-21.330
-21.579
-21.742
-19.958
-19.500
-20.072
-17.982
-17.601
-17.969
-19.809
-19.729
-20.607
-18.439
-17.956
-18.558
-17.363
-17.651
-17.199
-15.999
-15.512
-16.179
-15.171
-15.691
-15.199
-13.751
-13.407
-13.859
-12.794
-13.297
-11.497
-11.040
-10.548
-9.938
-10.989
-9.449
-9.949
-8.955
-8.343
-8.905
-7.707
-7.542
-7.235
-8.093
-6.342
-6.779
-5.898
-5.233
-5.028
-5.680
-3.956
-4.092
-3.577
-2.840
-2.031
-2.423
-3.211
-17.210
-17.436
-17.563
-15.765
-15.544
-15.293
-15.087
-15.049
-15.687
-13.585
-13.594
-13.264
-12.677
-12.369
-13.271
-11.408
-11.832
-10.740
-10.608
-11.097
-9.467
-9.002
-8.770
-7.714
-9.202
-8.769
-8.387
-8.111
-10.114
-10.740
-10.635
-10.245
-10.000
-11.302
-9.144
-9.309
-8.096
-9.435
-9.850
-8.570
-10.533
-10.078
-11.383
-10.926
-10.868
-10.214
-11.939
-27.288
-26.675
-27.275
-26.783
-26.361
-25.993
-25.397
-26.995
-28.695
-29.323
-28.752
-29.163
-27.403
-28.117
-26.471
-27.747
-25.212
-24.500
-24.994
-25.268
-24.435
-26.741
-24.887
-24.900
-23.621
-23.789
-23.077
-22.849
-22.116
-22.132
-21.028
-20.546
-20.428
-20.608
-20.949
-23.787
-24.603
-24.455
-23.063
-22.887
-23.335
-22.178
-22.791
-21.652
-18.889
-18.688
-18.333
-18.294
-18.569
-18.690
-16.745
-16.361
-16.408
-15.929
-16.268
-16.052
-14.419
-13.956
-14.241
-13.707
-12.960
-14.435
-13.141
-13.672
-11.965
-11.762
-10.924
-10.695
-11.312
-9.583
-9.846
-9.311
-8.458
-8.373
-8.686
-7.007
-6.659
-6.356
-6.861
-7.409
-7.444
-5.432
-4.918
-5.461
-4.455
-4.483
-3.400
-4.735
-3.860
-5.031
-5.569
-21.274
-20.657
-21.796
-20.085
-20.446
-19.472
-19.045
-19.508
-18.410
-18.037
-18.550
-17.317
-17.124
-16.545
-17.721
-16.199
-15.607
-16.885
-15.406
-16.058
-14.126
-13.788
-13.092
-12.101
-13.286
-12.954
-12.367
-13.975
-12.503
-13.023
-12.750
-11.014
-10.703
-10.732
-10.129
-10.160
-10.592
-8.720
-8.411
-8.766
-7.672
-6.866
-8.249
-7.210
-8.142
-6.682
-6.558
-31.691
-30.740
-29.757
-30.662
-33.077
-33.151
-33.367
-33.760
-31.444
-30.415
-31.608
-32.047
-31.502
-31.626
-32.348
-30.568
-30.917
-31.924
-30.233
-29.430
-29.468
-29.141
-30.757
-28.364
-27.061
-26.583
-27.170
-26.047
-26.626
-25.567
-25.189
-25.390
-24.529
-25.360
-24.250
-24.910
-24.404
-25.239
-23.809
-22.862
-22.736
-21.888
-21.386
-22.522
-23.355
-23.666
-23.289
-22.013
-21.676
-22.025
-21.014
-21.569
-20.853
-19.603
-19.148
-19.733
-18.702
-18.723
-17.672
-19.082
-18.245
-19.350
-20.183
-21.142
-20.141
-21.035
-18.883
-19.008
-18.143
-18.293
-17.350
-18.193
-19.113
-18.646
-20.128
-19.325
-19.783
-19.979
-17.983
-17.756
-17.325
-18.127
-18.554
-18.942
-16.972
-16.275
-17.283
-16.330
-16.999
-15.425
-15.935
-21.015
-20.453
-21.758
-20.095
-20.720
-19.660
-18.956
-18.586
-19.452
-17.764
-18.207
-17.203
-16.859
-16.300
-17.532
-15.922
-15.313
-16.598
-15.083
-15.687
-13.827
-13.362
-12.845
-12.156
-13.377
-11.926
-11.571
-12.528
-10.626
-10.172
-11.109
-9.645
-10.037
-8.597
-9.517
-8.833
-10.496
-9.071
-9.918
-9.026
-7.666
-7.601
-7.369
-6.629
-5.572
-6.734
-6.836
-33.621
-32.216
-32.271
-31.538
-34.617
-35.627
-34.329
-34.601
-33.707
-33.130
-33.205
-34.758
-34.026
-33.958
-35.087
-33.398
-31.450
-30.439
-31.919
-30.143
-29.304
-30.627
-31.435
-29.346
-29.170
-28.963
-30.099
-27.942
-28.129
-26.774
-25.594
-25.419
-24.613
-24.339
-25.012
-27.804
-28.738
-27.045
-27.675
-27.566
-27.688
-27.134
-27.895
-27.186
-23.387
-23.601
-22.921
-22.360
-22.166
-22.781
-21.049
-21.435
-20.528
-20.123
-19.567
-20.733
-18.995
-19.511
-18.542
-17.855
-17.066
-18.318
-17.197
-17.524
-16.046
-15.694
-15.493
-16.145
-15.296
-14.154
-14.422
-13.685
-13.094
-12.879
-13.585
-11.768
-11.981
-11.342
-10.815
-10.954
-11.111
-9.385
-8.839
-9.300
-8.555
-9.101
-8.570
-7.092
-7.143
-6.649
-6.572
-25.699
-25.748
-25.471
-24.642
-24.381
-25.040
-23.380
-23.522
-22.965
-22.367
-22.851
-22.099
-21.002
-20.539
-21.227
-19.869
-20.310
-19.221
-19.096
-19.724
-17.802
-17.435
-16.760
-16.445
-17.295
-15.503
-15.728
-15.058
-14.395
-14.831
-13.998
-13.257
-12.838
-13.719
-12.117
-12.527
-11.348
-11.508
-10.777
-12.309
-10.769
-10.860
-11.172
-9.268
-8.712
-8.804
-9.125
-29.611
-28.264
-28.006
-28.376
-30.552
-30.091
-30.590
-31.587
-29.474
-28.919
-28.907
-30.446
-30.166
-29.388
-30.362
-30.963
-27.119
-26.151
-27.086
-26.846
-27.262
-27.350
-27.319
-25.228
-24.597
-23.644
-25.189
-24.204
-25.150
-23.771
-24.000
-24.663
-23.339
-23.877
-22.266
-23.086
-23.475
-22.815
-21.927
-20.848
-20.854
-19.693
-19.646
-18.824
-23.609
-24.565
-23.770
-22.526
-22.371
-22.883
-21.307
-21.609
-21.003
-19.999
-19.634
-20.181
-18.815
-19.239
-18.487
-17.593
-18.066
-16.858
-16.835
-17.307
-15.676
-15.378
-14.700
-15.252
-14.015
-13.855
-13.366
-14.524
-12.724
-13.142
-12.165
-11.717
-11.714
-12.204
-10.266
-10.247
-9.520
-9.780
-8.721
-9.787
-10.531
-11.585
-10.143
-10.554
-10.896
-9.510
-11.071
-19.468
-20.216
-19.794
-18.053
-17.260
-17.703
-18.130
-18.499
-18.815
-16.859
-16.550
-17.140
-15.795
-16.206
-15.453
-14.475
-14.688
-13.982
-13.577
-14.076
-12.278
-11.709
-11.569
-12.361
-10.875
-10.708
-10.000
-10.112
-11.490
-12.224
-12.055
-10.553
-10.003
-9.816
-11.251
-12.036
-11.783
-10.341
-9.508
-10.932
-9.908
-10.690
-9.035
-9.558
-9.298
-8.739
-10.317
-34.853
-33.493
-32.877
-33.068
-35.812
-35.469
-35.821
-36.860
-34.720
-34.003
-34.256
-35.596
-35.453
-36.434
-34.800
-35.650
-33.393
-34.040
-33.844
-31.400
-32.260
-31.349
-31.975
-29.901
-29.120
-29.759
-28.420
-28.128
-28.729
-27.225
-27.935
-29.019
-26.985
-26.457
-27.500
-27.239
-26.910
-27.827
-26.045
-26.206
-27.289
-24.869
-25.282
-24.549
-26.020
-26.486
-25.347
-25.155
-25.846
-24.634
-24.146
-24.631
-23.468
-23.262
-22.771
-23.868
-22.351
-21.832
-23.058
-21.266
-21.862
-20.651
-20.495
-20.950
-19.482
-19.070
-18.778
-19.264
-18.816
-17.302
-16.826
-16.825
-16.908
-17.530
-17.259
-15.386
-15.397
-14.915
-14.663
-14.656
-15.391
-13.299
-13.474
-12.622
-12.585
-11.898
-13.227
-11.736
-11.387
-12.298
-10.831
-23.604
-23.702
-23.749
-22.228
-21.498
-21.946
-21.741
-22.421
-21.865
-20.327
-20.366
-19.728
-19.794
-19.531
-20.594
-18.620
-18.895
-18.405
-17.567
-17.763
-16.522
-15.983
-16.198
-16.954
-16.232
-14.731
-14.593
-13.947
-14.631
-15.602
-14.583
-13.468
-13.864
-13.367
-12.154
-12.040
-11.856
-11.116
-11.400
-11.301
-9.672
-9.456
-9.461
-8.699
-8.595
-7.690
-9.075
-31.777
-30.360
-30.457
-29.792
-32.510
-33.543
-32.249
-32.472
-31.876
-31.211
-32.878
-31.659
-32.547
-33.576
-32.085
-32.642
-29.342
-28.407
-29.721
-28.672
-28.312
-29.716
-29.042
-27.398
-26.324
-26.040
-26.585
-25.071
-25.510
-24.684
-24.055
-23.829
-23.445
-24.203
-22.669
-23.967
-23.592
-24.353
-22.809
-22.547
-23.227
-21.262
-21.474
-21.108
-23.003
-22.173
-23.867
-22.398
-22.001
-23.304
-21.423
-21.867
-20.585
-20.920
-20.760
-21.735
-19.626
-19.872
-18.857
-19.257
-19.995
-18.454
-18.827
-19.623
-17.518
-17.205
-16.373
-16.546
-16.095
-15.037
-15.164
-14.162
-14.624
-14.999
-15.041
-13.043
-12.655
-12.608
-12.371
-11.288
-12.639
-12.682
-13.133
-13.503
-11.517
-11.908
-11.219
-10.224
-9.510
-10.526
-9.534
-20.015
-20.175
-19.987
-18.610
-17.820
-18.668
-18.014
-17.623
-17.230
-18.977
-19.634
-19.557
-18.302
-19.103
-17.557
-17.572
-18.323
-16.815
-17.063
-17.891
-15.822
-15.672
-14.702
-15.047
-13.949
-14.050
-13.845
-14.692
-12.748
-12.164
-13.088
-11.841
-12.325
-11.609
-10.420
-10.549
-10.056
-9.374
-9.783
-9.506
-7.929
-7.719
-7.348
-7.424
-7.532
-7.962
-6.394
-34.091
-34.017
-34.984
-33.991
-32.762
-32.651
-32.057
-32.299
-34.565
-34.060
-34.491
-35.619
-34.998
-34.742
-34.933
-35.997
-32.846
-33.075
-32.858
-31.279
-32.452
-30.721
-31.540
-30.206
-29.245
-29.602
-28.960
-27.998
-27.974
-28.102
-27.473
-27.193
-27.289
-28.262
-26.618
-26.686
-26.809
-26.708
-25.480
-25.059
-25.816
-23.674
-23.198
-23.134
-26.728
-25.836
-27.451
-26.210
-26.997
-25.469
-25.553
-24.783
-25.101
-26.589
-27.321
-27.059
-25.941
-25.357
-26.699
-24.921
-25.316
-24.024
-24.675
-25.340
-23.709
-23.412
-22.702
-23.051
-22.659
-21.263
-21.340
-20.564
-20.598
-20.607
-21.041
-19.126
-18.487
-18.752
-18.902
-18.941
-19.610
-17.456
-17.620
-16.599
-16.938
-16.845
-17.626
-15.528
-14.778
-15.245
-15.436
-23.751
-24.304
-24.311
-22.345
-21.766
-21.719
-22.598
-22.869
-23.391
-21.382
-20.592
-20.958
-21.597
-22.406
-21.904
-20.284
-19.600
-20.408
-19.605
-20.189
-18.564
-18.119
-17.731
-17.329
-18.329
-16.586
-17.116
-16.287
-15.390
-14.848
-15.813
-14.515
-14.963
-14.478
-13.122
-13.192
-12.371
-12.557
-13.193
-12.528
-11.089
-10.378
-11.127
-10.562
-10.733
-9.511
-11.254
-27.086
-25.857
-25.982
-24.975
-27.055
-27.917
-26.233
-26.915
-27.317
-26.372
-28.184
-27.566
-28.257
-29.178
-28.398
-28.132
-25.332
-25.211
-24.306
-26.269
-26.796
-26.758
-26.280
-24.644
-23.909
-24.079
-24.083
-22.391
-22.245
-21.980
-21.455
-21.282
-21.138
-21.782
-21.370
-21.570
-21.940
-21.798
-20.205
-19.644
-20.246
-18.218
-17.645
-17.806
-19.648
-19.009
-19.447
-19.168
-19.928
-18.964
-17.887
-17.074
-18.028
-17.409
-18.192
-17.141
-16.189
-15.444
-16.457
-15.664
-15.890
-16.272
-14.139
-13.654
-13.450
-12.361
-13.969
-13.824
-15.076
-13.203
-13.609
-13.568
-11.736
-11.116
-11.619
-11.151
-11.826
-10.976
-9.782
-9.925
-9.484
-8.756
-8.632
-9.187
-7.358
-6.877
-6.714
-7.334
-7.770
-7.777
-6.312
-17.959
-18.175
-18.746
-16.583
-16.256
-15.777
-16.347
-17.276
-15.428
-16.405
-17.244
-15.488
-16.355
-15.443
-17.142
-16.322
-15.546
-17.303
-15.945
-16.696
-15.123
-15.068
-14.312
-13.521
-14.868
-13.687
-13.359
-12.861
-14.788
-15.541
-15.334
-14.348
-13.599
-13.694
-15.281
-15.848
-14.571
-16.307
-16.920
-15.760
-17.084
-16.417
-17.960
-17.761
-18.256
-18.599
-16.975
-33.053
-31.635
-31.705
-31.325
-33.448
-33.445
-34.420
-32.739
-33.196
-34.195
-32.995
-32.446
-33.953
-33.481
-34.101
-34.860
-30.652
-30.683
-29.631
-30.545
-30.772
-31.256
-30.862
-29.000
-28.156
-28.651
-27.882
-26.885
-27.100
-25.992
-26.045
-26.862
-24.788
-24.942
-23.925
-26.287
-25.946
-27.104
-25.203
-25.564
-26.695
-24.344
-24.467
-23.421
-24.740
-24.637
-25.672
-23.496
-23.620
-22.609
-23.021
-22.379
-23.863
-22.022
-21.874
-22.549
-20.706
-20.291
-21.062
-19.634
-20.179
-19.171
-18.561
-19.034
-17.240
-16.647
-16.518
-17.131
-15.652
-15.946
-16.768
-15.506
-14.849
-14.151
-15.184
-13.936
-13.498
-14.677
-12.968
-12.393
-13.553
-12.020
-11.625
-12.482
-10.737
-11.104
-9.955
-9.955
-9.076
-9.516
-10.572
-24.224
-24.604
-24.857
-22.725
-22.358
-22.133
-22.491
-22.285
-23.339
-21.325
-21.490
-21.128
-20.029
-19.684
-20.166
-18.839
-19.150
-18.132
-18.073
-18.637
-16.733
-16.273
-15.818
-14.915
-16.296
-15.271
-14.886
-16.170
-14.330
-13.400
-14.680
-13.937
-14.822
-13.606
-12.838
-13.205
-11.991
-12.278
-13.074
-11.726
-11.361
-10.447
-11.740
-10.969
-10.309
-11.857
-10.294
-34.004
-34.911
-35.574
-35.485
-33.496
-34.267
-33.111
-32.728
-34.689
-35.456
-33.934
-35.030
-32.812
-32.086
-33.018
-32.400
-34.280
-33.260
-34.912
-33.880
-33.780
-35.009
-34.070
-32.551
-31.406
-31.605
-31.035
-30.257
-30.708
-29.200
-28.699
-28.994
-27.649
-28.015
-27.317
-29.712
-29.215
-30.618
-28.777
-29.277
-30.430
-28.211
-28.748
-27.830
-26.356
-25.707
-26.742
-25.348
-25.791
-24.847
-24.277
-23.761
-24.686
-23.186
-23.592
-22.531
-22.321
-21.735
-22.994
-21.341
-20.981
-21.831
-20.098
-19.719
-19.444
-18.430
-19.855
-20.796
-20.031
-18.744
-19.135
-17.798
-18.328
-17.802
-19.232
-17.332
-17.878
-16.590
-16.536
-15.971
-17.228
-15.589
-14.939
-16.263
-14.511
-15.004
-14.001
-13.459
-12.617
-12.964
-13.877
-26.926
-27.198
-26.446
-25.827
-25.138
-26.217
-24.907
-25.531
-24.326
-23.790
-23.200
-24.193
-22.667
-23.150
-22.364
-21.472
-21.810
-20.990
-20.529
-21.051
-19.194
-18.599
-18.547
-18.819
-18.850
-17.018
-16.650
-16.695
-16.233
-16.608
-16.345
-14.703
-14.205
-14.227
-14.411
-14.895
-14.868
-12.950
-12.450
-12.443
-12.544
-13.206
-12.875
-11.077
-11.177
-10.378
-10.853
-32.648
-31.265
-30.825
-30.599
-32.472
-33.443
-32.226
-31.761
-33.504
-33.551
-33.100
-34.500
-33.345
-33.394
-32.811
-34.318
-31.304
-32.161
-31.419
-29.937
-29.965
-30.868
-30.055
-28.467
-27.562
-27.746
-27.758
-26.049
-25.585
-25.958
-25.975
-25.909
-25.944
-27.022
-25.606
-25.210
-25.669
-25.257
-23.850
-23.060
-23.387
-21.704
-20.970
-21.937
-25.246
-25.574
-25.616
-23.717
-23.476
-23.439
-22.941
-23.007
-23.462
-21.485
-20.901
-21.446
-20.814
-21.417
-20.648
-19.489
-19.586
-19.342
-18.324
-18.447
-17.090
-16.344
-16.396
-17.187
-15.604
-15.731
-15.045
-16.527
-14.934
-15.532
-14.109
-14.297
-15.108
-13.995
-13.191
-13.830
-13.028
-11.977
-12.049
-11.568
-10.845
-10.468
-11.019
-9.511
-9.271
-8.665
-9.685
-21.053
-21.754
-20.253
-20.315
-19.626
-21.052
-19.442
-20.050
-18.670
-18.583
-19.215
-18.093
-17.504
-16.626
-17.929
-16.841
-17.583
-16.174
-16.060
-16.162
-15.250
-14.700
-14.918
-14.605
-15.803
-13.771
-14.001
-12.820
-13.623
-14.631
-13.121
-12.747
-13.283
-12.617
-11.331
-11.447
-10.822
-10.440
-9.510
-10.878
-10.065
-10.800
-9.463
-9.192
-9.671
-9.038
-8.158
-29.450
-30.421
-30.758
-29.851
-30.188
-30.869
-29.488
-30.757
-28.878
-29.762
-28.395
-28.279
-28.358
-28.856
-27.604
-27.903
-31.591
-32.474
-32.063
-31.066
-30.308
-32.412
-31.222
-30.164
-30.698
-31.334
-31.245
-29.533
-29.944
-28.383
-27.543
-27.715
-26.283
-26.661
-25.592
-29.123
-29.916
-28.254
-28.828
-27.497
-26.717
-27.186
-28.083
-26.765
-25.606
-25.421
-26.253
-24.189
-24.317
-23.587
-23.312
-23.146
-24.012
-22.051
-22.291
-21.387
-21.314
-20.841
-22.030
-20.275
-20.770
-19.687
-19.300
-19.748
-17.957
-17.369
-17.106
-17.784
-16.249
-16.267
-15.874
-15.354
-17.173
-17.351
-18.170
-16.538
-15.512
-17.187
-16.427
-15.633
-16.015
-17.782
-18.529
-18.162
-17.788
-17.413
-18.844
-17.068
-17.742
-16.087
-16.834
-26.142
-26.780
-25.616
-25.152
-25.591
-24.572
-24.170
-24.647
-23.452
-23.553
-24.285
-22.787
-22.760
-21.850
-22.383
-23.457
-24.483
-22.821
-23.730
-24.562
-23.134
-23.287
-22.056
-22.045
-21.061
-22.276
-23.260
-21.476
-22.141
-22.892
-21.102
-22.299
-21.508
-23.276
-22.250
-21.557
-23.222
-21.941
-21.161
-22.827
-21.440
-22.232
-20.499
-21.255
-20.811
-22.214
-20.498
-28.045
-27.303
-26.768
-26.562
-29.112
-29.802
-28.748
-29.714
-27.099
-26.634
-27.594
-26.412
-28.785
-29.527
-29.191
-28.211
-28.100
-28.643
-27.314
-28.527
-28.775
-29.182
-28.937
-27.038
-26.174
-26.485
-26.207
-24.746
-24.500
-24.786
-24.151
-23.771
-23.988
-25.058
-23.583
-23.589
-24.002
-23.494
-22.384
-21.549
-21.551
-20.412
-20.345
-20.870
-23.083
-22.036
-23.368
-23.154
-24.189
-22.831
-22.211
-22.413
-22.423
-20.690
-20.448
-20.636
-19.949
-20.361
-20.081
-18.392
-17.999
-17.877
-17.963
-17.876
-17.676
-17.365
-17.627
-18.138
-18.293
-16.199
-15.717
-15.663
-15.958
-14.901
-16.542
-16.466
-17.577
-15.918
-16.148
-15.172
-16.957
-16.232
-15.455
-16.046
-17.652
-18.233
-18.058
-17.692
-18.710
-17.083
-17.054
-19.021
-18.699
-19.177
-17.917
-18.269
-17.663
-16.716
-16.314
-17.145
-15.622
-15.321
-16.007
-14.419
-14.317
-13.529
-14.694
-13.917
-15.691
-14.476
-15.280
-13.583
-13.781
-12.509
-11.522
-12.516
-12.728
-12.011
-13.732
-12.292
-11.345
-13.001
-11.892
-12.828
-11.228
-11.022
-11.701
-10.339
-10.225
-9.320
-9.987
-11.037
-11.401
-10.279
-12.171
-12.652
-11.769
-12.878
-37.040
-35.581
-35.582
-34.939
-37.942
-38.019
-38.969
-37.647
-36.994
-36.575
-38.030
-36.456
-37.573
-38.612
-37.029
-37.633
-34.938
-34.858
-33.848
-35.418
-35.832
-36.036
-35.590
-33.915
-33.265
-32.634
-34.010
-32.246
-31.751
-31.235
-30.013
-29.548
-29.145
-29.693
-28.925
-33.030
-33.750
-33.644
-32.161
-31.493
-31.445
-30.772
-30.791
-31.417
-27.852
-27.327
-28.134
-26.914
-27.385
-26.699
-25.540
-25.130
-25.794
-24.529
-23.684
-25.092
-23.934
-24.731
-23.392
-22.900
-22.112
-23.413
-22.428
-23.167
-21.166
-21.053
-19.929
-19.062
-19.870
-19.678
-20.429
-19.508
-18.390
-17.871
-18.699
-17.477
-16.760
-18.078
-16.709
-17.355
-16.426
-15.522
-14.835
-15.650
-15.010
-15.925
-14.568
-14.125
-13.099
-14.524
-14.035
-29.405
-29.464
-29.019
-28.318
-28.308
-28.700
-26.969
-27.025
-26.661
-25.969
-26.645
-25.633
-24.850
-25.313
-24.265
-24.012
-23.244
-24.646
-23.426
-24.083
-22.333
-22.038
-21.352
-20.483
-21.737
-20.639
-21.308
-20.217
-19.358
-19.365
-18.514
-19.126
-18.827
-20.087
-18.003
-17.041
-18.182
-18.057
-18.959
-17.181
-18.157
-17.362
-19.065
-18.222
-18.318
-19.127
-17.338
-31.184
-29.743
-29.927
-29.173
-31.815
-32.853
-31.832
-31.329
-31.944
-32.987
-31.510
-31.873
-31.121
-30.673
-32.053
-30.492
-28.869
-28.961
-27.843
-29.631
-30.859
-29.488
-29.438
-28.395
-27.286
-27.079
-27.448
-26.005
-25.190
-25.946
-25.680
-25.480
-25.669
-25.179
-26.710
-25.757
-26.418
-26.096
-24.283
-23.891
-24.710
-22.368
-21.949
-22.043
-24.815
-25.008
-24.996
-23.332
-22.962
-23.041
-22.597
-23.094
-22.542
-21.220
-20.502
-21.185
-20.489
-19.595
-21.163
-20.115
-21.169
-19.603
-19.302
-19.717
-18.181
-17.779
-17.355
-17.435
-17.872
-15.922
-15.933
-15.361
-15.067
-15.433
-13.984
-15.147
-14.805
-16.139
-14.112
-13.173
-14.178
-14.269
-15.225
-14.432
-13.222
-12.152
-13.236
-13.594
-14.642
-13.427
-12.897
-21.749
-22.098
-22.038
-20.212
-19.892
-19.741
-19.532
-20.014
-19.786
-18.024
-17.575
-17.521
-17.820
-18.562
-16.771
-17.909
-18.939
-17.286
-17.403
-16.312
-18.076
-17.539
-19.541
-19.997
-20.185
-19.991
-21.092
-19.577
-19.830
-20.345
-18.728
-20.560
-20.159
-21.652
-20.453
-19.370
-20.862
-21.382
-22.353
-20.941
-21.636
-20.771
-22.456
-22.098
-21.932
-23.169
-21.518
-36.325
-35.637
-35.066
-36.383
-37.380
-38.168
-37.799
-36.877
-35.359
-35.922
-34.524
-34.843
-36.964
-37.809
-37.345
-36.272
-34.623
-35.231
-34.295
-32.368
-31.735
-32.867
-33.542
-31.390
-29.983
-29.669
-29.657
-29.198
-29.621
-29.518
-29.159
-28.890
-29.241
-30.314
-28.997
-27.686
-27.227
-27.297
-27.284
-27.403
-27.698
-27.076
-27.846
-27.236
-28.330
-27.997
-28.775
-26.973
-26.608
-26.185
-27.063
-27.353
-27.821
-25.772
-25.474
-25.037
-25.978
-26.443
-26.656
-24.730
-24.053
-25.040
-24.067
-24.731
-22.817
-22.434
-21.852
-22.370
-21.212
-20.914
-21.509
-20.366
-19.762
-20.188
-19.348
-18.674
-18.351
-18.937
-17.381
-17.713
-16.974
-16.328
-16.199
-16.618
-15.048
-14.481
-15.248
-14.194
-13.176
-14.612
-14.057
-25.638
-25.586
-24.987
-25.190
-25.591
-25.734
-23.646
-23.265
-23.074
-23.176
-23.594
-23.620
-21.629
-21.179
-21.194
-21.333
-20.251
-21.834
-21.939
-22.983
-21.341
-21.785
-19.825
-19.668
-19.134
-19.645
-19.975
-20.241
-18.204
-17.603
-17.801
-17.841
-18.562
-18.036
-16.343
-16.105
-15.661
-16.016
-16.710
-16.234
-14.536
-13.902
-14.231
-14.045
-14.517
-14.463
-12.960
-27.488
-27.212
-26.279
-28.036
-28.799
-29.310
-29.487
-28.806
-27.686
-28.271
-28.084
-26.785
-26.433
-26.870
-25.604
-25.988
-26.783
-26.468
-25.847
-27.291
-28.061
-27.508
-27.772
-25.756
-25.160
-24.395
-25.971
-24.469
-25.287
-23.905
-22.986
-22.397
-22.972
-22.586
-24.033
-23.480
-22.803
-23.938
-22.674
-23.129
-24.117
-22.308
-22.272
-22.667
-22.178
-22.452
-21.139
-22.274
-21.543
-23.353
-21.821
-22.467
-21.940
-20.306
-19.740
-20.177
-19.796
-20.084
-20.227
-18.250
-18.076
-17.733
-17.609
-18.076
-16.442
-16.113
-15.481
-15.194
-15.903
-14.128
-13.637
-13.440
-14.148
-14.322
-15.007
-12.828
-12.805
-12.886
-11.561
-10.668
-11.669
-11.364
-12.335
-11.265
-10.198
-10.084
-9.334
-10.143
-9.274
-9.956
-11.093
-20.895
-20.469
-20.997
-20.074
-20.629
-20.143
-18.596
-18.022
-18.362
-18.247
-18.465
-18.885
-16.785
-16.651
-16.704
-15.767
-15.834
-15.964
-14.358
-14.210
-13.300
-12.306
-13.275
-14.270
-12.452
-13.220
-13.973
-13.444
-11.824
-11.526
-11.157
-11.639
-12.365
-10.595
-11.845
-12.849
-11.176
-11.656
-11.703
-12.437
-10.336
-10.579
-9.467
-10.236
-10.084
-11.165
-9.433
-29.536
-28.645
-27.628
-28.803
-29.346
-29.537
-28.349
-29.987
-30.938
-31.078
-31.599
-31.032
-29.234
-29.988
-28.977
-28.306
-28.828
-29.795
-27.994
-29.516
-30.773
-29.754
-28.786
-28.572
-27.269
-27.073
-27.328
-26.125
-26.157
-26.184
-25.819
-25.561
-25.652
-26.628
-24.982
-24.837
-24.837
-24.786
-23.559
-22.912
-23.343
-21.550
-21.701
-21.024
-25.158
-25.799
-25.225
-23.665
-23.730
-23.383
-22.693
-22.874
-22.830
-21.236
-20.564
-21.035
-20.769
-21.470
-20.740
-19.364
-19.159
-18.594
-19.081
-19.784
-18.171
-18.097
-17.176
-17.306
-17.535
-15.760
-15.759
-15.582
-14.634
-14.484
-15.091
-13.280
-12.504
-13.379
-12.576
-13.239
-12.298
-11.277
-10.692
-11.604
-10.341
-11.019
-9.711
-9.349
-8.621
-8.988
-9.964
-20.695
-21.055
-20.673
-19.254
-18.870
-19.294
-18.430
-18.732
-18.352
-16.939
-16.887
-16.551
-16.006
-16.453
-16.106
-14.569
-14.596
-14.280
-13.661
-13.649
-12.931
-12.383
-12.985
-13.943
-12.097
-12.750
-11.833
-13.688
-12.507
-11.734
-13.371
-12.141
-12.741
-11.073
-12.293
-11.854
-13.332
-11.512
-11.283
-10.474
-11.936
-11.188
-11.980
-13.309
-14.025
-13.468
-13.679
-22.300
-21.934
-21.126
-21.523
-23.430
-23.096
-24.140
-23.901
-21.108
-21.457
-20.261
-20.741
-22.699
-22.872
-21.988
-23.641
-23.033
-23.697
-22.482
-23.488
-24.709
-22.816
-23.774
-22.397
-21.552
-21.480
-21.867
-20.157
-20.423
-19.475
-19.050
-19.549
-18.033
-18.555
-17.360
-19.269
-18.807
-19.838
-18.139
-18.478
-19.593
-17.243
-16.400
-17.202
-17.272
-18.067
-16.774
-16.241
-15.520
-16.711
-15.406
-14.963
-16.012
-14.206
-14.539
-13.608
-13.264
-13.071
-13.906
-12.017
-11.736
-12.372
-10.833
-10.454
-10.199
-9.304
-10.411
-9.629
-11.405
-10.283
-9.272
-10.340
-11.286
-11.460
-11.063
-12.771
-12.687
-13.323
-13.571
-13.957
-13.058
-14.919
-14.641
-15.555
-15.614
-14.943
-16.568
-15.944
-16.807
-15.082
-16.063
-17.176
-17.837
-17.609
-15.772
-15.843
-15.123
-15.047
-13.950
-15.190
-15.597
-15.228
-16.706
-15.156
-15.401
-14.065
-15.744
-15.246
-16.749
-15.677
-14.751
-16.666
-16.365
-18.153
-18.546
-18.341
-19.008
-18.753
-20.093
-18.727
-17.648
-18.929
-19.662
-19.371
-20.688
-19.843
-20.319
-20.593
-18.529
-18.723
-17.882
-17.817
-17.668
-18.433
-16.464
-15.821
-15.880
-16.695
-31.163
-29.773
-29.065
-29.559
-31.580
-32.651
-31.351
-31.084
-32.130
-33.123
-31.859
-32.127
-31.318
-31.378
-30.492
-32.168
-29.319
-28.262
-29.304
-30.599
-31.873
-30.558
-30.062
-29.583
-28.164
-27.891
-27.912
-27.464
-27.903
-26.028
-25.617
-26.295
-24.129
-23.891
-23.649
-27.660
-27.641
-28.679
-26.674
-26.822
-27.607
-25.874
-26.205
-25.992
-23.373
-23.513
-23.684
-21.859
-21.572
-21.452
-21.048
-21.301
-21.272
-19.583
-19.277
-19.508
-18.702
-19.044
-18.997
-17.186
-17.086
-16.986
-16.295
-16.324
-15.464
-14.928
-15.156
-15.965
-14.937
-13.811
-13.621
-12.938
-13.882
-13.782
-14.907
-12.810
-13.125
-11.829
-12.958
-12.798
-13.985
-11.919
-12.193
-12.017
-10.427
-9.941
-10.335
-9.729
-8.817
-10.359
-9.470
-24.400
-23.760
-24.357
-23.789
-24.340
-23.741
-22.286
-21.834
-22.044
-21.778
-21.787
-22.549
-20.460
-20.407
-19.705
-20.020
-20.121
-18.931
-20.899
-21.903
-20.785
-21.479
-19.497
-18.893
-19.716
-18.546
-18.845
-18.327
-17.196
-17.494
-16.556
-16.138
-16.716
-15.533
-15.274
-16.052
-14.567
-14.561
-15.280
-13.832
-13.847
-13.536
-12.972
-14.751
-14.322
-14.849
-15.760
-31.496
-30.288
-30.401
-29.496
-32.707
-32.424
-33.152
-33.461
-31.105
-30.294
-30.747
-31.938
-31.827
-32.822
-31.092
-31.785
-29.765
-29.588
-28.729
-30.610
-31.318
-30.993
-30.524
-29.102
-28.591
-27.863
-29.331
-27.872
-28.612
-27.013
-26.946
-27.664
-25.565
-25.631
-24.795
-27.069
-26.370
-27.691
-26.494
-26.761
-27.450
-26.114
-26.773
-26.160
-25.115
-24.882
-25.851
-23.816
-23.710
-23.844
-22.445
-22.376
-22.272
-21.217
-20.815
-21.455
-20.041
-20.253
-19.737
-18.861
-18.805
-19.197
-17.523
-17.599
-16.334
-15.434
-15.953
-15.511
-16.777
-14.821
-15.230
-13.868
-14.497
-14.015
-15.387
-13.503
-13.841
-12.558
-13.179
-14.140
-12.691
-12.174
-11.208
-12.557
-12.155
-11.822
-11.416
-13.475
-14.140
-13.395
-13.865
-24.705
-24.789
-24.008
-24.187
-23.827
-24.979
-23.076
-23.548
-22.296
-22.390
-23.050
-22.161
-21.158
-20.639
-21.646
-20.156
-20.175
-20.756
-18.821
-18.909
-17.603
-16.712
-17.325
-16.563
-18.173
-16.691
-15.802
-16.459
-17.745
-17.973
-18.605
-17.191
-16.999
-16.182
-18.194
-17.882
-19.199
-17.979
-16.980
-17.870
-19.080
-19.928
-19.224
-19.003
-19.877
-18.186
-18.758
