 Parameter: RESID <- "100"
 Parameter: DNUM <- "151"
1
                 Chemistry at HARvard Macromolecular Mechanics
           (CHARMM) - Developmental Version 48b2   February 15, 2024            
                                   0bbe2e2f5                                    
       Copyright(c) 1984-2023  President and Fellows of Harvard College
                              All Rights Reserved
  Current operating system: Linux-3.10.0-1160.105.1.el7.x86_64(x86_64)@md-gpu   
                 Created on  8/18/25 at 10:16:10 by user: allsoppr    

            Maximum number of ATOMS:    360720, and RESidues:      120240
 RDTITL> * RECENTERS ABOUT BILAYER, SECOND PASS
 RDTITL> *
  
 CHARMM>     
  
 CHARMM>    DIMENS CHSIZE 1000000
Size      Original         New
MAXA        360720     1000000
MAXB        360720     1000000
MAXT        721440     2000000
MAXP       1082160     3000000
MAXIMP      180360      500000
MAXNB        90180      250000
MAXPAD      360720     1000000
MAXRES      120240      333333
MAXSEG       45090      125000
MAXATC        1400
MAXCB         3000
MAXCT        50000
MAXCP        20000
MAXCI         1200
MAXCH         6400
MAXCN       502503
MAXCRT      120240      333333
  
 CHARMM>    bomblev -2
  
 CHARMM>    ! Update the equlb. file range
 CHARMM>    set fdyn = 151	! First traj. in series
 Parameter: FDYN <- "151"
  
 CHARMM>    set ldyn = 151	! Last traj. in series
 Parameter: LDYN <- "151"
  
 CHARMM>    set ts = 200   ! Number of data points in each DYN file
 Parameter: TS <- "200"
  
 CHARMM>     
  
 CHARMM>    stream rtfprm.str	! Stream in toppology/parameter files
 VOPEN> Attempting to open::rtfprm.str::
 OPNLGU> Unit 99 opened for READONLY access to rtfprm.str

                    INPUT STREAM SWITCHING TO UNIT    99
 RDTITL> * RTF/PRM
 RDTITL> *
 Parameter: IN1 <- "" <empty>
  
 CHARMM>     
  
 CHARMM>    ! Read topology and parameter files
 CHARMM>    stream toppar.str
 VOPEN> Attempting to open::toppar.str::
 OPNLGU> Unit 98 opened for READONLY access to toppar.str

                    INPUT STREAM SWITCHING TO UNIT    98
 RDTITL> * GENERATED BY CHARMM-GUI (HTTP://WWW.CHARMM-GUI.ORG) V3.7 ON MAR, 22. 2024. JOBID=1112294332
 RDTITL> * STREAM FILE FOR TOPOLOGY AND PARAMETER READING
 RDTITL> *
 Parameter: IN1 <- "" <empty>
  
 CHARMM>     
  
 CHARMM>    ! protein topology and parameter
 CHARMM>    open read card unit 10 name toppar/top_all36_prot.rtf
 VOPEN> Attempting to open::toppar/top_all36_prot.rtf::
 OPNLGU> Unit 10 opened for READONLY access to toppar/top_all36_prot.rtf
  
 CHARMM>    read  rtf card unit 10
 MAINIO> Residue topology file being read from unit  10.
 TITLE> *>>>>>>>>CHARMM36 ALL-HYDROGEN TOPOLOGY FILE FOR PROTEINS <<<<<<
 TITLE> *>>>>> INCLUDES PHI, PSI CROSS TERM MAP (CMAP) CORRECTION <<<<<<<
 TITLE> *>>>>>>>>>>>>>>>>>>>>>>>>>> MAY 2011 <<<<<<<<<<<<<<<<<<<<<<<<<<<<
 TITLE> * ALL COMMENTS TO THE CHARMM WEB SITE: WWW.CHARMM.ORG
 TITLE> *             PARAMETER SET DISCUSSION FORUM
 TITLE> *
  
 CHARMM>     
  
 CHARMM>    open read card unit 20 name toppar/par_all36m_prot.prm
 VOPEN> Attempting to open::toppar/par_all36m_prot.prm::
 OPNLGU> Unit 20 opened for READONLY access to toppar/par_all36m_prot.prm
  
 CHARMM>    read para card unit 20 flex

          PARAMETER FILE BEING READ FROM UNIT 20
 TITLE> *>>>> CHARMM36 ALL-HYDROGEN PARAMETER FILE FOR PROTEINS <<<<<<<<<<
 TITLE> *>>>>> INCLUDES PHI, PSI CROSS TERM MAP (CMAP) CORRECTION <<<<<<<<
 TITLE> *>>>>>>>>>>>>>>>>>>>>>>>>>> JAN. 2016 <<<<<<<<<<<<<<<<<<<<<<<<<<<<
 TITLE> * ALL COMMENTS TO THE CHARMM WEB SITE: WWW.CHARMM.ORG
 TITLE> *             PARAMETER SET DISCUSSION FORUM
 TITLE> *
 PARMIO> NONBOND, HBOND lists and IMAGE atoms cleared.
  
 CHARMM>     
  
 CHARMM>    ! nucleic acids
 CHARMM>    open read card unit 10 name toppar/top_all36_na.rtf
 OPNLGU> Unit already open. The old file will be closed first.
 VCLOSE: Closing unit   10 with status "KEEP"
 VOPEN> Attempting to open::toppar/top_all36_na.rtf::
 OPNLGU> Unit 10 opened for READONLY access to toppar/top_all36_na.rtf
  
 CHARMM>    read  rtf card unit 10 append
 MAINIO> Residue topology file being read from unit  10.
 TITLE> *  \\\\ CHARMM36 ALL-HYDROGEN NUCLEIC ACID TOPOLOGY FILE ////
 TITLE> *   ALEXANDER D. MACKERELL JR. AND COWORKERS
 TITLE> *                      APRIL 2011
 TITLE> * ALL COMMENTS TO THE CHARMM WEB SITE: WWW.CHARMM.ORG
 TITLE> *           PARAMETER SET DISCUSSION FORUM
 TITLE> *
  
 CHARMM>     
  
 CHARMM>    open read card unit 20 name toppar/par_all36_na.prm
 OPNLGU> Unit already open. The old file will be closed first.
 VCLOSE: Closing unit   20 with status "KEEP"
 VOPEN> Attempting to open::toppar/par_all36_na.prm::
 OPNLGU> Unit 20 opened for READONLY access to toppar/par_all36_na.prm
  
 CHARMM>    read para card unit 20 append flex

          PARAMETER FILE BEING READ FROM UNIT 20
 TITLE> * \\\\ CHARMM36 ALL-HYDROGEN NUCLEIC ACID PARAMETER FILE ////
 TITLE> *         ALEXANDER D. MACKERELL JR. AND COWORKERS
 TITLE> *                        APRIL 2011
 TITLE> * ALL COMMENTS TO THE CHARMM WEB SITE: WWW.CHARMM.ORG PARAMETER
 TITLE> *                     SET DISCUSSION FORUM
 TITLE> *
 PARMIO> NONBOND, HBOND lists and IMAGE atoms cleared.
  
 CHARMM>     
  
 CHARMM>    ! carbohydrates
 CHARMM>    open read card unit 10 name toppar/top_all36_carb.rtf
 OPNLGU> Unit already open. The old file will be closed first.
 VCLOSE: Closing unit   10 with status "KEEP"
 VOPEN> Attempting to open::toppar/top_all36_carb.rtf::
 OPNLGU> Unit 10 opened for READONLY access to toppar/top_all36_carb.rtf
  
 CHARMM>    read  rtf card unit 10 append
 MAINIO> Residue topology file being read from unit  10.
 TITLE> * $ID: TOP_ALLXX_SUGAR.INP,V 1.106 2014/08/19 19:07:43 ALEX EXP $
 TITLE> *>>>>>>>>>>>> ALL-HYDROGEN TOPOLOGIES USED IN THE <<<<<<<<<<<<<<<<
 TITLE> *>>>>> DEVELOPMENT OF THE CHARMM CARBOHYDRATE  FORCE FIELD<<<<<<<<
 TITLE> *>>>>>>>>>>>>>>>>>>>>>>>>> JUNE 2009 <<<<<<<<<<<<<<<<<<<<<<<<<<<<<
 TITLE> *>>>>>>>> DIRECT COMMENTS TO ALEXANDER D. MACKERELL JR. <<<<<<<<<<
 TITLE> *>>>>>>>>>> VIA THE CHARMM WEB SITE: WWW.CHARMM.ORG <<<<<<<<<<<<<<
 TITLE> *>>>>>>>>>>>>>>> PARAMETER SET DISCUSSION FORUM <<<<<<<<<<<<<<<<<<
 TITLE> *
  
 CHARMM>     
  
 CHARMM>    open read card unit 20 name toppar/par_all36_carb.prm
 OPNLGU> Unit already open. The old file will be closed first.
 VCLOSE: Closing unit   20 with status "KEEP"
 VOPEN> Attempting to open::toppar/par_all36_carb.prm::
 OPNLGU> Unit 20 opened for READONLY access to toppar/par_all36_carb.prm
  
 CHARMM>    read para card unit 20 append flex

          PARAMETER FILE BEING READ FROM UNIT 20
 TITLE> * $ID: PAR_ALLXX_SUGAR.INP,V 1.132 2014/08/19 19:03:21 ALEX EXP $
 TITLE> *>>>>>>>>>>>> ALL-HYDROGEN PARAMETERS USED IN THE <<<<<<<<<<<<<<<<
 TITLE> *>>>>> DEVELOPMENT OF THE CHARMM CARBOHYDRATE  FORCE FIELD<<<<<<<<
 TITLE> *>>>>>>>>>>>>>>>>>>>>>>>>> JUNE 2009 <<<<<<<<<<<<<<<<<<<<<<<<<<<<<
 TITLE> *>>>>>>>> DIRECT COMMENTS TO ALEXANDER D. MACKERELL JR. <<<<<<<<<<
 TITLE> *>>>>>>>>>> VIA THE CHARMM WEB SITE: WWW.CHARMM.ORG <<<<<<<<<<<<<<
 TITLE> *>>>>>>>>>>>>>>> PARAMETER SET DISCUSSION FORUM <<<<<<<<<<<<<<<<<<
 TITLE> *
 PARMIO> NONBOND, HBOND lists and IMAGE atoms cleared.
  
 CHARMM>     
  
 CHARMM>    ! lipids
 CHARMM>    open read card unit 10 name toppar/top_all36_lipid.rtf
 OPNLGU> Unit already open. The old file will be closed first.
 VCLOSE: Closing unit   10 with status "KEEP"
 VOPEN> Attempting to open::toppar/top_all36_lipid.rtf::
 OPNLGU> Unit 10 opened for READONLY access to toppar/top_all36_lipid.rtf
  
 CHARMM>    read  rtf card unit 10 append
 MAINIO> Residue topology file being read from unit  10.
 TITLE> *  \\\\\\\ CHARMM36 ALL-HYDROGEN LIPID TOPOLOGY FILE ///////
 TITLE> *  ALL COMMENTS AND QUESTIONS SHOULD BE SUBMITTED TO THE
 TITLE> *  PARAMETER FORUM AT THE CHARMM WEBSITE: WWW.CHARMM.ORG
 TITLE> *
  
 CHARMM>     
  
 CHARMM>    open read card unit 20 name toppar/par_all36_lipid.prm
 OPNLGU> Unit already open. The old file will be closed first.
 VCLOSE: Closing unit   20 with status "KEEP"
 VOPEN> Attempting to open::toppar/par_all36_lipid.prm::
 OPNLGU> Unit 20 opened for READONLY access to toppar/par_all36_lipid.prm
  
 CHARMM>    read para card unit 20 append flex

          PARAMETER FILE BEING READ FROM UNIT 20
 TITLE> *  \\\\\\\ CHARMM36 ALL-HYDROGEN LIPID PARAMETER FILE ///////
 TITLE> *  ALL COMMENTS AND QUESTIONS SHOULD BE SUBMITTED TO THE
 TITLE> *  PARAMETER FORUM AT THE CHARMM WEBSITE: WWW.CHARMM.ORG
 TITLE> *
 PARMIO> NONBOND, HBOND lists and IMAGE atoms cleared.
  
 CHARMM>     
  
 CHARMM>    ! CGENFF
 CHARMM>    open read card unit 10 name toppar/top_all36_cgenff.rtf
 OPNLGU> Unit already open. The old file will be closed first.
 VCLOSE: Closing unit   10 with status "KEEP"
 VOPEN> Attempting to open::toppar/top_all36_cgenff.rtf::
 OPNLGU> Unit 10 opened for READONLY access to toppar/top_all36_cgenff.rtf
  
 CHARMM>    read  rtf card unit 10 append
 MAINIO> Residue topology file being read from unit  10.
 TITLE> *  --------------------------------------------------------------------------  *
 TITLE> *          CGENFF: TOPOLOGY FOR THE CHARMM GENERAL FORCE FIELD V. 4.6          *
 TITLE> *                    FOR SMALL MOLECULE DRUG DESIGN                            *
 TITLE> *  --------------------------------------------------------------------------  *
 TITLE> *

 DRUDES PARTICLES WILL BE GENERATED AUTOMATICALLY FOR ALL ATOMS WITH NON-ZERO ALPHA
 Thole-type dipole screening, Slater-Delta shape {S(u) = 1 - (1+u/2)*exp(-u)}, default radius =  1.300000
  
 CHARMM>     
  
 CHARMM>    open read card unit 20 name toppar/par_all36_cgenff.prm
 OPNLGU> Unit already open. The old file will be closed first.
 VCLOSE: Closing unit   20 with status "KEEP"
 VOPEN> Attempting to open::toppar/par_all36_cgenff.prm::
 OPNLGU> Unit 20 opened for READONLY access to toppar/par_all36_cgenff.prm
  
 CHARMM>    read para card unit 20 append flex

          PARAMETER FILE BEING READ FROM UNIT 20
 TITLE> *  --------------------------------------------------------------------------  *
 TITLE> *         CGENFF: PARAMETERS FOR THE CHARMM GENERAL FORCE FIELD V. 4.6         *
 TITLE> *                    FOR SMALL MOLECULE DRUG DESIGN                            *
 TITLE> *  --------------------------------------------------------------------------  *
 TITLE> *  2017/8: IF PROTEIN, NUCLEIC ACID AND CARBOHYDRATE TOPOLOGY AND PARAMETER FILES
 TITLE> *  ARE NOT READ PRIOR TO THE CGENFF FILES "WARNING: ATOMS IN NBFIX ' errors will
 TITLE> *  BE ENCOUNTERED.  THESE CAN BE PASSED BY SETTING BOMLEV ( -2) PRIOR TO READING
 TITLE> *  THIS FILE. IN ADDITION, WHEN GENERATING AROMATIC HALOGENS (CL, BR, I) WITH
 TITLE> *  PRE C41B/C42A VERSIONS OF CHARMM "MISSING PARAMETER" ERRORS WILL BE
 TITLE> *  ENCOUNTERED THAT ALSO REQUIRE SETTING BOMLEV ( -2).
 TITLE> *
 PARMIO> NONBOND, HBOND lists and IMAGE atoms cleared.
  
 CHARMM>     
  
 CHARMM>    ! Phosphates and Sulfates
 CHARMM>    stream toppar/toppar_all36_moreions.str
 VOPEN> Attempting to open::toppar/toppar_all36_moreions.str::
 OPNLGU> Unit 97 opened for READONLY access to toppar/toppar_all36_moreions.str

                    INPUT STREAM SWITCHING TO UNIT    97
 RDTITL> * ADDITIONAL IONS GENERATED USING CGENFF
 RDTITL> *
 Parameter: IN1 <- "" <empty>
  
 CHARMM>     
  
 CHARMM>    set nat ?NATC
 RDCMND substituted energy or value "?NATC" to "345"
 Parameter: NAT <- "345"
  
 CHARMM>    set app
 Parameter: APP <- "" <empty>
  
 CHARMM>     
  
 CHARMM>    if "@NAT" ne "?NATC" if @nat ne 0 set app append
 Parameter: NAT -> "345"
 Parameter: NAT -> "345"
 RDCMND: can not substitute energy "?NATC""
 Comparing ""345"" and ""?NATC"".
 IF test evaluated as true.  Performing command
 Comparing "345" and "0".
 IF test evaluated as true.  Performing command
 Parameter: APP <- "APPEND"
  
 CHARMM>     
  
 CHARMM>    read rtf card @app
 Parameter: APP -> "APPEND"
 MAINIO> Residue topology file being read from unit  97.
 RDTITL> * TOPOLOGIES GENERATED BY
 RDTITL> * CHARMM GENERAL FORCE FIELD (CGENFF) PROGRAM VERSION 2.4.0
 RDTITL> *
  
 CHARMM>     
  
 CHARMM>    read para card flex @app
 Parameter: APP -> "APPEND"

          PARAMETER FILE BEING READ FROM UNIT 97
 RDTITL> * PARAMETERS GENERATED BY ANALOGY BY
 RDTITL> * CHARMM GENERAL FORCE FIELD (CGENFF) PROGRAM VERSION 2.4.0
 RDTITL> *
 PARMIO> NONBOND, HBOND lists and IMAGE atoms cleared.
  
 CHARMM>     
  
 VCLOSE: Closing unit   97 with status "KEEP"

                    RETURNING TO INPUT STREAM    98
  
 CHARMM>     
  
 CHARMM>    ! Interface FF
 CHARMM>    open read card unit 10 name toppar/top_interface.rtf
 OPNLGU> Unit already open. The old file will be closed first.
 VCLOSE: Closing unit   10 with status "KEEP"
 VOPEN> Attempting to open::toppar/top_interface.rtf::
 OPNLGU> Unit 10 opened for READONLY access to toppar/top_interface.rtf
  
 CHARMM>    read  rtf card unit 10 append
 MAINIO> Residue topology file being read from unit  10.
 TITLE> * INTERFACE FF
 TITLE> * TOPOLOGY FOR NANOMATERIALS
 TITLE> *
*** WARNING **** residue TSHO already exists (old one deleted)

      ***** LEVEL  1 WARNING FROM <RTFRDR> *****
      ***** Residue already exists.
      ******************************************
      BOMLEV ( -2) IS NOT REACHED. WRNLEV IS  5

          PRES TSHO17      -1.050
*** WARNING **** residue TSHO already exists (old one deleted)

      ***** LEVEL  1 WARNING FROM <RTFRDR> *****
      ***** Residue already exists.
      ******************************************
      BOMLEV ( -2) IS NOT REACHED. WRNLEV IS  5

          PRES TSHO21      -1.050
 There were   2 warning(s) from RTFRDR.
  
 CHARMM>     
  
 CHARMM>    open read card unit 10 name toppar/par_interface.prm
 OPNLGU> Unit already open. The old file will be closed first.
 VCLOSE: Closing unit   10 with status "KEEP"
 VOPEN> Attempting to open::toppar/par_interface.prm::
 OPNLGU> Unit 10 opened for READONLY access to toppar/par_interface.prm
  
 CHARMM>    read para card unit 10 append flex

          PARAMETER FILE BEING READ FROM UNIT 10
 TITLE> * INTERFACE FF
 TITLE> * TOPOLOGY AND PARAMETER FOR CALY MINERALS, CEMENT MINERALS
 TITLE> *
 PARRDR> Error: Repeated DIHE parameter ( 10947): HGR6  ICG1  ICG1  ICGE is replaced
 PARMIO> NONBOND, HBOND lists and IMAGE atoms cleared.
  
 CHARMM>     
  
 CHARMM>    stream toppar/toppar_all36_nano_lig.str
 VOPEN> Attempting to open::toppar/toppar_all36_nano_lig.str::
 OPNLGU> Unit 97 opened for READONLY access to toppar/toppar_all36_nano_lig.str

                    INPUT STREAM SWITCHING TO UNIT    97
 RDTITL> READ RTF CARD APPEND
 RDTITL> No title read.
 Parameter: IN1 <- "" <empty>
  
 CHARMM>    read rtf card append
 MAINIO> Residue topology file being read from unit  97.
 RDTITL> * TOPOLOGY FOR NANO-LIGAND
 RDTITL> *
  
 CHARMM>     
  
 CHARMM>    read param card flex append

          PARAMETER FILE BEING READ FROM UNIT 97
 RDTITL> * SYNTHETIC POLYMER PARAMETER
 RDTITL> *
 PARMIO> NONBOND, HBOND lists and IMAGE atoms cleared.
  
 CHARMM>    RETURN
 VCLOSE: Closing unit   97 with status "KEEP"

                    RETURNING TO INPUT STREAM    98
  
 CHARMM>    stream toppar/toppar_all36_nano_lig_patch.str
 VOPEN> Attempting to open::toppar/toppar_all36_nano_lig_patch.str::
 OPNLGU> Unit 97 opened for READONLY access to toppar/toppar_all36_nano_lig_patch.str

                    INPUT STREAM SWITCHING TO UNIT    97
 RDTITL> READ RTF CARD APPEND
 RDTITL> No title read.
 Parameter: IN1 <- "" <empty>
  
 CHARMM>    read rtf card append
 MAINIO> Residue topology file being read from unit  97.
 RDTITL> * TOPOLOGY FOR SYNTHETIC_POLYMER
 RDTITL> *
  
 CHARMM>    RETURN
 VCLOSE: Closing unit   97 with status "KEEP"

                    RETURNING TO INPUT STREAM    98
  
 CHARMM>     
  
 CHARMM>    ! Additional topologies and parameters for synthetic polymer
 CHARMM>    stream toppar/toppar_all36_synthetic_polymer.str
 VOPEN> Attempting to open::toppar/toppar_all36_synthetic_polymer.str::
 OPNLGU> Unit 97 opened for READONLY access to toppar/toppar_all36_synthetic_polymer.str

                    INPUT STREAM SWITCHING TO UNIT    97
 RDTITL> READ RTF CARD APPEND
 RDTITL> No title read.
 Parameter: IN1 <- "" <empty>
  
 CHARMM>    read rtf card append
 MAINIO> Residue topology file being read from unit  97.
 RDTITL> * TOPOLOGY FOR SYNTHETIC_POLYMER
 RDTITL> *
  
 CHARMM>     
  
 CHARMM>    read param card flex append

          PARAMETER FILE BEING READ FROM UNIT 97
 RDTITL> * SYNTHETIC POLYMER PARAMETER
 RDTITL> *
 PARMIO> NONBOND, HBOND lists and IMAGE atoms cleared.
  
 CHARMM>    RETURN
 VCLOSE: Closing unit   97 with status "KEEP"

                    RETURNING TO INPUT STREAM    98
  
 CHARMM>    stream toppar/toppar_all36_synthetic_polymer_patch.str
 VOPEN> Attempting to open::toppar/toppar_all36_synthetic_polymer_patch.str::
 OPNLGU> Unit 97 opened for READONLY access to toppar/toppar_all36_synthetic_polymer_patch.str

                    INPUT STREAM SWITCHING TO UNIT    97
 RDTITL> READ RTF CARD APPEND
 RDTITL> No title read.
 Parameter: IN1 <- "" <empty>
  
 CHARMM>    read rtf card append
 MAINIO> Residue topology file being read from unit  97.
 RDTITL> * TOPOLOGY FOR SYNTHETIC_POLYMER
 RDTITL> *
  
 CHARMM>     
  
 CHARMM>    return
 VCLOSE: Closing unit   97 with status "KEEP"

                    RETURNING TO INPUT STREAM    98
  
 CHARMM>    stream toppar/toppar_all36_polymer_solvent.str
 VOPEN> Attempting to open::toppar/toppar_all36_polymer_solvent.str::
 OPNLGU> Unit 97 opened for READONLY access to toppar/toppar_all36_polymer_solvent.str

                    INPUT STREAM SWITCHING TO UNIT    97
 RDTITL> READ RTF CARD APPEND
 RDTITL> No title read.
 Parameter: IN1 <- "" <empty>
  
 CHARMM>    read rtf card append
 MAINIO> Residue topology file being read from unit  97.
 RDTITL> * TOPOLOGY FOR SYNTHETIC_POLYMER
 RDTITL> *
  
 CHARMM>    read param card flex append

          PARAMETER FILE BEING READ FROM UNIT 97
 RDTITL> * SYNTHETIC POLYMER PARAMETER
 RDTITL> *
 PARMIO> NONBOND, HBOND lists and IMAGE atoms cleared.
  
 CHARMM>     
  
 CHARMM>    RETURN
 VCLOSE: Closing unit   97 with status "KEEP"

                    RETURNING TO INPUT STREAM    98
  
 CHARMM>     
  
 CHARMM>    ! Additional topologies and parameters for water and ions
 CHARMM>    stream toppar/toppar_water_ions.str
 VOPEN> Attempting to open::toppar/toppar_water_ions.str::
 OPNLGU> Unit 97 opened for READONLY access to toppar/toppar_water_ions.str

                    INPUT STREAM SWITCHING TO UNIT    97
 RDTITL> * TOPLOGY AND PARAMETER INFORMATION FOR WATER AND IONS.
 RDTITL> *
 Parameter: IN1 <- "" <empty>
  
 CHARMM>     
  
 CHARMM>    !Testcase
 CHARMM>    !test_water_ions.inp
 CHARMM>     
  
 CHARMM>    ! IMPORTANT NOTE: this file contains NBFixes between carboxylates and sodium,
 CHARMM>    ! which will only apply if the main files containing carboxylate atom types
 CHARMM>    ! have been read in first!
 CHARMM>     
  
 CHARMM>    !references
 CHARMM>    !
 CHARMM>    !TIP3P water model
 CHARMM>    !
 CHARMM>    !W.L. Jorgensen; J.Chandrasekhar; J.D. Madura; R.W. Impey;
 CHARMM>    !M.L. Klein; "Comparison of simple potential functions for
 CHARMM>    !simulating liquid water", J. Chem. Phys. 79 926-935 (1983).
 CHARMM>    !
 CHARMM>    !IONS
 CHARMM>    !
 CHARMM>    !Ions from Roux and coworkers
 CHARMM>    !
 CHARMM>    !Beglov, D. and Roux, B., Finite Representation of an Infinite
 CHARMM>    !Bulk System: Solvent Boundary Potential for Computer Simulations,
 CHARMM>    !Journal of Chemical Physics, 1994, 100: 9050-9063
 CHARMM>    !
 CHARMM>    !ZINC
 CHARMM>    !
 CHARMM>    !Stote, R.H. and Karplus, M. Zinc Binding in Proteins and
 CHARMM>    !Solution: A Simple but Accurate Nonbonded Representation, PROTEINS:
 CHARMM>    !Structure, Function, and Genetics 23:12-31 (1995)
 CHARMM>     
  
 CHARMM>    !test "append" to determine if previous toppar files have been read and
 CHARMM>    !add append to "read rtf card" if true
 CHARMM>    set nat ?NATC
 RDCMND substituted energy or value "?NATC" to "468"
 Parameter: NAT <- "468"
  
 CHARMM>    set app
 Parameter: APP <- "" <empty>
  
 CHARMM>    !We're exploiting what is arguably a bug in the parser. On the left hand side,
 CHARMM>    !the quotes have priority, so NAT is correctly substituted. On the right hand
 CHARMM>    !side, the ? has priority and NATC" (sic) is not a valid substitution...
 CHARMM>    if "@NAT" ne "?NATC" if @nat ne 0 set app append
 Parameter: NAT -> "468"
 Parameter: NAT -> "468"
 RDCMND: can not substitute energy "?NATC""
 Comparing ""468"" and ""?NATC"".
 IF test evaluated as true.  Performing command
 Comparing "468" and "0".
 IF test evaluated as true.  Performing command
 Parameter: APP <- "APPEND"
  
 CHARMM>     
  
 CHARMM>    read rtf card @app
 Parameter: APP -> "APPEND"
 MAINIO> Residue topology file being read from unit  97.
 RDTITL> * TOPOLOGY FOR WATER AND IONS
 RDTITL> *
  
 CHARMM>     
  
 CHARMM>    read para card flex @app
 Parameter: APP -> "APPEND"

          PARAMETER FILE BEING READ FROM UNIT 97
 RDTITL> * PARAMETERS FOR WATER AND IONS
 RDTITL> *
 PARMIO> NONBOND, HBOND lists and IMAGE atoms cleared.
  
 CHARMM>     
  
 CHARMM>    ! The following section contains NBFixes for sodium interacting with
 CHARMM>    ! carboxylate oxygens of various CHARMM force fields. It will generate
 CHARMM>    ! level -1 warnings whenever any of these force fields have not been
 CHARMM>    ! read prior to the current stream file. Since we don't want to force
 CHARMM>    ! the user to always read all the force fields, we're suppressing the
 CHARMM>    ! warnings. The only side effect is that you will have "most severe
 CHARMM>    ! warning was at level 0" at the end of your output. Also note that
 CHARMM>    ! the user is responsible for reading the current file last if they
 CHARMM>    ! want the NBFixes to apply. A more elegant solution would require new
 CHARMM>    ! features to be added to CHARMM.
 CHARMM>    ! parallel fix, to avoid duplicated messages in the log
 CHARMM>    set para
 Parameter: PARA <- "" <empty>
  
 CHARMM>    if ?NUMNODE gt 1 set para node 0
 RDCMND substituted energy or value "?NUMNODE" to "1"
 Comparing "1" and "1".
 IF test evaluated as false.  Skipping command
  
 CHARMM>     
  
 CHARMM>    set wrn ?WRNLEV
 RDCMND substituted energy or value "?WRNLEV" to "5"
 Parameter: WRN <- "5"
  
 CHARMM>    ! Some versions of CHARMM don't seem to initialize wrnlev...
 CHARMM>    if "@WRN" eq "?WRNLEV" set wrn 5
 Parameter: WRN -> "5"
 RDCMND: can not substitute energy "?WRNLEV""
 Comparing ""5"" and ""?WRNLEV"".
 IF test evaluated as false.  Skipping command
  
 CHARMM>    set bom ?bomlev
 RDCMND substituted energy or value "?BOMLEV" to "-2"
 Parameter: BOM <- "-2"
  
 CHARMM>    WRNLEV -1 @PARA
 Parameter: PARA -> "" <empty>
  
 CHARMM>    BOMLEV -1 @PARA
 Parameter: PARA -> "" <empty>
  
 CHARMM>    read para card flex append

          PARAMETER FILE BEING READ FROM UNIT 97
 RDTITL> * NBFIX BETWEEN CARBOXYLATE AND SODIUM
 RDTITL> *
 PARMIO> NONBOND, HBOND lists and IMAGE atoms cleared.
  
 CHARMM>    BOMLEV @bom @PARA
 Parameter: BOM -> "-2"
 Parameter: PARA -> "" <empty>
  
 CHARMM>    WRNLEV @wrn @PARA
 Parameter: WRN -> "5"
 Parameter: PARA -> "" <empty>
  
 CHARMM>     
  
 CHARMM>    return
 VCLOSE: Closing unit   97 with status "KEEP"

                    RETURNING TO INPUT STREAM    98
  
 CHARMM>    stream toppar/toppar_dum_noble_gases.str
 VOPEN> Attempting to open::toppar/toppar_dum_noble_gases.str::
 OPNLGU> Unit 97 opened for READONLY access to toppar/toppar_dum_noble_gases.str

                    INPUT STREAM SWITCHING TO UNIT    97
 RDTITL> * TOPLOGY AND PARAMETER INFORMATION FOR HELIUM, NEON AND A DUMMY ATOM.
 RDTITL> *
 Parameter: IN1 <- "" <empty>
  
 CHARMM>     
  
 CHARMM>    !Testcase
 CHARMM>    !test_dum_nobel_gases.inp
 CHARMM>     
  
 CHARMM>    !test "append" to determine if previous	toppar files have been read and
 CHARMM>    !add append to "read rtf card" if true
 CHARMM>    set nat ?NATC
 RDCMND substituted energy or value "?NATC" to "485"
 Parameter: NAT <- "485"
  
 CHARMM>    set app
 Parameter: APP <- "" <empty>
  
 CHARMM>    !We're exploiting what is arguably a bug in the parser. On the left hand side,
 CHARMM>    !the quotes have proirity, so NAT is correctly substituted. On the right hand
 CHARMM>    !side, the ? has priority and NATC" (sic) is not a valid substitution...
 CHARMM>    if "@NAT" ne "?NATC" if @nat ne 0 set app append
 Parameter: NAT -> "485"
 Parameter: NAT -> "485"
 RDCMND: can not substitute energy "?NATC""
 Comparing ""485"" and ""?NATC"".
 IF test evaluated as true.  Performing command
 Comparing "485" and "0".
 IF test evaluated as true.  Performing command
 Parameter: APP <- "APPEND"
  
 CHARMM>     
  
 CHARMM>    read rtf card @app
 Parameter: APP -> "APPEND"
 MAINIO> Residue topology file being read from unit  97.
 RDTITL> * TOPOLOGY FOR HELIUM, NEON AND A DUMMY ATOM.
 RDTITL> *
  
 CHARMM>     
  
 CHARMM>    read para card flex @app
 Parameter: APP -> "APPEND"

          PARAMETER FILE BEING READ FROM UNIT 97
 RDTITL> * PARAMETERS FOR HELIUM, NEON AND A DUMMY ATOM.
 RDTITL> *
 PARMIO> NONBOND, HBOND lists and IMAGE atoms cleared.
  
 CHARMM>     
  
 CHARMM>    return
 VCLOSE: Closing unit   97 with status "KEEP"

                    RETURNING TO INPUT STREAM    98
  
 CHARMM>    stream toppar/toppar_ions_won.str
 VOPEN> Attempting to open::toppar/toppar_ions_won.str::
 OPNLGU> Unit 97 opened for READONLY access to toppar/toppar_ions_won.str

                    INPUT STREAM SWITCHING TO UNIT    97
 RDTITL> * TOP_IONS_WON.STR: GENERAL MODEL FOR MONO-, DI-, AND TRIVALENT CATIONS
 RDTITL> *
 Parameter: IN1 <- "" <empty>
  
 CHARMM>     
  
 CHARMM>    !This is a comprehensive set of ions developed using stochastic boundary
 CHARMM>    !conditions. It is strongly recommended that ion parameters in
 CHARMM>    !toppar_water_ions.str be used if available, as they are more highly
 CHARMM>    !optimized.  Accordingly, those ions have been commented in this
 CHARMM>    !file.
 CHARMM>    !
 CHARMM>    !reference
 CHARMM>    !Won, Y., "Force Field for Monovalent, Divalent, and Trivalent Cations
 CHARMM>    !Developed under the Solvent Boundary Potential," Journal of Physical
 CHARMM>    !Chemistry A., 116: 11763-11767, 2012.
 CHARMM>     
  
 CHARMM>     
  
 CHARMM>    !test "append" to determine if previous toppar files have been read and
 CHARMM>    !add append to "read rtf card" if true
 CHARMM>    set nat ?NATC
 RDCMND substituted energy or value "?NATC" to "488"
 Parameter: NAT <- "488"
  
 CHARMM>    set app
 Parameter: APP <- "" <empty>
  
 CHARMM>    !We're exploiting what is arguably a bug in the parser. On the left hand side,
 CHARMM>    !the quotes have priority, so NAT is correctly substituted. On the right hand
 CHARMM>    !side, the ? has priority and NATC" (sic) is not a valid substitution...
 CHARMM>    if "@NAT" ne "?NATC" if @nat ne 0 set app append
 Parameter: NAT -> "488"
 Parameter: NAT -> "488"
 RDCMND: can not substitute energy "?NATC""
 Comparing ""488"" and ""?NATC"".
 IF test evaluated as true.  Performing command
 Comparing "488" and "0".
 IF test evaluated as true.  Performing command
 Parameter: APP <- "APPEND"
  
 CHARMM>     
  
 CHARMM>    read rtf card @app
 Parameter: APP -> "APPEND"
 MAINIO> Residue topology file being read from unit  97.
 RDTITL> * TOPOLOGY FOR WATER AND IONS
 RDTITL> *
  
 CHARMM>     
  
 CHARMM>    read para card flex @app
 Parameter: APP -> "APPEND"

          PARAMETER FILE BEING READ FROM UNIT 97
 RDTITL> * PAR_CATION.PRM FOR MONO-, DI-, AND TRIVALENT CATIONS
 RDTITL> *
 PARMIO> NONBOND, HBOND lists and IMAGE atoms cleared.
  
 VCLOSE: Closing unit   97 with status "KEEP"

                    RETURNING TO INPUT STREAM    98
  
 CHARMM>    stream toppar/cam.str
 VOPEN> Attempting to open::toppar/cam.str::
 OPNLGU> Unit 97 opened for READONLY access to toppar/cam.str

                    INPUT STREAM SWITCHING TO UNIT    97
 RDTITL> READ RTF CARD APPEND
 RDTITL> No title read.
 Parameter: IN1 <- "" <empty>
  
 CHARMM>    read rtf card append
 MAINIO> Residue topology file being read from unit  97.
 RDTITL> * TOPOLOGY GENERATED BY PARMED
 RDTITL> *

      ***** LEVEL  1 WARNING FROM <rtfrdr> *****
      ***** No AUTOgen defaults specified in appended RTF. Potential conflict with prior RTF autogen options. Check.
      ******************************************
      BOMLEV ( -2) IS NOT REACHED. WRNLEV IS  5

  
 CHARMM>     
  
 CHARMM>    read para card flex append

          PARAMETER FILE BEING READ FROM UNIT 97
 RDTITL> * PARAMETERS GENERATED BY PARMED
 RDTITL> *
 PARMIO> NONBOND, HBOND lists and IMAGE atoms cleared.
  
 CHARMM>     
  
 CHARMM>    ! The following section contains NBFixes for CAM interacting with
 CHARMM>    ! water.
 CHARMM>    set para
 Parameter: PARA <- "" <empty>
  
 CHARMM>    if ?NUMNODE gt 1 set para node 0
 RDCMND substituted energy or value "?NUMNODE" to "1"
 Comparing "1" and "1".
 IF test evaluated as false.  Skipping command
  
 CHARMM>     
  
 CHARMM>    set wrn ?WRNLEV
 RDCMND substituted energy or value "?WRNLEV" to "5"
 Parameter: WRN <- "5"
  
 CHARMM>    ! Some versions of CHARMM don't seem to initialize wrnlev...
 CHARMM>    if "@WRN" eq "?WRNLEV" set wrn 5
 Parameter: WRN -> "5"
 RDCMND: can not substitute energy "?WRNLEV""
 Comparing ""5"" and ""?WRNLEV"".
 IF test evaluated as false.  Skipping command
  
 CHARMM>    set bom ?bomlev
 RDCMND substituted energy or value "?BOMLEV" to "-2"
 Parameter: BOM <- "-2"
  
 CHARMM>    WRNLEV -1 @PARA
 Parameter: PARA -> "" <empty>
  
 CHARMM>    BOMLEV -1 @PARA
 Parameter: PARA -> "" <empty>
  
 CHARMM>     
  
 CHARMM>    read para card flex append

          PARAMETER FILE BEING READ FROM UNIT 97
 RDTITL> * NBFIX BETWEEN CAM AND WATER
 RDTITL> *
 PARMIO> NONBOND, HBOND lists and IMAGE atoms cleared.
  
 CHARMM>    BOMLEV @bom @PARA
 Parameter: BOM -> "-2"
 Parameter: PARA -> "" <empty>
  
 CHARMM>    WRNLEV @wrn @PARA
 Parameter: WRN -> "5"
 Parameter: PARA -> "" <empty>
  
 CHARMM>     
  
 CHARMM>    return
 VCLOSE: Closing unit   97 with status "KEEP"

                    RETURNING TO INPUT STREAM    98
  
 CHARMM>     
  
 CHARMM>    ! Additional topologies and parameters for protein
 CHARMM>    stream toppar/toppar_all36_prot_arg0.str
 VOPEN> Attempting to open::toppar/toppar_all36_prot_arg0.str::
 OPNLGU> Unit 97 opened for READONLY access to toppar/toppar_all36_prot_arg0.str

                    INPUT STREAM SWITCHING TO UNIT    97
 RDTITL> *>>>>>> ALL-HYDROGEN TOPOLOGY FOR NEUTRAL ARG <<<<<<<<<<<<<<<<<<<<
 RDTITL> *>>>>>>>>>>>>>>>>>>>>>>> 2007 <<<<<<<<<<<<<<<<<<<<<<<<<<<<<<<<<<<<
 RDTITL> *>>>>>>>> DIRECT COMMENTS TO ALEXANDER D. MACKERELL JR. <<<<<<<<<<
 RDTITL> *>>>>>>>>>>>>>>> PARAMETER FORUM, WWW.CHARMM.ORG <<<<<<<<<<<<<<<<<
 RDTITL> *
 Parameter: IN1 <- "" <empty>
  
 CHARMM>     
  
 CHARMM>    ! Atom names include "R" (for Arg) as the second letter. The
 CHARMM>    ! only other atom types in the additive FF with this second
 CHARMM>    ! letter are histidine [HN]R[123] in the protein FF and CRL[12]
 CHARMM>    ! in toppar_all36_lipid_cholesterol.str , so no more conflicts.
 CHARMM>     
  
 CHARMM>    !Parent files that have to be read prior to streaming this file
 CHARMM>    !top_all36_prot.rtf
 CHARMM>    !par_all36_prot.rtf
 CHARMM>    !
 CHARMM>    !Testcase
 CHARMM>    !test_all36_prot_arg0.inp
 CHARMM>     
  
 CHARMM>    !Li, L., Vorobyov, I.V., MacKerell, Jr., A.D., Allen, T.W., "Is
 CHARMM>    !arginine charged in a membrane?" Biophysical Journal, 94: L11-L13,
 CHARMM>    !2008, PMCID: PMC2157258
 CHARMM>     
  
 CHARMM>    read rtf card append
 MAINIO> Residue topology file being read from unit  97.
 RDTITL> * TOPOLOGY FOR PROTEIN RELATED MODEL COMPOUNDS
 RDTITL> *
*** WARNING **** residue MGU1 already exists (old one deleted)

      ***** LEVEL  1 WARNING FROM <RTFRDR> *****
      ***** Residue already exists.
      ******************************************
      BOMLEV ( -2) IS NOT REACHED. WRNLEV IS  5

          RESI MGU1          0.00
*** WARNING **** residue MGU2 already exists (old one deleted)

      ***** LEVEL  1 WARNING FROM <RTFRDR> *****
      ***** Residue already exists.
      ******************************************
      BOMLEV ( -2) IS NOT REACHED. WRNLEV IS  5

          RESI MGU2          0.00
 There were   2 warning(s) from RTFRDR.
  
 CHARMM>     
  
 CHARMM>    read param card flex append

          PARAMETER FILE BEING READ FROM UNIT 97
 RDTITL>  
 RDTITL> No title read.
 PARMIO> NONBOND, HBOND lists and IMAGE atoms cleared.
  
 CHARMM>     
  
 CHARMM>    return
 VCLOSE: Closing unit   97 with status "KEEP"

                    RETURNING TO INPUT STREAM    98
  
 CHARMM>    stream toppar/toppar_all36_prot_c36m_d_aminoacids.str
 VOPEN> Attempting to open::toppar/toppar_all36_prot_c36m_d_aminoacids.str::
 OPNLGU> Unit 97 opened for READONLY access to toppar/toppar_all36_prot_c36m_d_aminoacids.str

                    INPUT STREAM SWITCHING TO UNIT    97
 RDTITL> *>>>>>>CHARMM36 ALL-HYDROGEN TOPPAR FILE FOR D-PROTEINS <<<<<<<
 RDTITL> *>>>>>>>>>>>>>>>>>>>>>>>>>> JAN. 2016 <<<<<<<<<<<<<<<<<<<<<<<<<<<<
 RDTITL> * ALL COMMENTS TO THE CHARMM WEB SITE: WWW.CHARMM.ORG
 RDTITL> *             PARAMETER SET DISCUSSION FORUM
 RDTITL> *
 Parameter: IN1 <- "" <empty>
  
 CHARMM>     
  
 CHARMM>    !update 2016/2. use directly inverted CMAPs
 CHARMM>     
  
 CHARMM>    !toppar stream file for D-amino acids. Includes new residue
 CHARMM>    !names, inverted CMAP and additional parameters.
 CHARMM>     
  
 CHARMM>    !Parent files that have to be read prior to streaming this file
 CHARMM>    !top_all36_prot.rtf
 CHARMM>    !par_all36m_prot.prm
 CHARMM>    !
 CHARMM>    !Testcase
 CHARMM>    !test_all36_d_amino_acid.inp
 CHARMM>     
  
 CHARMM>    !test "append" to determine if previous toppar files have been read and
 CHARMM>    !add append to "read rtf card" if true
 CHARMM>    set nat ?NATC
 RDCMND substituted energy or value "?NATC" to "554"
 Parameter: NAT <- "554"
  
 CHARMM>    set app
 Parameter: APP <- "" <empty>
  
 CHARMM>    !We're exploiting what is arguably a bug in the parser. On the left hand side,
 CHARMM>    !the quotes have priority, so NAT is correctly substituted. On the right hand
 CHARMM>    !side, the ? has priority and NATC" (sic) is not a valid substitution...
 CHARMM>    if "@NAT" ne "?NATC" if @nat ne 0 set app append
 Parameter: NAT -> "554"
 Parameter: NAT -> "554"
 RDCMND: can not substitute energy "?NATC""
 Comparing ""554"" and ""?NATC"".
 IF test evaluated as true.  Performing command
 Comparing "554" and "0".
 IF test evaluated as true.  Performing command
 Parameter: APP <- "APPEND"
  
 CHARMM>     
  
 CHARMM>    read rtf card @app
 Parameter: APP -> "APPEND"
 MAINIO> Residue topology file being read from unit  97.
 RDTITL> * TOPOLOGY FOR D- AMINOACIDS
 RDTITL> *
  
 CHARMM>     
  
 CHARMM>    read para card flex @app
 Parameter: APP -> "APPEND"

          PARAMETER FILE BEING READ FROM UNIT 97
 RDTITL> * PARAMETERS FOR D- AMINOACIDS
 RDTITL> *
 PARMIO> NONBOND, HBOND lists and IMAGE atoms cleared.
  
 VCLOSE: Closing unit   97 with status "KEEP"

                    RETURNING TO INPUT STREAM    98
  
 CHARMM>    stream toppar/toppar_all36_prot_fluoro_alkanes.str
 VOPEN> Attempting to open::toppar/toppar_all36_prot_fluoro_alkanes.str::
 OPNLGU> Unit 97 opened for READONLY access to toppar/toppar_all36_prot_fluoro_alkanes.str

                    INPUT STREAM SWITCHING TO UNIT    97
 RDTITL> * TOPOLOGY AND PARAMETERS FOR FLUORINATED ALKANES.
 RDTITL> *
 Parameter: IN1 <- "" <empty>
  
 CHARMM>     
  
 CHARMM>    !These parameters are maintained for historic reasons.  The CGenFF
 CHARMM>    !halogen parameters are a significant improvement over these
 CHARMM>    !parameters.
 CHARMM>     
  
 CHARMM>    !Parent files that have to be read prior to streaming this file
 CHARMM>    !top_all36_prot.rtf
 CHARMM>    !par_all36_prot.prm
 CHARMM>     
  
 CHARMM>    !Testcase
 CHARMM>    !test_all36_prot_fluoro_alkanes.inp
 CHARMM>     
  
 CHARMM>    !Reference
 CHARMM>    !Chen, I.-J., Yin, D. and MacKerell, Jr., A.D., "Combined Ab
 CHARMM>    !initio/Empirical Approach for Optimization of Lennard-Jones Parameters
 CHARMM>    !for Polar-Neutral Compounds," Journal of Computational Chemistry,
 CHARMM>    !2002, 23:199-213.
 CHARMM>    !
 CHARMM>    !Note that these parameters are higly optimized to reproduce the
 CHARMM>    !corresponding condensed phase properties and have not been incorporated
 CHARMM>    !into the CHARMM22 or CHARMM27 biomolecular force fields
 CHARMM>     
  
 CHARMM>    read rtf card append
 MAINIO> Residue topology file being read from unit  97.
 RDTITL> * TOPOLOGY FOR FLUOROALKANES
 RDTITL> *
*** WARNING **** residue ETHA already exists (old one deleted)

      ***** LEVEL  1 WARNING FROM <RTFRDR> *****
      ***** Residue already exists.
      ******************************************
      BOMLEV ( -2) IS NOT REACHED. WRNLEV IS  5

          RESI ETHA  0.0
*** WARNING **** residue FETH already exists (old one deleted)

      ***** LEVEL  1 WARNING FROM <RTFRDR> *****
      ***** Residue already exists.
      ******************************************
      BOMLEV ( -2) IS NOT REACHED. WRNLEV IS  5

          RESI FETH  0.0
*** WARNING **** residue DFET already exists (old one deleted)

      ***** LEVEL  1 WARNING FROM <RTFRDR> *****
      ***** Residue already exists.
      ******************************************
      BOMLEV ( -2) IS NOT REACHED. WRNLEV IS  5

          RESI DFET 0.0
*** WARNING **** residue TFET already exists (old one deleted)

      ***** LEVEL  1 WARNING FROM <RTFRDR> *****
      ***** Residue already exists.
      ******************************************
      BOMLEV ( -2) IS NOT REACHED. WRNLEV IS  5

          RESI TFET  0.0
*** WARNING **** residue TFE  already exists (old one deleted)

      ***** LEVEL  1 WARNING FROM <RTFRDR> *****
      ***** Residue already exists.
      ******************************************
      BOMLEV ( -2) IS NOT REACHED. WRNLEV IS  5

          RESI TFE   0.0
 There were   5 warning(s) from RTFRDR.
  
 CHARMM>     
  
 CHARMM>    read para card flex append

          PARAMETER FILE BEING READ FROM UNIT 97
 RDTITL> * FLUOROALKANE PARAMETERS
 RDTITL> *
 PARMIO> NONBOND, HBOND lists and IMAGE atoms cleared.
  
 CHARMM>     
  
 CHARMM>    return
 VCLOSE: Closing unit   97 with status "KEEP"

                    RETURNING TO INPUT STREAM    98
  
 CHARMM>    stream toppar/toppar_all36_prot_heme.str
 VOPEN> Attempting to open::toppar/toppar_all36_prot_heme.str::
 OPNLGU> Unit 97 opened for READONLY access to toppar/toppar_all36_prot_heme.str

                    INPUT STREAM SWITCHING TO UNIT    97
 RDTITL> * TOPOLOGY AND PARAMETER STREAM FILE FOR HEME AND RELATED
 RDTITL> * LIGANDS AND PATCHES.
 RDTITL> *
 Parameter: IN1 <- "" <empty>
  
 CHARMM>     
  
 CHARMM>    !updated 2016/2, allow for use of AUTOGENERATE ANGLE DIHEDRAl PATCH
 CHARMM>     
  
 CHARMM>    !Parent files that have to be read prior to streaming this file
 CHARMM>    !top_all36_prot.rtf
 CHARMM>    !par_all36_prot.prm
 CHARMM>     
  
 CHARMM>    !Testcase
 CHARMM>    !test_all36_prot_heme.inp
 CHARMM>     
  
 CHARMM>    read rtf card append
 MAINIO> Residue topology file being read from unit  97.
 RDTITL> * TOPOLOGY FOR HEME AND RELATED COMPOUNDS AND PATCHES
 RDTITL> *
*** WARNING **** residue CO2  already exists (old one deleted)

      ***** LEVEL  1 WARNING FROM <RTFRDR> *****
      ***** Residue already exists.
      ******************************************
      BOMLEV ( -2) IS NOT REACHED. WRNLEV IS  5

          RESI CO2             0.00
 There were   1 warning(s) from RTFRDR.
  
 CHARMM>     
  
 CHARMM>    read para card flex append

          PARAMETER FILE BEING READ FROM UNIT 97
 RDTITL> * ADDITIONAL PARAMETERS FOR HEME
 RDTITL> *
 PARMIO> NONBOND, HBOND lists and IMAGE atoms cleared.
  
 CHARMM>     
  
 CHARMM>    return
 VCLOSE: Closing unit   97 with status "KEEP"

                    RETURNING TO INPUT STREAM    98
  
 CHARMM>    stream toppar/toppar_all36_prot_na_combined.str
 VOPEN> Attempting to open::toppar/toppar_all36_prot_na_combined.str::
 OPNLGU> Unit 97 opened for READONLY access to toppar/toppar_all36_prot_na_combined.str

                    INPUT STREAM SWITCHING TO UNIT    97
 RDTITL> * TOPOLOGY AND PARAMETER STREAM FILE FOR PATCHES TO CREATE
 RDTITL> * MODEL COMPOUNDS AND PATCHES THAT REQUIRE BOTH PROTEIN AND
 RDTITL> * NUCLEIC ACID TOPOLOGY AND PARAMETER INFORMATION
 RDTITL> *
 Parameter: IN1 <- "" <empty>
  
 CHARMM>     
  
 CHARMM>    !Parent files that have to be read prior to streaming this file
 CHARMM>    !top_all36_prot.rtf
 CHARMM>    !par_all36_prot.prm
 CHARMM>    !top_all36_na.rtf
 CHARMM>    !par_all36_na.prm
 CHARMM>    !stream/toppar_all36_prot_fluoro_alkanes.str ! atom types an parameters for fluorinated compounds
 CHARMM>     
  
 CHARMM>    !Testcase
 CHARMM>    !test_all36_prot_na_combined.inp
 CHARMM>     
  
 CHARMM>    !all patches must be followed by AUTOGENERATE ANGLES DIHEDRALS
 CHARMM>     
  
 CHARMM>    !PHOSPHOTYROSINE
 CHARMM>    !
 CHARMM>    !Feng, M.-H., Philippopoulos, M., MacKerell, Jr., A.D. and Lim, C.
 CHARMM>    !Structural Characterization of the Phosphotyrosine Binding Region of a
 CHARMM>    !High-Affinity aSH2 Domain-Phosphopeptide Complex by Molecular Dynamics
 CHARMM>    !Simulation and Chemical Shift Calculations. Journal of the American
 CHARMM>    !Chemical Society, 1996, 118: 11265-11277.
 CHARMM>     
  
 CHARMM>    read rtf card append
 MAINIO> Residue topology file being read from unit  97.
 RDTITL> * TOPOLOGY FOR PHOSPHORYLATED AMINO ACIDS
 RDTITL> *
*** WARNING **** residue THFI already exists (old one deleted)

      ***** LEVEL  1 WARNING FROM <RTFRDR> *****
      ***** Residue already exists.
      ******************************************
      BOMLEV ( -2) IS NOT REACHED. WRNLEV IS  5

          RESI THFI       0.00
*** WARNING **** residue THMI already exists (old one deleted)

      ***** LEVEL  1 WARNING FROM <RTFRDR> *****
      ***** Residue already exists.
      ******************************************
      BOMLEV ( -2) IS NOT REACHED. WRNLEV IS  5

          RESI THMI       0.00
*** WARNING **** residue THFA already exists (old one deleted)

      ***** LEVEL  1 WARNING FROM <RTFRDR> *****
      ***** Residue already exists.
      ******************************************
      BOMLEV ( -2) IS NOT REACHED. WRNLEV IS  5

          RESI THFA        0.00
*** WARNING **** residue THAO already exists (old one deleted)

      ***** LEVEL  1 WARNING FROM <RTFRDR> *****
      ***** Residue already exists.
      ******************************************
      BOMLEV ( -2) IS NOT REACHED. WRNLEV IS  5

          RESI THAO         0.00
*** WARNING **** residue RNUS already exists (old one deleted)

      ***** LEVEL  1 WARNING FROM <RTFRDR> *****
      ***** Residue already exists.
      ******************************************
      BOMLEV ( -2) IS NOT REACHED. WRNLEV IS  5

          RESI RNUS         0.00
*** WARNING **** residue NUCL already exists (old one deleted)

      ***** LEVEL  1 WARNING FROM <RTFRDR> *****
      ***** Residue already exists.
      ******************************************
      BOMLEV ( -2) IS NOT REACHED. WRNLEV IS  5

          RESI NUCL        -1.00
*** WARNING **** residue PPH1 already exists (old one deleted)

      ***** LEVEL  1 WARNING FROM <RTFRDR> *****
      ***** Residue already exists.
      ******************************************
      BOMLEV ( -2) IS NOT REACHED. WRNLEV IS  5

          RESI PPH1      -1.00
*** WARNING **** residue BMPH already exists (old one deleted)

      ***** LEVEL  1 WARNING FROM <RTFRDR> *****
      ***** Residue already exists.
      ******************************************
      BOMLEV ( -2) IS NOT REACHED. WRNLEV IS  5

          RESI BMPH      -1.00
*** WARNING **** residue BMPD already exists (old one deleted)

      ***** LEVEL  1 WARNING FROM <RTFRDR> *****
      ***** Residue already exists.
      ******************************************
      BOMLEV ( -2) IS NOT REACHED. WRNLEV IS  5

          RESI BMPD      -2.00
*** WARNING **** residue BDFP already exists (old one deleted)

      ***** LEVEL  1 WARNING FROM <RTFRDR> *****
      ***** Residue already exists.
      ******************************************
      BOMLEV ( -2) IS NOT REACHED. WRNLEV IS  5

          RESI BDFP      -1.00
*** WARNING **** residue BDFD already exists (old one deleted)

      ***** LEVEL  1 WARNING FROM <RTFRDR> *****
      ***** Residue already exists.
      ******************************************
      BOMLEV ( -2) IS NOT REACHED. WRNLEV IS  5

          RESI BDFD -2.00
*** WARNING **** residue EP_2 already exists (old one deleted)

      ***** LEVEL  1 WARNING FROM <RTFRDR> *****
      ***** Residue already exists.
      ******************************************
      BOMLEV ( -2) IS NOT REACHED. WRNLEV IS  5

          RESI EP_2        -2.00
*** WARNING **** residue IP_2 already exists (old one deleted)

      ***** LEVEL  1 WARNING FROM <RTFRDR> *****
      ***** Residue already exists.
      ******************************************
      BOMLEV ( -2) IS NOT REACHED. WRNLEV IS  5

          RESI IP_2        -2.00
 There were  13 warning(s) from RTFRDR.
  
 CHARMM>     
  
 CHARMM>    read para card flex append

          PARAMETER FILE BEING READ FROM UNIT 97
 RDTITL> * ADDITIONAL PARAMETERS FOR PHOSPHORYLATED AMINO ACIDS
 RDTITL> *
 PARMIO> NONBOND, HBOND lists and IMAGE atoms cleared.
  
 VCLOSE: Closing unit   97 with status "KEEP"

                    RETURNING TO INPUT STREAM    98
  
 CHARMM>    stream toppar/toppar_all36_prot_retinol.str
 VOPEN> Attempting to open::toppar/toppar_all36_prot_retinol.str::
 OPNLGU> Unit 97 opened for READONLY access to toppar/toppar_all36_prot_retinol.str

                    INPUT STREAM SWITCHING TO UNIT    97
 RDTITL> * TOPPAR STREAM FILE FOR RETINOL AND RETINAL PARAMETERS
 RDTITL> * A. LOCCISANO, A.M.W., J. EVANSECK AND A.D. MACKERELL, JR.
 RDTITL> * APRIL, 2005
 RDTITL> *
 Parameter: IN1 <- "" <empty>
  
 CHARMM>     
  
 CHARMM>    !use with c36 protein force fields
 CHARMM>    !top_all36_prot.rtf
 CHARMM>    !par_all36_prot.prm
 CHARMM>     
  
 CHARMM>    read rtf card append
 MAINIO> Residue topology file being read from unit  97.
 RDTITL> * RETINAL/RETINOL AND RELATED MODEL COMPOUNDS
 RDTITL> *
*** WARNING **** residue BTE2 already exists (old one deleted)

      ***** LEVEL  1 WARNING FROM <RTFRDR> *****
      ***** Residue already exists.
      ******************************************
      BOMLEV ( -2) IS NOT REACHED. WRNLEV IS  5

          RESI BTE2       0.00
*** WARNING **** residue 13DB already exists (old one deleted)

      ***** LEVEL  1 WARNING FROM <RTFRDR> *****
      ***** Residue already exists.
      ******************************************
      BOMLEV ( -2) IS NOT REACHED. WRNLEV IS  5

          RESI 13DB       0.00
*** WARNING **** residue 13DP already exists (old one deleted)

      ***** LEVEL  1 WARNING FROM <RTFRDR> *****
      ***** Residue already exists.
      ******************************************
      BOMLEV ( -2) IS NOT REACHED. WRNLEV IS  5

          RESI 13DP       0.00
*** WARNING **** residue DMB1 already exists (old one deleted)

      ***** LEVEL  1 WARNING FROM <RTFRDR> *****
      ***** Residue already exists.
      ******************************************
      BOMLEV ( -2) IS NOT REACHED. WRNLEV IS  5

          RESI DMB1       0.00
*** WARNING **** residue DMP1 already exists (old one deleted)

      ***** LEVEL  1 WARNING FROM <RTFRDR> *****
      ***** Residue already exists.
      ******************************************
      BOMLEV ( -2) IS NOT REACHED. WRNLEV IS  5

          RESI DMP1       0.00
*** WARNING **** residue DMP2 already exists (old one deleted)

      ***** LEVEL  1 WARNING FROM <RTFRDR> *****
      ***** Residue already exists.
      ******************************************
      BOMLEV ( -2) IS NOT REACHED. WRNLEV IS  5

          RESI DMP2       0.00
*** WARNING **** residue CROT already exists (old one deleted)

      ***** LEVEL  1 WARNING FROM <RTFRDR> *****
      ***** Residue already exists.
      ******************************************
      BOMLEV ( -2) IS NOT REACHED. WRNLEV IS  5

          RESI CROT       0.00
*** WARNING **** residue PACP already exists (old one deleted)

      ***** LEVEL  1 WARNING FROM <RTFRDR> *****
      ***** Residue already exists.
      ******************************************
      BOMLEV ( -2) IS NOT REACHED. WRNLEV IS  5

          RESI PACP       0.00
*** WARNING **** residue MECH already exists (old one deleted)

      ***** LEVEL  1 WARNING FROM <RTFRDR> *****
      ***** Residue already exists.
      ******************************************
      BOMLEV ( -2) IS NOT REACHED. WRNLEV IS  5

          RESI MECH       0.00
*** WARNING **** residue TMCH already exists (old one deleted)

      ***** LEVEL  1 WARNING FROM <RTFRDR> *****
      ***** Residue already exists.
      ******************************************
      BOMLEV ( -2) IS NOT REACHED. WRNLEV IS  5

          RESI TMCH       0.00
*** WARNING **** residue FRET already exists (old one deleted)

      ***** LEVEL  1 WARNING FROM <RTFRDR> *****
      ***** Residue already exists.
      ******************************************
      BOMLEV ( -2) IS NOT REACHED. WRNLEV IS  5

          RESI FRET       0.00
*** WARNING **** residue RTOL already exists (old one deleted)

      ***** LEVEL  1 WARNING FROM <RTFRDR> *****
      ***** Residue already exists.
      ******************************************
      BOMLEV ( -2) IS NOT REACHED. WRNLEV IS  5

          RESI RTOL       0.00
*** WARNING **** residue RTAL already exists (old one deleted)

      ***** LEVEL  1 WARNING FROM <RTFRDR> *****
      ***** Residue already exists.
      ******************************************
      BOMLEV ( -2) IS NOT REACHED. WRNLEV IS  5

          RESI RTAL       0.00
*** WARNING **** residue RTAC already exists (old one deleted)

      ***** LEVEL  1 WARNING FROM <RTFRDR> *****
      ***** Residue already exists.
      ******************************************
      BOMLEV ( -2) IS NOT REACHED. WRNLEV IS  5

          RESI RTAC      -1.00
*** WARNING **** residue PRAC already exists (old one deleted)

      ***** LEVEL  1 WARNING FROM <RTFRDR> *****
      ***** Residue already exists.
      ******************************************
      BOMLEV ( -2) IS NOT REACHED. WRNLEV IS  5

          RESI PRAC      -1.00
*** WARNING **** residue PROL already exists (old one deleted)

      ***** LEVEL  1 WARNING FROM <RTFRDR> *****
      ***** Residue already exists.
      ******************************************
      BOMLEV ( -2) IS NOT REACHED. WRNLEV IS  5

          RESI PROL       0.00
*** WARNING **** residue PRAL already exists (old one deleted)

      ***** LEVEL  1 WARNING FROM <RTFRDR> *****
      ***** Residue already exists.
      ******************************************
      BOMLEV ( -2) IS NOT REACHED. WRNLEV IS  5

          RESI PRAL       0.00
*** WARNING **** residue SCH1 already exists (old one deleted)

      ***** LEVEL  1 WARNING FROM <RTFRDR> *****
      ***** Residue already exists.
      ******************************************
      BOMLEV ( -2) IS NOT REACHED. WRNLEV IS  5

          RESI SCH1       0.00
*** WARNING **** residue SCH2 already exists (old one deleted)

      ***** LEVEL  1 WARNING FROM <RTFRDR> *****
      ***** Residue already exists.
      ******************************************
      BOMLEV ( -2) IS NOT REACHED. WRNLEV IS  5

          RESI SCH2       1.00
*** WARNING **** residue SCH3 already exists (old one deleted)

      ***** LEVEL  1 WARNING FROM <RTFRDR> *****
      ***** Residue already exists.
      ******************************************
      BOMLEV ( -2) IS NOT REACHED. WRNLEV IS  5

          RESI SCH3       1.00
 There were  20 warning(s) from RTFRDR.
  
 CHARMM>     
  
 CHARMM>    read para card flex append

          PARAMETER FILE BEING READ FROM UNIT 97
 RDTITL> * RETINAL/RETINOL AND RELATED PARAMETERS
 RDTITL> *
 PARMIO> NONBOND, HBOND lists and IMAGE atoms cleared.
  
 CHARMM>     
  
 VCLOSE: Closing unit   97 with status "KEEP"

                    RETURNING TO INPUT STREAM    98
  
 CHARMM>    stream toppar/toppar_all36_prot_model.str
 VOPEN> Attempting to open::toppar/toppar_all36_prot_model.str::
 OPNLGU> Unit 97 opened for READONLY access to toppar/toppar_all36_prot_model.str

                    INPUT STREAM SWITCHING TO UNIT    97
 RDTITL> *>> ALL-HYDROGEN TOPOLOGY FOR SMALL MODEL COMPOUNDS USED IN THE <<
 RDTITL> *>> DEVELOPMENT OF THE CHARMM22 PROTEIN ALL-HYDROGEN PARAMETERS <<
 RDTITL> *>>>>>>>>>>>>>>>>>>>>>>> JULY 1997 <<<<<<<<<<<<<<<<<<<<<<<<<<<<<<<
 RDTITL> *>>>>>>>> DIRECT COMMENTS TO ALEXANDER D. MACKERELL JR. <<<<<<<<<<
 RDTITL> *>>>>>>>>>>>>>>> PARAMETER FORUM, WWW.CHARMM.ORG <<<<<<<<<<<<<<<<<
 RDTITL> *CONVERTED TO STREAM FORMAT, DECEMBER 2003
 RDTITL> *CONVERTED TO CHARMM36 PROTEIN ATOM TYPES, MAY 2011
 RDTITL> *
 Parameter: IN1 <- "" <empty>
  
 CHARMM>     
  
 CHARMM>    !Parent files that have to be read prior to streaming this file
 CHARMM>    !top_all36_prot.rtf
 CHARMM>    !par_all36_prot.prm
 CHARMM>    !
 CHARMM>    !Testcase
 CHARMM>    !test_all36_prot_model.inp
 CHARMM>     
  
 CHARMM>    !changes after 9/98
 CHARMM>    !
 CHARMM>    !change alkene HA1 and HA2 to HE1 and HE2
 CHARMM>    !
 CHARMM>    !improper atom ordering corrected
 CHARMM>    !
 CHARMM>    !version b5i to be consistent with protein toppar files
 CHARMM>    !
 CHARMM>    !Heme vinyl groups upgraded based on new butene parameters
 CHARMM>    !
 CHARMM>     
  
 CHARMM>    ! references
 CHARMM>    !
 CHARMM>    !PROTEINS
 CHARMM>    !
 CHARMM>    !MacKerell, Jr., A. D.; Bashford, D.; Bellott, M.; Dunbrack Jr., R.L.;
 CHARMM>    !Evanseck, J.D.; Field, M.J.; Fischer, S.; Gao, J.; Guo, H.; Ha, S.;
 CHARMM>    !Joseph-McCarthy, D.; Kuchnir, L.; Kuczera, K.; Lau, F.T.K.; Mattos,
 CHARMM>    !C.; Michnick, S.; Ngo, T.; Nguyen, D.T.; Prodhom, B.; Reiher, III,
 CHARMM>    !W.E.; Roux, B.; Schlenkrich, M.; Smith, J.C.; Stote, R.; Straub, J.;
 CHARMM>    !Watanabe, M.; Wiorkiewicz-Kuczera, J.; Yin, D.; Karplus, M.  All-atom
 CHARMM>    !empirical potential for molecular modeling and dynamics Studies of
 CHARMM>    !proteins.  Journal of Physical Chemistry B, 1998, 102, 3586-3616.
 CHARMM>     
  
 CHARMM>    read rtf card append
 MAINIO> Residue topology file being read from unit  97.
 RDTITL> * TOPOLOGY FOR PROTEIN RELATED MODEL COMPOUNDS
 RDTITL> *
*** WARNING **** residue ACET already exists (old one deleted)

      ***** LEVEL  1 WARNING FROM <RTFRDR> *****
      ***** Residue already exists.
      ******************************************
      BOMLEV ( -2) IS NOT REACHED. WRNLEV IS  5

          RESI ACET       -1.00
*** WARNING **** residue PROA already exists (old one deleted)

      ***** LEVEL  1 WARNING FROM <RTFRDR> *****
      ***** Residue already exists.
      ******************************************
      BOMLEV ( -2) IS NOT REACHED. WRNLEV IS  5

          RESI PROA       -1.00
*** WARNING **** residue GUAN already exists (old one deleted)

      ***** LEVEL  1 WARNING FROM <RTFRDR> *****
      ***** Residue already exists.
      ******************************************
      BOMLEV ( -2) IS NOT REACHED. WRNLEV IS  5

          RESI GUAN        1.00
*** WARNING **** residue MGUA already exists (old one deleted)

      ***** LEVEL  1 WARNING FROM <RTFRDR> *****
      ***** Residue already exists.
      ******************************************
      BOMLEV ( -2) IS NOT REACHED. WRNLEV IS  5

          RESI MGUA        1.00
*** WARNING **** residue GLYN already exists (old one deleted)

      ***** LEVEL  1 WARNING FROM <RTFRDR> *****
      ***** Residue already exists.
      ******************************************
      BOMLEV ( -2) IS NOT REACHED. WRNLEV IS  5

          RESI GLYN         0.00
*** WARNING **** residue MAMM already exists (old one deleted)

      ***** LEVEL  1 WARNING FROM <RTFRDR> *****
      ***** Residue already exists.
      ******************************************
      BOMLEV ( -2) IS NOT REACHED. WRNLEV IS  5

          RESI MAMM        1.00
*** WARNING **** residue EAMM already exists (old one deleted)

      ***** LEVEL  1 WARNING FROM <RTFRDR> *****
      ***** Residue already exists.
      ******************************************
      BOMLEV ( -2) IS NOT REACHED. WRNLEV IS  5

          RESI EAMM        1.00
*** WARNING **** residue ACEH already exists (old one deleted)

      ***** LEVEL  1 WARNING FROM <RTFRDR> *****
      ***** Residue already exists.
      ******************************************
      BOMLEV ( -2) IS NOT REACHED. WRNLEV IS  5

          RESI ACEH        0.00
*** WARNING **** residue MEOH already exists (old one deleted)

      ***** LEVEL  1 WARNING FROM <RTFRDR> *****
      ***** Residue already exists.
      ******************************************
      BOMLEV ( -2) IS NOT REACHED. WRNLEV IS  5

          RESI MEOH        0.00
*** WARNING **** residue METO already exists (old one deleted)

      ***** LEVEL  1 WARNING FROM <RTFRDR> *****
      ***** Residue already exists.
      ******************************************
      BOMLEV ( -2) IS NOT REACHED. WRNLEV IS  5

          RESI METO       -1.00
*** WARNING **** residue ETOH already exists (old one deleted)

      ***** LEVEL  1 WARNING FROM <RTFRDR> *****
      ***** Residue already exists.
      ******************************************
      BOMLEV ( -2) IS NOT REACHED. WRNLEV IS  5

          RESI ETOH        0.00
*** WARNING **** residue ETO  already exists (old one deleted)

      ***** LEVEL  1 WARNING FROM <RTFRDR> *****
      ***** Residue already exists.
      ******************************************
      BOMLEV ( -2) IS NOT REACHED. WRNLEV IS  5

          RESI ETO        -1.00
*** WARNING **** residue PRO2 already exists (old one deleted)

      ***** LEVEL  1 WARNING FROM <RTFRDR> *****
      ***** Residue already exists.
      ******************************************
      BOMLEV ( -2) IS NOT REACHED. WRNLEV IS  5

          RESI PRO2        0.00
*** WARNING **** residue FORM already exists (old one deleted)

      ***** LEVEL  1 WARNING FROM <RTFRDR> *****
      ***** Residue already exists.
      ******************************************
      BOMLEV ( -2) IS NOT REACHED. WRNLEV IS  5

          RESI FORM        0.00
*** WARNING **** residue ACEM already exists (old one deleted)

      ***** LEVEL  1 WARNING FROM <RTFRDR> *****
      ***** Residue already exists.
      ******************************************
      BOMLEV ( -2) IS NOT REACHED. WRNLEV IS  5

          RESI ACEM        0.00
*** WARNING **** residue NMA  already exists (old one deleted)

      ***** LEVEL  1 WARNING FROM <RTFRDR> *****
      ***** Residue already exists.
      ******************************************
      BOMLEV ( -2) IS NOT REACHED. WRNLEV IS  5

          RESI NMA         0.00
*** WARNING **** residue MESH already exists (old one deleted)

      ***** LEVEL  1 WARNING FROM <RTFRDR> *****
      ***** Residue already exists.
      ******************************************
      BOMLEV ( -2) IS NOT REACHED. WRNLEV IS  5

          RESI MESH        0.00
*** WARNING **** residue MES1 already exists (old one deleted)

      ***** LEVEL  1 WARNING FROM <RTFRDR> *****
      ***** Residue already exists.
      ******************************************
      BOMLEV ( -2) IS NOT REACHED. WRNLEV IS  5

          RESI MES1       -1.00
*** WARNING **** residue ETSH already exists (old one deleted)

      ***** LEVEL  1 WARNING FROM <RTFRDR> *****
      ***** Residue already exists.
      ******************************************
      BOMLEV ( -2) IS NOT REACHED. WRNLEV IS  5

          RESI ETSH        0.00
*** WARNING **** residue ES1  already exists (old one deleted)

      ***** LEVEL  1 WARNING FROM <RTFRDR> *****
      ***** Residue already exists.
      ******************************************
      BOMLEV ( -2) IS NOT REACHED. WRNLEV IS  5

          RESI ES1        -1.00
*** WARNING **** residue DMDS already exists (old one deleted)

      ***** LEVEL  1 WARNING FROM <RTFRDR> *****
      ***** Residue already exists.
      ******************************************
      BOMLEV ( -2) IS NOT REACHED. WRNLEV IS  5

          RESI DMDS        0.00
*** WARNING **** residue DEDS already exists (old one deleted)

      ***** LEVEL  1 WARNING FROM <RTFRDR> *****
      ***** Residue already exists.
      ******************************************
      BOMLEV ( -2) IS NOT REACHED. WRNLEV IS  5

          RESI DEDS        0.00
*** WARNING **** residue EMS  already exists (old one deleted)

      ***** LEVEL  1 WARNING FROM <RTFRDR> *****
      ***** Residue already exists.
      ******************************************
      BOMLEV ( -2) IS NOT REACHED. WRNLEV IS  5

          RESI EMS         0.00
*** WARNING **** residue IMIA already exists (old one deleted)

      ***** LEVEL  1 WARNING FROM <RTFRDR> *****
      ***** Residue already exists.
      ******************************************
      BOMLEV ( -2) IS NOT REACHED. WRNLEV IS  5

          RESI IMIA        0.00
*** WARNING **** residue MIMI already exists (old one deleted)

      ***** LEVEL  1 WARNING FROM <RTFRDR> *****
      ***** Residue already exists.
      ******************************************
      BOMLEV ( -2) IS NOT REACHED. WRNLEV IS  5

          RESI MIMI        0.00
*** WARNING **** residue EIMI already exists (old one deleted)

      ***** LEVEL  1 WARNING FROM <RTFRDR> *****
      ***** Residue already exists.
      ******************************************
      BOMLEV ( -2) IS NOT REACHED. WRNLEV IS  5

          RESI EIMI        0.00
*** WARNING **** residue IMIM already exists (old one deleted)

      ***** LEVEL  1 WARNING FROM <RTFRDR> *****
      ***** Residue already exists.
      ******************************************
      BOMLEV ( -2) IS NOT REACHED. WRNLEV IS  5

          RESI IMIM        1.00
*** WARNING **** residue EIMM already exists (old one deleted)

      ***** LEVEL  1 WARNING FROM <RTFRDR> *****
      ***** Residue already exists.
      ******************************************
      BOMLEV ( -2) IS NOT REACHED. WRNLEV IS  5

          RESI EIMM        1.00
*** WARNING **** residue BENZ already exists (old one deleted)

      ***** LEVEL  1 WARNING FROM <RTFRDR> *****
      ***** Residue already exists.
      ******************************************
      BOMLEV ( -2) IS NOT REACHED. WRNLEV IS  5

          RESI BENZ        0.00
*** WARNING **** residue EBEN already exists (old one deleted)

      ***** LEVEL  1 WARNING FROM <RTFRDR> *****
      ***** Residue already exists.
      ******************************************
      BOMLEV ( -2) IS NOT REACHED. WRNLEV IS  5

          RESI EBEN         0.00
*** WARNING **** residue PHEN already exists (old one deleted)

      ***** LEVEL  1 WARNING FROM <RTFRDR> *****
      ***** Residue already exists.
      ******************************************
      BOMLEV ( -2) IS NOT REACHED. WRNLEV IS  5

          RESI PHEN        0.00
*** WARNING **** residue EPHE already exists (old one deleted)

      ***** LEVEL  1 WARNING FROM <RTFRDR> *****
      ***** Residue already exists.
      ******************************************
      BOMLEV ( -2) IS NOT REACHED. WRNLEV IS  5

          RESI EPHE        0.00
*** WARNING **** residue PHEO already exists (old one deleted)

      ***** LEVEL  1 WARNING FROM <RTFRDR> *****
      ***** Residue already exists.
      ******************************************
      BOMLEV ( -2) IS NOT REACHED. WRNLEV IS  5

          RESI PHEO       -1.00
*** WARNING **** residue INDO already exists (old one deleted)

      ***** LEVEL  1 WARNING FROM <RTFRDR> *****
      ***** Residue already exists.
      ******************************************
      BOMLEV ( -2) IS NOT REACHED. WRNLEV IS  5

          RESI INDO        0.00
*** WARNING **** residue EIND already exists (old one deleted)

      ***** LEVEL  1 WARNING FROM <RTFRDR> *****
      ***** Residue already exists.
      ******************************************
      BOMLEV ( -2) IS NOT REACHED. WRNLEV IS  5

          RESI EIND        0.00
*** WARNING **** residue PDIP already exists (old one deleted)

      ***** LEVEL  1 WARNING FROM <RTFRDR> *****
      ***** Residue already exists.
      ******************************************
      BOMLEV ( -2) IS NOT REACHED. WRNLEV IS  5

          RESI PDIP        0.00
*** WARNING **** residue ETHA already exists (old one deleted)

      ***** LEVEL  1 WARNING FROM <RTFRDR> *****
      ***** Residue already exists.
      ******************************************
      BOMLEV ( -2) IS NOT REACHED. WRNLEV IS  5

          RESI ETHA        0.00
*** WARNING **** residue PRPA already exists (old one deleted)

      ***** LEVEL  1 WARNING FROM <RTFRDR> *****
      ***** Residue already exists.
      ******************************************
      BOMLEV ( -2) IS NOT REACHED. WRNLEV IS  5

          RESI PRPA        0.00
*** WARNING **** residue IBUT already exists (old one deleted)

      ***** LEVEL  1 WARNING FROM <RTFRDR> *****
      ***** Residue already exists.
      ******************************************
      BOMLEV ( -2) IS NOT REACHED. WRNLEV IS  5

          RESI IBUT        0.00
*** WARNING **** residue OCOH already exists (old one deleted)

      ***** LEVEL  1 WARNING FROM <RTFRDR> *****
      ***** Residue already exists.
      ******************************************
      BOMLEV ( -2) IS NOT REACHED. WRNLEV IS  5

          RESI OCOH    0.0
*** WARNING **** residue CO3  already exists (old one deleted)

      ***** LEVEL  1 WARNING FROM <RTFRDR> *****
      ***** Residue already exists.
      ******************************************
      BOMLEV ( -2) IS NOT REACHED. WRNLEV IS  5

          RESI CO3  -2.0
*** WARNING **** residue C3   already exists (old one deleted)

      ***** LEVEL  1 WARNING FROM <RTFRDR> *****
      ***** Residue already exists.
      ******************************************
      BOMLEV ( -2) IS NOT REACHED. WRNLEV IS  5

          RESI C3    0.00
 There were  42 warning(s) from RTFRDR.
  
 CHARMM>     
  
 CHARMM>    read para card flex append

          PARAMETER FILE BEING READ FROM UNIT 97
 RDTITL>  
 RDTITL> No title read.
 PARMIO> NONBOND, HBOND lists and IMAGE atoms cleared.
  
 CHARMM>     
  
 CHARMM>    return
 VCLOSE: Closing unit   97 with status "KEEP"

                    RETURNING TO INPUT STREAM    98
  
 CHARMM>    stream toppar/toppar_all36_prot_modify_res.str
 VOPEN> Attempting to open::toppar/toppar_all36_prot_modify_res.str::
 OPNLGU> Unit 97 opened for READONLY access to toppar/toppar_all36_prot_modify_res.str

                    INPUT STREAM SWITCHING TO UNIT    97
 RDTITL> * TOPPAR FILE FOR VARIOUS MODIFIED RESIDUES AND PATCHES, INCLUDING
 RDTITL> * PATCHES TO COVALENTLY LINK RESIDUES TO IONS TO WORK WITH THE
 RDTITL> * ADDITIVE C36 PROTEIN FORCE FIELD
 RDTITL> * REQUIRES CGENFF PARAMETER FILE
 RDTITL> *
 Parameter: IN1 <- "" <empty>
  
 CHARMM>     
  
 CHARMM>    !Acetyllysine (ALY)
 CHARMM>    !Norleucine (NLE) and
 CHARMM>    ! residues and patches for Zn-protein interactions modeled using
 CHARMM>    ! bond and angles between the protein and Zn.
 CHARMM>     
  
 CHARMM>    !non-standard amino acids: 2021
 CHARMM>    !Croitoru, A., Park, S.-J., Kumar, A., Lee, J., Im, Wonpil; MacKerell,
 CHARMM>    !A.D., Jr., and Aleksandrov, A. Additive CHARMM36 Force Field for
 CHARMM>    !Nonstandard Amino Acids, Journal of Chemical Theory and Computation,
 CHARMM>    !17:3554-3570, doi: 10.1021/acs.jctc.1c00254.
 CHARMM>     
  
 CHARMM>    read rtf card append
 MAINIO> Residue topology file being read from unit  97.
 RDTITL> * TOPPAR FILE PROTEIN MODIFICATIONS
 RDTITL> *
*** WARNING **** residue CGU  already exists (old one deleted)

      ***** LEVEL  1 WARNING FROM <RTFRDR> *****
      ***** Residue already exists.
      ******************************************
      BOMLEV ( -2) IS NOT REACHED. WRNLEV IS  5

          RESI CGU              -2.000
*** WARNING **** residue CME  already exists (old one deleted)

      ***** LEVEL  1 WARNING FROM <RTFRDR> *****
      ***** Residue already exists.
      ******************************************
      BOMLEV ( -2) IS NOT REACHED. WRNLEV IS  5

          RESI CME               0.000
*** WARNING **** residue HIC  already exists (old one deleted)

      ***** LEVEL  1 WARNING FROM <RTFRDR> *****
      ***** Residue already exists.
      ******************************************
      BOMLEV ( -2) IS NOT REACHED. WRNLEV IS  5

          RESI HIC               0.000
*** WARNING **** residue HICP already exists (old one deleted)

      ***** LEVEL  1 WARNING FROM <RTFRDR> *****
      ***** Residue already exists.
      ******************************************
      BOMLEV ( -2) IS NOT REACHED. WRNLEV IS  5

          RESI HICP              1.000
*** WARNING **** residue CGUP already exists (old one deleted)

      ***** LEVEL  1 WARNING FROM <RTFRDR> *****
      ***** Residue already exists.
      ******************************************
      BOMLEV ( -2) IS NOT REACHED. WRNLEV IS  5

          RESI CGUP             -1.000
 There were   5 warning(s) from RTFRDR.
  
 CHARMM>     
  
 CHARMM>    read para card append flex

          PARAMETER FILE BEING READ FROM UNIT 97
 RDTITL>  
 RDTITL> No title read.
 PARMIO> NONBOND, HBOND lists and IMAGE atoms cleared.
  
 CHARMM>     
  
 CHARMM>    return
 VCLOSE: Closing unit   97 with status "KEEP"

                    RETURNING TO INPUT STREAM    98
  
 CHARMM>     
  
 CHARMM>    ! Additional topologies and parameters for nucleic acids
 CHARMM>    stream toppar/toppar_all36_na_nad_ppi.str
 VOPEN> Attempting to open::toppar/toppar_all36_na_nad_ppi.str::
 OPNLGU> Unit 97 opened for READONLY access to toppar/toppar_all36_na_nad_ppi.str

                    INPUT STREAM SWITCHING TO UNIT    97
 RDTITL> * CHARMM36 ALL-HYDROGEN NUCLEIC ACID FORCE TOPPAR STREAM FILE
 RDTITL> * NAD+, NADH, ADP, ATP, PPI AND RELATED ANALOGS
 RDTITL> * A.D. MACKERELL, JR., JULY 2001
 RDTITL> * STREAM FOLLOWING RTF AND PARAM READ OF
 RDTITL> *
 Parameter: IN1 <- "" <empty>
  
 CHARMM>     
  
 CHARMM>    !Update, 2015/1, nomenclature for NAD+ etc. consistent with PDB
 CHARMM>     
  
 CHARMM>    !Parent files that have to be read prior to streaming this file
 CHARMM>    !top_all36_na.rtf
 CHARMM>    !par_all36_na.prm
 CHARMM>     
  
 CHARMM>    !Testcase
 CHARMM>    !test_all36_na_nad_ppi.inp
 CHARMM>     
  
 CHARMM>    !Reference
 CHARMM>    !Pavelites, J.J., Bash, P.A., Gao, J., and MacKerell, Jr.,
 CHARMM>    !A.D. A Molecular Mechanics Force Field for NAD+, NADH and the
 CHARMM>    !Pyrophosphate Groups of Nucleotides, Journal of Computational
 CHARMM>    !Chemistry, 1997, 18: 221-239.
 CHARMM>     
  
 CHARMM>    read rtf card append
 MAINIO> Residue topology file being read from unit  97.
 RDTITL> * NAD, PPI TOPOLOGY
 RDTITL> *
*** WARNING **** residue NIC  already exists (old one deleted)

      ***** LEVEL  1 WARNING FROM <RTFRDR> *****
      ***** Residue already exists.
      ******************************************
      BOMLEV ( -2) IS NOT REACHED. WRNLEV IS  5

          RESI NIC         1.00
*** WARNING **** residue NICH already exists (old one deleted)

      ***** LEVEL  1 WARNING FROM <RTFRDR> *****
      ***** Residue already exists.
      ******************************************
      BOMLEV ( -2) IS NOT REACHED. WRNLEV IS  5

          RESI NICH         0.00
*** WARNING **** residue PPI1 already exists (old one deleted)

      ***** LEVEL  1 WARNING FROM <RTFRDR> *****
      ***** Residue already exists.
      ******************************************
      BOMLEV ( -2) IS NOT REACHED. WRNLEV IS  5

          RESI PPI1        -3.00
*** WARNING **** residue PPI2 already exists (old one deleted)

      ***** LEVEL  1 WARNING FROM <RTFRDR> *****
      ***** Residue already exists.
      ******************************************
      BOMLEV ( -2) IS NOT REACHED. WRNLEV IS  5

          RESI PPI2        -2.00
*** WARNING **** residue AMP  already exists (old one deleted)

      ***** LEVEL  1 WARNING FROM <RTFRDR> *****
      ***** Residue already exists.
      ******************************************
      BOMLEV ( -2) IS NOT REACHED. WRNLEV IS  5

          RESI AMP         -2.00
*** WARNING **** residue ADP  already exists (old one deleted)

      ***** LEVEL  1 WARNING FROM <RTFRDR> *****
      ***** Residue already exists.
      ******************************************
      BOMLEV ( -2) IS NOT REACHED. WRNLEV IS  5

          RESI ADP         -3.00
*** WARNING **** residue ATP  already exists (old one deleted)

      ***** LEVEL  1 WARNING FROM <RTFRDR> *****
      ***** Residue already exists.
      ******************************************
      BOMLEV ( -2) IS NOT REACHED. WRNLEV IS  5

          RESI ATP         -4.00
*** WARNING **** residue 5DP  already exists (old one deleted)

      ***** LEVEL  1 WARNING FROM <RTFRDR> *****
      ***** Residue already exists.
      ******************************************
      BOMLEV ( -2) IS NOT REACHED. WRNLEV IS  5

          PRES 5DP         -3.00
*** WARNING **** residue NAD  already exists (old one deleted)

      ***** LEVEL  1 WARNING FROM <RTFRDR> *****
      ***** Residue already exists.
      ******************************************
      BOMLEV ( -2) IS NOT REACHED. WRNLEV IS  5

          RESI NAD         -1.00
*** WARNING **** residue NADH already exists (old one deleted)

      ***** LEVEL  1 WARNING FROM <RTFRDR> *****
      ***** Residue already exists.
      ******************************************
      BOMLEV ( -2) IS NOT REACHED. WRNLEV IS  5

          RESI NADH        -2.00
*** WARNING **** residue NADP already exists (old one deleted)

      ***** LEVEL  1 WARNING FROM <RTFRDR> *****
      ***** Residue already exists.
      ******************************************
      BOMLEV ( -2) IS NOT REACHED. WRNLEV IS  5

          RESI NADP        -2.00
*** WARNING **** residue NDPH already exists (old one deleted)

      ***** LEVEL  1 WARNING FROM <RTFRDR> *****
      ***** Residue already exists.
      ******************************************
      BOMLEV ( -2) IS NOT REACHED. WRNLEV IS  5

          RESI NDPH        -3.00
 There were  12 warning(s) from RTFRDR.
  
 CHARMM>     
  
 CHARMM>    read para card flex append

          PARAMETER FILE BEING READ FROM UNIT 97
 RDTITL> * NAD, PPI PARAMETERS
 RDTITL> *
 PARMIO> NONBOND, HBOND lists and IMAGE atoms cleared.
  
 CHARMM>     
  
 CHARMM>     
  
 VCLOSE: Closing unit   97 with status "KEEP"

                    RETURNING TO INPUT STREAM    98
  
 CHARMM>    stream toppar/toppar_all36_na_rna_modified.str
 VOPEN> Attempting to open::toppar/toppar_all36_na_rna_modified.str::
 OPNLGU> Unit 97 opened for READONLY access to toppar/toppar_all36_na_rna_modified.str

                    INPUT STREAM SWITCHING TO UNIT    97
 RDTITL> * ADDITIVE CHARMM FORCE FIELD FOR MODIFIED RIBONUCLEIC ACIDS, INCLUDING
 RDTITL> * THOSE FOUNDS IN TRNA. YOU XU, KAROLINSKA INSTITUTET, 2015.
 RDTITL> * |
 RDTITL> * WARNING: PARAMETERS AND ATOM TYPE ASSIGNMENTS IN THIS FILE ARE SPECIFIC
 RDTITL> * FOR THESE COMPOUNDS AND SHOULD UNDER NO CIRCUMSTANCES BE APPLIED TO
 RDTITL> * OTHER ORGANIC MOLECULES
 RDTITL> *
 Parameter: IN1 <- "" <empty>
  
 CHARMM>     
  
 CHARMM>    ! Xu, Y., Vanommeslaeghe, K., Aleksandrov, A., MacKerell, A.D.,
 CHARMM>    ! Jr. Nilsson, L., “Additive CHARMM force field for naturally
 CHARMM>    ! occurring modified ribonucleotides,” Journal of Computational
 CHARMM>    !  Chemistry, DOI: 10.1002/jcc.24307, 2016
 CHARMM>     
  
 CHARMM>    ! Should be used with parent files CGenFF: top_all36_cgenff.inp and par_all36_cgenff.inp
 CHARMM>    !                                    NA36: top_all36_na.inp and par_all36_na.inp
 CHARMM>    !                              and Carb36: top_all36_carb.inp and par_all36_carb.inp
 CHARMM>    !
 CHARMM>     
  
 CHARMM>    read rtf card append
 MAINIO> Residue topology file being read from unit  97.
 RDTITL> * TOPOLOGIES OF MODIFIED NUCLEOTIDES
 RDTITL> *
*** WARNING **** residue BUG  already exists (old one deleted)

      ***** LEVEL  1 WARNING FROM <RTFRDR> *****
      ***** Residue already exists.
      ******************************************
      BOMLEV ( -2) IS NOT REACHED. WRNLEV IS  5

          RESI BUG           -1.00
 There were   1 warning(s) from RTFRDR.
  
 CHARMM>     
  
 CHARMM>    read param card flex append

          PARAMETER FILE BEING READ FROM UNIT 97
 RDTITL> * ADDITIVE CHARMM PARAMETERS FOR MODIFIED NUCLEIC ACIDS, BETA VERSION
 RDTITL> * YOU XU, KAROLINSKA INSTITUTET, 2015.
 RDTITL> *
 PARMIO> NONBOND, HBOND lists and IMAGE atoms cleared.
  
 CHARMM>    RETURN
 VCLOSE: Closing unit   97 with status "KEEP"

                    RETURNING TO INPUT STREAM    98
  
 CHARMM>     
  
 CHARMM>    ! Additional topologies and parameters for lipids
 CHARMM>    stream toppar/toppar_all36_lipid_sphingo.str
 VOPEN> Attempting to open::toppar/toppar_all36_lipid_sphingo.str::
 OPNLGU> Unit 97 opened for READONLY access to toppar/toppar_all36_lipid_sphingo.str

                    INPUT STREAM SWITCHING TO UNIT    97
 RDTITL> * TOPPAR STREAM FOR CERAMIDES AND SPINGOMYELINS; REQUIRES FLEX FORMAT FILES
 RDTITL> * TOP_ALL36_LIPID.RTF AND PAR_ALL36_LIPID.PRM
 RDTITL> *
 Parameter: IN1 <- "" <empty>
  
 CHARMM>     
  
 CHARMM>    ! REFERENCES
 CHARMM>    !
 CHARMM>    ! PSM and SSM Lipids
 CHARMM>    !
 CHARMM>    ! Venable, R. M.; Sodt, A. J.; Rogaski, B.; Rui, H.; Hatcher, E.; MacKerell, A. D.;
 CHARMM>    ! Pastor, R. W.; Klauda, J. B., CHARMM All-Atom Additive Force Field for Sphingomyelin:
 CHARMM>    ! Elucidation of Hydrogen Bonding and of Positive Curvature. Biophys. J. 2014, 107 (1), 134-145
 CHARMM>    !
 CHARMM>    ! Ceramide
 CHARMM>    !
 CHARMM>    ! Submited by Sam Tonddast-Navaei of U. Cincinnati. Advised by Russell Devane
 CHARMM>    ! Tested by Eric Wang of U. Maryland. Advised by Jeffery Klauda
 CHARMM>    !
 CHARMM>    !
 CHARMM>    ! CerAP/Cer6, CerNP/Cer3, and CerEOS/Cer1
 CHARMM>    !
 CHARMM>    ! Wang, E.; Klauda, J. B., Structure and Permeability of Ceramide Bilayers and Multilayers.
 CHARMM>    ! J. Phys. Chem. B., 2019, 123, 11, 2525-2535
 CHARMM>    ! Wang, E.; Klauda, J. B., Molecular Structure of the Long Periodicity Phase in the Stratum Corneum.
 CHARMM>    ! J. Amer. Chem. Soc., 2019. 141, 42, 16930-16943
 CHARMM>     
  
 CHARMM>    set nat ?NATC
 RDCMND substituted energy or value "?NATC" to "585"
 Parameter: NAT <- "585"
  
 CHARMM>    set app
 Parameter: APP <- "" <empty>
  
 CHARMM>    !We're exploiting what is arguably a bug in the parser. On the left hand side,
 CHARMM>    !the quotes have proirity, so NAT is correctly substituted. On the right hand
 CHARMM>    !side, the ? has priority and NATC" (sic) is not a valid substitution...
 CHARMM>    if "@NAT" ne "?NATC" if @nat ne 0 set app append
 Parameter: NAT -> "585"
 Parameter: NAT -> "585"
 RDCMND: can not substitute energy "?NATC""
 Comparing ""585"" and ""?NATC"".
 IF test evaluated as true.  Performing command
 Comparing "585" and "0".
 IF test evaluated as true.  Performing command
 Parameter: APP <- "APPEND"
  
 CHARMM>     
  
 CHARMM>    read rtf card @app
 Parameter: APP -> "APPEND"
 MAINIO> Residue topology file being read from unit  97.
 RDTITL> * CER/SM RESIDUES
 RDTITL> *
  
 CHARMM>     
  
 CHARMM>    read para card flex @app
 Parameter: APP -> "APPEND"

          PARAMETER FILE BEING READ FROM UNIT 97
 RDTITL> * NEW PARAMETERS
 RDTITL> *
 PARRDR> Error: Repeated DIHE parameter ( 14756): NHL   C     CTO1  HAL1 is replaced
 PARRDR> Error: Repeated DIHE parameter ( 14777): O     C     CTO1  HAL1 is replaced
 PARMIO> NONBOND, HBOND lists and IMAGE atoms cleared.
  
 CHARMM>     
  
 CHARMM>    return
 VCLOSE: Closing unit   97 with status "KEEP"

                    RETURNING TO INPUT STREAM    98
  
 CHARMM>    stream toppar/toppar_all36_lipid_archaeal.str
 VOPEN> Attempting to open::toppar/toppar_all36_lipid_archaeal.str::
 OPNLGU> Unit 97 opened for READONLY access to toppar/toppar_all36_lipid_archaeal.str

                    INPUT STREAM SWITCHING TO UNIT    97
 RDTITL> * TOPPAR STREAM FILE FOR ARCHAEAL LIPIDS.
 RDTITL> *
 Parameter: IN1 <- "" <empty>
  
 CHARMM>     
  
 CHARMM>    ! This is an on-going file of archaeal lipids
 CHARMM>    ! I am adding meanquinone-7 now
 CHARMM>     
  
 CHARMM>    read rtf card append
 MAINIO> Residue topology file being read from unit  97.
 RDTITL> * ARCHAEAL LIPIDS
 RDTITL> *
  
 CHARMM>     
  
 CHARMM>    read param card flex append

          PARAMETER FILE BEING READ FROM UNIT 97
 RDTITL> * PARAMETERS GENERATED BY ANALOGY BY CGENFF
 RDTITL> *
 PARMIO> NONBOND, HBOND lists and IMAGE atoms cleared.
  
 CHARMM>     
  
 CHARMM>    RETURN
 VCLOSE: Closing unit   97 with status "KEEP"

                    RETURNING TO INPUT STREAM    98
  
 CHARMM>    stream toppar/toppar_all36_lipid_bacterial.str
 VOPEN> Attempting to open::toppar/toppar_all36_lipid_bacterial.str::
 OPNLGU> Unit 97 opened for READONLY access to toppar/toppar_all36_lipid_bacterial.str

                    INPUT STREAM SWITCHING TO UNIT    97
 RDTITL> * TOPPAR STREAM FILE FOR BRANCHED AND CYCLIC CHAINED LIPIDS.  FOLLOWING READING OF
 RDTITL> * TOP_ALL36_LIPID.RTF
 RDTITL> * AND
 RDTITL> * PAR_ALL36_LIPID.RTF
 RDTITL> *
 Parameter: IN1 <- "" <empty>
  
 CHARMM>     
  
 CHARMM>    ! REFERENCES
 CHARMM>    !
 CHARMM>    ! Branched Lipids
 CHARMM>    !
 CHARMM>    ! Lim, J.B. & Klauda, J.B. Branching at the Iso- and Anteiso- Positions in Complex Chlamydia
 CHARMM>    ! Membranes: A Molecular Dynamics Study. Biochimica et Biophysica Acta (BBA) - Biomembranes
 CHARMM>    ! 1808:323-331 (2011).
 CHARMM>    !
 CHARMM>    ! Cyclic-replacement of double bond
 CHARMM>    !
 CHARMM>    ! Pandit, K.R. & Klauda, J.B. Membrane models of E. coli containing cyclic moieties in
 CHARMM>    ! the aliphatic lipid chain. Biochimica et Biophysica Acta (BBA) - Biomembranes
 CHARMM>    ! 1818:1205-1210 (2012).
 CHARMM>    !
 CHARMM>     
  
 CHARMM>    set nat ?NATC
 RDCMND substituted energy or value "?NATC" to "590"
 Parameter: NAT <- "590"
  
 CHARMM>    set app
 Parameter: APP <- "" <empty>
  
 CHARMM>    !We're exploiting what is arguably a bug in the parser. On the left hand side,
 CHARMM>    !the quotes have proirity, so NAT is correctly substituted. On the right hand
 CHARMM>    !side, the ? has priority and NATC" (sic) is not a valid substitution...
 CHARMM>    if "@NAT" ne "?NATC" if @nat ne 0 set app append
 Parameter: NAT -> "590"
 Parameter: NAT -> "590"
 RDCMND: can not substitute energy "?NATC""
 Comparing ""590"" and ""?NATC"".
 IF test evaluated as true.  Performing command
 Comparing "590" and "0".
 IF test evaluated as true.  Performing command
 Parameter: APP <- "APPEND"
  
 CHARMM>     
  
 CHARMM>    read rtf card @app
 Parameter: APP -> "APPEND"
 MAINIO> Residue topology file being read from unit  97.
 RDTITL> * CHOLESTEROL RESIDUES
 RDTITL> *
  
 CHARMM>     
  
 CHARMM>    read para card flex @app
 Parameter: APP -> "APPEND"

          PARAMETER FILE BEING READ FROM UNIT 97
 RDTITL> * NEW PARAMETERS
 RDTITL> *
 PARMIO> NONBOND, HBOND lists and IMAGE atoms cleared.
  
 CHARMM>     
  
 CHARMM>    return
 VCLOSE: Closing unit   97 with status "KEEP"

                    RETURNING TO INPUT STREAM    98
  
 CHARMM>    stream toppar/toppar_all36_lipid_cardiolipin.str
 VOPEN> Attempting to open::toppar/toppar_all36_lipid_cardiolipin.str::
 OPNLGU> Unit 97 opened for READONLY access to toppar/toppar_all36_lipid_cardiolipin.str

                    INPUT STREAM SWITCHING TO UNIT    97
 RDTITL> READ RTF CARD APPEND FLEX
 RDTITL> No title read.
 Parameter: IN1 <- "" <empty>
  
 CHARMM>    read rtf card append flex
 MAINIO> Residue topology file being read from unit  97.
 RDTITL>  
 RDTITL> No title read.
 WARNING from DECODI -- Zero length string being converted to 0
 RTFRDR> WARNING: Version number is NOT specified.
  
 CHARMM>     
  
 CHARMM>    return
 VCLOSE: Closing unit   97 with status "KEEP"

                    RETURNING TO INPUT STREAM    98
  
 CHARMM>    stream toppar/toppar_all36_lipid_cholesterol.str
 VOPEN> Attempting to open::toppar/toppar_all36_lipid_cholesterol.str::
 OPNLGU> Unit 97 opened for READONLY access to toppar/toppar_all36_lipid_cholesterol.str

                    INPUT STREAM SWITCHING TO UNIT    97
 RDTITL> * TOPPAR STREAM FILE FOR CHOLESTEROL.  STREAM FOLLOWING READING OF
 RDTITL> * TOP_ALL36_LIPID.RTF
 RDTITL> * PAR_ALL36_LIPID.RTF
 RDTITL> * TOP_ALL36_CGENFF.RTF
 RDTITL> * AND PAR_ALL36_CGENFF.PRM
 RDTITL> *
 Parameter: IN1 <- "" <empty>
  
 CHARMM>     
  
 CHARMM>    !topology and parameters are included for two cholesterol models. the
 CHARMM>    !model may be selected by setting variable chol_model to 1 or 2, as
 CHARMM>    !specified below
 CHARMM>    !
 CHARMM>     
  
 CHARMM>    set chol_model 1 !2 for original Suits et al. model
 Parameter: CHOL_MODEL <- "1"
  
 CHARMM>     
  
 CHARMM>    !
 CHARMM>    !1) Revised model of Lim et al.  This contains a number of NBFIXes that
 CHARMM>    !makes it unsuitable for ANTON (set chol_model 1)
 CHARMM>    !
 CHARMM>    !2) Original model of Suits et al., which is used on ANTON as well as
 CHARMM>    !being suitable for other systems (set chol_model 2 (or anything but 1....))
 CHARMM>    !
 CHARMM>    !references
 CHARMM>    !
 CHARMM>    !Lim, J.B., Rogaski, B. and Klauda, J.B.. "Update of the Cholesterol Force Field
 CHARMM>    !Parameters in CHARMM" 116: 203-210 (2012).
 CHARMM>    !
 CHARMM>    !Suits, F., Pitman, M., MacKerell, A.D., Jr., Feller, S.E. "Molecular Level
 CHARMM>    !Organization of Saturated and Polyunsaturated Fatty Acids in a
 CHARMM>    !Phosphatidylcholine Bilayer Containing Cholesterol" Biochemistry,
 CHARMM>    !43(49):15318-28, 2004
 CHARMM>    !
 CHARMM>     
  
 CHARMM>    !test "append"
 CHARMM>    set nat ?NATC
 RDCMND substituted energy or value "?NATC" to "590"
 Parameter: NAT <- "590"
  
 CHARMM>    set app
 Parameter: APP <- "" <empty>
  
 CHARMM>    !We're exploiting what is arguably a bug in the parser. On the left hand side,
 CHARMM>    !the quotes have priority, so NAT is correctly substituted. On the right hand
 CHARMM>    !side, the ? has priority and NATC" (sic) is not a valid substitution...
 CHARMM>    if "@NAT" ne "?NATC" if @nat ne 0 set app append
 Parameter: NAT -> "590"
 Parameter: NAT -> "590"
 RDCMND: can not substitute energy "?NATC""
 Comparing ""590"" and ""?NATC"".
 IF test evaluated as true.  Performing command
 Comparing "590" and "0".
 IF test evaluated as true.  Performing command
 Parameter: APP <- "APPEND"
  
 CHARMM>     
  
 CHARMM>    if chol_model eq 1 then
 Comparing "1" and "1".
 IF test evaluated as true.  Performing command
  
 CHARMM>     
  
 CHARMM>    ! reference
 CHARMM>    ! Lim, J.B., Rogaski, B. and Klauda, J.B.. "Update of the Cholesterol Force Field
 CHARMM>    ! Parameters in CHARMM" 116: 203-210 (2012).
 CHARMM>    !
 CHARMM>     
  
 CHARMM>    read rtf card @app
 Parameter: APP -> "APPEND"
 MAINIO> Residue topology file being read from unit  97.
 RDTITL> * TOPOLOGY FOR CHOLESTEROL
 RDTITL> *
  
 CHARMM>     
  
 CHARMM>    read param card flex @app
 Parameter: APP -> "APPEND"

          PARAMETER FILE BEING READ FROM UNIT 97
 RDTITL> * CHOLESTEROL PARAMETERS
 RDTITL> *
 PARRDR> Error: Repeated DIHE parameter ( 15116): OG31  CG30  CG3C  CG3C is replaced
 PARRDR> Error: Repeated DIHE parameter ( 15117): OG31  CG30  CG3C  CG3R is replaced
 PARRDR> Error: Repeated DIHE parameter ( 15118): OG31  CG30  CG3C  HGA1 is replaced
 PARRDR> Error: Repeated DIHE parameter ( 15116): OG31  CG30  CG3C  CG3C is replaced
 PARRDR> Error: Repeated DIHE parameter ( 15117): OG31  CG30  CG3C  CG3R is replaced
 PARRDR> Error: Repeated DIHE parameter ( 15118): OG31  CG30  CG3C  HGA1 is replaced
 PARMIO> NONBOND, HBOND lists and IMAGE atoms cleared.
  
 CHARMM>     
  
 CHARMM>    return
 VCLOSE: Closing unit   97 with status "KEEP"

                    RETURNING TO INPUT STREAM    98
  
 CHARMM>    stream toppar/toppar_all36_lipid_dag.str
 VOPEN> Attempting to open::toppar/toppar_all36_lipid_dag.str::
 OPNLGU> Unit 97 opened for READONLY access to toppar/toppar_all36_lipid_dag.str

                    INPUT STREAM SWITCHING TO UNIT    97
 RDTITL> READ RTF CARD APPEND
 RDTITL> No title read.
 Parameter: IN1 <- "" <empty>
  
 CHARMM>    read rtf card append
 MAINIO> Residue topology file being read from unit  97.
 RDTITL> * TOPOLOGY FOR LIPIDA FROM DAG
 RDTITL> *
  
 VCLOSE: Closing unit   97 with status "KEEP"

                    RETURNING TO INPUT STREAM    98
  
 CHARMM>    stream toppar/toppar_all36_lipid_inositol.str
 VOPEN> Attempting to open::toppar/toppar_all36_lipid_inositol.str::
 OPNLGU> Unit 97 opened for READONLY access to toppar/toppar_all36_lipid_inositol.str

                    INPUT STREAM SWITCHING TO UNIT    97
 RDTITL> READ RTF CARD APPEND
 RDTITL> No title read.
 Parameter: IN1 <- "" <empty>
  
 CHARMM>    read rtf card append
 MAINIO> Residue topology file being read from unit  97.
 RDTITL> * TOPOLOGY FOR INOSITOL-BASED LIPIDS
 RDTITL> *
  
 CHARMM>     
  
 CHARMM>    RETURN
 VCLOSE: Closing unit   97 with status "KEEP"

                    RETURNING TO INPUT STREAM    98
  
 CHARMM>    stream toppar/toppar_all36_lipid_lnp.str
 VOPEN> Attempting to open::toppar/toppar_all36_lipid_lnp.str::
 OPNLGU> Unit 97 opened for READONLY access to toppar/toppar_all36_lipid_lnp.str

                    INPUT STREAM SWITCHING TO UNIT    97
 RDTITL> READ RTF CARD APPEND
 RDTITL> No title read.
 Parameter: IN1 <- "" <empty>
  
 CHARMM>    read rtf card append
 MAINIO> Residue topology file being read from unit  97.
 RDTITL> * LNP
 RDTITL> *

      ***** LEVEL  1 WARNING FROM <DECODF> *****
      ***** Zero length string
      ******************************************
      BOMLEV ( -2) IS NOT REACHED. WRNLEV IS  5

 WARNING from DECODF -- Zero length string being converted to 0.
 **** WARNING from RTFRDR **** The total charge of the residue, DAGP,  -0.0100000,
 does not equal the expected charge,   0.0000000.

      ***** LEVEL  1 WARNING FROM <DECODF> *****
      ***** Zero length string
      ******************************************
      BOMLEV ( -2) IS NOT REACHED. WRNLEV IS  5

 WARNING from DECODF -- Zero length string being converted to 0.
          PRES DPEPEG
 **** WARNING from RTFRDR **** The total charge of the residue, DPEP,  -0.0100000,
 does not equal the expected charge,   0.0000000.
 There were   2 warning(s) from RTFRDR.
  
 CHARMM>     
  
 CHARMM>    read param card flex append

          PARAMETER FILE BEING READ FROM UNIT 97
 RDTITL> * LNP
 RDTITL> *
 PARMIO> NONBOND, HBOND lists and IMAGE atoms cleared.
  
 CHARMM>     
  
 CHARMM>    RETURN
 VCLOSE: Closing unit   97 with status "KEEP"

                    RETURNING TO INPUT STREAM    98
  
 CHARMM>    stream toppar/toppar_all36_lipid_lps.str
 VOPEN> Attempting to open::toppar/toppar_all36_lipid_lps.str::
 OPNLGU> Unit 97 opened for READONLY access to toppar/toppar_all36_lipid_lps.str

                    INPUT STREAM SWITCHING TO UNIT    97
 RDTITL> READ RTF CARD APPEND
 RDTITL> No title read.
 Parameter: IN1 <- "" <empty>
  
 CHARMM>    read rtf card append
 MAINIO> Residue topology file being read from unit  97.
 RDTITL> * TOPOLOGY FOR LIPIDA FROM LPS
 RDTITL> *
 WARNING from DECODI -- Zero length string being converted to 0
 RTFRDR> WARNING: Version number is NOT specified.
  
 CHARMM>     
  
 CHARMM>     
  
 CHARMM>    read param card append flex

          PARAMETER FILE BEING READ FROM UNIT 97
 RDTITL> *    NEW PARAMETES
 RDTITL> *
 PARMIO> NONBOND, HBOND lists and IMAGE atoms cleared.
  
 CHARMM>     
  
 VCLOSE: Closing unit   97 with status "KEEP"

                    RETURNING TO INPUT STREAM    98
  
 CHARMM>    stream toppar/toppar_all36_lipid_mycobacterial.str
 VOPEN> Attempting to open::toppar/toppar_all36_lipid_mycobacterial.str::
 OPNLGU> Unit 97 opened for READONLY access to toppar/toppar_all36_lipid_mycobacterial.str

                    INPUT STREAM SWITCHING TO UNIT    97
 RDTITL> * TOPPAR STREAM FILE FOR BRANCHED AND CYCLIC CHAINED LIPIDS.  FOLLOWING READING OF
 RDTITL> * TOP_ALL36_LIPID.RTF, PAR_ALL36_LIPID.PRM
 RDTITL> * AND
 RDTITL> * TOPPAR_ALL36_LIPID_BACTERIAL.STR
 RDTITL> *
 Parameter: IN1 <- "" <empty>
  
 CHARMM>     
  
 CHARMM>    read rtf card append
 MAINIO> Residue topology file being read from unit  97.
 RDTITL> * CHOLESTEROL RESIDUES
 RDTITL> *
  
 CHARMM>     
  
 CHARMM>    read para card flex @app
 Parameter: APP -> "APPEND"

          PARAMETER FILE BEING READ FROM UNIT 97
 RDTITL> * NEW PARAMETERS
 RDTITL> *
 PARRDR> Error: Repeated ANGLE parameter (  5023): CEL1  CEL1  CTL1 is replaced
 PARRDR> Error: Repeated DIHE parameter ( 15363): CTL2  CG2O  CTL1  CTL3 is replaced
 PARRDR> Error: Repeated DIHE parameter ( 15364): CTL2  CG2O  CTL1  CTL3 is replaced
 PARRDR> Error: Repeated DIHE parameter ( 15363): CTL2  CG2O  CTL1  CTL3 is replaced
 PARRDR> Error: Repeated DIHE parameter ( 15364): CTL2  CG2O  CTL1  CTL3 is replaced
 PARMIO> NONBOND, HBOND lists and IMAGE atoms cleared.
  
 CHARMM>     
  
 CHARMM>    RETURN
 VCLOSE: Closing unit   97 with status "KEEP"

                    RETURNING TO INPUT STREAM    98
  
 CHARMM>    stream toppar/toppar_all36_lipid_miscellaneous.str
 VOPEN> Attempting to open::toppar/toppar_all36_lipid_miscellaneous.str::
 OPNLGU> Unit 97 opened for READONLY access to toppar/toppar_all36_lipid_miscellaneous.str

                    INPUT STREAM SWITCHING TO UNIT    97
 RDTITL> READ RTF CARD APPEND FLEX
 RDTITL> No title read.
 Parameter: IN1 <- "" <empty>
  
 CHARMM>    read rtf card append flex
 MAINIO> Residue topology file being read from unit  97.
 RDTITL> * TOPOLOGY FOR MISCELLANEOUS LIPIDS
 RDTITL> *
  
 CHARMM>     
  
 CHARMM>    read param card flex append

          PARAMETER FILE BEING READ FROM UNIT 97
 RDTITL> * PARAMETER FOR ACYL PYROPHOSPHATE: ADDED 2019_7
 RDTITL> *
 PARMIO> NONBOND, HBOND lists and IMAGE atoms cleared.
  
 CHARMM>     
  
 CHARMM>    return
 VCLOSE: Closing unit   97 with status "KEEP"

                    RETURNING TO INPUT STREAM    98
  
 CHARMM>    stream toppar/toppar_all36_lipid_model.str
 VOPEN> Attempting to open::toppar/toppar_all36_lipid_model.str::
 OPNLGU> Unit 97 opened for READONLY access to toppar/toppar_all36_lipid_model.str

                    INPUT STREAM SWITCHING TO UNIT    97
 RDTITL> * CHARMM36 ALL-HYDROGEN LIPID FORCE FIELD TOPPAR STREAM FILE
 RDTITL> * COLLECTION OF RESIDUES AND PATCHES FOR MODEL COMPOUNDS USED
 RDTITL> * IN THE OPTIMIZATION THE LIPID FORCE FIELD.
 RDTITL> *
 Parameter: IN1 <- "" <empty>
  
 CHARMM>     
  
 CHARMM>    !Parent files that have to be read prior to streaming this file
 CHARMM>    !top_all36_lipid.rtf
 CHARMM>    !par_all36_lipid.prm
 CHARMM>     
  
 CHARMM>    !Testcase
 CHARMM>    !test_all36_lipid_model.inp
 CHARMM>     
  
 CHARMM>    read rtf card append
 MAINIO> Residue topology file being read from unit  97.
 RDTITL> * C36 LIPID MODEL COMPOUNDS
 RDTITL> *
*** WARNING **** residue MAS  already exists (old one deleted)

      ***** LEVEL  1 WARNING FROM <RTFRDR> *****
      ***** Residue already exists.
      ******************************************
      BOMLEV ( -2) IS NOT REACHED. WRNLEV IS  5

          RESI MAS          0.00
*** WARNING **** residue ETAC already exists (old one deleted)

      ***** LEVEL  1 WARNING FROM <RTFRDR> *****
      ***** Residue already exists.
      ******************************************
      BOMLEV ( -2) IS NOT REACHED. WRNLEV IS  5

          RESI ETAC         0.00
*** WARNING **** residue MPRO already exists (old one deleted)

      ***** LEVEL  1 WARNING FROM <RTFRDR> *****
      ***** Residue already exists.
      ******************************************
      BOMLEV ( -2) IS NOT REACHED. WRNLEV IS  5

          RESI MPRO         0.00
*** WARNING **** residue MP_1 already exists (old one deleted)

      ***** LEVEL  1 WARNING FROM <RTFRDR> *****
      ***** Residue already exists.
      ******************************************
      BOMLEV ( -2) IS NOT REACHED. WRNLEV IS  5

          RESI MP_1        -1.00
*** WARNING **** residue MP_2 already exists (old one deleted)

      ***** LEVEL  1 WARNING FROM <RTFRDR> *****
      ***** Residue already exists.
      ******************************************
      BOMLEV ( -2) IS NOT REACHED. WRNLEV IS  5

          RESI MP_2        -2.00
*** WARNING **** residue MSO4 already exists (old one deleted)

      ***** LEVEL  1 WARNING FROM <RTFRDR> *****
      ***** Residue already exists.
      ******************************************
      BOMLEV ( -2) IS NOT REACHED. WRNLEV IS  5

          RESI MSO4        -1.00
*** WARNING **** residue BUTA already exists (old one deleted)

      ***** LEVEL  1 WARNING FROM <RTFRDR> *****
      ***** Residue already exists.
      ******************************************
      BOMLEV ( -2) IS NOT REACHED. WRNLEV IS  5

          RESI BUTA         0.00
*** WARNING **** residue PENT already exists (old one deleted)

      ***** LEVEL  1 WARNING FROM <RTFRDR> *****
      ***** Residue already exists.
      ******************************************
      BOMLEV ( -2) IS NOT REACHED. WRNLEV IS  5

          RESI PENT         0.00
*** WARNING **** residue HEXA already exists (old one deleted)

      ***** LEVEL  1 WARNING FROM <RTFRDR> *****
      ***** Residue already exists.
      ******************************************
      BOMLEV ( -2) IS NOT REACHED. WRNLEV IS  5

          RESI HEXA         0.00
*** WARNING **** residue ETHE already exists (old one deleted)

      ***** LEVEL  1 WARNING FROM <RTFRDR> *****
      ***** Residue already exists.
      ******************************************
      BOMLEV ( -2) IS NOT REACHED. WRNLEV IS  5

          RESI ETHE       0.00
*** WARNING **** residue PRPE already exists (old one deleted)

      ***** LEVEL  1 WARNING FROM <RTFRDR> *****
      ***** Residue already exists.
      ******************************************
      BOMLEV ( -2) IS NOT REACHED. WRNLEV IS  5

          RESI PRPE       0.00
*** WARNING **** residue BTE1 already exists (old one deleted)

      ***** LEVEL  1 WARNING FROM <RTFRDR> *****
      ***** Residue already exists.
      ******************************************
      BOMLEV ( -2) IS NOT REACHED. WRNLEV IS  5

          RESI BTE1       0.00
*** WARNING **** residue BTE2 already exists (old one deleted)

      ***** LEVEL  1 WARNING FROM <RTFRDR> *****
      ***** Residue already exists.
      ******************************************
      BOMLEV ( -2) IS NOT REACHED. WRNLEV IS  5

          RESI BTE2       0.00
*** WARNING **** residue DIPE already exists (old one deleted)

      ***** LEVEL  1 WARNING FROM <RTFRDR> *****
      ***** Residue already exists.
      ******************************************
      BOMLEV ( -2) IS NOT REACHED. WRNLEV IS  5

          RESI DIPE       0.00
*** WARNING **** residue DIHE already exists (old one deleted)

      ***** LEVEL  1 WARNING FROM <RTFRDR> *****
      ***** Residue already exists.
      ******************************************
      BOMLEV ( -2) IS NOT REACHED. WRNLEV IS  5

          RESI DIHE       0.00
*** WARNING **** residue NC4  already exists (old one deleted)

      ***** LEVEL  1 WARNING FROM <RTFRDR> *****
      ***** Residue already exists.
      ******************************************
      BOMLEV ( -2) IS NOT REACHED. WRNLEV IS  5

          RESI NC4          1.00
*** WARNING **** residue NC5  already exists (old one deleted)

      ***** LEVEL  1 WARNING FROM <RTFRDR> *****
      ***** Residue already exists.
      ******************************************
      BOMLEV ( -2) IS NOT REACHED. WRNLEV IS  5

          RESI NC5          1.00
*** WARNING **** residue CHOL already exists (old one deleted)

      ***** LEVEL  1 WARNING FROM <RTFRDR> *****
      ***** Residue already exists.
      ******************************************
      BOMLEV ( -2) IS NOT REACHED. WRNLEV IS  5

          RESI CHOL         1.00
*** WARNING **** residue ACHO already exists (old one deleted)

      ***** LEVEL  1 WARNING FROM <RTFRDR> *****
      ***** Residue already exists.
      ******************************************
      BOMLEV ( -2) IS NOT REACHED. WRNLEV IS  5

          RESI ACHO         1.00
*** WARNING **** residue PC   already exists (old one deleted)

      ***** LEVEL  1 WARNING FROM <RTFRDR> *****
      ***** Residue already exists.
      ******************************************
      BOMLEV ( -2) IS NOT REACHED. WRNLEV IS  5

          RESI PC           0.00
*** WARNING **** residue GPC  already exists (old one deleted)

      ***** LEVEL  1 WARNING FROM <RTFRDR> *****
      ***** Residue already exists.
      ******************************************
      BOMLEV ( -2) IS NOT REACHED. WRNLEV IS  5

          RESI GPC          0.00
*** WARNING **** residue TEA  already exists (old one deleted)

      ***** LEVEL  1 WARNING FROM <RTFRDR> *****
      ***** Residue already exists.
      ******************************************
      BOMLEV ( -2) IS NOT REACHED. WRNLEV IS  5

          RESI TEA          1.00
*** WARNING **** residue ETAM already exists (old one deleted)

      ***** LEVEL  1 WARNING FROM <RTFRDR> *****
      ***** Residue already exists.
      ******************************************
      BOMLEV ( -2) IS NOT REACHED. WRNLEV IS  5

          RESI ETAM       1.00
*** WARNING **** residue GLYC already exists (old one deleted)

      ***** LEVEL  1 WARNING FROM <RTFRDR> *****
      ***** Residue already exists.
      ******************************************
      BOMLEV ( -2) IS NOT REACHED. WRNLEV IS  5

          RESI GLYC         0.00
*** WARNING **** residue MBUT already exists (old one deleted)

      ***** LEVEL  1 WARNING FROM <RTFRDR> *****
      ***** Residue already exists.
      ******************************************
      BOMLEV ( -2) IS NOT REACHED. WRNLEV IS  5

          RESI MBUT         0.00
 There were  25 warning(s) from RTFRDR.
  
 CHARMM>     
  
 CHARMM>    return
 VCLOSE: Closing unit   97 with status "KEEP"

                    RETURNING TO INPUT STREAM    98
  
 CHARMM>    stream toppar/toppar_all36_lipid_prot.str
 VOPEN> Attempting to open::toppar/toppar_all36_lipid_prot.str::
 OPNLGU> Unit 97 opened for READONLY access to toppar/toppar_all36_lipid_prot.str

                    INPUT STREAM SWITCHING TO UNIT    97
 RDTITL> * TOPOLOGY AND PARAMETERS FOR LIPID TAIL LINKERS TO CYSTEINE AND GLYCINE,
 RDTITL> * FOR EXAMPLE, PALMITOYLATION, MARISTOYLATION, FERNASYLATION, GERANYLATION
 RDTITL> *
 Parameter: IN1 <- "" <empty>
  
 CHARMM>     
  
 CHARMM>    read rtf card append
 MAINIO> Residue topology file being read from unit  97.
 RDTITL> * LIPID-MODIFIED PROTEIN RESIDUES
 RDTITL> *
  
 CHARMM>     
  
 CHARMM>    read para card append flex

          PARAMETER FILE BEING READ FROM UNIT 97
 RDTITL> * CYSTEIN-PALMITATE PARAMETERS
 RDTITL> *
 PARMIO> NONBOND, HBOND lists and IMAGE atoms cleared.
  
 CHARMM>     
  
 CHARMM>    return
 VCLOSE: Closing unit   97 with status "KEEP"

                    RETURNING TO INPUT STREAM    98
  
 CHARMM>    stream toppar/toppar_all36_lipid_tag.str
 VOPEN> Attempting to open::toppar/toppar_all36_lipid_tag.str::
 OPNLGU> Unit 97 opened for READONLY access to toppar/toppar_all36_lipid_tag.str

                    INPUT STREAM SWITCHING TO UNIT    97
 RDTITL> READ RTF CARD APPEND
 RDTITL> No title read.
 Parameter: IN1 <- "" <empty>
  
 CHARMM>    read rtf card append
 MAINIO> Residue topology file being read from unit  97.
 RDTITL> * TOPOLOGY FOR TRIACYLGLYCEROLS [STEPHEN GEE FROM LEHIGH UNIVERSITY]
 RDTITL> *
  
 VCLOSE: Closing unit   97 with status "KEEP"

                    RETURNING TO INPUT STREAM    98
  
 CHARMM>    stream toppar/toppar_all36_lipid_yeast.str
 VOPEN> Attempting to open::toppar/toppar_all36_lipid_yeast.str::
 OPNLGU> Unit 97 opened for READONLY access to toppar/toppar_all36_lipid_yeast.str

                    INPUT STREAM SWITCHING TO UNIT    97
 RDTITL> * TOPPAR STREAM FILE FOR BRANCHED AND CYCLIC CHAINED LIPIDS.  FOLLOWING READING OF
 RDTITL> * TOP_ALL36_LIPID.RTF
 RDTITL> * AND
 RDTITL> * PAR_ALL36_LIPID.RTF
 RDTITL> *
 Parameter: IN1 <- "" <empty>
  
 CHARMM>     
  
 CHARMM>    set nat ?NATC
 RDCMND substituted energy or value "?NATC" to "590"
 Parameter: NAT <- "590"
  
 CHARMM>    set app
 Parameter: APP <- "" <empty>
  
 CHARMM>    !We're exploiting what is arguably a bug in the parser. On the left hand side,
 CHARMM>    !the quotes have proirity, so NAT is correctly substituted. On the right hand
 CHARMM>    !side, the ? has priority and NATC" (sic) is not a valid substitution...
 CHARMM>    if "@NAT" ne "?NATC" if @nat ne 0 set app append
 Parameter: NAT -> "590"
 Parameter: NAT -> "590"
 RDCMND: can not substitute energy "?NATC""
 Comparing ""590"" and ""?NATC"".
 IF test evaluated as true.  Performing command
 Comparing "590" and "0".
 IF test evaluated as true.  Performing command
 Parameter: APP <- "APPEND"
  
 CHARMM>     
  
 CHARMM>    read rtf card @app
 Parameter: APP -> "APPEND"
 MAINIO> Residue topology file being read from unit  97.
 RDTITL> * CHOLESTEROL RESIDUES
 RDTITL> *
  
 CHARMM>     
  
 CHARMM>    read para card flex @app
 Parameter: APP -> "APPEND"

          PARAMETER FILE BEING READ FROM UNIT 97
 RDTITL> * NEW PARAMETERS
 RDTITL> *
 PARMIO> NONBOND, HBOND lists and IMAGE atoms cleared.
  
 CHARMM>     
  
 CHARMM>    return
 VCLOSE: Closing unit   97 with status "KEEP"

                    RETURNING TO INPUT STREAM    98
  
 CHARMM>    stream toppar/toppar_all36_lipid_hmmm.str
 VOPEN> Attempting to open::toppar/toppar_all36_lipid_hmmm.str::
 OPNLGU> Unit 97 opened for READONLY access to toppar/toppar_all36_lipid_hmmm.str

                    INPUT STREAM SWITCHING TO UNIT    97
 RDTITL> READ RTF CARD APPEND FLEX
 RDTITL> No title read.
 Parameter: IN1 <- "" <empty>
  
 CHARMM>    read rtf card append flex
 MAINIO> Residue topology file being read from unit  97.
 RDTITL> * TOPOLOGY FOR TERMINAL PATCHES FOR HMMM TRUNCATED LIPIDS
 RDTITL> *

      ***** LEVEL  1 WARNING FROM <DECODF> *****
      ***** Zero length string
      ******************************************
      BOMLEV ( -2) IS NOT REACHED. WRNLEV IS  5

 WARNING from DECODF -- Zero length string being converted to 0.

      ***** LEVEL  1 WARNING FROM <DECODF> *****
      ***** Zero length string
      ******************************************
      BOMLEV ( -2) IS NOT REACHED. WRNLEV IS  5

 WARNING from DECODF -- Zero length string being converted to 0.

      ***** LEVEL  1 WARNING FROM <DECODF> *****
      ***** Zero length string
      ******************************************
      BOMLEV ( -2) IS NOT REACHED. WRNLEV IS  5

 WARNING from DECODF -- Zero length string being converted to 0.

      ***** LEVEL  1 WARNING FROM <DECODF> *****
      ***** Zero length string
      ******************************************
      BOMLEV ( -2) IS NOT REACHED. WRNLEV IS  5

 WARNING from DECODF -- Zero length string being converted to 0.

      ***** LEVEL  1 WARNING FROM <DECODF> *****
      ***** Zero length string
      ******************************************
      BOMLEV ( -2) IS NOT REACHED. WRNLEV IS  5

 WARNING from DECODF -- Zero length string being converted to 0.

      ***** LEVEL  1 WARNING FROM <DECODF> *****
      ***** Zero length string
      ******************************************
      BOMLEV ( -2) IS NOT REACHED. WRNLEV IS  5

 WARNING from DECODF -- Zero length string being converted to 0.

      ***** LEVEL  1 WARNING FROM <DECODF> *****
      ***** Zero length string
      ******************************************
      BOMLEV ( -2) IS NOT REACHED. WRNLEV IS  5

 WARNING from DECODF -- Zero length string being converted to 0.

      ***** LEVEL  1 WARNING FROM <DECODF> *****
      ***** Zero length string
      ******************************************
      BOMLEV ( -2) IS NOT REACHED. WRNLEV IS  5

 WARNING from DECODF -- Zero length string being converted to 0.
  
 CHARMM>     
  
 CHARMM>    read para card flex @app
 Parameter: APP -> "APPEND"

          PARAMETER FILE BEING READ FROM UNIT 97
 RDTITL> * NEW PARAMETERS
 RDTITL> *
 PARMIO> NONBOND, HBOND lists and IMAGE atoms cleared.
  
 CHARMM>     
  
 CHARMM>    return
 VCLOSE: Closing unit   97 with status "KEEP"

                    RETURNING TO INPUT STREAM    98
  
 CHARMM>    stream toppar/toppar_all36_lipid_detergent.str
 VOPEN> Attempting to open::toppar/toppar_all36_lipid_detergent.str::
 OPNLGU> Unit 97 opened for READONLY access to toppar/toppar_all36_lipid_detergent.str

                    INPUT STREAM SWITCHING TO UNIT    97
 RDTITL> * TOPPAR STREAM FILE FOR DETERGENTS AND FATTY ACIDS.
 RDTITL> * STREAM FOLLOWING READING OF
 RDTITL> * TOP_ALL36_LIPID.RTF
 RDTITL> * AND
 RDTITL> * PAR_ALL36_LIPID.RTF
 RDTITL> *
 Parameter: IN1 <- "" <empty>
  
 CHARMM>     
  
 CHARMM>    !Additional residues added by Im lab, Aug. 2017
 CHARMM>     
  
 CHARMM>    !Fatty acids added Jan. 2016
 CHARMM>     
  
 CHARMM>    read rtf card append
 MAINIO> Residue topology file being read from unit  97.
 RDTITL> * DETERGENT AND FATTY ACID RESIDUES
 RDTITL> *
  
 CHARMM>     
  
 CHARMM>    read para card append flex

          PARAMETER FILE BEING READ FROM UNIT 97
 RDTITL> * SB3-12 AND SB3-14 PARAMETERS
 RDTITL> *
 PARMIO> NONBOND, HBOND lists and IMAGE atoms cleared.
  
 CHARMM>     
  
 CHARMM>    return
 VCLOSE: Closing unit   97 with status "KEEP"

                    RETURNING TO INPUT STREAM    98
  
 CHARMM>    stream toppar/toppar_all36_lipid_ether.str
 VOPEN> Attempting to open::toppar/toppar_all36_lipid_ether.str::
 OPNLGU> Unit 97 opened for READONLY access to toppar/toppar_all36_lipid_ether.str

                    INPUT STREAM SWITCHING TO UNIT    97
 RDTITL> * CHARMM36 ALL-HYDROGEN ETHER LIPID FORCE FIELD INCLUDING PLASMALOGENS ALISON
 RDTITL> * N. LEONARD (A. L.), 7/18 WITH RICHARD PASTOR AND JEFFERY KLAUDA, JPCB 122(26)
 RDTITL> * PP. 6744 - 6754.  ANA WEST, 1/20 WITH VALERIA ZONI, WALTER TEAGUE JR., ALISON
 RDTITL> * LEONARD, STEFANO VANNI, KLAUS GAWRISCH, STEPHANIE TRISTAM-NAGLE, JONATHAN
 RDTITL> * SACHS, AND JEFFERY KLAUDA, JPCB 124(5) PP. 828 - 839.
 RDTITL> *
 Parameter: IN1 <- "" <empty>
  
 CHARMM>     
  
 CHARMM>    !Parent files that have to be read prior to streaming this file
 CHARMM>    !top_all36_lipid.rtf
 CHARMM>    !par_all36_lipid.prm
 CHARMM>    !top_all36_cgenff.rtf
 CHARMM>    !par_all36_cgenff.prm
 CHARMM>     
  
 CHARMM>    read rtf card append
 MAINIO> Residue topology file being read from unit  97.
 RDTITL> * C36 ETHER MODEL COMPOUNDS
 RDTITL> *

      ***** LEVEL  1 WARNING FROM <DECODF> *****
      ***** Zero length string
      ******************************************
      BOMLEV ( -2) IS NOT REACHED. WRNLEV IS  5

 WARNING from DECODF -- Zero length string being converted to 0.

      ***** LEVEL  1 WARNING FROM <DECODF> *****
      ***** Zero length string
      ******************************************
      BOMLEV ( -2) IS NOT REACHED. WRNLEV IS  5

 WARNING from DECODF -- Zero length string being converted to 0.

      ***** LEVEL  1 WARNING FROM <DECODF> *****
      ***** Zero length string
      ******************************************
      BOMLEV ( -2) IS NOT REACHED. WRNLEV IS  5

 WARNING from DECODF -- Zero length string being converted to 0.
  
 CHARMM>     
  
 CHARMM>    read para card flex append

          PARAMETER FILE BEING READ FROM UNIT 97
 RDTITL> * PARAMETERS
 RDTITL> *
 PARMIO> NONBOND, HBOND lists and IMAGE atoms cleared.
  
 CHARMM>     
  
 CHARMM>    return
 VCLOSE: Closing unit   97 with status "KEEP"

                    RETURNING TO INPUT STREAM    98
  
 CHARMM>    stream toppar/toppar_all36_lipid_oxidized.str
 VOPEN> Attempting to open::toppar/toppar_all36_lipid_oxidized.str::
 OPNLGU> Unit 97 opened for READONLY access to toppar/toppar_all36_lipid_oxidized.str

                    INPUT STREAM SWITCHING TO UNIT    97
 RDTITL> READ RTF CARD APPEND
 RDTITL> No title read.
 Parameter: IN1 <- "" <empty>
  
 CHARMM>    read rtf card append
 MAINIO> Residue topology file being read from unit  97.
 RDTITL> * TOPOLOGY FOR OXIDIZED PHOSPHOLIPID
 RDTITL> *

      ***** LEVEL  1 WARNING FROM <rtfrdr> *****
      ***** No AUTOgen defaults specified in appended RTF. Potential conflict with prior RTF autogen options. Check.
      ******************************************
      BOMLEV ( -2) IS NOT REACHED. WRNLEV IS  5

  
 CHARMM>     
  
 CHARMM>    read param card flex append

          PARAMETER FILE BEING READ FROM UNIT 97
 RDTITL> * ADDITIONAL PARAMETERS FOR OXIDIZED PHOSPHOLIPIDS
 RDTITL> *
 PARMIO> NONBOND, HBOND lists and IMAGE atoms cleared.
  
 CHARMM>     
  
 CHARMM>    RETURN
 VCLOSE: Closing unit   97 with status "KEEP"

                    RETURNING TO INPUT STREAM    98
  
 CHARMM>     
  
 CHARMM>    ! Additional topologies and parameters for carbohydrates
 CHARMM>    stream toppar/toppar_all36_carb_glycolipid.str
 VOPEN> Attempting to open::toppar/toppar_all36_carb_glycolipid.str::
 OPNLGU> Unit 97 opened for READONLY access to toppar/toppar_all36_carb_glycolipid.str

                    INPUT STREAM SWITCHING TO UNIT    97
 RDTITL> READ RTF CARD APPEND
 RDTITL> No title read.
 Parameter: IN1 <- "" <empty>
  
 CHARMM>    read rtf card append
 MAINIO> Residue topology file being read from unit  97.
 RDTITL> * TOPOLOGY FOR GLYCOLIPIDS
 RDTITL> *
  
 CHARMM>     
  
 CHARMM>    read param card flex append

          PARAMETER FILE BEING READ FROM UNIT 97
 RDTITL> * PIP RELATED PARAMETERS
 RDTITL> *
 PARMIO> NONBOND, HBOND lists and IMAGE atoms cleared.
  
 CHARMM>     
  
 CHARMM>    RETURN
 VCLOSE: Closing unit   97 with status "KEEP"

                    RETURNING TO INPUT STREAM    98
  
 CHARMM>    stream toppar/toppar_all36_carb_glycopeptide.str
 VOPEN> Attempting to open::toppar/toppar_all36_carb_glycopeptide.str::
 OPNLGU> Unit 97 opened for READONLY access to toppar/toppar_all36_carb_glycopeptide.str

                    INPUT STREAM SWITCHING TO UNIT    97
 RDTITL> READ RTF CARD APPEND
 RDTITL> No title read.
 Parameter: IN1 <- "" <empty>
  
 CHARMM>    read rtf card append
 MAINIO> Residue topology file being read from unit  97.
 RDTITL> * TOPOLOGY FOR GLYCOPEPTIDE LINKAGES
 RDTITL> *
  
 CHARMM>     
  
 CHARMM>    read param card flex append

          PARAMETER FILE BEING READ FROM UNIT 97
 RDTITL> *    NEW PARAMETES
 RDTITL> *
 PARMIO> NONBOND, HBOND lists and IMAGE atoms cleared.
  
 CHARMM>     
  
 CHARMM>     
  
 CHARMM>    RETURN
 VCLOSE: Closing unit   97 with status "KEEP"

                    RETURNING TO INPUT STREAM    98
  
 CHARMM>    stream toppar/toppar_all36_carb_imlab.str
 VOPEN> Attempting to open::toppar/toppar_all36_carb_imlab.str::
 OPNLGU> Unit 97 opened for READONLY access to toppar/toppar_all36_carb_imlab.str

                    INPUT STREAM SWITCHING TO UNIT    97
 RDTITL> READ RTF CARD APPEND
 RDTITL> No title read.
 Parameter: IN1 <- "" <empty>
  
 CHARMM>    read rtf card append
 MAINIO> Residue topology file being read from unit  97.
 RDTITL> * GLYCAN CHEMICAL MODIFICATION PATCHES
 RDTITL> *
  
 CHARMM>     
  
 CHARMM>    read param card flex append

          PARAMETER FILE BEING READ FROM UNIT 97
 RDTITL> * GLYCAN CHEMICAL MODIFICATION PATCHES
 RDTITL> *
 PARMIO> NONBOND, HBOND lists and IMAGE atoms cleared.
  
 CHARMM>     
  
 CHARMM>    RETURN
 VCLOSE: Closing unit   97 with status "KEEP"

                    RETURNING TO INPUT STREAM    98
  
 CHARMM>     
  
 CHARMM>    ! Additional topologies and parameters for spin/fluorophore labels
 CHARMM>    stream toppar/toppar_all36_label_spin.str
 VOPEN> Attempting to open::toppar/toppar_all36_label_spin.str::
 OPNLGU> Unit 97 opened for READONLY access to toppar/toppar_all36_label_spin.str

                    INPUT STREAM SWITCHING TO UNIT    97
 RDTITL> *>>>>> TOPOLOGY FOR NITROXYDE SPIN LABELS <<<<<<<
 RDTITL> * SHAHIDUL M. ISLAM, UNIVERSITY OF CHICAGO
 RDTITL> *
 Parameter: IN1 <- "" <empty>
  
 CHARMM>     
  
 CHARMM>    ! please reference the following:
 CHARMM>    !Sezer, D., Freed J. H., and Roux, B. “Parametrization, Molecular Dynamics Simulation, and Calculation of Electron Spin
 CHARMM>    !Resonance Spectra of a Nitroxide Spin Label on a Polyalanine alpha-Helix” J. Phys. Chem. B 2008, 112, 5755-5767
 CHARMM>     
  
 CHARMM>    !Islam, S. M., and Roux, B. “Parameterization and molecular dynamics simulations of a
 CHARMM>    !conformationally constrained double linked spin label constrained by EPR/DEER data”
 CHARMM>    !(planed submission to J journal)
 CHARMM>     
  
 CHARMM>    !test "append" to determine if previous toppar files have been read and
 CHARMM>    !add append to "read rtf card" if true
 CHARMM>    set nat ?NATC
 RDCMND substituted energy or value "?NATC" to "590"
 Parameter: NAT <- "590"
  
 CHARMM>    set app
 Parameter: APP <- "" <empty>
  
 CHARMM>    !We're exploiting what is arguably a bug in the parser. On the left hand side,
 CHARMM>    !the quotes have proirity, so NAT is correctly substituted. On the right hand
 CHARMM>    !side, the ? has priority and NATC" (sic) is not a valid substitution...
 CHARMM>    if "@NAT" ne "?NATC" if @nat ne 0 set app append
 Parameter: NAT -> "590"
 Parameter: NAT -> "590"
 RDCMND: can not substitute energy "?NATC""
 Comparing ""590"" and ""?NATC"".
 IF test evaluated as true.  Performing command
 Comparing "590" and "0".
 IF test evaluated as true.  Performing command
 Parameter: APP <- "APPEND"
  
 CHARMM>     
  
 CHARMM>     
  
 CHARMM>    read rtf card @app
 Parameter: APP -> "APPEND"
 MAINIO> Residue topology file being read from unit  97.
 RDTITL> * TOPOLOGY FOR SPIN LABEL
 RDTITL> *
  
 CHARMM>     
  
 CHARMM>     
  
 CHARMM>    read para card flex @app
 Parameter: APP -> "APPEND"

          PARAMETER FILE BEING READ FROM UNIT 97
 RDTITL> * PARAMETERS FOR SPIN LABEL
 RDTITL> *
 PARMIO> NONBOND, HBOND lists and IMAGE atoms cleared.
  
 CHARMM>     
  
 CHARMM>    return
 VCLOSE: Closing unit   97 with status "KEEP"

                    RETURNING TO INPUT STREAM    98
  
 CHARMM>    stream toppar/toppar_all36_label_fluorophore.str
 VOPEN> Attempting to open::toppar/toppar_all36_label_fluorophore.str::
 OPNLGU> Unit 97 opened for READONLY access to toppar/toppar_all36_label_fluorophore.str

                    INPUT STREAM SWITCHING TO UNIT    97
 RDTITL> READ RTF CARD APPEND
 RDTITL> No title read.
 Parameter: IN1 <- "" <empty>
  
 CHARMM>    read rtf card append
 MAINIO> Residue topology file being read from unit  97.
 RDTITL> * TOPOLOGY FILES
 RDTITL> *
  
 CHARMM>     
  
 CHARMM>    read param card flex append

          PARAMETER FILE BEING READ FROM UNIT 97
 RDTITL> * MINI FORCE FIELD PARAMETER FILE.
 RDTITL> *
 PARMIO> NONBOND, HBOND lists and IMAGE atoms cleared.
  
 CHARMM>     
  
 VCLOSE: Closing unit   97 with status "KEEP"

                    RETURNING TO INPUT STREAM    98
  
 CHARMM>     
  
 CHARMM>     
  
 CHARMM>     
  
 VCLOSE: Closing unit   98 with status "KEEP"

                    RETURNING TO INPUT STREAM    99
  
 CHARMM>     
  
 CHARMM>    return
 VCLOSE: Closing unit   99 with status "KEEP"

                    RETURNING TO INPUT STREAM     5
  
 CHARMM>    stream psfcrd.str	! Stream in structure/cooridnate files
 VOPEN> Attempting to open::psfcrd.str::
 OPNLGU> Unit 99 opened for READONLY access to psfcrd.str

                    INPUT STREAM SWITCHING TO UNIT    99
 RDTITL> * PSF AND COORD FOR BILAYER
 RDTITL> *
 Parameter: IN1 <- "" <empty>
  
 CHARMM>     
  
 CHARMM>    open read unit 2 card name ./psfcrd/step5_assembly.psf
 VOPEN> Attempting to open::./psfcrd/step5_assembly.psf::
 OPNLGU> Unit  2 opened for READONLY access to ./psfcrd/step5_assembly.psf
  
 CHARMM>    read psf card unit 2
 MAINIO> Protein structure file being read from unit   2.
 psf_read_formatted: Reading PSF in the expanded format.
 TITLE>  * GENERATED BY CHARMM-GUI (HTTP://WWW.CHARMM-GUI.ORG) V3.7 ON FEB, 28. 2024. JOB
 TITLE>  * INPUT GENERATION
 TITLE>  *  DATE:     2/28/24      9: 8:17      CREATED BY USER: apache
 TITLE>  *
 PSFSUM> PSF modified: NONBOND lists and IMAGE atoms cleared.
 PSFSUM> Summary of the structure file counters :
         Number of segments      =        3   Number of residues   =     5120
         Number of atoms         =    28820   Number of groups     =     8620
         Number of bonds         =    28700   Number of angles     =    31200
         Number of dihedrals     =    36300   Number of impropers  =      200
         Number of cross-terms   =        0   Number of autogens   =     5000
         Number of HB acceptors  =     4683   Number of HB donors  =    10000
         Number of NB exclusions =        0   Total charge =    0.00000
  
 CHARMM>    close unit 2
 VCLOSE: Closing unit    2 with status "KEEP"
  
 CHARMM>     
  
 CHARMM>    open unit 2 read card name ./psfcrd/step5_assembly.crd
 VOPEN> Attempting to open::./psfcrd/step5_assembly.crd::
 OPNLGU> Unit  2 opened for READONLY access to ./psfcrd/step5_assembly.crd
  
 CHARMM>    read coor card unit 2
          SPATIAL COORDINATES BEING READ FROM UNIT  2
 TITLE> * GENERATED BY CHARMM-GUI (HTTP://WWW.CHARMM-GUI.ORG) V3.7 ON FEB, 28. 2024. JOB
 TITLE> * INPUT GENERATION
 TITLE> *  DATE:     2/28/24      9: 8:17      CREATED BY USER: APACHE
 TITLE> *
  
 CHARMM>    close unit 2
 VCLOSE: Closing unit    2 with status "KEEP"
  
 CHARMM>     
  
 CHARMM>    return
 VCLOSE: Closing unit   99 with status "KEEP"

                    RETURNING TO INPUT STREAM     5
  
 CHARMM>    stream cryst.str	! Crystal info MUST be read in before merge
 VOPEN> Attempting to open::cryst.str::
 OPNLGU> Unit 99 opened for READONLY access to cryst.str

                    INPUT STREAM SWITCHING TO UNIT    99
 RDTITL> * SETUP SIMULATION CELL VIA CRYSTAL
 RDTITL> *
 Parameter: IN1 <- "" <empty>
  
 CHARMM>     
  
 CHARMM>    ! Update A,B,C from dyn.xsc, Alpha,Beta,Gamma from step5_assembly.str
 CHARMM>    crystal define tetragonal 61.2866326895 61.2866326895 82.0953203235 90. 90. 90.
 Crystal Parameters : Crystal Type = TETR
           A     =   61.28663 B    =   61.28663 C     =   82.09532
           Alpha =   90.00000 Beta =   90.00000 Gamma =   90.00000
  
 CHARMM>    open read unit 4 card name box.cry
 VOPEN> Attempting to open::box.cry::
 OPNLGU> Unit  4 opened for READONLY access to box.cry
  
 CHARMM>    crystal read unit 4 card
 CRYSTAL FILE BEING READ FROM UNIT     4
 TITLE> * GENERATED BY CHARMM-GUI (HTTP://WWW.CHARMM-GUI.ORG) ON MAR, 14. 2012.
 TITLE> * STREAM FILE FOR CRYSTAL SYMMETRY OPERATION
 TITLE> *
 TITLE>  * GENERATED BY CHARMM-GUI (HTTP://WWW.CHARMM-GUI.ORG) ON MAR, 14. 2012.
 TITLE>  * STREAM FILE FOR CRYSTAL SYMMETRY OPERATION
 TITLE>  *
                     THERE ARE NO ROTATIONS FOR THIS TRANSFORMATION SET
    26 Transformations have been processed.

  
 CHARMM>    close unit 4
 VCLOSE: Closing unit    4 with status "KEEP"
  
 CHARMM>    ! IMAGE CENTERING BY RESIDUE
 CHARMM>    image byres
 IMAGE CENTERING ON FOR SOME ATOMS
  
 CHARMM>     
  
 CHARMM>    return
 VCLOSE: Closing unit   99 with status "KEEP"

                    RETURNING TO INPUT STREAM     5
  
 CHARMM>     
  
 CHARMM>    ! Read in trajectory, recenter, write out recentered trajectory
 CHARMM>    ! Header information is changed durring the first recentering
 CHARMM>    ! Trajectories are looped within the submission script to avoid EOF issues
 CHARMM>    set ru = 9
 Parameter: RU <- "9"
  
 CHARMM>    set wu = 109
 Parameter: WU <- "109"
  
 CHARMM>    set j = @fdyn	! First trajectory in series
 Parameter: FDYN -> "151"
 Parameter: J <- "151"
  
 CHARMM>    #prnlv 1 	! There will be large ammounts of output without suppression

      ***** LEVEL  0 WARNING FROM <CHARMM> *****
      ***** Unrecognized command: #PRN
      ******************************************
      BOMLEV ( -2) IS NOT REACHED. WRNLEV IS  5

 **** Warning ****  The following extraneous characters
 were found while command processing in CHARMM
 1
  
 CHARMM>     
  
 CHARMM>    ! Loop over all trajectories in series
 CHARMM>    label lp3
  
 CHARMM>     
  
 CHARMM>    !open read unit @ru file name ../../dyn@j.dcd	! Recentered traj. from first pass
 CHARMM>    open read unit @ru file name dyn@j-recenter-tmp2.dcd	! Recentered traj. from first pass
 Parameter: RU -> "9"
 Parameter: J -> "151"
 VOPEN> Attempting to open::dyn151-recenter-tmp2.dcd::
 OPNLGU> Unit  9 opened for READONLY access to dyn151-recenter-tmp2.dcd
  
 CHARMM>    open write unit @wu file name dyn@j-recenter.dcd		! Recentered traj.
 Parameter: WU -> "109"
 Parameter: J -> "151"
 VOPEN> Attempting to open::dyn151-recenter.dcd::
 OPNLGU> Unit109 opened for WRITE access to dyn151-recenter.dcd
  
 CHARMM>     
  
 CHARMM>    traj firstu @ru nunit 1 iwrite @wu
 Parameter: RU -> "9"
 Parameter: WU -> "109"
 TRAJ: INITIATING READ OF A TRAJECTORY, OPTIONS;
    FIRSTU =   9 NUNIT =   1 SKIP =     1
 RDTITL>  
 RDTITL> No title read.
  
 CHARMM>     
  
 CHARMM>    set i 1
 Parameter: I <- "1"
  
 CHARMM>    label lpf
  
 CHARMM>    traj read

 READING TRAJECTORY FROM UNIT   9
   NUMBER OF COORDINATE SETS IN FILE:         200
   NUMBER OF PREVIOUS DYNAMICS STEPS:   150005000
   FREQUENCY FOR SAVING COORDINATES:         5000
   NUMBER OF STEPS FOR CREATION RUN:      1000000

 TITLE>  REMARKS FILENAME=dyn.dcd CREATED BY NAMD
 TITLE>  REMARKS DATE: 03/16/24 CREATED BY USER: allsoppr
 TITLE>  *  DATE:     8/18/25     10:16:10      CREATED BY USER: allsoppr
 TITLE>  *
 *****  WARNING  ***** SKIP=     1 WAS NOT A MULTIPLE OF THE FILE INTERVAL=  5000
 IT HAS BEEN RESET TO  5000
 *****  WARNING  ***** BEGIN=           0 Was not specified. It has been set to:   150005000
  
 CHARMM>    coor stat sele segid MEMB .and. resid @resid end
 Parameter: RESID -> "100"
 SELRPN>    138 atoms have been selected out of  28820
 STATISTICS FOR       138 SELECTED ATOMS:
    XMIN =  -24.499887 XMAX =   -5.083138 XAVE =  -14.791233
    YMIN =   13.725598 YMAX =   32.426121 YAVE =   24.851144
    ZMIN =   10.296287 ZMAX =   31.851114 ZAVE =   21.763448
    WMIN =    0.000000 WMAX =    0.000000 WAVE =    0.000000
  
 CHARMM>     
  
 CHARMM>    coor trans xdir -?XAVE sele all end
 RDCMND substituted energy or value "?XAVE" to "-14.7912327"
 SELRPN>  28820 atoms have been selected out of  28820
 TRANSLATION VECTOR    14.791233    0.000000    0.000000
 SELECTED COORDINATES TRANSLATED IN THE MAIN SET.

  
 CHARMM>    coor trans ydir -?YAVE sele all end
 RDCMND substituted energy or value "?YAVE" to "24.8511442"
 SELRPN>  28820 atoms have been selected out of  28820
 TRANSLATION VECTOR     0.000000  -24.851144    0.000000
 SELECTED COORDINATES TRANSLATED IN THE MAIN SET.

  
 CHARMM>    coor trans zdir -?ZAVE sele all end
 RDCMND substituted energy or value "?ZAVE" to "21.7634482"
 SELRPN>  28820 atoms have been selected out of  28820
 TRANSLATION VECTOR     0.000000    0.000000  -21.763448
 SELECTED COORDINATES TRANSLATED IN THE MAIN SET.

  
 CHARMM>     
  
 CHARMM>    traj write
 TRAJ: WRITING NEXT TRAJECTORY FILE,  OPTIONS;
  SKIP=   5000 NPRIV= ****** NSTEP= ****** TRAJU=    109

  
 CHARMM>    incr i by 1
 Parameter: I <- "2"
  
 CHARMM>    if i le @ts goto lpf
 Parameter: TS -> "200"
 Comparing "2" and "200".
 IF test evaluated as true.  Performing command
  
 CHARMM>    traj read
  
 CHARMM>    coor stat sele segid MEMB .and. resid @resid end
 Parameter: RESID -> "100"
 SELRPN>    138 atoms have been selected out of  28820
 STATISTICS FOR       138 SELECTED ATOMS:
    XMIN =  -23.508017 XMAX =   -5.274452 XAVE =  -14.791232
    YMIN =   14.265764 YMAX =   31.463264 YAVE =   24.851145
    ZMIN =   11.026084 ZMAX =   31.173231 ZAVE =   21.763449
    WMIN =    0.000000 WMAX =    0.000000 WAVE =    0.000000
  
 CHARMM>     
  
 CHARMM>    coor trans xdir -?XAVE sele all end
 RDCMND substituted energy or value "?XAVE" to "-14.7912324"
 SELRPN>  28820 atoms have been selected out of  28820
 TRANSLATION VECTOR    14.791232    0.000000    0.000000
 SELECTED COORDINATES TRANSLATED IN THE MAIN SET.

  
 CHARMM>    coor trans ydir -?YAVE sele all end
 RDCMND substituted energy or value "?YAVE" to "24.8511447"
 SELRPN>  28820 atoms have been selected out of  28820
 TRANSLATION VECTOR     0.000000  -24.851145    0.000000
 SELECTED COORDINATES TRANSLATED IN THE MAIN SET.

  
 CHARMM>    coor trans zdir -?ZAVE sele all end
 RDCMND substituted energy or value "?ZAVE" to "21.7634486"
 SELRPN>  28820 atoms have been selected out of  28820
 TRANSLATION VECTOR     0.000000    0.000000  -21.763449
 SELECTED COORDINATES TRANSLATED IN THE MAIN SET.

  
 CHARMM>     
  
 CHARMM>    traj write
  
 CHARMM>    incr i by 1
 Parameter: I <- "3"
  
 CHARMM>    if i le @ts goto lpf
 Parameter: TS -> "200"
 Comparing "3" and "200".
 IF test evaluated as true.  Performing command
  
 CHARMM>    traj read
  
 CHARMM>    coor stat sele segid MEMB .and. resid @resid end
 Parameter: RESID -> "100"
 SELRPN>    138 atoms have been selected out of  28820
 STATISTICS FOR       138 SELECTED ATOMS:
    XMIN =  -23.340269 XMAX =   -6.049737 XAVE =  -14.791233
    YMIN =   14.414941 YMAX =   32.028019 YAVE =   24.851144
    ZMIN =   10.280758 ZMAX =   32.312935 ZAVE =   21.763448
    WMIN =    0.000000 WMAX =    0.000000 WAVE =    0.000000
  
 CHARMM>     
  
 CHARMM>    coor trans xdir -?XAVE sele all end
 RDCMND substituted energy or value "?XAVE" to "-14.7912327"
 SELRPN>  28820 atoms have been selected out of  28820
 TRANSLATION VECTOR    14.791233    0.000000    0.000000
 SELECTED COORDINATES TRANSLATED IN THE MAIN SET.

  
 CHARMM>    coor trans ydir -?YAVE sele all end
 RDCMND substituted energy or value "?YAVE" to "24.8511441"
 SELRPN>  28820 atoms have been selected out of  28820
 TRANSLATION VECTOR     0.000000  -24.851144    0.000000
 SELECTED COORDINATES TRANSLATED IN THE MAIN SET.

  
 CHARMM>    coor trans zdir -?ZAVE sele all end
 RDCMND substituted energy or value "?ZAVE" to "21.7634481"
 SELRPN>  28820 atoms have been selected out of  28820
 TRANSLATION VECTOR     0.000000    0.000000  -21.763448
 SELECTED COORDINATES TRANSLATED IN THE MAIN SET.

  
 CHARMM>     
  
 CHARMM>    traj write
  
 CHARMM>    incr i by 1
 Parameter: I <- "4"
  
 CHARMM>    if i le @ts goto lpf
 Parameter: TS -> "200"
 Comparing "4" and "200".
 IF test evaluated as true.  Performing command
  
 CHARMM>    traj read
  
 CHARMM>    coor stat sele segid MEMB .and. resid @resid end
 Parameter: RESID -> "100"
 SELRPN>    138 atoms have been selected out of  28820
 STATISTICS FOR       138 SELECTED ATOMS:
    XMIN =  -21.568687 XMAX =   -6.404226 XAVE =  -14.791233
    YMIN =   14.721829 YMAX =   31.284594 YAVE =   24.851144
    ZMIN =   10.341612 ZMAX =   31.546637 ZAVE =   21.763449
    WMIN =    0.000000 WMAX =    0.000000 WAVE =    0.000000
  
 CHARMM>     
  
 CHARMM>    coor trans xdir -?XAVE sele all end
 RDCMND substituted energy or value "?XAVE" to "-14.7912326"
 SELRPN>  28820 atoms have been selected out of  28820
 TRANSLATION VECTOR    14.791233    0.000000    0.000000
 SELECTED COORDINATES TRANSLATED IN THE MAIN SET.

  
 CHARMM>    coor trans ydir -?YAVE sele all end
 RDCMND substituted energy or value "?YAVE" to "24.8511437"
 SELRPN>  28820 atoms have been selected out of  28820
 TRANSLATION VECTOR     0.000000  -24.851144    0.000000
 SELECTED COORDINATES TRANSLATED IN THE MAIN SET.

  
 CHARMM>    coor trans zdir -?ZAVE sele all end
 RDCMND substituted energy or value "?ZAVE" to "21.7634486"
 SELRPN>  28820 atoms have been selected out of  28820
 TRANSLATION VECTOR     0.000000    0.000000  -21.763449
 SELECTED COORDINATES TRANSLATED IN THE MAIN SET.

  
 CHARMM>     
  
 CHARMM>    traj write
  
 CHARMM>    incr i by 1
 Parameter: I <- "5"
  
 CHARMM>    if i le @ts goto lpf
 Parameter: TS -> "200"
 Comparing "5" and "200".
 IF test evaluated as true.  Performing command
  
 CHARMM>    traj read
  
 CHARMM>    coor stat sele segid MEMB .and. resid @resid end
 Parameter: RESID -> "100"
 SELRPN>    138 atoms have been selected out of  28820
 STATISTICS FOR       138 SELECTED ATOMS:
    XMIN =  -21.316750 XMAX =   -6.550446 XAVE =  -14.791233
    YMIN =   15.379934 YMAX =   31.788431 YAVE =   24.851144
    ZMIN =   10.169945 ZMAX =   32.422150 ZAVE =   21.763448
    WMIN =    0.000000 WMAX =    0.000000 WAVE =    0.000000
  
 CHARMM>     
  
 CHARMM>    coor trans xdir -?XAVE sele all end
 RDCMND substituted energy or value "?XAVE" to "-14.7912325"
 SELRPN>  28820 atoms have been selected out of  28820
 TRANSLATION VECTOR    14.791232    0.000000    0.000000
 SELECTED COORDINATES TRANSLATED IN THE MAIN SET.

  
 CHARMM>    coor trans ydir -?YAVE sele all end
 RDCMND substituted energy or value "?YAVE" to "24.8511439"
 SELRPN>  28820 atoms have been selected out of  28820
 TRANSLATION VECTOR     0.000000  -24.851144    0.000000
 SELECTED COORDINATES TRANSLATED IN THE MAIN SET.

  
 CHARMM>    coor trans zdir -?ZAVE sele all end
 RDCMND substituted energy or value "?ZAVE" to "21.7634479"
 SELRPN>  28820 atoms have been selected out of  28820
 TRANSLATION VECTOR     0.000000    0.000000  -21.763448
 SELECTED COORDINATES TRANSLATED IN THE MAIN SET.

  
 CHARMM>     
  
 CHARMM>    traj write
  
 CHARMM>    incr i by 1
 Parameter: I <- "6"
  
 CHARMM>    if i le @ts goto lpf
 Parameter: TS -> "200"
 Comparing "6" and "200".
 IF test evaluated as true.  Performing command
  
 CHARMM>    traj read
  
 CHARMM>    coor stat sele segid MEMB .and. resid @resid end
 Parameter: RESID -> "100"
 SELRPN>    138 atoms have been selected out of  28820
 STATISTICS FOR       138 SELECTED ATOMS:
    XMIN =  -21.041843 XMAX =   -5.920282 XAVE =  -14.791232
    YMIN =   15.383386 YMAX =   32.210300 YAVE =   24.851144
    ZMIN =    9.816059 ZMAX =   32.362419 ZAVE =   21.763448
    WMIN =    0.000000 WMAX =    0.000000 WAVE =    0.000000
  
 CHARMM>     
  
 CHARMM>    coor trans xdir -?XAVE sele all end
 RDCMND substituted energy or value "?XAVE" to "-14.7912325"
 SELRPN>  28820 atoms have been selected out of  28820
 TRANSLATION VECTOR    14.791232    0.000000    0.000000
 SELECTED COORDINATES TRANSLATED IN THE MAIN SET.

  
 CHARMM>    coor trans ydir -?YAVE sele all end
 RDCMND substituted energy or value "?YAVE" to "24.8511444"
 SELRPN>  28820 atoms have been selected out of  28820
 TRANSLATION VECTOR     0.000000  -24.851144    0.000000
 SELECTED COORDINATES TRANSLATED IN THE MAIN SET.

  
 CHARMM>    coor trans zdir -?ZAVE sele all end
 RDCMND substituted energy or value "?ZAVE" to "21.7634485"
 SELRPN>  28820 atoms have been selected out of  28820
 TRANSLATION VECTOR     0.000000    0.000000  -21.763448
 SELECTED COORDINATES TRANSLATED IN THE MAIN SET.

  
 CHARMM>     
  
 CHARMM>    traj write
  
 CHARMM>    incr i by 1
 Parameter: I <- "7"
  
 CHARMM>    if i le @ts goto lpf
 Parameter: TS -> "200"
 Comparing "7" and "200".
 IF test evaluated as true.  Performing command
  
 CHARMM>    traj read
  
 CHARMM>    coor stat sele segid MEMB .and. resid @resid end
 Parameter: RESID -> "100"
 SELRPN>    138 atoms have been selected out of  28820
 STATISTICS FOR       138 SELECTED ATOMS:
    XMIN =  -20.655334 XMAX =   -6.135674 XAVE =  -14.791232
    YMIN =   14.926271 YMAX =   32.340736 YAVE =   24.851144
    ZMIN =    9.963051 ZMAX =   33.563160 ZAVE =   21.763448
    WMIN =    0.000000 WMAX =    0.000000 WAVE =    0.000000
  
 CHARMM>     
  
 CHARMM>    coor trans xdir -?XAVE sele all end
 RDCMND substituted energy or value "?XAVE" to "-14.7912325"
 SELRPN>  28820 atoms have been selected out of  28820
 TRANSLATION VECTOR    14.791232    0.000000    0.000000
 SELECTED COORDINATES TRANSLATED IN THE MAIN SET.

  
 CHARMM>    coor trans ydir -?YAVE sele all end
 RDCMND substituted energy or value "?YAVE" to "24.8511441"
 SELRPN>  28820 atoms have been selected out of  28820
 TRANSLATION VECTOR     0.000000  -24.851144    0.000000
 SELECTED COORDINATES TRANSLATED IN THE MAIN SET.

  
 CHARMM>    coor trans zdir -?ZAVE sele all end
 RDCMND substituted energy or value "?ZAVE" to "21.7634482"
 SELRPN>  28820 atoms have been selected out of  28820
 TRANSLATION VECTOR     0.000000    0.000000  -21.763448
 SELECTED COORDINATES TRANSLATED IN THE MAIN SET.

  
 CHARMM>     
  
 CHARMM>    traj write
  
 CHARMM>    incr i by 1
 Parameter: I <- "8"
  
 CHARMM>    if i le @ts goto lpf
 Parameter: TS -> "200"
 Comparing "8" and "200".
 IF test evaluated as true.  Performing command
  
 CHARMM>    traj read
  
 CHARMM>    coor stat sele segid MEMB .and. resid @resid end
 Parameter: RESID -> "100"
 SELRPN>    138 atoms have been selected out of  28820
 STATISTICS FOR       138 SELECTED ATOMS:
    XMIN =  -21.099993 XMAX =   -7.714638 XAVE =  -14.791233
    YMIN =   13.788110 YMAX =   32.311069 YAVE =   24.851144
    ZMIN =   10.228148 ZMAX =   32.957672 ZAVE =   21.763448
    WMIN =    0.000000 WMAX =    0.000000 WAVE =    0.000000
  
 CHARMM>     
  
 CHARMM>    coor trans xdir -?XAVE sele all end
 RDCMND substituted energy or value "?XAVE" to "-14.791233"
 SELRPN>  28820 atoms have been selected out of  28820
 TRANSLATION VECTOR    14.791233    0.000000    0.000000
 SELECTED COORDINATES TRANSLATED IN THE MAIN SET.

  
 CHARMM>    coor trans ydir -?YAVE sele all end
 RDCMND substituted energy or value "?YAVE" to "24.8511438"
 SELRPN>  28820 atoms have been selected out of  28820
 TRANSLATION VECTOR     0.000000  -24.851144    0.000000
 SELECTED COORDINATES TRANSLATED IN THE MAIN SET.

  
 CHARMM>    coor trans zdir -?ZAVE sele all end
 RDCMND substituted energy or value "?ZAVE" to "21.7634484"
 SELRPN>  28820 atoms have been selected out of  28820
 TRANSLATION VECTOR     0.000000    0.000000  -21.763448
 SELECTED COORDINATES TRANSLATED IN THE MAIN SET.

  
 CHARMM>     
  
 CHARMM>    traj write
  
 CHARMM>    incr i by 1
 Parameter: I <- "9"
  
 CHARMM>    if i le @ts goto lpf
 Parameter: TS -> "200"
 Comparing "9" and "200".
 IF test evaluated as true.  Performing command
  
 CHARMM>    traj read
  
 CHARMM>    coor stat sele segid MEMB .and. resid @resid end
 Parameter: RESID -> "100"
 SELRPN>    138 atoms have been selected out of  28820
 STATISTICS FOR       138 SELECTED ATOMS:
    XMIN =  -21.285788 XMAX =   -7.185076 XAVE =  -14.791233
    YMIN =   16.339638 YMAX =   31.330711 YAVE =   24.851145
    ZMIN =   10.035731 ZMAX =   33.331814 ZAVE =   21.763449
    WMIN =    0.000000 WMAX =    0.000000 WAVE =    0.000000
  
 CHARMM>     
  
 CHARMM>    coor trans xdir -?XAVE sele all end
 RDCMND substituted energy or value "?XAVE" to "-14.791233"
 SELRPN>  28820 atoms have been selected out of  28820
 TRANSLATION VECTOR    14.791233    0.000000    0.000000
 SELECTED COORDINATES TRANSLATED IN THE MAIN SET.

  
 CHARMM>    coor trans ydir -?YAVE sele all end
 RDCMND substituted energy or value "?YAVE" to "24.8511447"
 SELRPN>  28820 atoms have been selected out of  28820
 TRANSLATION VECTOR     0.000000  -24.851145    0.000000
 SELECTED COORDINATES TRANSLATED IN THE MAIN SET.

  
 CHARMM>    coor trans zdir -?ZAVE sele all end
 RDCMND substituted energy or value "?ZAVE" to "21.7634486"
 SELRPN>  28820 atoms have been selected out of  28820
 TRANSLATION VECTOR     0.000000    0.000000  -21.763449
 SELECTED COORDINATES TRANSLATED IN THE MAIN SET.

  
 CHARMM>     
  
 CHARMM>    traj write
  
 CHARMM>    incr i by 1
 Parameter: I <- "10"
  
 CHARMM>    if i le @ts goto lpf
 Parameter: TS -> "200"
 Comparing "10" and "200".
 IF test evaluated as true.  Performing command
  
 CHARMM>    traj read
  
 CHARMM>    coor stat sele segid MEMB .and. resid @resid end
 Parameter: RESID -> "100"
 SELRPN>    138 atoms have been selected out of  28820
 STATISTICS FOR       138 SELECTED ATOMS:
    XMIN =  -21.922901 XMAX =   -5.790631 XAVE =  -14.791233
    YMIN =   18.777029 YMAX =   31.665098 YAVE =   24.851145
    ZMIN =    9.748220 ZMAX =   31.056032 ZAVE =   21.763449
    WMIN =    0.000000 WMAX =    0.000000 WAVE =    0.000000
  
 CHARMM>     
  
 CHARMM>    coor trans xdir -?XAVE sele all end
 RDCMND substituted energy or value "?XAVE" to "-14.7912331"
 SELRPN>  28820 atoms have been selected out of  28820
 TRANSLATION VECTOR    14.791233    0.000000    0.000000
 SELECTED COORDINATES TRANSLATED IN THE MAIN SET.

  
 CHARMM>    coor trans ydir -?YAVE sele all end
 RDCMND substituted energy or value "?YAVE" to "24.851145"
 SELRPN>  28820 atoms have been selected out of  28820
 TRANSLATION VECTOR     0.000000  -24.851145    0.000000
 SELECTED COORDINATES TRANSLATED IN THE MAIN SET.

  
 CHARMM>    coor trans zdir -?ZAVE sele all end
 RDCMND substituted energy or value "?ZAVE" to "21.7634485"
 SELRPN>  28820 atoms have been selected out of  28820
 TRANSLATION VECTOR     0.000000    0.000000  -21.763448
 SELECTED COORDINATES TRANSLATED IN THE MAIN SET.

  
 CHARMM>     
  
 CHARMM>    traj write
  
 CHARMM>    incr i by 1
 Parameter: I <- "11"
  
 CHARMM>    if i le @ts goto lpf
 Parameter: TS -> "200"
 Comparing "11" and "200".
 IF test evaluated as true.  Performing command
  
 CHARMM>    traj read
  
 CHARMM>    coor stat sele segid MEMB .and. resid @resid end
 Parameter: RESID -> "100"
 SELRPN>    138 atoms have been selected out of  28820
 STATISTICS FOR       138 SELECTED ATOMS:
    XMIN =  -20.294443 XMAX =   -6.106000 XAVE =  -14.791233
    YMIN =   17.740700 YMAX =   31.449030 YAVE =   24.851145
    ZMIN =   10.249130 ZMAX =   33.424767 ZAVE =   21.763448
    WMIN =    0.000000 WMAX =    0.000000 WAVE =    0.000000
  
 CHARMM>     
  
 CHARMM>    coor trans xdir -?XAVE sele all end
 RDCMND substituted energy or value "?XAVE" to "-14.7912326"
 SELRPN>  28820 atoms have been selected out of  28820
 TRANSLATION VECTOR    14.791233    0.000000    0.000000
 SELECTED COORDINATES TRANSLATED IN THE MAIN SET.

  
 CHARMM>    coor trans ydir -?YAVE sele all end
 RDCMND substituted energy or value "?YAVE" to "24.851145"
 SELRPN>  28820 atoms have been selected out of  28820
 TRANSLATION VECTOR     0.000000  -24.851145    0.000000
 SELECTED COORDINATES TRANSLATED IN THE MAIN SET.

  
 CHARMM>    coor trans zdir -?ZAVE sele all end
 RDCMND substituted energy or value "?ZAVE" to "21.7634477"
 SELRPN>  28820 atoms have been selected out of  28820
 TRANSLATION VECTOR     0.000000    0.000000  -21.763448
 SELECTED COORDINATES TRANSLATED IN THE MAIN SET.

  
 CHARMM>     
  
 CHARMM>    traj write
  
 CHARMM>    incr i by 1
 Parameter: I <- "12"
  
 CHARMM>    if i le @ts goto lpf
 Parameter: TS -> "200"
 Comparing "12" and "200".
 IF test evaluated as true.  Performing command
  
 CHARMM>    traj read
  
 CHARMM>    coor stat sele segid MEMB .and. resid @resid end
 Parameter: RESID -> "100"
 SELRPN>    138 atoms have been selected out of  28820
 STATISTICS FOR       138 SELECTED ATOMS:
    XMIN =  -21.176434 XMAX =   -4.218525 XAVE =  -14.791233
    YMIN =   18.024176 YMAX =   31.728151 YAVE =   24.851144
    ZMIN =    9.525046 ZMAX =   32.693329 ZAVE =   21.763448
    WMIN =    0.000000 WMAX =    0.000000 WAVE =    0.000000
  
 CHARMM>     
  
 CHARMM>    coor trans xdir -?XAVE sele all end
 RDCMND substituted energy or value "?XAVE" to "-14.7912325"
 SELRPN>  28820 atoms have been selected out of  28820
 TRANSLATION VECTOR    14.791232    0.000000    0.000000
 SELECTED COORDINATES TRANSLATED IN THE MAIN SET.

  
 CHARMM>    coor trans ydir -?YAVE sele all end
 RDCMND substituted energy or value "?YAVE" to "24.8511441"
 SELRPN>  28820 atoms have been selected out of  28820
 TRANSLATION VECTOR     0.000000  -24.851144    0.000000
 SELECTED COORDINATES TRANSLATED IN THE MAIN SET.

  
 CHARMM>    coor trans zdir -?ZAVE sele all end
 RDCMND substituted energy or value "?ZAVE" to "21.7634485"
 SELRPN>  28820 atoms have been selected out of  28820
 TRANSLATION VECTOR     0.000000    0.000000  -21.763448
 SELECTED COORDINATES TRANSLATED IN THE MAIN SET.

  
 CHARMM>     
  
 CHARMM>    traj write
  
 CHARMM>    incr i by 1
 Parameter: I <- "13"
  
 CHARMM>    if i le @ts goto lpf
 Parameter: TS -> "200"
 Comparing "13" and "200".
 IF test evaluated as true.  Performing command
  
 CHARMM>    traj read
  
 CHARMM>    coor stat sele segid MEMB .and. resid @resid end
 Parameter: RESID -> "100"
 SELRPN>    138 atoms have been selected out of  28820
 STATISTICS FOR       138 SELECTED ATOMS:
    XMIN =  -20.359806 XMAX =   -5.902341 XAVE =  -14.791232
    YMIN =   15.629903 YMAX =   32.064457 YAVE =   24.851145
    ZMIN =    9.511177 ZMAX =   32.360882 ZAVE =   21.763448
    WMIN =    0.000000 WMAX =    0.000000 WAVE =    0.000000
  
 CHARMM>     
  
 CHARMM>    coor trans xdir -?XAVE sele all end
 RDCMND substituted energy or value "?XAVE" to "-14.7912324"
 SELRPN>  28820 atoms have been selected out of  28820
 TRANSLATION VECTOR    14.791232    0.000000    0.000000
 SELECTED COORDINATES TRANSLATED IN THE MAIN SET.

  
 CHARMM>    coor trans ydir -?YAVE sele all end
 RDCMND substituted energy or value "?YAVE" to "24.8511445"
 SELRPN>  28820 atoms have been selected out of  28820
 TRANSLATION VECTOR     0.000000  -24.851145    0.000000
 SELECTED COORDINATES TRANSLATED IN THE MAIN SET.

  
 CHARMM>    coor trans zdir -?ZAVE sele all end
 RDCMND substituted energy or value "?ZAVE" to "21.7634485"
 SELRPN>  28820 atoms have been selected out of  28820
 TRANSLATION VECTOR     0.000000    0.000000  -21.763448
 SELECTED COORDINATES TRANSLATED IN THE MAIN SET.

  
 CHARMM>     
  
 CHARMM>    traj write
  
 CHARMM>    incr i by 1
 Parameter: I <- "14"
  
 CHARMM>    if i le @ts goto lpf
 Parameter: TS -> "200"
 Comparing "14" and "200".
 IF test evaluated as true.  Performing command
  
 CHARMM>    traj read
  
 CHARMM>    coor stat sele segid MEMB .and. resid @resid end
 Parameter: RESID -> "100"
 SELRPN>    138 atoms have been selected out of  28820
 STATISTICS FOR       138 SELECTED ATOMS:
    XMIN =  -21.163425 XMAX =   -6.363575 XAVE =  -14.791233
    YMIN =   16.593740 YMAX =   31.154154 YAVE =   24.851144
    ZMIN =   10.184822 ZMAX =   32.099014 ZAVE =   21.763448
    WMIN =    0.000000 WMAX =    0.000000 WAVE =    0.000000
  
 CHARMM>     
  
 CHARMM>    coor trans xdir -?XAVE sele all end
 RDCMND substituted energy or value "?XAVE" to "-14.7912328"
 SELRPN>  28820 atoms have been selected out of  28820
 TRANSLATION VECTOR    14.791233    0.000000    0.000000
 SELECTED COORDINATES TRANSLATED IN THE MAIN SET.

  
 CHARMM>    coor trans ydir -?YAVE sele all end
 RDCMND substituted energy or value "?YAVE" to "24.8511439"
 SELRPN>  28820 atoms have been selected out of  28820
 TRANSLATION VECTOR     0.000000  -24.851144    0.000000
 SELECTED COORDINATES TRANSLATED IN THE MAIN SET.

  
 CHARMM>    coor trans zdir -?ZAVE sele all end
 RDCMND substituted energy or value "?ZAVE" to "21.7634478"
 SELRPN>  28820 atoms have been selected out of  28820
 TRANSLATION VECTOR     0.000000    0.000000  -21.763448
 SELECTED COORDINATES TRANSLATED IN THE MAIN SET.

  
 CHARMM>     
  
 CHARMM>    traj write
  
 CHARMM>    incr i by 1
 Parameter: I <- "15"
  
 CHARMM>    if i le @ts goto lpf
 Parameter: TS -> "200"
 Comparing "15" and "200".
 IF test evaluated as true.  Performing command
  
 CHARMM>    traj read
  
 CHARMM>    coor stat sele segid MEMB .and. resid @resid end
 Parameter: RESID -> "100"
 SELRPN>    138 atoms have been selected out of  28820
 STATISTICS FOR       138 SELECTED ATOMS:
    XMIN =  -21.453199 XMAX =   -6.003388 XAVE =  -14.791233
    YMIN =   16.432465 YMAX =   31.293341 YAVE =   24.851144
    ZMIN =    9.898461 ZMAX =   31.441555 ZAVE =   21.763448
    WMIN =    0.000000 WMAX =    0.000000 WAVE =    0.000000
  
 CHARMM>     
  
 CHARMM>    coor trans xdir -?XAVE sele all end
 RDCMND substituted energy or value "?XAVE" to "-14.791233"
 SELRPN>  28820 atoms have been selected out of  28820
 TRANSLATION VECTOR    14.791233    0.000000    0.000000
 SELECTED COORDINATES TRANSLATED IN THE MAIN SET.

  
 CHARMM>    coor trans ydir -?YAVE sele all end
 RDCMND substituted energy or value "?YAVE" to "24.8511445"
 SELRPN>  28820 atoms have been selected out of  28820
 TRANSLATION VECTOR     0.000000  -24.851145    0.000000
 SELECTED COORDINATES TRANSLATED IN THE MAIN SET.

  
 CHARMM>    coor trans zdir -?ZAVE sele all end
 RDCMND substituted energy or value "?ZAVE" to "21.7634483"
 SELRPN>  28820 atoms have been selected out of  28820
 TRANSLATION VECTOR     0.000000    0.000000  -21.763448
 SELECTED COORDINATES TRANSLATED IN THE MAIN SET.

  
 CHARMM>     
  
 CHARMM>    traj write
  
 CHARMM>    incr i by 1
 Parameter: I <- "16"
  
 CHARMM>    if i le @ts goto lpf
 Parameter: TS -> "200"
 Comparing "16" and "200".
 IF test evaluated as true.  Performing command
  
 CHARMM>    traj read
  
 CHARMM>    coor stat sele segid MEMB .and. resid @resid end
 Parameter: RESID -> "100"
 SELRPN>    138 atoms have been selected out of  28820
 STATISTICS FOR       138 SELECTED ATOMS:
    XMIN =  -22.065676 XMAX =   -5.968296 XAVE =  -14.791233
    YMIN =   17.473192 YMAX =   30.875406 YAVE =   24.851145
    ZMIN =    9.700052 ZMAX =   30.355883 ZAVE =   21.763449
    WMIN =    0.000000 WMAX =    0.000000 WAVE =    0.000000
  
 CHARMM>     
  
 CHARMM>    coor trans xdir -?XAVE sele all end
 RDCMND substituted energy or value "?XAVE" to "-14.7912329"
 SELRPN>  28820 atoms have been selected out of  28820
 TRANSLATION VECTOR    14.791233    0.000000    0.000000
 SELECTED COORDINATES TRANSLATED IN THE MAIN SET.

  
 CHARMM>    coor trans ydir -?YAVE sele all end
 RDCMND substituted energy or value "?YAVE" to "24.8511447"
 SELRPN>  28820 atoms have been selected out of  28820
 TRANSLATION VECTOR     0.000000  -24.851145    0.000000
 SELECTED COORDINATES TRANSLATED IN THE MAIN SET.

  
 CHARMM>    coor trans zdir -?ZAVE sele all end
 RDCMND substituted energy or value "?ZAVE" to "21.7634486"
 SELRPN>  28820 atoms have been selected out of  28820
 TRANSLATION VECTOR     0.000000    0.000000  -21.763449
 SELECTED COORDINATES TRANSLATED IN THE MAIN SET.

  
 CHARMM>     
  
 CHARMM>    traj write
  
 CHARMM>    incr i by 1
 Parameter: I <- "17"
  
 CHARMM>    if i le @ts goto lpf
 Parameter: TS -> "200"
 Comparing "17" and "200".
 IF test evaluated as true.  Performing command
  
 CHARMM>    traj read
  
 CHARMM>    coor stat sele segid MEMB .and. resid @resid end
 Parameter: RESID -> "100"
 SELRPN>    138 atoms have been selected out of  28820
 STATISTICS FOR       138 SELECTED ATOMS:
    XMIN =  -21.340551 XMAX =   -6.307407 XAVE =  -14.791233
    YMIN =   16.809511 YMAX =   31.627060 YAVE =   24.851144
    ZMIN =    9.854569 ZMAX =   32.129478 ZAVE =   21.763448
    WMIN =    0.000000 WMAX =    0.000000 WAVE =    0.000000
  
 CHARMM>     
  
 CHARMM>    coor trans xdir -?XAVE sele all end
 RDCMND substituted energy or value "?XAVE" to "-14.7912326"
 SELRPN>  28820 atoms have been selected out of  28820
 TRANSLATION VECTOR    14.791233    0.000000    0.000000
 SELECTED COORDINATES TRANSLATED IN THE MAIN SET.

  
 CHARMM>    coor trans ydir -?YAVE sele all end
 RDCMND substituted energy or value "?YAVE" to "24.851144"
 SELRPN>  28820 atoms have been selected out of  28820
 TRANSLATION VECTOR     0.000000  -24.851144    0.000000
 SELECTED COORDINATES TRANSLATED IN THE MAIN SET.

  
 CHARMM>    coor trans zdir -?ZAVE sele all end
 RDCMND substituted energy or value "?ZAVE" to "21.7634477"
 SELRPN>  28820 atoms have been selected out of  28820
 TRANSLATION VECTOR     0.000000    0.000000  -21.763448
 SELECTED COORDINATES TRANSLATED IN THE MAIN SET.

  
 CHARMM>     
  
 CHARMM>    traj write
  
 CHARMM>    incr i by 1
 Parameter: I <- "18"
  
 CHARMM>    if i le @ts goto lpf
 Parameter: TS -> "200"
 Comparing "18" and "200".
 IF test evaluated as true.  Performing command
  
 CHARMM>    traj read
  
 CHARMM>    coor stat sele segid MEMB .and. resid @resid end
 Parameter: RESID -> "100"
 SELRPN>    138 atoms have been selected out of  28820
 STATISTICS FOR       138 SELECTED ATOMS:
    XMIN =  -21.914494 XMAX =   -6.254779 XAVE =  -14.791232
    YMIN =   16.011330 YMAX =   31.133936 YAVE =   24.851144
    ZMIN =    9.326705 ZMAX =   32.167088 ZAVE =   21.763448
    WMIN =    0.000000 WMAX =    0.000000 WAVE =    0.000000
  
 CHARMM>     
  
 CHARMM>    coor trans xdir -?XAVE sele all end
 RDCMND substituted energy or value "?XAVE" to "-14.7912325"
 SELRPN>  28820 atoms have been selected out of  28820
 TRANSLATION VECTOR    14.791232    0.000000    0.000000
 SELECTED COORDINATES TRANSLATED IN THE MAIN SET.

  
 CHARMM>    coor trans ydir -?YAVE sele all end
 RDCMND substituted energy or value "?YAVE" to "24.8511439"
 SELRPN>  28820 atoms have been selected out of  28820
 TRANSLATION VECTOR     0.000000  -24.851144    0.000000
 SELECTED COORDINATES TRANSLATED IN THE MAIN SET.

  
 CHARMM>    coor trans zdir -?ZAVE sele all end
 RDCMND substituted energy or value "?ZAVE" to "21.763448"
 SELRPN>  28820 atoms have been selected out of  28820
 TRANSLATION VECTOR     0.000000    0.000000  -21.763448
 SELECTED COORDINATES TRANSLATED IN THE MAIN SET.

  
 CHARMM>     
  
 CHARMM>    traj write
  
 CHARMM>    incr i by 1
 Parameter: I <- "19"
  
 CHARMM>    if i le @ts goto lpf
 Parameter: TS -> "200"
 Comparing "19" and "200".
 IF test evaluated as true.  Performing command
  
 CHARMM>    traj read
  
 CHARMM>    coor stat sele segid MEMB .and. resid @resid end
 Parameter: RESID -> "100"
 SELRPN>    138 atoms have been selected out of  28820
 STATISTICS FOR       138 SELECTED ATOMS:
    XMIN =  -20.898073 XMAX =   -5.547361 XAVE =  -14.791233
    YMIN =   16.032440 YMAX =   31.777222 YAVE =   24.851143
    ZMIN =    9.321169 ZMAX =   31.380838 ZAVE =   21.763448
    WMIN =    0.000000 WMAX =    0.000000 WAVE =    0.000000
  
 CHARMM>     
  
 CHARMM>    coor trans xdir -?XAVE sele all end
 RDCMND substituted energy or value "?XAVE" to "-14.7912328"
 SELRPN>  28820 atoms have been selected out of  28820
 TRANSLATION VECTOR    14.791233    0.000000    0.000000
 SELECTED COORDINATES TRANSLATED IN THE MAIN SET.

  
 CHARMM>    coor trans ydir -?YAVE sele all end
 RDCMND substituted energy or value "?YAVE" to "24.8511434"
 SELRPN>  28820 atoms have been selected out of  28820
 TRANSLATION VECTOR     0.000000  -24.851143    0.000000
 SELECTED COORDINATES TRANSLATED IN THE MAIN SET.

  
 CHARMM>    coor trans zdir -?ZAVE sele all end
 RDCMND substituted energy or value "?ZAVE" to "21.7634479"
 SELRPN>  28820 atoms have been selected out of  28820
 TRANSLATION VECTOR     0.000000    0.000000  -21.763448
 SELECTED COORDINATES TRANSLATED IN THE MAIN SET.

  
 CHARMM>     
  
 CHARMM>    traj write
  
 CHARMM>    incr i by 1
 Parameter: I <- "20"
  
 CHARMM>    if i le @ts goto lpf
 Parameter: TS -> "200"
 Comparing "20" and "200".
 IF test evaluated as true.  Performing command
  
 CHARMM>    traj read
  
 CHARMM>    coor stat sele segid MEMB .and. resid @resid end
 Parameter: RESID -> "100"
 SELRPN>    138 atoms have been selected out of  28820
 STATISTICS FOR       138 SELECTED ATOMS:
    XMIN =  -21.924894 XMAX =   -5.338803 XAVE =  -14.791233
    YMIN =   16.500111 YMAX =   31.576414 YAVE =   24.851144
    ZMIN =   10.105081 ZMAX =   30.880848 ZAVE =   21.763449
    WMIN =    0.000000 WMAX =    0.000000 WAVE =    0.000000
  
 CHARMM>     
  
 CHARMM>    coor trans xdir -?XAVE sele all end
 RDCMND substituted energy or value "?XAVE" to "-14.7912327"
 SELRPN>  28820 atoms have been selected out of  28820
 TRANSLATION VECTOR    14.791233    0.000000    0.000000
 SELECTED COORDINATES TRANSLATED IN THE MAIN SET.

  
 CHARMM>    coor trans ydir -?YAVE sele all end
 RDCMND substituted energy or value "?YAVE" to "24.8511435"
 SELRPN>  28820 atoms have been selected out of  28820
 TRANSLATION VECTOR     0.000000  -24.851143    0.000000
 SELECTED COORDINATES TRANSLATED IN THE MAIN SET.

  
 CHARMM>    coor trans zdir -?ZAVE sele all end
 RDCMND substituted energy or value "?ZAVE" to "21.7634485"
 SELRPN>  28820 atoms have been selected out of  28820
 TRANSLATION VECTOR     0.000000    0.000000  -21.763448
 SELECTED COORDINATES TRANSLATED IN THE MAIN SET.

  
 CHARMM>     
  
 CHARMM>    traj write
  
 CHARMM>    incr i by 1
 Parameter: I <- "21"
  
 CHARMM>    if i le @ts goto lpf
 Parameter: TS -> "200"
 Comparing "21" and "200".
 IF test evaluated as true.  Performing command
  
 CHARMM>    traj read
  
 CHARMM>    coor stat sele segid MEMB .and. resid @resid end
 Parameter: RESID -> "100"
 SELRPN>    138 atoms have been selected out of  28820
 STATISTICS FOR       138 SELECTED ATOMS:
    XMIN =  -21.991117 XMAX =   -5.088767 XAVE =  -14.791233
    YMIN =   17.570787 YMAX =   31.468508 YAVE =   24.851145
    ZMIN =    9.733863 ZMAX =   31.005508 ZAVE =   21.763448
    WMIN =    0.000000 WMAX =    0.000000 WAVE =    0.000000
  
 CHARMM>     
  
 CHARMM>    coor trans xdir -?XAVE sele all end
 RDCMND substituted energy or value "?XAVE" to "-14.7912325"
 SELRPN>  28820 atoms have been selected out of  28820
 TRANSLATION VECTOR    14.791232    0.000000    0.000000
 SELECTED COORDINATES TRANSLATED IN THE MAIN SET.

  
 CHARMM>    coor trans ydir -?YAVE sele all end
 RDCMND substituted energy or value "?YAVE" to "24.8511451"
 SELRPN>  28820 atoms have been selected out of  28820
 TRANSLATION VECTOR     0.000000  -24.851145    0.000000
 SELECTED COORDINATES TRANSLATED IN THE MAIN SET.

  
 CHARMM>    coor trans zdir -?ZAVE sele all end
 RDCMND substituted energy or value "?ZAVE" to "21.763448"
 SELRPN>  28820 atoms have been selected out of  28820
 TRANSLATION VECTOR     0.000000    0.000000  -21.763448
 SELECTED COORDINATES TRANSLATED IN THE MAIN SET.

  
 CHARMM>     
  
 CHARMM>    traj write
  
 CHARMM>    incr i by 1
 Parameter: I <- "22"
  
 CHARMM>    if i le @ts goto lpf
 Parameter: TS -> "200"
 Comparing "22" and "200".
 IF test evaluated as true.  Performing command
  
 CHARMM>    traj read
  
 CHARMM>    coor stat sele segid MEMB .and. resid @resid end
 Parameter: RESID -> "100"
 SELRPN>    138 atoms have been selected out of  28820
 STATISTICS FOR       138 SELECTED ATOMS:
    XMIN =  -21.331903 XMAX =   -5.103080 XAVE =  -14.791233
    YMIN =   16.349737 YMAX =   31.469341 YAVE =   24.851144
    ZMIN =    9.654482 ZMAX =   31.148445 ZAVE =   21.763448
    WMIN =    0.000000 WMAX =    0.000000 WAVE =    0.000000
  
 CHARMM>     
  
 CHARMM>    coor trans xdir -?XAVE sele all end
 RDCMND substituted energy or value "?XAVE" to "-14.7912328"
 SELRPN>  28820 atoms have been selected out of  28820
 TRANSLATION VECTOR    14.791233    0.000000    0.000000
 SELECTED COORDINATES TRANSLATED IN THE MAIN SET.

  
 CHARMM>    coor trans ydir -?YAVE sele all end
 RDCMND substituted energy or value "?YAVE" to "24.8511441"
 SELRPN>  28820 atoms have been selected out of  28820
 TRANSLATION VECTOR     0.000000  -24.851144    0.000000
 SELECTED COORDINATES TRANSLATED IN THE MAIN SET.

  
 CHARMM>    coor trans zdir -?ZAVE sele all end
 RDCMND substituted energy or value "?ZAVE" to "21.7634478"
 SELRPN>  28820 atoms have been selected out of  28820
 TRANSLATION VECTOR     0.000000    0.000000  -21.763448
 SELECTED COORDINATES TRANSLATED IN THE MAIN SET.

  
 CHARMM>     
  
 CHARMM>    traj write
  
 CHARMM>    incr i by 1
 Parameter: I <- "23"
  
 CHARMM>    if i le @ts goto lpf
 Parameter: TS -> "200"
 Comparing "23" and "200".
 IF test evaluated as true.  Performing command
  
 CHARMM>    traj read
  
 CHARMM>    coor stat sele segid MEMB .and. resid @resid end
 Parameter: RESID -> "100"
 SELRPN>    138 atoms have been selected out of  28820
 STATISTICS FOR       138 SELECTED ATOMS:
    XMIN =  -22.143435 XMAX =   -3.808158 XAVE =  -14.791233
    YMIN =   15.793856 YMAX =   31.257328 YAVE =   24.851145
    ZMIN =    9.403859 ZMAX =   30.759422 ZAVE =   21.763449
    WMIN =    0.000000 WMAX =    0.000000 WAVE =    0.000000
  
 CHARMM>     
  
 CHARMM>    coor trans xdir -?XAVE sele all end
 RDCMND substituted energy or value "?XAVE" to "-14.7912325"
 SELRPN>  28820 atoms have been selected out of  28820
 TRANSLATION VECTOR    14.791232    0.000000    0.000000
 SELECTED COORDINATES TRANSLATED IN THE MAIN SET.

  
 CHARMM>    coor trans ydir -?YAVE sele all end
 RDCMND substituted energy or value "?YAVE" to "24.8511445"
 SELRPN>  28820 atoms have been selected out of  28820
 TRANSLATION VECTOR     0.000000  -24.851145    0.000000
 SELECTED COORDINATES TRANSLATED IN THE MAIN SET.

  
 CHARMM>    coor trans zdir -?ZAVE sele all end
 RDCMND substituted energy or value "?ZAVE" to "21.7634486"
 SELRPN>  28820 atoms have been selected out of  28820
 TRANSLATION VECTOR     0.000000    0.000000  -21.763449
 SELECTED COORDINATES TRANSLATED IN THE MAIN SET.

  
 CHARMM>     
  
 CHARMM>    traj write
  
 CHARMM>    incr i by 1
 Parameter: I <- "24"
  
 CHARMM>    if i le @ts goto lpf
 Parameter: TS -> "200"
 Comparing "24" and "200".
 IF test evaluated as true.  Performing command
  
 CHARMM>    traj read
  
 CHARMM>    coor stat sele segid MEMB .and. resid @resid end
 Parameter: RESID -> "100"
 SELRPN>    138 atoms have been selected out of  28820
 STATISTICS FOR       138 SELECTED ATOMS:
    XMIN =  -22.637054 XMAX =   -7.181947 XAVE =  -14.791233
    YMIN =   15.271694 YMAX =   31.788458 YAVE =   24.851143
    ZMIN =    9.646103 ZMAX =   31.579262 ZAVE =   21.763448
    WMIN =    0.000000 WMAX =    0.000000 WAVE =    0.000000
  
 CHARMM>     
  
 CHARMM>    coor trans xdir -?XAVE sele all end
 RDCMND substituted energy or value "?XAVE" to "-14.7912329"
 SELRPN>  28820 atoms have been selected out of  28820
 TRANSLATION VECTOR    14.791233    0.000000    0.000000
 SELECTED COORDINATES TRANSLATED IN THE MAIN SET.

  
 CHARMM>    coor trans ydir -?YAVE sele all end
 RDCMND substituted energy or value "?YAVE" to "24.8511433"
 SELRPN>  28820 atoms have been selected out of  28820
 TRANSLATION VECTOR     0.000000  -24.851143    0.000000
 SELECTED COORDINATES TRANSLATED IN THE MAIN SET.

  
 CHARMM>    coor trans zdir -?ZAVE sele all end
 RDCMND substituted energy or value "?ZAVE" to "21.7634479"
 SELRPN>  28820 atoms have been selected out of  28820
 TRANSLATION VECTOR     0.000000    0.000000  -21.763448
 SELECTED COORDINATES TRANSLATED IN THE MAIN SET.

  
 CHARMM>     
  
 CHARMM>    traj write
  
 CHARMM>    incr i by 1
 Parameter: I <- "25"
  
 CHARMM>    if i le @ts goto lpf
 Parameter: TS -> "200"
 Comparing "25" and "200".
 IF test evaluated as true.  Performing command
  
 CHARMM>    traj read
  
 CHARMM>    coor stat sele segid MEMB .and. resid @resid end
 Parameter: RESID -> "100"
 SELRPN>    138 atoms have been selected out of  28820
 STATISTICS FOR       138 SELECTED ATOMS:
    XMIN =  -22.632257 XMAX =   -6.374283 XAVE =  -14.791233
    YMIN =   15.278293 YMAX =   32.273991 YAVE =   24.851144
    ZMIN =   10.298415 ZMAX =   31.285248 ZAVE =   21.763449
    WMIN =    0.000000 WMAX =    0.000000 WAVE =    0.000000
  
 CHARMM>     
  
 CHARMM>    coor trans xdir -?XAVE sele all end
 RDCMND substituted energy or value "?XAVE" to "-14.7912327"
 SELRPN>  28820 atoms have been selected out of  28820
 TRANSLATION VECTOR    14.791233    0.000000    0.000000
 SELECTED COORDINATES TRANSLATED IN THE MAIN SET.

  
 CHARMM>    coor trans ydir -?YAVE sele all end
 RDCMND substituted energy or value "?YAVE" to "24.851144"
 SELRPN>  28820 atoms have been selected out of  28820
 TRANSLATION VECTOR     0.000000  -24.851144    0.000000
 SELECTED COORDINATES TRANSLATED IN THE MAIN SET.

  
 CHARMM>    coor trans zdir -?ZAVE sele all end
 RDCMND substituted energy or value "?ZAVE" to "21.7634485"
 SELRPN>  28820 atoms have been selected out of  28820
 TRANSLATION VECTOR     0.000000    0.000000  -21.763448
 SELECTED COORDINATES TRANSLATED IN THE MAIN SET.

  
 CHARMM>     
  
 CHARMM>    traj write
  
 CHARMM>    incr i by 1
 Parameter: I <- "26"
  
 CHARMM>    if i le @ts goto lpf
 Parameter: TS -> "200"
 Comparing "26" and "200".
 IF test evaluated as true.  Performing command
  
 CHARMM>    traj read
  
 CHARMM>    coor stat sele segid MEMB .and. resid @resid end
 Parameter: RESID -> "100"
 SELRPN>    138 atoms have been selected out of  28820
 STATISTICS FOR       138 SELECTED ATOMS:
    XMIN =  -20.939476 XMAX =   -6.361998 XAVE =  -14.791233
    YMIN =   15.047817 YMAX =   31.952785 YAVE =   24.851145
    ZMIN =   10.240655 ZMAX =   32.951828 ZAVE =   21.763448
    WMIN =    0.000000 WMAX =    0.000000 WAVE =    0.000000
  
 CHARMM>     
  
 CHARMM>    coor trans xdir -?XAVE sele all end
 RDCMND substituted energy or value "?XAVE" to "-14.7912327"
 SELRPN>  28820 atoms have been selected out of  28820
 TRANSLATION VECTOR    14.791233    0.000000    0.000000
 SELECTED COORDINATES TRANSLATED IN THE MAIN SET.

  
 CHARMM>    coor trans ydir -?YAVE sele all end
 RDCMND substituted energy or value "?YAVE" to "24.8511445"
 SELRPN>  28820 atoms have been selected out of  28820
 TRANSLATION VECTOR     0.000000  -24.851145    0.000000
 SELECTED COORDINATES TRANSLATED IN THE MAIN SET.

  
 CHARMM>    coor trans zdir -?ZAVE sele all end
 RDCMND substituted energy or value "?ZAVE" to "21.7634479"
 SELRPN>  28820 atoms have been selected out of  28820
 TRANSLATION VECTOR     0.000000    0.000000  -21.763448
 SELECTED COORDINATES TRANSLATED IN THE MAIN SET.

  
 CHARMM>     
  
 CHARMM>    traj write
  
 CHARMM>    incr i by 1
 Parameter: I <- "27"
  
 CHARMM>    if i le @ts goto lpf
 Parameter: TS -> "200"
 Comparing "27" and "200".
 IF test evaluated as true.  Performing command
  
 CHARMM>    traj read
  
 CHARMM>    coor stat sele segid MEMB .and. resid @resid end
 Parameter: RESID -> "100"
 SELRPN>    138 atoms have been selected out of  28820
 STATISTICS FOR       138 SELECTED ATOMS:
    XMIN =  -20.938234 XMAX =   -6.095298 XAVE =  -14.791233
    YMIN =   15.623091 YMAX =   31.672930 YAVE =   24.851144
    ZMIN =    9.700601 ZMAX =   32.911972 ZAVE =   21.763448
    WMIN =    0.000000 WMAX =    0.000000 WAVE =    0.000000
  
 CHARMM>     
  
 CHARMM>    coor trans xdir -?XAVE sele all end
 RDCMND substituted energy or value "?XAVE" to "-14.7912331"
 SELRPN>  28820 atoms have been selected out of  28820
 TRANSLATION VECTOR    14.791233    0.000000    0.000000
 SELECTED COORDINATES TRANSLATED IN THE MAIN SET.

  
 CHARMM>    coor trans ydir -?YAVE sele all end
 RDCMND substituted energy or value "?YAVE" to "24.8511442"
 SELRPN>  28820 atoms have been selected out of  28820
 TRANSLATION VECTOR     0.000000  -24.851144    0.000000
 SELECTED COORDINATES TRANSLATED IN THE MAIN SET.

  
 CHARMM>    coor trans zdir -?ZAVE sele all end
 RDCMND substituted energy or value "?ZAVE" to "21.7634479"
 SELRPN>  28820 atoms have been selected out of  28820
 TRANSLATION VECTOR     0.000000    0.000000  -21.763448
 SELECTED COORDINATES TRANSLATED IN THE MAIN SET.

  
 CHARMM>     
  
 CHARMM>    traj write
  
 CHARMM>    incr i by 1
 Parameter: I <- "28"
  
 CHARMM>    if i le @ts goto lpf
 Parameter: TS -> "200"
 Comparing "28" and "200".
 IF test evaluated as true.  Performing command
  
 CHARMM>    traj read
  
 CHARMM>    coor stat sele segid MEMB .and. resid @resid end
 Parameter: RESID -> "100"
 SELRPN>    138 atoms have been selected out of  28820
 STATISTICS FOR       138 SELECTED ATOMS:
    XMIN =  -21.213154 XMAX =   -6.207747 XAVE =  -14.791232
    YMIN =   16.433025 YMAX =   31.377268 YAVE =   24.851143
    ZMIN =    9.198818 ZMAX =   32.868355 ZAVE =   21.763448
    WMIN =    0.000000 WMAX =    0.000000 WAVE =    0.000000
  
 CHARMM>     
  
 CHARMM>    coor trans xdir -?XAVE sele all end
 RDCMND substituted energy or value "?XAVE" to "-14.7912324"
 SELRPN>  28820 atoms have been selected out of  28820
 TRANSLATION VECTOR    14.791232    0.000000    0.000000
 SELECTED COORDINATES TRANSLATED IN THE MAIN SET.

  
 CHARMM>    coor trans ydir -?YAVE sele all end
 RDCMND substituted energy or value "?YAVE" to "24.8511433"
 SELRPN>  28820 atoms have been selected out of  28820
 TRANSLATION VECTOR     0.000000  -24.851143    0.000000
 SELECTED COORDINATES TRANSLATED IN THE MAIN SET.

  
 CHARMM>    coor trans zdir -?ZAVE sele all end
 RDCMND substituted energy or value "?ZAVE" to "21.763448"
 SELRPN>  28820 atoms have been selected out of  28820
 TRANSLATION VECTOR     0.000000    0.000000  -21.763448
 SELECTED COORDINATES TRANSLATED IN THE MAIN SET.

  
 CHARMM>     
  
 CHARMM>    traj write
  
 CHARMM>    incr i by 1
 Parameter: I <- "29"
  
 CHARMM>    if i le @ts goto lpf
 Parameter: TS -> "200"
 Comparing "29" and "200".
 IF test evaluated as true.  Performing command
  
 CHARMM>    traj read
  
 CHARMM>    coor stat sele segid MEMB .and. resid @resid end
 Parameter: RESID -> "100"
 SELRPN>    138 atoms have been selected out of  28820
 STATISTICS FOR       138 SELECTED ATOMS:
    XMIN =  -20.778997 XMAX =   -7.677873 XAVE =  -14.791233
    YMIN =   18.020641 YMAX =   31.098625 YAVE =   24.851144
    ZMIN =    9.699043 ZMAX =   33.582626 ZAVE =   21.763448
    WMIN =    0.000000 WMAX =    0.000000 WAVE =    0.000000
  
 CHARMM>     
  
 CHARMM>    coor trans xdir -?XAVE sele all end
 RDCMND substituted energy or value "?XAVE" to "-14.7912329"
 SELRPN>  28820 atoms have been selected out of  28820
 TRANSLATION VECTOR    14.791233    0.000000    0.000000
 SELECTED COORDINATES TRANSLATED IN THE MAIN SET.

  
 CHARMM>    coor trans ydir -?YAVE sele all end
 RDCMND substituted energy or value "?YAVE" to "24.8511437"
 SELRPN>  28820 atoms have been selected out of  28820
 TRANSLATION VECTOR     0.000000  -24.851144    0.000000
 SELECTED COORDINATES TRANSLATED IN THE MAIN SET.

  
 CHARMM>    coor trans zdir -?ZAVE sele all end
 RDCMND substituted energy or value "?ZAVE" to "21.763448"
 SELRPN>  28820 atoms have been selected out of  28820
 TRANSLATION VECTOR     0.000000    0.000000  -21.763448
 SELECTED COORDINATES TRANSLATED IN THE MAIN SET.

  
 CHARMM>     
  
 CHARMM>    traj write
  
 CHARMM>    incr i by 1
 Parameter: I <- "30"
  
 CHARMM>    if i le @ts goto lpf
 Parameter: TS -> "200"
 Comparing "30" and "200".
 IF test evaluated as true.  Performing command
  
 CHARMM>    traj read
  
 CHARMM>    coor stat sele segid MEMB .and. resid @resid end
 Parameter: RESID -> "100"
 SELRPN>    138 atoms have been selected out of  28820
 STATISTICS FOR       138 SELECTED ATOMS:
    XMIN =  -20.673941 XMAX =   -8.181236 XAVE =  -14.791232
    YMIN =   18.324055 YMAX =   31.155380 YAVE =   24.851145
    ZMIN =    9.620733 ZMAX =   32.959557 ZAVE =   21.763448
    WMIN =    0.000000 WMAX =    0.000000 WAVE =    0.000000
  
 CHARMM>     
  
 CHARMM>    coor trans xdir -?XAVE sele all end
 RDCMND substituted energy or value "?XAVE" to "-14.7912324"
 SELRPN>  28820 atoms have been selected out of  28820
 TRANSLATION VECTOR    14.791232    0.000000    0.000000
 SELECTED COORDINATES TRANSLATED IN THE MAIN SET.

  
 CHARMM>    coor trans ydir -?YAVE sele all end
 RDCMND substituted energy or value "?YAVE" to "24.8511445"
 SELRPN>  28820 atoms have been selected out of  28820
 TRANSLATION VECTOR     0.000000  -24.851145    0.000000
 SELECTED COORDINATES TRANSLATED IN THE MAIN SET.

  
 CHARMM>    coor trans zdir -?ZAVE sele all end
 RDCMND substituted energy or value "?ZAVE" to "21.7634479"
 SELRPN>  28820 atoms have been selected out of  28820
 TRANSLATION VECTOR     0.000000    0.000000  -21.763448
 SELECTED COORDINATES TRANSLATED IN THE MAIN SET.

  
 CHARMM>     
  
 CHARMM>    traj write
  
 CHARMM>    incr i by 1
 Parameter: I <- "31"
  
 CHARMM>    if i le @ts goto lpf
 Parameter: TS -> "200"
 Comparing "31" and "200".
 IF test evaluated as true.  Performing command
  
 CHARMM>    traj read
  
 CHARMM>    coor stat sele segid MEMB .and. resid @resid end
 Parameter: RESID -> "100"
 SELRPN>    138 atoms have been selected out of  28820
 STATISTICS FOR       138 SELECTED ATOMS:
    XMIN =  -21.178322 XMAX =   -8.387387 XAVE =  -14.791232
    YMIN =   17.934813 YMAX =   30.973665 YAVE =   24.851143
    ZMIN =   10.309950 ZMAX =   31.764933 ZAVE =   21.763449
    WMIN =    0.000000 WMAX =    0.000000 WAVE =    0.000000
  
 CHARMM>     
  
 CHARMM>    coor trans xdir -?XAVE sele all end
 RDCMND substituted energy or value "?XAVE" to "-14.7912325"
 SELRPN>  28820 atoms have been selected out of  28820
 TRANSLATION VECTOR    14.791232    0.000000    0.000000
 SELECTED COORDINATES TRANSLATED IN THE MAIN SET.

  
 CHARMM>    coor trans ydir -?YAVE sele all end
 RDCMND substituted energy or value "?YAVE" to "24.8511434"
 SELRPN>  28820 atoms have been selected out of  28820
 TRANSLATION VECTOR     0.000000  -24.851143    0.000000
 SELECTED COORDINATES TRANSLATED IN THE MAIN SET.

  
 CHARMM>    coor trans zdir -?ZAVE sele all end
 RDCMND substituted energy or value "?ZAVE" to "21.7634485"
 SELRPN>  28820 atoms have been selected out of  28820
 TRANSLATION VECTOR     0.000000    0.000000  -21.763448
 SELECTED COORDINATES TRANSLATED IN THE MAIN SET.

  
 CHARMM>     
  
 CHARMM>    traj write
  
 CHARMM>    incr i by 1
 Parameter: I <- "32"
  
 CHARMM>    if i le @ts goto lpf
 Parameter: TS -> "200"
 Comparing "32" and "200".
 IF test evaluated as true.  Performing command
  
 CHARMM>    traj read
  
 CHARMM>    coor stat sele segid MEMB .and. resid @resid end
 Parameter: RESID -> "100"
 SELRPN>    138 atoms have been selected out of  28820
 STATISTICS FOR       138 SELECTED ATOMS:
    XMIN =  -21.795671 XMAX =   -8.824155 XAVE =  -14.791233
    YMIN =   16.456280 YMAX =   31.400167 YAVE =   24.851144
    ZMIN =    9.590564 ZMAX =   30.968546 ZAVE =   21.763448
    WMIN =    0.000000 WMAX =    0.000000 WAVE =    0.000000
  
 CHARMM>     
  
 CHARMM>    coor trans xdir -?XAVE sele all end
 RDCMND substituted energy or value "?XAVE" to "-14.7912328"
 SELRPN>  28820 atoms have been selected out of  28820
 TRANSLATION VECTOR    14.791233    0.000000    0.000000
 SELECTED COORDINATES TRANSLATED IN THE MAIN SET.

  
 CHARMM>    coor trans ydir -?YAVE sele all end
 RDCMND substituted energy or value "?YAVE" to "24.8511444"
 SELRPN>  28820 atoms have been selected out of  28820
 TRANSLATION VECTOR     0.000000  -24.851144    0.000000
 SELECTED COORDINATES TRANSLATED IN THE MAIN SET.

  
 CHARMM>    coor trans zdir -?ZAVE sele all end
 RDCMND substituted energy or value "?ZAVE" to "21.7634483"
 SELRPN>  28820 atoms have been selected out of  28820
 TRANSLATION VECTOR     0.000000    0.000000  -21.763448
 SELECTED COORDINATES TRANSLATED IN THE MAIN SET.

  
 CHARMM>     
  
 CHARMM>    traj write
  
 CHARMM>    incr i by 1
 Parameter: I <- "33"
  
 CHARMM>    if i le @ts goto lpf
 Parameter: TS -> "200"
 Comparing "33" and "200".
 IF test evaluated as true.  Performing command
  
 CHARMM>    traj read
  
 CHARMM>    coor stat sele segid MEMB .and. resid @resid end
 Parameter: RESID -> "100"
 SELRPN>    138 atoms have been selected out of  28820
 STATISTICS FOR       138 SELECTED ATOMS:
    XMIN =  -21.353947 XMAX =   -8.508101 XAVE =  -14.791233
    YMIN =   17.507174 YMAX =   31.196354 YAVE =   24.851143
    ZMIN =   10.674351 ZMAX =   32.354507 ZAVE =   21.763448
    WMIN =    0.000000 WMAX =    0.000000 WAVE =    0.000000
  
 CHARMM>     
  
 CHARMM>    coor trans xdir -?XAVE sele all end
 RDCMND substituted energy or value "?XAVE" to "-14.7912331"
 SELRPN>  28820 atoms have been selected out of  28820
 TRANSLATION VECTOR    14.791233    0.000000    0.000000
 SELECTED COORDINATES TRANSLATED IN THE MAIN SET.

  
 CHARMM>    coor trans ydir -?YAVE sele all end
 RDCMND substituted energy or value "?YAVE" to "24.8511433"
 SELRPN>  28820 atoms have been selected out of  28820
 TRANSLATION VECTOR     0.000000  -24.851143    0.000000
 SELECTED COORDINATES TRANSLATED IN THE MAIN SET.

  
 CHARMM>    coor trans zdir -?ZAVE sele all end
 RDCMND substituted energy or value "?ZAVE" to "21.7634484"
 SELRPN>  28820 atoms have been selected out of  28820
 TRANSLATION VECTOR     0.000000    0.000000  -21.763448
 SELECTED COORDINATES TRANSLATED IN THE MAIN SET.

  
 CHARMM>     
  
 CHARMM>    traj write
  
 CHARMM>    incr i by 1
 Parameter: I <- "34"
  
 CHARMM>    if i le @ts goto lpf
 Parameter: TS -> "200"
 Comparing "34" and "200".
 IF test evaluated as true.  Performing command
  
 CHARMM>    traj read
  
 CHARMM>    coor stat sele segid MEMB .and. resid @resid end
 Parameter: RESID -> "100"
 SELRPN>    138 atoms have been selected out of  28820
 STATISTICS FOR       138 SELECTED ATOMS:
    XMIN =  -20.194048 XMAX =   -9.224167 XAVE =  -14.791233
    YMIN =   18.425385 YMAX =   31.304218 YAVE =   24.851144
    ZMIN =   10.234865 ZMAX =   30.701736 ZAVE =   21.763448
    WMIN =    0.000000 WMAX =    0.000000 WAVE =    0.000000
  
 CHARMM>     
  
 CHARMM>    coor trans xdir -?XAVE sele all end
 RDCMND substituted energy or value "?XAVE" to "-14.7912328"
 SELRPN>  28820 atoms have been selected out of  28820
 TRANSLATION VECTOR    14.791233    0.000000    0.000000
 SELECTED COORDINATES TRANSLATED IN THE MAIN SET.

  
 CHARMM>    coor trans ydir -?YAVE sele all end
 RDCMND substituted energy or value "?YAVE" to "24.8511444"
 SELRPN>  28820 atoms have been selected out of  28820
 TRANSLATION VECTOR     0.000000  -24.851144    0.000000
 SELECTED COORDINATES TRANSLATED IN THE MAIN SET.

  
 CHARMM>    coor trans zdir -?ZAVE sele all end
 RDCMND substituted energy or value "?ZAVE" to "21.763448"
 SELRPN>  28820 atoms have been selected out of  28820
 TRANSLATION VECTOR     0.000000    0.000000  -21.763448
 SELECTED COORDINATES TRANSLATED IN THE MAIN SET.

  
 CHARMM>     
  
 CHARMM>    traj write
  
 CHARMM>    incr i by 1
 Parameter: I <- "35"
  
 CHARMM>    if i le @ts goto lpf
 Parameter: TS -> "200"
 Comparing "35" and "200".
 IF test evaluated as true.  Performing command
  
 CHARMM>    traj read
  
 CHARMM>    coor stat sele segid MEMB .and. resid @resid end
 Parameter: RESID -> "100"
 SELRPN>    138 atoms have been selected out of  28820
 STATISTICS FOR       138 SELECTED ATOMS:
    XMIN =  -20.246216 XMAX =   -9.440263 XAVE =  -14.791233
    YMIN =   16.633120 YMAX =   31.571556 YAVE =   24.851144
    ZMIN =   11.214662 ZMAX =   32.030132 ZAVE =   21.763448
    WMIN =    0.000000 WMAX =    0.000000 WAVE =    0.000000
  
 CHARMM>     
  
 CHARMM>    coor trans xdir -?XAVE sele all end
 RDCMND substituted energy or value "?XAVE" to "-14.7912327"
 SELRPN>  28820 atoms have been selected out of  28820
 TRANSLATION VECTOR    14.791233    0.000000    0.000000
 SELECTED COORDINATES TRANSLATED IN THE MAIN SET.

  
 CHARMM>    coor trans ydir -?YAVE sele all end
 RDCMND substituted energy or value "?YAVE" to "24.851144"
 SELRPN>  28820 atoms have been selected out of  28820
 TRANSLATION VECTOR     0.000000  -24.851144    0.000000
 SELECTED COORDINATES TRANSLATED IN THE MAIN SET.

  
 CHARMM>    coor trans zdir -?ZAVE sele all end
 RDCMND substituted energy or value "?ZAVE" to "21.7634479"
 SELRPN>  28820 atoms have been selected out of  28820
 TRANSLATION VECTOR     0.000000    0.000000  -21.763448
 SELECTED COORDINATES TRANSLATED IN THE MAIN SET.

  
 CHARMM>     
  
 CHARMM>    traj write
  
 CHARMM>    incr i by 1
 Parameter: I <- "36"
  
 CHARMM>    if i le @ts goto lpf
 Parameter: TS -> "200"
 Comparing "36" and "200".
 IF test evaluated as true.  Performing command
  
 CHARMM>    traj read
  
 CHARMM>    coor stat sele segid MEMB .and. resid @resid end
 Parameter: RESID -> "100"
 SELRPN>    138 atoms have been selected out of  28820
 STATISTICS FOR       138 SELECTED ATOMS:
    XMIN =  -20.176941 XMAX =   -9.169832 XAVE =  -14.791233
    YMIN =   18.487852 YMAX =   31.459112 YAVE =   24.851143
    ZMIN =    9.810351 ZMAX =   32.219460 ZAVE =   21.763448
    WMIN =    0.000000 WMAX =    0.000000 WAVE =    0.000000
  
 CHARMM>     
  
 CHARMM>    coor trans xdir -?XAVE sele all end
 RDCMND substituted energy or value "?XAVE" to "-14.791233"
 SELRPN>  28820 atoms have been selected out of  28820
 TRANSLATION VECTOR    14.791233    0.000000    0.000000
 SELECTED COORDINATES TRANSLATED IN THE MAIN SET.

  
 CHARMM>    coor trans ydir -?YAVE sele all end
 RDCMND substituted energy or value "?YAVE" to "24.8511434"
 SELRPN>  28820 atoms have been selected out of  28820
 TRANSLATION VECTOR     0.000000  -24.851143    0.000000
 SELECTED COORDINATES TRANSLATED IN THE MAIN SET.

  
 CHARMM>    coor trans zdir -?ZAVE sele all end
 RDCMND substituted energy or value "?ZAVE" to "21.7634479"
 SELRPN>  28820 atoms have been selected out of  28820
 TRANSLATION VECTOR     0.000000    0.000000  -21.763448
 SELECTED COORDINATES TRANSLATED IN THE MAIN SET.

  
 CHARMM>     
  
 CHARMM>    traj write
  
 CHARMM>    incr i by 1
 Parameter: I <- "37"
  
 CHARMM>    if i le @ts goto lpf
 Parameter: TS -> "200"
 Comparing "37" and "200".
 IF test evaluated as true.  Performing command
  
 CHARMM>    traj read
  
 CHARMM>    coor stat sele segid MEMB .and. resid @resid end
 Parameter: RESID -> "100"
 SELRPN>    138 atoms have been selected out of  28820
 STATISTICS FOR       138 SELECTED ATOMS:
    XMIN =  -19.992271 XMAX =   -9.690122 XAVE =  -14.791233
    YMIN =   19.015518 YMAX =   30.959288 YAVE =   24.851144
    ZMIN =   10.940869 ZMAX =   33.080273 ZAVE =   21.763448
    WMIN =    0.000000 WMAX =    0.000000 WAVE =    0.000000
  
 CHARMM>     
  
 CHARMM>    coor trans xdir -?XAVE sele all end
 RDCMND substituted energy or value "?XAVE" to "-14.791233"
 SELRPN>  28820 atoms have been selected out of  28820
 TRANSLATION VECTOR    14.791233    0.000000    0.000000
 SELECTED COORDINATES TRANSLATED IN THE MAIN SET.

  
 CHARMM>    coor trans ydir -?YAVE sele all end
 RDCMND substituted energy or value "?YAVE" to "24.8511444"
 SELRPN>  28820 atoms have been selected out of  28820
 TRANSLATION VECTOR     0.000000  -24.851144    0.000000
 SELECTED COORDINATES TRANSLATED IN THE MAIN SET.

  
 CHARMM>    coor trans zdir -?ZAVE sele all end
 RDCMND substituted energy or value "?ZAVE" to "21.7634485"
 SELRPN>  28820 atoms have been selected out of  28820
 TRANSLATION VECTOR     0.000000    0.000000  -21.763448
 SELECTED COORDINATES TRANSLATED IN THE MAIN SET.

  
 CHARMM>     
  
 CHARMM>    traj write
  
 CHARMM>    incr i by 1
 Parameter: I <- "38"
  
 CHARMM>    if i le @ts goto lpf
 Parameter: TS -> "200"
 Comparing "38" and "200".
 IF test evaluated as true.  Performing command
  
 CHARMM>    traj read
  
 CHARMM>    coor stat sele segid MEMB .and. resid @resid end
 Parameter: RESID -> "100"
 SELRPN>    138 atoms have been selected out of  28820
 STATISTICS FOR       138 SELECTED ATOMS:
    XMIN =  -19.253489 XMAX =   -9.374537 XAVE =  -14.791233
    YMIN =   19.207798 YMAX =   30.348507 YAVE =   24.851145
    ZMIN =   10.814299 ZMAX =   33.042545 ZAVE =   21.763449
    WMIN =    0.000000 WMAX =    0.000000 WAVE =    0.000000
  
 CHARMM>     
  
 CHARMM>    coor trans xdir -?XAVE sele all end
 RDCMND substituted energy or value "?XAVE" to "-14.791233"
 SELRPN>  28820 atoms have been selected out of  28820
 TRANSLATION VECTOR    14.791233    0.000000    0.000000
 SELECTED COORDINATES TRANSLATED IN THE MAIN SET.

  
 CHARMM>    coor trans ydir -?YAVE sele all end
 RDCMND substituted energy or value "?YAVE" to "24.8511451"
 SELRPN>  28820 atoms have been selected out of  28820
 TRANSLATION VECTOR     0.000000  -24.851145    0.000000
 SELECTED COORDINATES TRANSLATED IN THE MAIN SET.

  
 CHARMM>    coor trans zdir -?ZAVE sele all end
 RDCMND substituted energy or value "?ZAVE" to "21.7634485"
 SELRPN>  28820 atoms have been selected out of  28820
 TRANSLATION VECTOR     0.000000    0.000000  -21.763448
 SELECTED COORDINATES TRANSLATED IN THE MAIN SET.

  
 CHARMM>     
  
 CHARMM>    traj write
  
 CHARMM>    incr i by 1
 Parameter: I <- "39"
  
 CHARMM>    if i le @ts goto lpf
 Parameter: TS -> "200"
 Comparing "39" and "200".
 IF test evaluated as true.  Performing command
  
 CHARMM>    traj read
  
 CHARMM>    coor stat sele segid MEMB .and. resid @resid end
 Parameter: RESID -> "100"
 SELRPN>    138 atoms have been selected out of  28820
 STATISTICS FOR       138 SELECTED ATOMS:
    XMIN =  -19.766577 XMAX =   -8.728022 XAVE =  -14.791233
    YMIN =   19.828022 YMAX =   30.135914 YAVE =   24.851143
    ZMIN =   10.497956 ZMAX =   33.656849 ZAVE =   21.763448
    WMIN =    0.000000 WMAX =    0.000000 WAVE =    0.000000
  
 CHARMM>     
  
 CHARMM>    coor trans xdir -?XAVE sele all end
 RDCMND substituted energy or value "?XAVE" to "-14.7912328"
 SELRPN>  28820 atoms have been selected out of  28820
 TRANSLATION VECTOR    14.791233    0.000000    0.000000
 SELECTED COORDINATES TRANSLATED IN THE MAIN SET.

  
 CHARMM>    coor trans ydir -?YAVE sele all end
 RDCMND substituted energy or value "?YAVE" to "24.8511434"
 SELRPN>  28820 atoms have been selected out of  28820
 TRANSLATION VECTOR     0.000000  -24.851143    0.000000
 SELECTED COORDINATES TRANSLATED IN THE MAIN SET.

  
 CHARMM>    coor trans zdir -?ZAVE sele all end
 RDCMND substituted energy or value "?ZAVE" to "21.763448"
 SELRPN>  28820 atoms have been selected out of  28820
 TRANSLATION VECTOR     0.000000    0.000000  -21.763448
 SELECTED COORDINATES TRANSLATED IN THE MAIN SET.

  
 CHARMM>     
  
 CHARMM>    traj write
  
 CHARMM>    incr i by 1
 Parameter: I <- "40"
  
 CHARMM>    if i le @ts goto lpf
 Parameter: TS -> "200"
 Comparing "40" and "200".
 IF test evaluated as true.  Performing command
  
 CHARMM>    traj read
  
 CHARMM>    coor stat sele segid MEMB .and. resid @resid end
 Parameter: RESID -> "100"
 SELRPN>    138 atoms have been selected out of  28820
 STATISTICS FOR       138 SELECTED ATOMS:
    XMIN =  -21.882303 XMAX =   -9.067944 XAVE =  -14.791232
    YMIN =   19.160166 YMAX =   30.936710 YAVE =   24.851144
    ZMIN =   10.207431 ZMAX =   33.657818 ZAVE =   21.763448
    WMIN =    0.000000 WMAX =    0.000000 WAVE =    0.000000
  
 CHARMM>     
  
 CHARMM>    coor trans xdir -?XAVE sele all end
 RDCMND substituted energy or value "?XAVE" to "-14.7912324"
 SELRPN>  28820 atoms have been selected out of  28820
 TRANSLATION VECTOR    14.791232    0.000000    0.000000
 SELECTED COORDINATES TRANSLATED IN THE MAIN SET.

  
 CHARMM>    coor trans ydir -?YAVE sele all end
 RDCMND substituted energy or value "?YAVE" to "24.851144"
 SELRPN>  28820 atoms have been selected out of  28820
 TRANSLATION VECTOR     0.000000  -24.851144    0.000000
 SELECTED COORDINATES TRANSLATED IN THE MAIN SET.

  
 CHARMM>    coor trans zdir -?ZAVE sele all end
 RDCMND substituted energy or value "?ZAVE" to "21.7634479"
 SELRPN>  28820 atoms have been selected out of  28820
 TRANSLATION VECTOR     0.000000    0.000000  -21.763448
 SELECTED COORDINATES TRANSLATED IN THE MAIN SET.

  
 CHARMM>     
  
 CHARMM>    traj write
  
 CHARMM>    incr i by 1
 Parameter: I <- "41"
  
 CHARMM>    if i le @ts goto lpf
 Parameter: TS -> "200"
 Comparing "41" and "200".
 IF test evaluated as true.  Performing command
  
 CHARMM>    traj read
  
 CHARMM>    coor stat sele segid MEMB .and. resid @resid end
 Parameter: RESID -> "100"
 SELRPN>    138 atoms have been selected out of  28820
 STATISTICS FOR       138 SELECTED ATOMS:
    XMIN =  -21.341724 XMAX =   -9.044642 XAVE =  -14.791233
    YMIN =   19.507540 YMAX =   30.538187 YAVE =   24.851145
    ZMIN =   10.718689 ZMAX =   33.448078 ZAVE =   21.763448
    WMIN =    0.000000 WMAX =    0.000000 WAVE =    0.000000
  
 CHARMM>     
  
 CHARMM>    coor trans xdir -?XAVE sele all end
 RDCMND substituted energy or value "?XAVE" to "-14.7912327"
 SELRPN>  28820 atoms have been selected out of  28820
 TRANSLATION VECTOR    14.791233    0.000000    0.000000
 SELECTED COORDINATES TRANSLATED IN THE MAIN SET.

  
 CHARMM>    coor trans ydir -?YAVE sele all end
 RDCMND substituted energy or value "?YAVE" to "24.8511451"
 SELRPN>  28820 atoms have been selected out of  28820
 TRANSLATION VECTOR     0.000000  -24.851145    0.000000
 SELECTED COORDINATES TRANSLATED IN THE MAIN SET.

  
 CHARMM>    coor trans zdir -?ZAVE sele all end
 RDCMND substituted energy or value "?ZAVE" to "21.7634483"
 SELRPN>  28820 atoms have been selected out of  28820
 TRANSLATION VECTOR     0.000000    0.000000  -21.763448
 SELECTED COORDINATES TRANSLATED IN THE MAIN SET.

  
 CHARMM>     
  
 CHARMM>    traj write
  
 CHARMM>    incr i by 1
 Parameter: I <- "42"
  
 CHARMM>    if i le @ts goto lpf
 Parameter: TS -> "200"
 Comparing "42" and "200".
 IF test evaluated as true.  Performing command
  
 CHARMM>    traj read
  
 CHARMM>    coor stat sele segid MEMB .and. resid @resid end
 Parameter: RESID -> "100"
 SELRPN>    138 atoms have been selected out of  28820
 STATISTICS FOR       138 SELECTED ATOMS:
    XMIN =  -21.771336 XMAX =   -9.284006 XAVE =  -14.791232
    YMIN =   19.057894 YMAX =   30.362736 YAVE =   24.851144
    ZMIN =   10.757408 ZMAX =   33.553902 ZAVE =   21.763449
    WMIN =    0.000000 WMAX =    0.000000 WAVE =    0.000000
  
 CHARMM>     
  
 CHARMM>    coor trans xdir -?XAVE sele all end
 RDCMND substituted energy or value "?XAVE" to "-14.7912324"
 SELRPN>  28820 atoms have been selected out of  28820
 TRANSLATION VECTOR    14.791232    0.000000    0.000000
 SELECTED COORDINATES TRANSLATED IN THE MAIN SET.

  
 CHARMM>    coor trans ydir -?YAVE sele all end
 RDCMND substituted energy or value "?YAVE" to "24.8511443"
 SELRPN>  28820 atoms have been selected out of  28820
 TRANSLATION VECTOR     0.000000  -24.851144    0.000000
 SELECTED COORDINATES TRANSLATED IN THE MAIN SET.

  
 CHARMM>    coor trans zdir -?ZAVE sele all end
 RDCMND substituted energy or value "?ZAVE" to "21.7634485"
 SELRPN>  28820 atoms have been selected out of  28820
 TRANSLATION VECTOR     0.000000    0.000000  -21.763448
 SELECTED COORDINATES TRANSLATED IN THE MAIN SET.

  
 CHARMM>     
  
 CHARMM>    traj write
  
 CHARMM>    incr i by 1
 Parameter: I <- "43"
  
 CHARMM>    if i le @ts goto lpf
 Parameter: TS -> "200"
 Comparing "43" and "200".
 IF test evaluated as true.  Performing command
  
 CHARMM>    traj read
  
 CHARMM>    coor stat sele segid MEMB .and. resid @resid end
 Parameter: RESID -> "100"
 SELRPN>    138 atoms have been selected out of  28820
 STATISTICS FOR       138 SELECTED ATOMS:
    XMIN =  -21.323673 XMAX =   -9.151103 XAVE =  -14.791233
    YMIN =   18.907845 YMAX =   30.148346 YAVE =   24.851144
    ZMIN =   10.593917 ZMAX =   32.721115 ZAVE =   21.763449
    WMIN =    0.000000 WMAX =    0.000000 WAVE =    0.000000
  
 CHARMM>     
  
 CHARMM>    coor trans xdir -?XAVE sele all end
 RDCMND substituted energy or value "?XAVE" to "-14.7912327"
 SELRPN>  28820 atoms have been selected out of  28820
 TRANSLATION VECTOR    14.791233    0.000000    0.000000
 SELECTED COORDINATES TRANSLATED IN THE MAIN SET.

  
 CHARMM>    coor trans ydir -?YAVE sele all end
 RDCMND substituted energy or value "?YAVE" to "24.8511443"
 SELRPN>  28820 atoms have been selected out of  28820
 TRANSLATION VECTOR     0.000000  -24.851144    0.000000
 SELECTED COORDINATES TRANSLATED IN THE MAIN SET.

  
 CHARMM>    coor trans zdir -?ZAVE sele all end
 RDCMND substituted energy or value "?ZAVE" to "21.7634486"
 SELRPN>  28820 atoms have been selected out of  28820
 TRANSLATION VECTOR     0.000000    0.000000  -21.763449
 SELECTED COORDINATES TRANSLATED IN THE MAIN SET.

  
 CHARMM>     
  
 CHARMM>    traj write
  
 CHARMM>    incr i by 1
 Parameter: I <- "44"
  
 CHARMM>    if i le @ts goto lpf
 Parameter: TS -> "200"
 Comparing "44" and "200".
 IF test evaluated as true.  Performing command
  
 CHARMM>    traj read
  
 CHARMM>    coor stat sele segid MEMB .and. resid @resid end
 Parameter: RESID -> "100"
 SELRPN>    138 atoms have been selected out of  28820
 STATISTICS FOR       138 SELECTED ATOMS:
    XMIN =  -21.829561 XMAX =   -8.641758 XAVE =  -14.791233
    YMIN =   17.925055 YMAX =   29.744881 YAVE =   24.851143
    ZMIN =   10.989259 ZMAX =   32.321693 ZAVE =   21.763448
    WMIN =    0.000000 WMAX =    0.000000 WAVE =    0.000000
  
 CHARMM>     
  
 CHARMM>    coor trans xdir -?XAVE sele all end
 RDCMND substituted energy or value "?XAVE" to "-14.791233"
 SELRPN>  28820 atoms have been selected out of  28820
 TRANSLATION VECTOR    14.791233    0.000000    0.000000
 SELECTED COORDINATES TRANSLATED IN THE MAIN SET.

  
 CHARMM>    coor trans ydir -?YAVE sele all end
 RDCMND substituted energy or value "?YAVE" to "24.8511434"
 SELRPN>  28820 atoms have been selected out of  28820
 TRANSLATION VECTOR     0.000000  -24.851143    0.000000
 SELECTED COORDINATES TRANSLATED IN THE MAIN SET.

  
 CHARMM>    coor trans zdir -?ZAVE sele all end
 RDCMND substituted energy or value "?ZAVE" to "21.7634483"
 SELRPN>  28820 atoms have been selected out of  28820
 TRANSLATION VECTOR     0.000000    0.000000  -21.763448
 SELECTED COORDINATES TRANSLATED IN THE MAIN SET.

  
 CHARMM>     
  
 CHARMM>    traj write
  
 CHARMM>    incr i by 1
 Parameter: I <- "45"
  
 CHARMM>    if i le @ts goto lpf
 Parameter: TS -> "200"
 Comparing "45" and "200".
 IF test evaluated as true.  Performing command
  
 CHARMM>    traj read
  
 CHARMM>    coor stat sele segid MEMB .and. resid @resid end
 Parameter: RESID -> "100"
 SELRPN>    138 atoms have been selected out of  28820
 STATISTICS FOR       138 SELECTED ATOMS:
    XMIN =  -23.520096 XMAX =   -8.596818 XAVE =  -14.791233
    YMIN =   19.478092 YMAX =   30.234093 YAVE =   24.851145
    ZMIN =   10.738805 ZMAX =   32.654140 ZAVE =   21.763448
    WMIN =    0.000000 WMAX =    0.000000 WAVE =    0.000000
  
 CHARMM>     
  
 CHARMM>    coor trans xdir -?XAVE sele all end
 RDCMND substituted energy or value "?XAVE" to "-14.7912326"
 SELRPN>  28820 atoms have been selected out of  28820
 TRANSLATION VECTOR    14.791233    0.000000    0.000000
 SELECTED COORDINATES TRANSLATED IN THE MAIN SET.

  
 CHARMM>    coor trans ydir -?YAVE sele all end
 RDCMND substituted energy or value "?YAVE" to "24.8511451"
 SELRPN>  28820 atoms have been selected out of  28820
 TRANSLATION VECTOR     0.000000  -24.851145    0.000000
 SELECTED COORDINATES TRANSLATED IN THE MAIN SET.

  
 CHARMM>    coor trans zdir -?ZAVE sele all end
 RDCMND substituted energy or value "?ZAVE" to "21.7634485"
 SELRPN>  28820 atoms have been selected out of  28820
 TRANSLATION VECTOR     0.000000    0.000000  -21.763448
 SELECTED COORDINATES TRANSLATED IN THE MAIN SET.

  
 CHARMM>     
  
 CHARMM>    traj write
  
 CHARMM>    incr i by 1
 Parameter: I <- "46"
  
 CHARMM>    if i le @ts goto lpf
 Parameter: TS -> "200"
 Comparing "46" and "200".
 IF test evaluated as true.  Performing command
  
 CHARMM>    traj read
  
 CHARMM>    coor stat sele segid MEMB .and. resid @resid end
 Parameter: RESID -> "100"
 SELRPN>    138 atoms have been selected out of  28820
 STATISTICS FOR       138 SELECTED ATOMS:
    XMIN =  -21.708916 XMAX =   -9.278896 XAVE =  -14.791233
    YMIN =   19.178885 YMAX =   31.005835 YAVE =   24.851145
    ZMIN =   10.726790 ZMAX =   33.233105 ZAVE =   21.763448
    WMIN =    0.000000 WMAX =    0.000000 WAVE =    0.000000
  
 CHARMM>     
  
 CHARMM>    coor trans xdir -?XAVE sele all end
 RDCMND substituted energy or value "?XAVE" to "-14.7912328"
 SELRPN>  28820 atoms have been selected out of  28820
 TRANSLATION VECTOR    14.791233    0.000000    0.000000
 SELECTED COORDINATES TRANSLATED IN THE MAIN SET.

  
 CHARMM>    coor trans ydir -?YAVE sele all end
 RDCMND substituted energy or value "?YAVE" to "24.8511445"
 SELRPN>  28820 atoms have been selected out of  28820
 TRANSLATION VECTOR     0.000000  -24.851145    0.000000
 SELECTED COORDINATES TRANSLATED IN THE MAIN SET.

  
 CHARMM>    coor trans zdir -?ZAVE sele all end
 RDCMND substituted energy or value "?ZAVE" to "21.7634479"
 SELRPN>  28820 atoms have been selected out of  28820
 TRANSLATION VECTOR     0.000000    0.000000  -21.763448
 SELECTED COORDINATES TRANSLATED IN THE MAIN SET.

  
 CHARMM>     
  
 CHARMM>    traj write
  
 CHARMM>    incr i by 1
 Parameter: I <- "47"
  
 CHARMM>    if i le @ts goto lpf
 Parameter: TS -> "200"
 Comparing "47" and "200".
 IF test evaluated as true.  Performing command
  
 CHARMM>    traj read
  
 CHARMM>    coor stat sele segid MEMB .and. resid @resid end
 Parameter: RESID -> "100"
 SELRPN>    138 atoms have been selected out of  28820
 STATISTICS FOR       138 SELECTED ATOMS:
    XMIN =  -21.997292 XMAX =   -8.977692 XAVE =  -14.791233
    YMIN =   19.051109 YMAX =   30.549757 YAVE =   24.851144
    ZMIN =   10.426012 ZMAX =   33.325825 ZAVE =   21.763448
    WMIN =    0.000000 WMAX =    0.000000 WAVE =    0.000000
  
 CHARMM>     
  
 CHARMM>    coor trans xdir -?XAVE sele all end
 RDCMND substituted energy or value "?XAVE" to "-14.7912328"
 SELRPN>  28820 atoms have been selected out of  28820
 TRANSLATION VECTOR    14.791233    0.000000    0.000000
 SELECTED COORDINATES TRANSLATED IN THE MAIN SET.

  
 CHARMM>    coor trans ydir -?YAVE sele all end
 RDCMND substituted energy or value "?YAVE" to "24.8511439"
 SELRPN>  28820 atoms have been selected out of  28820
 TRANSLATION VECTOR     0.000000  -24.851144    0.000000
 SELECTED COORDINATES TRANSLATED IN THE MAIN SET.

  
 CHARMM>    coor trans zdir -?ZAVE sele all end
 RDCMND substituted energy or value "?ZAVE" to "21.7634478"
 SELRPN>  28820 atoms have been selected out of  28820
 TRANSLATION VECTOR     0.000000    0.000000  -21.763448
 SELECTED COORDINATES TRANSLATED IN THE MAIN SET.

  
 CHARMM>     
  
 CHARMM>    traj write
  
 CHARMM>    incr i by 1
 Parameter: I <- "48"
  
 CHARMM>    if i le @ts goto lpf
 Parameter: TS -> "200"
 Comparing "48" and "200".
 IF test evaluated as true.  Performing command
  
 CHARMM>    traj read
  
 CHARMM>    coor stat sele segid MEMB .and. resid @resid end
 Parameter: RESID -> "100"
 SELRPN>    138 atoms have been selected out of  28820
 STATISTICS FOR       138 SELECTED ATOMS:
    XMIN =  -22.013964 XMAX =   -9.427397 XAVE =  -14.791233
    YMIN =   18.952909 YMAX =   30.077162 YAVE =   24.851144
    ZMIN =   10.268978 ZMAX =   33.373711 ZAVE =   21.763448
    WMIN =    0.000000 WMAX =    0.000000 WAVE =    0.000000
  
 CHARMM>     
  
 CHARMM>    coor trans xdir -?XAVE sele all end
 RDCMND substituted energy or value "?XAVE" to "-14.7912326"
 SELRPN>  28820 atoms have been selected out of  28820
 TRANSLATION VECTOR    14.791233    0.000000    0.000000
 SELECTED COORDINATES TRANSLATED IN THE MAIN SET.

  
 CHARMM>    coor trans ydir -?YAVE sele all end
 RDCMND substituted energy or value "?YAVE" to "24.8511441"
 SELRPN>  28820 atoms have been selected out of  28820
 TRANSLATION VECTOR     0.000000  -24.851144    0.000000
 SELECTED COORDINATES TRANSLATED IN THE MAIN SET.

  
 CHARMM>    coor trans zdir -?ZAVE sele all end
 RDCMND substituted energy or value "?ZAVE" to "21.763448"
 SELRPN>  28820 atoms have been selected out of  28820
 TRANSLATION VECTOR     0.000000    0.000000  -21.763448
 SELECTED COORDINATES TRANSLATED IN THE MAIN SET.

  
 CHARMM>     
  
 CHARMM>    traj write
  
 CHARMM>    incr i by 1
 Parameter: I <- "49"
  
 CHARMM>    if i le @ts goto lpf
 Parameter: TS -> "200"
 Comparing "49" and "200".
 IF test evaluated as true.  Performing command
  
 CHARMM>    traj read
  
 CHARMM>    coor stat sele segid MEMB .and. resid @resid end
 Parameter: RESID -> "100"
 SELRPN>    138 atoms have been selected out of  28820
 STATISTICS FOR       138 SELECTED ATOMS:
    XMIN =  -21.495110 XMAX =   -9.124074 XAVE =  -14.791233
    YMIN =   18.085583 YMAX =   30.498964 YAVE =   24.851145
    ZMIN =   10.501760 ZMAX =   32.879745 ZAVE =   21.763448
    WMIN =    0.000000 WMAX =    0.000000 WAVE =    0.000000
  
 CHARMM>     
  
 CHARMM>    coor trans xdir -?XAVE sele all end
 RDCMND substituted energy or value "?XAVE" to "-14.7912327"
 SELRPN>  28820 atoms have been selected out of  28820
 TRANSLATION VECTOR    14.791233    0.000000    0.000000
 SELECTED COORDINATES TRANSLATED IN THE MAIN SET.

  
 CHARMM>    coor trans ydir -?YAVE sele all end
 RDCMND substituted energy or value "?YAVE" to "24.8511451"
 SELRPN>  28820 atoms have been selected out of  28820
 TRANSLATION VECTOR     0.000000  -24.851145    0.000000
 SELECTED COORDINATES TRANSLATED IN THE MAIN SET.

  
 CHARMM>    coor trans zdir -?ZAVE sele all end
 RDCMND substituted energy or value "?ZAVE" to "21.7634479"
 SELRPN>  28820 atoms have been selected out of  28820
 TRANSLATION VECTOR     0.000000    0.000000  -21.763448
 SELECTED COORDINATES TRANSLATED IN THE MAIN SET.

  
 CHARMM>     
  
 CHARMM>    traj write
  
 CHARMM>    incr i by 1
 Parameter: I <- "50"
  
 CHARMM>    if i le @ts goto lpf
 Parameter: TS -> "200"
 Comparing "50" and "200".
 IF test evaluated as true.  Performing command
  
 CHARMM>    traj read
  
 CHARMM>    coor stat sele segid MEMB .and. resid @resid end
 Parameter: RESID -> "100"
 SELRPN>    138 atoms have been selected out of  28820
 STATISTICS FOR       138 SELECTED ATOMS:
    XMIN =  -20.099890 XMAX =   -8.896670 XAVE =  -14.791233
    YMIN =   17.475813 YMAX =   30.957449 YAVE =   24.851145
    ZMIN =   11.069250 ZMAX =   31.990904 ZAVE =   21.763449
    WMIN =    0.000000 WMAX =    0.000000 WAVE =    0.000000
  
 CHARMM>     
  
 CHARMM>    coor trans xdir -?XAVE sele all end
 RDCMND substituted energy or value "?XAVE" to "-14.7912328"
 SELRPN>  28820 atoms have been selected out of  28820
 TRANSLATION VECTOR    14.791233    0.000000    0.000000
 SELECTED COORDINATES TRANSLATED IN THE MAIN SET.

  
 CHARMM>    coor trans ydir -?YAVE sele all end
 RDCMND substituted energy or value "?YAVE" to "24.851145"
 SELRPN>  28820 atoms have been selected out of  28820
 TRANSLATION VECTOR     0.000000  -24.851145    0.000000
 SELECTED COORDINATES TRANSLATED IN THE MAIN SET.

  
 CHARMM>    coor trans zdir -?ZAVE sele all end
 RDCMND substituted energy or value "?ZAVE" to "21.7634486"
 SELRPN>  28820 atoms have been selected out of  28820
 TRANSLATION VECTOR     0.000000    0.000000  -21.763449
 SELECTED COORDINATES TRANSLATED IN THE MAIN SET.

  
 CHARMM>     
  
 CHARMM>    traj write
  
 CHARMM>    incr i by 1
 Parameter: I <- "51"
  
 CHARMM>    if i le @ts goto lpf
 Parameter: TS -> "200"
 Comparing "51" and "200".
 IF test evaluated as true.  Performing command
  
 CHARMM>    traj read
  
 CHARMM>    coor stat sele segid MEMB .and. resid @resid end
 Parameter: RESID -> "100"
 SELRPN>    138 atoms have been selected out of  28820
 STATISTICS FOR       138 SELECTED ATOMS:
    XMIN =  -21.225800 XMAX =   -8.654469 XAVE =  -14.791233
    YMIN =   16.742226 YMAX =   30.501154 YAVE =   24.851144
    ZMIN =   11.190431 ZMAX =   32.105812 ZAVE =   21.763448
    WMIN =    0.000000 WMAX =    0.000000 WAVE =    0.000000
  
 CHARMM>     
  
 CHARMM>    coor trans xdir -?XAVE sele all end
 RDCMND substituted energy or value "?XAVE" to "-14.7912328"
 SELRPN>  28820 atoms have been selected out of  28820
 TRANSLATION VECTOR    14.791233    0.000000    0.000000
 SELECTED COORDINATES TRANSLATED IN THE MAIN SET.

  
 CHARMM>    coor trans ydir -?YAVE sele all end
 RDCMND substituted energy or value "?YAVE" to "24.8511441"
 SELRPN>  28820 atoms have been selected out of  28820
 TRANSLATION VECTOR     0.000000  -24.851144    0.000000
 SELECTED COORDINATES TRANSLATED IN THE MAIN SET.

  
 CHARMM>    coor trans zdir -?ZAVE sele all end
 RDCMND substituted energy or value "?ZAVE" to "21.763448"
 SELRPN>  28820 atoms have been selected out of  28820
 TRANSLATION VECTOR     0.000000    0.000000  -21.763448
 SELECTED COORDINATES TRANSLATED IN THE MAIN SET.

  
 CHARMM>     
  
 CHARMM>    traj write
  
 CHARMM>    incr i by 1
 Parameter: I <- "52"
  
 CHARMM>    if i le @ts goto lpf
 Parameter: TS -> "200"
 Comparing "52" and "200".
 IF test evaluated as true.  Performing command
  
 CHARMM>    traj read
  
 CHARMM>    coor stat sele segid MEMB .and. resid @resid end
 Parameter: RESID -> "100"
 SELRPN>    138 atoms have been selected out of  28820
 STATISTICS FOR       138 SELECTED ATOMS:
    XMIN =  -20.942245 XMAX =   -8.212388 XAVE =  -14.791233
    YMIN =   15.691894 YMAX =   31.150412 YAVE =   24.851144
    ZMIN =   11.399124 ZMAX =   31.965096 ZAVE =   21.763448
    WMIN =    0.000000 WMAX =    0.000000 WAVE =    0.000000
  
 CHARMM>     
  
 CHARMM>    coor trans xdir -?XAVE sele all end
 RDCMND substituted energy or value "?XAVE" to "-14.7912328"
 SELRPN>  28820 atoms have been selected out of  28820
 TRANSLATION VECTOR    14.791233    0.000000    0.000000
 SELECTED COORDINATES TRANSLATED IN THE MAIN SET.

  
 CHARMM>    coor trans ydir -?YAVE sele all end
 RDCMND substituted energy or value "?YAVE" to "24.8511437"
 SELRPN>  28820 atoms have been selected out of  28820
 TRANSLATION VECTOR     0.000000  -24.851144    0.000000
 SELECTED COORDINATES TRANSLATED IN THE MAIN SET.

  
 CHARMM>    coor trans zdir -?ZAVE sele all end
 RDCMND substituted energy or value "?ZAVE" to "21.7634478"
 SELRPN>  28820 atoms have been selected out of  28820
 TRANSLATION VECTOR     0.000000    0.000000  -21.763448
 SELECTED COORDINATES TRANSLATED IN THE MAIN SET.

  
 CHARMM>     
  
 CHARMM>    traj write
  
 CHARMM>    incr i by 1
 Parameter: I <- "53"
  
 CHARMM>    if i le @ts goto lpf
 Parameter: TS -> "200"
 Comparing "53" and "200".
 IF test evaluated as true.  Performing command
  
 CHARMM>    traj read
  
 CHARMM>    coor stat sele segid MEMB .and. resid @resid end
 Parameter: RESID -> "100"
 SELRPN>    138 atoms have been selected out of  28820
 STATISTICS FOR       138 SELECTED ATOMS:
    XMIN =  -21.938805 XMAX =   -8.619285 XAVE =  -14.791233
    YMIN =   18.102549 YMAX =   30.442160 YAVE =   24.851143
    ZMIN =   10.692202 ZMAX =   32.552708 ZAVE =   21.763448
    WMIN =    0.000000 WMAX =    0.000000 WAVE =    0.000000
  
 CHARMM>     
  
 CHARMM>    coor trans xdir -?XAVE sele all end
 RDCMND substituted energy or value "?XAVE" to "-14.791233"
 SELRPN>  28820 atoms have been selected out of  28820
 TRANSLATION VECTOR    14.791233    0.000000    0.000000
 SELECTED COORDINATES TRANSLATED IN THE MAIN SET.

  
 CHARMM>    coor trans ydir -?YAVE sele all end
 RDCMND substituted energy or value "?YAVE" to "24.8511434"
 SELRPN>  28820 atoms have been selected out of  28820
 TRANSLATION VECTOR     0.000000  -24.851143    0.000000
 SELECTED COORDINATES TRANSLATED IN THE MAIN SET.

  
 CHARMM>    coor trans zdir -?ZAVE sele all end
 RDCMND substituted energy or value "?ZAVE" to "21.7634479"
 SELRPN>  28820 atoms have been selected out of  28820
 TRANSLATION VECTOR     0.000000    0.000000  -21.763448
 SELECTED COORDINATES TRANSLATED IN THE MAIN SET.

  
 CHARMM>     
  
 CHARMM>    traj write
  
 CHARMM>    incr i by 1
 Parameter: I <- "54"
  
 CHARMM>    if i le @ts goto lpf
 Parameter: TS -> "200"
 Comparing "54" and "200".
 IF test evaluated as true.  Performing command
  
 CHARMM>    traj read
  
 CHARMM>    coor stat sele segid MEMB .and. resid @resid end
 Parameter: RESID -> "100"
 SELRPN>    138 atoms have been selected out of  28820
 STATISTICS FOR       138 SELECTED ATOMS:
    XMIN =  -19.555277 XMAX =   -8.898649 XAVE =  -14.791233
    YMIN =   16.238056 YMAX =   30.946825 YAVE =   24.851143
    ZMIN =   10.672863 ZMAX =   33.549103 ZAVE =   21.763449
    WMIN =    0.000000 WMAX =    0.000000 WAVE =    0.000000
  
 CHARMM>     
  
 CHARMM>    coor trans xdir -?XAVE sele all end
 RDCMND substituted energy or value "?XAVE" to "-14.791233"
 SELRPN>  28820 atoms have been selected out of  28820
 TRANSLATION VECTOR    14.791233    0.000000    0.000000
 SELECTED COORDINATES TRANSLATED IN THE MAIN SET.

  
 CHARMM>    coor trans ydir -?YAVE sele all end
 RDCMND substituted energy or value "?YAVE" to "24.8511434"
 SELRPN>  28820 atoms have been selected out of  28820
 TRANSLATION VECTOR     0.000000  -24.851143    0.000000
 SELECTED COORDINATES TRANSLATED IN THE MAIN SET.

  
 CHARMM>    coor trans zdir -?ZAVE sele all end
 RDCMND substituted energy or value "?ZAVE" to "21.7634486"
 SELRPN>  28820 atoms have been selected out of  28820
 TRANSLATION VECTOR     0.000000    0.000000  -21.763449
 SELECTED COORDINATES TRANSLATED IN THE MAIN SET.

  
 CHARMM>     
  
 CHARMM>    traj write
  
 CHARMM>    incr i by 1
 Parameter: I <- "55"
  
 CHARMM>    if i le @ts goto lpf
 Parameter: TS -> "200"
 Comparing "55" and "200".
 IF test evaluated as true.  Performing command
  
 CHARMM>    traj read
  
 CHARMM>    coor stat sele segid MEMB .and. resid @resid end
 Parameter: RESID -> "100"
 SELRPN>    138 atoms have been selected out of  28820
 STATISTICS FOR       138 SELECTED ATOMS:
    XMIN =  -19.712549 XMAX =   -8.824696 XAVE =  -14.791233
    YMIN =   16.179974 YMAX =   30.619001 YAVE =   24.851145
    ZMIN =   10.929056 ZMAX =   32.556263 ZAVE =   21.763448
    WMIN =    0.000000 WMAX =    0.000000 WAVE =    0.000000
  
 CHARMM>     
  
 CHARMM>    coor trans xdir -?XAVE sele all end
 RDCMND substituted energy or value "?XAVE" to "-14.7912326"
 SELRPN>  28820 atoms have been selected out of  28820
 TRANSLATION VECTOR    14.791233    0.000000    0.000000
 SELECTED COORDINATES TRANSLATED IN THE MAIN SET.

  
 CHARMM>    coor trans ydir -?YAVE sele all end
 RDCMND substituted energy or value "?YAVE" to "24.8511451"
 SELRPN>  28820 atoms have been selected out of  28820
 TRANSLATION VECTOR     0.000000  -24.851145    0.000000
 SELECTED COORDINATES TRANSLATED IN THE MAIN SET.

  
 CHARMM>    coor trans zdir -?ZAVE sele all end
 RDCMND substituted energy or value "?ZAVE" to "21.7634479"
 SELRPN>  28820 atoms have been selected out of  28820
 TRANSLATION VECTOR     0.000000    0.000000  -21.763448
 SELECTED COORDINATES TRANSLATED IN THE MAIN SET.

  
 CHARMM>     
  
 CHARMM>    traj write
  
 CHARMM>    incr i by 1
 Parameter: I <- "56"
  
 CHARMM>    if i le @ts goto lpf
 Parameter: TS -> "200"
 Comparing "56" and "200".
 IF test evaluated as true.  Performing command
  
 CHARMM>    traj read
  
 CHARMM>    coor stat sele segid MEMB .and. resid @resid end
 Parameter: RESID -> "100"
 SELRPN>    138 atoms have been selected out of  28820
 STATISTICS FOR       138 SELECTED ATOMS:
    XMIN =  -19.991199 XMAX =   -8.581619 XAVE =  -14.791233
    YMIN =   16.272600 YMAX =   31.052650 YAVE =   24.851145
    ZMIN =   11.136548 ZMAX =   33.372402 ZAVE =   21.763448
    WMIN =    0.000000 WMAX =    0.000000 WAVE =    0.000000
  
 CHARMM>     
  
 CHARMM>    coor trans xdir -?XAVE sele all end
 RDCMND substituted energy or value "?XAVE" to "-14.791233"
 SELRPN>  28820 atoms have been selected out of  28820
 TRANSLATION VECTOR    14.791233    0.000000    0.000000
 SELECTED COORDINATES TRANSLATED IN THE MAIN SET.

  
 CHARMM>    coor trans ydir -?YAVE sele all end
 RDCMND substituted energy or value "?YAVE" to "24.8511451"
 SELRPN>  28820 atoms have been selected out of  28820
 TRANSLATION VECTOR     0.000000  -24.851145    0.000000
 SELECTED COORDINATES TRANSLATED IN THE MAIN SET.

  
 CHARMM>    coor trans zdir -?ZAVE sele all end
 RDCMND substituted energy or value "?ZAVE" to "21.7634478"
 SELRPN>  28820 atoms have been selected out of  28820
 TRANSLATION VECTOR     0.000000    0.000000  -21.763448
 SELECTED COORDINATES TRANSLATED IN THE MAIN SET.

  
 CHARMM>     
  
 CHARMM>    traj write
  
 CHARMM>    incr i by 1
 Parameter: I <- "57"
  
 CHARMM>    if i le @ts goto lpf
 Parameter: TS -> "200"
 Comparing "57" and "200".
 IF test evaluated as true.  Performing command
  
 CHARMM>    traj read
  
 CHARMM>    coor stat sele segid MEMB .and. resid @resid end
 Parameter: RESID -> "100"
 SELRPN>    138 atoms have been selected out of  28820
 STATISTICS FOR       138 SELECTED ATOMS:
    XMIN =  -20.025105 XMAX =   -7.975299 XAVE =  -14.791233
    YMIN =   14.920899 YMAX =   31.177101 YAVE =   24.851144
    ZMIN =   10.687386 ZMAX =   32.423836 ZAVE =   21.763448
    WMIN =    0.000000 WMAX =    0.000000 WAVE =    0.000000
  
 CHARMM>     
  
 CHARMM>    coor trans xdir -?XAVE sele all end
 RDCMND substituted energy or value "?XAVE" to "-14.7912326"
 SELRPN>  28820 atoms have been selected out of  28820
 TRANSLATION VECTOR    14.791233    0.000000    0.000000
 SELECTED COORDINATES TRANSLATED IN THE MAIN SET.

  
 CHARMM>    coor trans ydir -?YAVE sele all end
 RDCMND substituted energy or value "?YAVE" to "24.8511442"
 SELRPN>  28820 atoms have been selected out of  28820
 TRANSLATION VECTOR     0.000000  -24.851144    0.000000
 SELECTED COORDINATES TRANSLATED IN THE MAIN SET.

  
 CHARMM>    coor trans zdir -?ZAVE sele all end
 RDCMND substituted energy or value "?ZAVE" to "21.7634479"
 SELRPN>  28820 atoms have been selected out of  28820
 TRANSLATION VECTOR     0.000000    0.000000  -21.763448
 SELECTED COORDINATES TRANSLATED IN THE MAIN SET.

  
 CHARMM>     
  
 CHARMM>    traj write
  
 CHARMM>    incr i by 1
 Parameter: I <- "58"
  
 CHARMM>    if i le @ts goto lpf
 Parameter: TS -> "200"
 Comparing "58" and "200".
 IF test evaluated as true.  Performing command
  
 CHARMM>    traj read
  
 CHARMM>    coor stat sele segid MEMB .and. resid @resid end
 Parameter: RESID -> "100"
 SELRPN>    138 atoms have been selected out of  28820
 STATISTICS FOR       138 SELECTED ATOMS:
    XMIN =  -21.643642 XMAX =   -8.567668 XAVE =  -14.791233
    YMIN =   16.902668 YMAX =   30.457355 YAVE =   24.851143
    ZMIN =   10.931142 ZMAX =   33.407043 ZAVE =   21.763448
    WMIN =    0.000000 WMAX =    0.000000 WAVE =    0.000000
  
 CHARMM>     
  
 CHARMM>    coor trans xdir -?XAVE sele all end
 RDCMND substituted energy or value "?XAVE" to "-14.7912328"
 SELRPN>  28820 atoms have been selected out of  28820
 TRANSLATION VECTOR    14.791233    0.000000    0.000000
 SELECTED COORDINATES TRANSLATED IN THE MAIN SET.

  
 CHARMM>    coor trans ydir -?YAVE sele all end
 RDCMND substituted energy or value "?YAVE" to "24.8511433"
 SELRPN>  28820 atoms have been selected out of  28820
 TRANSLATION VECTOR     0.000000  -24.851143    0.000000
 SELECTED COORDINATES TRANSLATED IN THE MAIN SET.

  
 CHARMM>    coor trans zdir -?ZAVE sele all end
 RDCMND substituted energy or value "?ZAVE" to "21.7634482"
 SELRPN>  28820 atoms have been selected out of  28820
 TRANSLATION VECTOR     0.000000    0.000000  -21.763448
 SELECTED COORDINATES TRANSLATED IN THE MAIN SET.

  
 CHARMM>     
  
 CHARMM>    traj write
  
 CHARMM>    incr i by 1
 Parameter: I <- "59"
  
 CHARMM>    if i le @ts goto lpf
 Parameter: TS -> "200"
 Comparing "59" and "200".
 IF test evaluated as true.  Performing command
  
 CHARMM>    traj read
  
 CHARMM>    coor stat sele segid MEMB .and. resid @resid end
 Parameter: RESID -> "100"
 SELRPN>    138 atoms have been selected out of  28820
 STATISTICS FOR       138 SELECTED ATOMS:
    XMIN =  -23.817705 XMAX =   -8.143452 XAVE =  -14.791233
    YMIN =   20.647507 YMAX =   30.270994 YAVE =   24.851144
    ZMIN =   10.768495 ZMAX =   33.311501 ZAVE =   21.763449
    WMIN =    0.000000 WMAX =    0.000000 WAVE =    0.000000
  
 CHARMM>     
  
 CHARMM>    coor trans xdir -?XAVE sele all end
 RDCMND substituted energy or value "?XAVE" to "-14.7912328"
 SELRPN>  28820 atoms have been selected out of  28820
 TRANSLATION VECTOR    14.791233    0.000000    0.000000
 SELECTED COORDINATES TRANSLATED IN THE MAIN SET.

  
 CHARMM>    coor trans ydir -?YAVE sele all end
 RDCMND substituted energy or value "?YAVE" to "24.8511444"
 SELRPN>  28820 atoms have been selected out of  28820
 TRANSLATION VECTOR     0.000000  -24.851144    0.000000
 SELECTED COORDINATES TRANSLATED IN THE MAIN SET.

  
 CHARMM>    coor trans zdir -?ZAVE sele all end
 RDCMND substituted energy or value "?ZAVE" to "21.7634486"
 SELRPN>  28820 atoms have been selected out of  28820
 TRANSLATION VECTOR     0.000000    0.000000  -21.763449
 SELECTED COORDINATES TRANSLATED IN THE MAIN SET.

  
 CHARMM>     
  
 CHARMM>    traj write
  
 CHARMM>    incr i by 1
 Parameter: I <- "60"
  
 CHARMM>    if i le @ts goto lpf
 Parameter: TS -> "200"
 Comparing "60" and "200".
 IF test evaluated as true.  Performing command
  
 CHARMM>    traj read
  
 CHARMM>    coor stat sele segid MEMB .and. resid @resid end
 Parameter: RESID -> "100"
 SELRPN>    138 atoms have been selected out of  28820
 STATISTICS FOR       138 SELECTED ATOMS:
    XMIN =  -23.125633 XMAX =   -7.737279 XAVE =  -14.791233
    YMIN =   21.008560 YMAX =   30.731970 YAVE =   24.851145
    ZMIN =   11.267842 ZMAX =   33.189602 ZAVE =   21.763448
    WMIN =    0.000000 WMAX =    0.000000 WAVE =    0.000000
  
 CHARMM>     
  
 CHARMM>    coor trans xdir -?XAVE sele all end
 RDCMND substituted energy or value "?XAVE" to "-14.7912325"
 SELRPN>  28820 atoms have been selected out of  28820
 TRANSLATION VECTOR    14.791232    0.000000    0.000000
 SELECTED COORDINATES TRANSLATED IN THE MAIN SET.

  
 CHARMM>    coor trans ydir -?YAVE sele all end
 RDCMND substituted energy or value "?YAVE" to "24.8511446"
 SELRPN>  28820 atoms have been selected out of  28820
 TRANSLATION VECTOR     0.000000  -24.851145    0.000000
 SELECTED COORDINATES TRANSLATED IN THE MAIN SET.

  
 CHARMM>    coor trans zdir -?ZAVE sele all end
 RDCMND substituted energy or value "?ZAVE" to "21.7634478"
 SELRPN>  28820 atoms have been selected out of  28820
 TRANSLATION VECTOR     0.000000    0.000000  -21.763448
 SELECTED COORDINATES TRANSLATED IN THE MAIN SET.

  
 CHARMM>     
  
 CHARMM>    traj write
  
 CHARMM>    incr i by 1
 Parameter: I <- "61"
  
 CHARMM>    if i le @ts goto lpf
 Parameter: TS -> "200"
 Comparing "61" and "200".
 IF test evaluated as true.  Performing command
  
 CHARMM>    traj read
  
 CHARMM>    coor stat sele segid MEMB .and. resid @resid end
 Parameter: RESID -> "100"
 SELRPN>    138 atoms have been selected out of  28820
 STATISTICS FOR       138 SELECTED ATOMS:
    XMIN =  -22.667519 XMAX =   -8.381522 XAVE =  -14.791233
    YMIN =   20.285160 YMAX =   30.320814 YAVE =   24.851144
    ZMIN =   10.718597 ZMAX =   33.107441 ZAVE =   21.763449
    WMIN =    0.000000 WMAX =    0.000000 WAVE =    0.000000
  
 CHARMM>     
  
 CHARMM>    coor trans xdir -?XAVE sele all end
 RDCMND substituted energy or value "?XAVE" to "-14.791233"
 SELRPN>  28820 atoms have been selected out of  28820
 TRANSLATION VECTOR    14.791233    0.000000    0.000000
 SELECTED COORDINATES TRANSLATED IN THE MAIN SET.

  
 CHARMM>    coor trans ydir -?YAVE sele all end
 RDCMND substituted energy or value "?YAVE" to "24.8511437"
 SELRPN>  28820 atoms have been selected out of  28820
 TRANSLATION VECTOR     0.000000  -24.851144    0.000000
 SELECTED COORDINATES TRANSLATED IN THE MAIN SET.

  
 CHARMM>    coor trans zdir -?ZAVE sele all end
 RDCMND substituted energy or value "?ZAVE" to "21.7634486"
 SELRPN>  28820 atoms have been selected out of  28820
 TRANSLATION VECTOR     0.000000    0.000000  -21.763449
 SELECTED COORDINATES TRANSLATED IN THE MAIN SET.

  
 CHARMM>     
  
 CHARMM>    traj write
  
 CHARMM>    incr i by 1
 Parameter: I <- "62"
  
 CHARMM>    if i le @ts goto lpf
 Parameter: TS -> "200"
 Comparing "62" and "200".
 IF test evaluated as true.  Performing command
  
 CHARMM>    traj read
  
 CHARMM>    coor stat sele segid MEMB .and. resid @resid end
 Parameter: RESID -> "100"
 SELRPN>    138 atoms have been selected out of  28820
 STATISTICS FOR       138 SELECTED ATOMS:
    XMIN =  -23.147833 XMAX =   -7.630264 XAVE =  -14.791233
    YMIN =   19.851379 YMAX =   29.770628 YAVE =   24.851145
    ZMIN =   10.576378 ZMAX =   33.357826 ZAVE =   21.763448
    WMIN =    0.000000 WMAX =    0.000000 WAVE =    0.000000
  
 CHARMM>     
  
 CHARMM>    coor trans xdir -?XAVE sele all end
 RDCMND substituted energy or value "?XAVE" to "-14.7912327"
 SELRPN>  28820 atoms have been selected out of  28820
 TRANSLATION VECTOR    14.791233    0.000000    0.000000
 SELECTED COORDINATES TRANSLATED IN THE MAIN SET.

  
 CHARMM>    coor trans ydir -?YAVE sele all end
 RDCMND substituted energy or value "?YAVE" to "24.8511451"
 SELRPN>  28820 atoms have been selected out of  28820
 TRANSLATION VECTOR     0.000000  -24.851145    0.000000
 SELECTED COORDINATES TRANSLATED IN THE MAIN SET.

  
 CHARMM>    coor trans zdir -?ZAVE sele all end
 RDCMND substituted energy or value "?ZAVE" to "21.7634484"
 SELRPN>  28820 atoms have been selected out of  28820
 TRANSLATION VECTOR     0.000000    0.000000  -21.763448
 SELECTED COORDINATES TRANSLATED IN THE MAIN SET.

  
 CHARMM>     
  
 CHARMM>    traj write
  
 CHARMM>    incr i by 1
 Parameter: I <- "63"
  
 CHARMM>    if i le @ts goto lpf
 Parameter: TS -> "200"
 Comparing "63" and "200".
 IF test evaluated as true.  Performing command
  
 CHARMM>    traj read
  
 CHARMM>    coor stat sele segid MEMB .and. resid @resid end
 Parameter: RESID -> "100"
 SELRPN>    138 atoms have been selected out of  28820
 STATISTICS FOR       138 SELECTED ATOMS:
    XMIN =  -23.063448 XMAX =   -7.536605 XAVE =  -14.791233
    YMIN =   20.241848 YMAX =   30.187006 YAVE =   24.851144
    ZMIN =   10.875575 ZMAX =   33.161774 ZAVE =   21.763448
    WMIN =    0.000000 WMAX =    0.000000 WAVE =    0.000000
  
 CHARMM>     
  
 CHARMM>    coor trans xdir -?XAVE sele all end
 RDCMND substituted energy or value "?XAVE" to "-14.7912329"
 SELRPN>  28820 atoms have been selected out of  28820
 TRANSLATION VECTOR    14.791233    0.000000    0.000000
 SELECTED COORDINATES TRANSLATED IN THE MAIN SET.

  
 CHARMM>    coor trans ydir -?YAVE sele all end
 RDCMND substituted energy or value "?YAVE" to "24.8511444"
 SELRPN>  28820 atoms have been selected out of  28820
 TRANSLATION VECTOR     0.000000  -24.851144    0.000000
 SELECTED COORDINATES TRANSLATED IN THE MAIN SET.

  
 CHARMM>    coor trans zdir -?ZAVE sele all end
 RDCMND substituted energy or value "?ZAVE" to "21.7634484"
 SELRPN>  28820 atoms have been selected out of  28820
 TRANSLATION VECTOR     0.000000    0.000000  -21.763448
 SELECTED COORDINATES TRANSLATED IN THE MAIN SET.

  
 CHARMM>     
  
 CHARMM>    traj write
  
 CHARMM>    incr i by 1
 Parameter: I <- "64"
  
 CHARMM>    if i le @ts goto lpf
 Parameter: TS -> "200"
 Comparing "64" and "200".
 IF test evaluated as true.  Performing command
  
 CHARMM>    traj read
  
 CHARMM>    coor stat sele segid MEMB .and. resid @resid end
 Parameter: RESID -> "100"
 SELRPN>    138 atoms have been selected out of  28820
 STATISTICS FOR       138 SELECTED ATOMS:
    XMIN =  -22.794231 XMAX =   -8.151855 XAVE =  -14.791233
    YMIN =   17.472494 YMAX =   30.912437 YAVE =   24.851143
    ZMIN =   10.452803 ZMAX =   32.748772 ZAVE =   21.763448
    WMIN =    0.000000 WMAX =    0.000000 WAVE =    0.000000
  
 CHARMM>     
  
 CHARMM>    coor trans xdir -?XAVE sele all end
 RDCMND substituted energy or value "?XAVE" to "-14.7912327"
 SELRPN>  28820 atoms have been selected out of  28820
 TRANSLATION VECTOR    14.791233    0.000000    0.000000
 SELECTED COORDINATES TRANSLATED IN THE MAIN SET.

  
 CHARMM>    coor trans ydir -?YAVE sele all end
 RDCMND substituted energy or value "?YAVE" to "24.8511433"
 SELRPN>  28820 atoms have been selected out of  28820
 TRANSLATION VECTOR     0.000000  -24.851143    0.000000
 SELECTED COORDINATES TRANSLATED IN THE MAIN SET.

  
 CHARMM>    coor trans zdir -?ZAVE sele all end
 RDCMND substituted energy or value "?ZAVE" to "21.7634485"
 SELRPN>  28820 atoms have been selected out of  28820
 TRANSLATION VECTOR     0.000000    0.000000  -21.763448
 SELECTED COORDINATES TRANSLATED IN THE MAIN SET.

  
 CHARMM>     
  
 CHARMM>    traj write
  
 CHARMM>    incr i by 1
 Parameter: I <- "65"
  
 CHARMM>    if i le @ts goto lpf
 Parameter: TS -> "200"
 Comparing "65" and "200".
 IF test evaluated as true.  Performing command
  
 CHARMM>    traj read
  
 CHARMM>    coor stat sele segid MEMB .and. resid @resid end
 Parameter: RESID -> "100"
 SELRPN>    138 atoms have been selected out of  28820
 STATISTICS FOR       138 SELECTED ATOMS:
    XMIN =  -23.624666 XMAX =   -8.067372 XAVE =  -14.791233
    YMIN =   17.336489 YMAX =   31.220015 YAVE =   24.851145
    ZMIN =   10.936982 ZMAX =   32.079388 ZAVE =   21.763449
    WMIN =    0.000000 WMAX =    0.000000 WAVE =    0.000000
  
 CHARMM>     
  
 CHARMM>    coor trans xdir -?XAVE sele all end
 RDCMND substituted energy or value "?XAVE" to "-14.7912326"
 SELRPN>  28820 atoms have been selected out of  28820
 TRANSLATION VECTOR    14.791233    0.000000    0.000000
 SELECTED COORDINATES TRANSLATED IN THE MAIN SET.

  
 CHARMM>    coor trans ydir -?YAVE sele all end
 RDCMND substituted energy or value "?YAVE" to "24.8511448"
 SELRPN>  28820 atoms have been selected out of  28820
 TRANSLATION VECTOR     0.000000  -24.851145    0.000000
 SELECTED COORDINATES TRANSLATED IN THE MAIN SET.

  
 CHARMM>    coor trans zdir -?ZAVE sele all end
 RDCMND substituted energy or value "?ZAVE" to "21.7634485"
 SELRPN>  28820 atoms have been selected out of  28820
 TRANSLATION VECTOR     0.000000    0.000000  -21.763448
 SELECTED COORDINATES TRANSLATED IN THE MAIN SET.

  
 CHARMM>     
  
 CHARMM>    traj write
  
 CHARMM>    incr i by 1
 Parameter: I <- "66"
  
 CHARMM>    if i le @ts goto lpf
 Parameter: TS -> "200"
 Comparing "66" and "200".
 IF test evaluated as true.  Performing command
  
 CHARMM>    traj read
  
 CHARMM>    coor stat sele segid MEMB .and. resid @resid end
 Parameter: RESID -> "100"
 SELRPN>    138 atoms have been selected out of  28820
 STATISTICS FOR       138 SELECTED ATOMS:
    XMIN =  -23.181782 XMAX =   -8.588961 XAVE =  -14.791233
    YMIN =   16.217360 YMAX =   30.566471 YAVE =   24.851145
    ZMIN =   10.875522 ZMAX =   32.415386 ZAVE =   21.763448
    WMIN =    0.000000 WMAX =    0.000000 WAVE =    0.000000
  
 CHARMM>     
  
 CHARMM>    coor trans xdir -?XAVE sele all end
 RDCMND substituted energy or value "?XAVE" to "-14.7912327"
 SELRPN>  28820 atoms have been selected out of  28820
 TRANSLATION VECTOR    14.791233    0.000000    0.000000
 SELECTED COORDINATES TRANSLATED IN THE MAIN SET.

  
 CHARMM>    coor trans ydir -?YAVE sele all end
 RDCMND substituted energy or value "?YAVE" to "24.8511448"
 SELRPN>  28820 atoms have been selected out of  28820
 TRANSLATION VECTOR     0.000000  -24.851145    0.000000
 SELECTED COORDINATES TRANSLATED IN THE MAIN SET.

  
 CHARMM>    coor trans zdir -?ZAVE sele all end
 RDCMND substituted energy or value "?ZAVE" to "21.7634479"
 SELRPN>  28820 atoms have been selected out of  28820
 TRANSLATION VECTOR     0.000000    0.000000  -21.763448
 SELECTED COORDINATES TRANSLATED IN THE MAIN SET.

  
 CHARMM>     
  
 CHARMM>    traj write
  
 CHARMM>    incr i by 1
 Parameter: I <- "67"
  
 CHARMM>    if i le @ts goto lpf
 Parameter: TS -> "200"
 Comparing "67" and "200".
 IF test evaluated as true.  Performing command
  
 CHARMM>    traj read
  
 CHARMM>    coor stat sele segid MEMB .and. resid @resid end
 Parameter: RESID -> "100"
 SELRPN>    138 atoms have been selected out of  28820
 STATISTICS FOR       138 SELECTED ATOMS:
    XMIN =  -24.563879 XMAX =   -7.912816 XAVE =  -14.791233
    YMIN =   18.123680 YMAX =   30.985722 YAVE =   24.851143
    ZMIN =   10.737498 ZMAX =   32.295555 ZAVE =   21.763448
    WMIN =    0.000000 WMAX =    0.000000 WAVE =    0.000000
  
 CHARMM>     
  
 CHARMM>    coor trans xdir -?XAVE sele all end
 RDCMND substituted energy or value "?XAVE" to "-14.7912329"
 SELRPN>  28820 atoms have been selected out of  28820
 TRANSLATION VECTOR    14.791233    0.000000    0.000000
 SELECTED COORDINATES TRANSLATED IN THE MAIN SET.

  
 CHARMM>    coor trans ydir -?YAVE sele all end
 RDCMND substituted energy or value "?YAVE" to "24.8511434"
 SELRPN>  28820 atoms have been selected out of  28820
 TRANSLATION VECTOR     0.000000  -24.851143    0.000000
 SELECTED COORDINATES TRANSLATED IN THE MAIN SET.

  
 CHARMM>    coor trans zdir -?ZAVE sele all end
 RDCMND substituted energy or value "?ZAVE" to "21.7634482"
 SELRPN>  28820 atoms have been selected out of  28820
 TRANSLATION VECTOR     0.000000    0.000000  -21.763448
 SELECTED COORDINATES TRANSLATED IN THE MAIN SET.

  
 CHARMM>     
  
 CHARMM>    traj write
  
 CHARMM>    incr i by 1
 Parameter: I <- "68"
  
 CHARMM>    if i le @ts goto lpf
 Parameter: TS -> "200"
 Comparing "68" and "200".
 IF test evaluated as true.  Performing command
  
 CHARMM>    traj read
  
 CHARMM>    coor stat sele segid MEMB .and. resid @resid end
 Parameter: RESID -> "100"
 SELRPN>    138 atoms have been selected out of  28820
 STATISTICS FOR       138 SELECTED ATOMS:
    XMIN =  -22.434076 XMAX =   -7.802064 XAVE =  -14.791233
    YMIN =   18.622238 YMAX =   31.292305 YAVE =   24.851145
    ZMIN =   11.398173 ZMAX =   33.062187 ZAVE =   21.763449
    WMIN =    0.000000 WMAX =    0.000000 WAVE =    0.000000
  
 CHARMM>     
  
 CHARMM>    coor trans xdir -?XAVE sele all end
 RDCMND substituted energy or value "?XAVE" to "-14.7912327"
 SELRPN>  28820 atoms have been selected out of  28820
 TRANSLATION VECTOR    14.791233    0.000000    0.000000
 SELECTED COORDINATES TRANSLATED IN THE MAIN SET.

  
 CHARMM>    coor trans ydir -?YAVE sele all end
 RDCMND substituted energy or value "?YAVE" to "24.8511451"
 SELRPN>  28820 atoms have been selected out of  28820
 TRANSLATION VECTOR     0.000000  -24.851145    0.000000
 SELECTED COORDINATES TRANSLATED IN THE MAIN SET.

  
 CHARMM>    coor trans zdir -?ZAVE sele all end
 RDCMND substituted energy or value "?ZAVE" to "21.7634486"
 SELRPN>  28820 atoms have been selected out of  28820
 TRANSLATION VECTOR     0.000000    0.000000  -21.763449
 SELECTED COORDINATES TRANSLATED IN THE MAIN SET.

  
 CHARMM>     
  
 CHARMM>    traj write
  
 CHARMM>    incr i by 1
 Parameter: I <- "69"
  
 CHARMM>    if i le @ts goto lpf
 Parameter: TS -> "200"
 Comparing "69" and "200".
 IF test evaluated as true.  Performing command
  
 CHARMM>    traj read
  
 CHARMM>    coor stat sele segid MEMB .and. resid @resid end
 Parameter: RESID -> "100"
 SELRPN>    138 atoms have been selected out of  28820
 STATISTICS FOR       138 SELECTED ATOMS:
    XMIN =  -22.270521 XMAX =   -7.661700 XAVE =  -14.791232
    YMIN =   18.603529 YMAX =   31.496405 YAVE =   24.851145
    ZMIN =   11.424369 ZMAX =   33.723862 ZAVE =   21.763448
    WMIN =    0.000000 WMAX =    0.000000 WAVE =    0.000000
  
 CHARMM>     
  
 CHARMM>    coor trans xdir -?XAVE sele all end
 RDCMND substituted energy or value "?XAVE" to "-14.7912324"
 SELRPN>  28820 atoms have been selected out of  28820
 TRANSLATION VECTOR    14.791232    0.000000    0.000000
 SELECTED COORDINATES TRANSLATED IN THE MAIN SET.

  
 CHARMM>    coor trans ydir -?YAVE sele all end
 RDCMND substituted energy or value "?YAVE" to "24.8511445"
 SELRPN>  28820 atoms have been selected out of  28820
 TRANSLATION VECTOR     0.000000  -24.851145    0.000000
 SELECTED COORDINATES TRANSLATED IN THE MAIN SET.

  
 CHARMM>    coor trans zdir -?ZAVE sele all end
 RDCMND substituted energy or value "?ZAVE" to "21.763448"
 SELRPN>  28820 atoms have been selected out of  28820
 TRANSLATION VECTOR     0.000000    0.000000  -21.763448
 SELECTED COORDINATES TRANSLATED IN THE MAIN SET.

  
 CHARMM>     
  
 CHARMM>    traj write
  
 CHARMM>    incr i by 1
 Parameter: I <- "70"
  
 CHARMM>    if i le @ts goto lpf
 Parameter: TS -> "200"
 Comparing "70" and "200".
 IF test evaluated as true.  Performing command
  
 CHARMM>    traj read
  
 CHARMM>    coor stat sele segid MEMB .and. resid @resid end
 Parameter: RESID -> "100"
 SELRPN>    138 atoms have been selected out of  28820
 STATISTICS FOR       138 SELECTED ATOMS:
    XMIN =  -22.219885 XMAX =   -7.445340 XAVE =  -14.791233
    YMIN =   18.843927 YMAX =   31.593430 YAVE =   24.851145
    ZMIN =   11.875776 ZMAX =   33.032772 ZAVE =   21.763449
    WMIN =    0.000000 WMAX =    0.000000 WAVE =    0.000000
  
 CHARMM>     
  
 CHARMM>    coor trans xdir -?XAVE sele all end
 RDCMND substituted energy or value "?XAVE" to "-14.791233"
 SELRPN>  28820 atoms have been selected out of  28820
 TRANSLATION VECTOR    14.791233    0.000000    0.000000
 SELECTED COORDINATES TRANSLATED IN THE MAIN SET.

  
 CHARMM>    coor trans ydir -?YAVE sele all end
 RDCMND substituted energy or value "?YAVE" to "24.8511448"
 SELRPN>  28820 atoms have been selected out of  28820
 TRANSLATION VECTOR     0.000000  -24.851145    0.000000
 SELECTED COORDINATES TRANSLATED IN THE MAIN SET.

  
 CHARMM>    coor trans zdir -?ZAVE sele all end
 RDCMND substituted energy or value "?ZAVE" to "21.7634486"
 SELRPN>  28820 atoms have been selected out of  28820
 TRANSLATION VECTOR     0.000000    0.000000  -21.763449
 SELECTED COORDINATES TRANSLATED IN THE MAIN SET.

  
 CHARMM>     
  
 CHARMM>    traj write
  
 CHARMM>    incr i by 1
 Parameter: I <- "71"
  
 CHARMM>    if i le @ts goto lpf
 Parameter: TS -> "200"
 Comparing "71" and "200".
 IF test evaluated as true.  Performing command
  
 CHARMM>    traj read
  
 CHARMM>    coor stat sele segid MEMB .and. resid @resid end
 Parameter: RESID -> "100"
 SELRPN>    138 atoms have been selected out of  28820
 STATISTICS FOR       138 SELECTED ATOMS:
    XMIN =  -22.312368 XMAX =   -8.127316 XAVE =  -14.791233
    YMIN =   18.295771 YMAX =   31.060295 YAVE =   24.851144
    ZMIN =   10.584836 ZMAX =   33.781662 ZAVE =   21.763448
    WMIN =    0.000000 WMAX =    0.000000 WAVE =    0.000000
  
 CHARMM>     
  
 CHARMM>    coor trans xdir -?XAVE sele all end
 RDCMND substituted energy or value "?XAVE" to "-14.7912329"
 SELRPN>  28820 atoms have been selected out of  28820
 TRANSLATION VECTOR    14.791233    0.000000    0.000000
 SELECTED COORDINATES TRANSLATED IN THE MAIN SET.

  
 CHARMM>    coor trans ydir -?YAVE sele all end
 RDCMND substituted energy or value "?YAVE" to "24.8511442"
 SELRPN>  28820 atoms have been selected out of  28820
 TRANSLATION VECTOR     0.000000  -24.851144    0.000000
 SELECTED COORDINATES TRANSLATED IN THE MAIN SET.

  
 CHARMM>    coor trans zdir -?ZAVE sele all end
 RDCMND substituted energy or value "?ZAVE" to "21.7634484"
 SELRPN>  28820 atoms have been selected out of  28820
 TRANSLATION VECTOR     0.000000    0.000000  -21.763448
 SELECTED COORDINATES TRANSLATED IN THE MAIN SET.

  
 CHARMM>     
  
 CHARMM>    traj write
  
 CHARMM>    incr i by 1
 Parameter: I <- "72"
  
 CHARMM>    if i le @ts goto lpf
 Parameter: TS -> "200"
 Comparing "72" and "200".
 IF test evaluated as true.  Performing command
  
 CHARMM>    traj read
  
 CHARMM>    coor stat sele segid MEMB .and. resid @resid end
 Parameter: RESID -> "100"
 SELRPN>    138 atoms have been selected out of  28820
 STATISTICS FOR       138 SELECTED ATOMS:
    XMIN =  -23.970556 XMAX =   -8.143450 XAVE =  -14.791233
    YMIN =   18.917095 YMAX =   31.114407 YAVE =   24.851145
    ZMIN =   10.682426 ZMAX =   32.133205 ZAVE =   21.763449
    WMIN =    0.000000 WMAX =    0.000000 WAVE =    0.000000
  
 CHARMM>     
  
 CHARMM>    coor trans xdir -?XAVE sele all end
 RDCMND substituted energy or value "?XAVE" to "-14.7912327"
 SELRPN>  28820 atoms have been selected out of  28820
 TRANSLATION VECTOR    14.791233    0.000000    0.000000
 SELECTED COORDINATES TRANSLATED IN THE MAIN SET.

  
 CHARMM>    coor trans ydir -?YAVE sele all end
 RDCMND substituted energy or value "?YAVE" to "24.851145"
 SELRPN>  28820 atoms have been selected out of  28820
 TRANSLATION VECTOR     0.000000  -24.851145    0.000000
 SELECTED COORDINATES TRANSLATED IN THE MAIN SET.

  
 CHARMM>    coor trans zdir -?ZAVE sele all end
 RDCMND substituted energy or value "?ZAVE" to "21.7634485"
 SELRPN>  28820 atoms have been selected out of  28820
 TRANSLATION VECTOR     0.000000    0.000000  -21.763448
 SELECTED COORDINATES TRANSLATED IN THE MAIN SET.

  
 CHARMM>     
  
 CHARMM>    traj write
  
 CHARMM>    incr i by 1
 Parameter: I <- "73"
  
 CHARMM>    if i le @ts goto lpf
 Parameter: TS -> "200"
 Comparing "73" and "200".
 IF test evaluated as true.  Performing command
  
 CHARMM>    traj read
  
 CHARMM>    coor stat sele segid MEMB .and. resid @resid end
 Parameter: RESID -> "100"
 SELRPN>    138 atoms have been selected out of  28820
 STATISTICS FOR       138 SELECTED ATOMS:
    XMIN =  -23.673758 XMAX =   -8.450038 XAVE =  -14.791233
    YMIN =   19.126242 YMAX =   31.078358 YAVE =   24.851144
    ZMIN =   10.047699 ZMAX =   33.244778 ZAVE =   21.763449
    WMIN =    0.000000 WMAX =    0.000000 WAVE =    0.000000
  
 CHARMM>     
  
 CHARMM>    coor trans xdir -?XAVE sele all end
 RDCMND substituted energy or value "?XAVE" to "-14.7912326"
 SELRPN>  28820 atoms have been selected out of  28820
 TRANSLATION VECTOR    14.791233    0.000000    0.000000
 SELECTED COORDINATES TRANSLATED IN THE MAIN SET.

  
 CHARMM>    coor trans ydir -?YAVE sele all end
 RDCMND substituted energy or value "?YAVE" to "24.8511444"
 SELRPN>  28820 atoms have been selected out of  28820
 TRANSLATION VECTOR     0.000000  -24.851144    0.000000
 SELECTED COORDINATES TRANSLATED IN THE MAIN SET.

  
 CHARMM>    coor trans zdir -?ZAVE sele all end
 RDCMND substituted energy or value "?ZAVE" to "21.7634486"
 SELRPN>  28820 atoms have been selected out of  28820
 TRANSLATION VECTOR     0.000000    0.000000  -21.763449
 SELECTED COORDINATES TRANSLATED IN THE MAIN SET.

  
 CHARMM>     
  
 CHARMM>    traj write
  
 CHARMM>    incr i by 1
 Parameter: I <- "74"
  
 CHARMM>    if i le @ts goto lpf
 Parameter: TS -> "200"
 Comparing "74" and "200".
 IF test evaluated as true.  Performing command
  
 CHARMM>    traj read
  
 CHARMM>    coor stat sele segid MEMB .and. resid @resid end
 Parameter: RESID -> "100"
 SELRPN>    138 atoms have been selected out of  28820
 STATISTICS FOR       138 SELECTED ATOMS:
    XMIN =  -22.571869 XMAX =   -7.769580 XAVE =  -14.791233
    YMIN =   19.136295 YMAX =   31.124823 YAVE =   24.851145
    ZMIN =   10.807950 ZMAX =   33.747242 ZAVE =   21.763448
    WMIN =    0.000000 WMAX =    0.000000 WAVE =    0.000000
  
 CHARMM>     
  
 CHARMM>    coor trans xdir -?XAVE sele all end
 RDCMND substituted energy or value "?XAVE" to "-14.791233"
 SELRPN>  28820 atoms have been selected out of  28820
 TRANSLATION VECTOR    14.791233    0.000000    0.000000
 SELECTED COORDINATES TRANSLATED IN THE MAIN SET.

  
 CHARMM>    coor trans ydir -?YAVE sele all end
 RDCMND substituted energy or value "?YAVE" to "24.8511449"
 SELRPN>  28820 atoms have been selected out of  28820
 TRANSLATION VECTOR     0.000000  -24.851145    0.000000
 SELECTED COORDINATES TRANSLATED IN THE MAIN SET.

  
 CHARMM>    coor trans zdir -?ZAVE sele all end
 RDCMND substituted energy or value "?ZAVE" to "21.7634483"
 SELRPN>  28820 atoms have been selected out of  28820
 TRANSLATION VECTOR     0.000000    0.000000  -21.763448
 SELECTED COORDINATES TRANSLATED IN THE MAIN SET.

  
 CHARMM>     
  
 CHARMM>    traj write
  
 CHARMM>    incr i by 1
 Parameter: I <- "75"
  
 CHARMM>    if i le @ts goto lpf
 Parameter: TS -> "200"
 Comparing "75" and "200".
 IF test evaluated as true.  Performing command
  
 CHARMM>    traj read
  
 CHARMM>    coor stat sele segid MEMB .and. resid @resid end
 Parameter: RESID -> "100"
 SELRPN>    138 atoms have been selected out of  28820
 STATISTICS FOR       138 SELECTED ATOMS:
    XMIN =  -23.493267 XMAX =   -8.588158 XAVE =  -14.791233
    YMIN =   19.907251 YMAX =   31.879208 YAVE =   24.851144
    ZMIN =   10.303259 ZMAX =   33.161289 ZAVE =   21.763448
    WMIN =    0.000000 WMAX =    0.000000 WAVE =    0.000000
  
 CHARMM>     
  
 CHARMM>    coor trans xdir -?XAVE sele all end
 RDCMND substituted energy or value "?XAVE" to "-14.7912329"
 SELRPN>  28820 atoms have been selected out of  28820
 TRANSLATION VECTOR    14.791233    0.000000    0.000000
 SELECTED COORDINATES TRANSLATED IN THE MAIN SET.

  
 CHARMM>    coor trans ydir -?YAVE sele all end
 RDCMND substituted energy or value "?YAVE" to "24.851144"
 SELRPN>  28820 atoms have been selected out of  28820
 TRANSLATION VECTOR     0.000000  -24.851144    0.000000
 SELECTED COORDINATES TRANSLATED IN THE MAIN SET.

  
 CHARMM>    coor trans zdir -?ZAVE sele all end
 RDCMND substituted energy or value "?ZAVE" to "21.7634484"
 SELRPN>  28820 atoms have been selected out of  28820
 TRANSLATION VECTOR     0.000000    0.000000  -21.763448
 SELECTED COORDINATES TRANSLATED IN THE MAIN SET.

  
 CHARMM>     
  
 CHARMM>    traj write
  
 CHARMM>    incr i by 1
 Parameter: I <- "76"
  
 CHARMM>    if i le @ts goto lpf
 Parameter: TS -> "200"
 Comparing "76" and "200".
 IF test evaluated as true.  Performing command
  
 CHARMM>    traj read
  
 CHARMM>    coor stat sele segid MEMB .and. resid @resid end
 Parameter: RESID -> "100"
 SELRPN>    138 atoms have been selected out of  28820
 STATISTICS FOR       138 SELECTED ATOMS:
    XMIN =  -24.300087 XMAX =   -7.538005 XAVE =  -14.791233
    YMIN =   19.686739 YMAX =   31.442482 YAVE =   24.851144
    ZMIN =   11.366748 ZMAX =   31.773304 ZAVE =   21.763448
    WMIN =    0.000000 WMAX =    0.000000 WAVE =    0.000000
  
 CHARMM>     
  
 CHARMM>    coor trans xdir -?XAVE sele all end
 RDCMND substituted energy or value "?XAVE" to "-14.7912331"
 SELRPN>  28820 atoms have been selected out of  28820
 TRANSLATION VECTOR    14.791233    0.000000    0.000000
 SELECTED COORDINATES TRANSLATED IN THE MAIN SET.

  
 CHARMM>    coor trans ydir -?YAVE sele all end
 RDCMND substituted energy or value "?YAVE" to "24.8511436"
 SELRPN>  28820 atoms have been selected out of  28820
 TRANSLATION VECTOR     0.000000  -24.851144    0.000000
 SELECTED COORDINATES TRANSLATED IN THE MAIN SET.

  
 CHARMM>    coor trans zdir -?ZAVE sele all end
 RDCMND substituted energy or value "?ZAVE" to "21.7634485"
 SELRPN>  28820 atoms have been selected out of  28820
 TRANSLATION VECTOR     0.000000    0.000000  -21.763448
 SELECTED COORDINATES TRANSLATED IN THE MAIN SET.

  
 CHARMM>     
  
 CHARMM>    traj write
  
 CHARMM>    incr i by 1
 Parameter: I <- "77"
  
 CHARMM>    if i le @ts goto lpf
 Parameter: TS -> "200"
 Comparing "77" and "200".
 IF test evaluated as true.  Performing command
  
 CHARMM>    traj read
  
 CHARMM>    coor stat sele segid MEMB .and. resid @resid end
 Parameter: RESID -> "100"
 SELRPN>    138 atoms have been selected out of  28820
 STATISTICS FOR       138 SELECTED ATOMS:
    XMIN =  -24.238594 XMAX =   -7.788505 XAVE =  -14.791233
    YMIN =   16.907635 YMAX =   31.651899 YAVE =   24.851145
    ZMIN =   11.283747 ZMAX =   32.006138 ZAVE =   21.763448
    WMIN =    0.000000 WMAX =    0.000000 WAVE =    0.000000
  
 CHARMM>     
  
 CHARMM>    coor trans xdir -?XAVE sele all end
 RDCMND substituted energy or value "?XAVE" to "-14.7912326"
 SELRPN>  28820 atoms have been selected out of  28820
 TRANSLATION VECTOR    14.791233    0.000000    0.000000
 SELECTED COORDINATES TRANSLATED IN THE MAIN SET.

  
 CHARMM>    coor trans ydir -?YAVE sele all end
 RDCMND substituted energy or value "?YAVE" to "24.8511446"
 SELRPN>  28820 atoms have been selected out of  28820
 TRANSLATION VECTOR     0.000000  -24.851145    0.000000
 SELECTED COORDINATES TRANSLATED IN THE MAIN SET.

  
 CHARMM>    coor trans zdir -?ZAVE sele all end
 RDCMND substituted energy or value "?ZAVE" to "21.7634477"
 SELRPN>  28820 atoms have been selected out of  28820
 TRANSLATION VECTOR     0.000000    0.000000  -21.763448
 SELECTED COORDINATES TRANSLATED IN THE MAIN SET.

  
 CHARMM>     
  
 CHARMM>    traj write
  
 CHARMM>    incr i by 1
 Parameter: I <- "78"
  
 CHARMM>    if i le @ts goto lpf
 Parameter: TS -> "200"
 Comparing "78" and "200".
 IF test evaluated as true.  Performing command
  
 CHARMM>    traj read
  
 CHARMM>    coor stat sele segid MEMB .and. resid @resid end
 Parameter: RESID -> "100"
 SELRPN>    138 atoms have been selected out of  28820
 STATISTICS FOR       138 SELECTED ATOMS:
    XMIN =  -23.526657 XMAX =   -8.204458 XAVE =  -14.791233
    YMIN =   17.635544 YMAX =   31.580050 YAVE =   24.851145
    ZMIN =   11.118980 ZMAX =   31.625723 ZAVE =   21.763448
    WMIN =    0.000000 WMAX =    0.000000 WAVE =    0.000000
  
 CHARMM>     
  
 CHARMM>    coor trans xdir -?XAVE sele all end
 RDCMND substituted energy or value "?XAVE" to "-14.7912328"
 SELRPN>  28820 atoms have been selected out of  28820
 TRANSLATION VECTOR    14.791233    0.000000    0.000000
 SELECTED COORDINATES TRANSLATED IN THE MAIN SET.

  
 CHARMM>    coor trans ydir -?YAVE sele all end
 RDCMND substituted energy or value "?YAVE" to "24.8511449"
 SELRPN>  28820 atoms have been selected out of  28820
 TRANSLATION VECTOR     0.000000  -24.851145    0.000000
 SELECTED COORDINATES TRANSLATED IN THE MAIN SET.

  
 CHARMM>    coor trans zdir -?ZAVE sele all end
 RDCMND substituted energy or value "?ZAVE" to "21.7634479"
 SELRPN>  28820 atoms have been selected out of  28820
 TRANSLATION VECTOR     0.000000    0.000000  -21.763448
 SELECTED COORDINATES TRANSLATED IN THE MAIN SET.

  
 CHARMM>     
  
 CHARMM>    traj write
  
 CHARMM>    incr i by 1
 Parameter: I <- "79"
  
 CHARMM>    if i le @ts goto lpf
 Parameter: TS -> "200"
 Comparing "79" and "200".
 IF test evaluated as true.  Performing command
  
 CHARMM>    traj read
  
 CHARMM>    coor stat sele segid MEMB .and. resid @resid end
 Parameter: RESID -> "100"
 SELRPN>    138 atoms have been selected out of  28820
 STATISTICS FOR       138 SELECTED ATOMS:
    XMIN =  -23.559771 XMAX =   -7.803925 XAVE =  -14.791232
    YMIN =   18.061378 YMAX =   31.759357 YAVE =   24.851144
    ZMIN =   10.625029 ZMAX =   32.469536 ZAVE =   21.763448
    WMIN =    0.000000 WMAX =    0.000000 WAVE =    0.000000
  
 CHARMM>     
  
 CHARMM>    coor trans xdir -?XAVE sele all end
 RDCMND substituted energy or value "?XAVE" to "-14.7912323"
 SELRPN>  28820 atoms have been selected out of  28820
 TRANSLATION VECTOR    14.791232    0.000000    0.000000
 SELECTED COORDINATES TRANSLATED IN THE MAIN SET.

  
 CHARMM>    coor trans ydir -?YAVE sele all end
 RDCMND substituted energy or value "?YAVE" to "24.8511438"
 SELRPN>  28820 atoms have been selected out of  28820
 TRANSLATION VECTOR     0.000000  -24.851144    0.000000
 SELECTED COORDINATES TRANSLATED IN THE MAIN SET.

  
 CHARMM>    coor trans zdir -?ZAVE sele all end
 RDCMND substituted energy or value "?ZAVE" to "21.7634482"
 SELRPN>  28820 atoms have been selected out of  28820
 TRANSLATION VECTOR     0.000000    0.000000  -21.763448
 SELECTED COORDINATES TRANSLATED IN THE MAIN SET.

  
 CHARMM>     
  
 CHARMM>    traj write
  
 CHARMM>    incr i by 1
 Parameter: I <- "80"
  
 CHARMM>    if i le @ts goto lpf
 Parameter: TS -> "200"
 Comparing "80" and "200".
 IF test evaluated as true.  Performing command
  
 CHARMM>    traj read
  
 CHARMM>    coor stat sele segid MEMB .and. resid @resid end
 Parameter: RESID -> "100"
 SELRPN>    138 atoms have been selected out of  28820
 STATISTICS FOR       138 SELECTED ATOMS:
    XMIN =  -23.551109 XMAX =   -8.116227 XAVE =  -14.791232
    YMIN =   17.610489 YMAX =   32.074196 YAVE =   24.851144
    ZMIN =   10.815776 ZMAX =   31.531332 ZAVE =   21.763449
    WMIN =    0.000000 WMAX =    0.000000 WAVE =    0.000000
  
 CHARMM>     
  
 CHARMM>    coor trans xdir -?XAVE sele all end
 RDCMND substituted energy or value "?XAVE" to "-14.7912324"
 SELRPN>  28820 atoms have been selected out of  28820
 TRANSLATION VECTOR    14.791232    0.000000    0.000000
 SELECTED COORDINATES TRANSLATED IN THE MAIN SET.

  
 CHARMM>    coor trans ydir -?YAVE sele all end
 RDCMND substituted energy or value "?YAVE" to "24.8511439"
 SELRPN>  28820 atoms have been selected out of  28820
 TRANSLATION VECTOR     0.000000  -24.851144    0.000000
 SELECTED COORDINATES TRANSLATED IN THE MAIN SET.

  
 CHARMM>    coor trans zdir -?ZAVE sele all end
 RDCMND substituted energy or value "?ZAVE" to "21.7634487"
 SELRPN>  28820 atoms have been selected out of  28820
 TRANSLATION VECTOR     0.000000    0.000000  -21.763449
 SELECTED COORDINATES TRANSLATED IN THE MAIN SET.

  
 CHARMM>     
  
 CHARMM>    traj write
  
 CHARMM>    incr i by 1
 Parameter: I <- "81"
  
 CHARMM>    if i le @ts goto lpf
 Parameter: TS -> "200"
 Comparing "81" and "200".
 IF test evaluated as true.  Performing command
  
 CHARMM>    traj read
  
 CHARMM>    coor stat sele segid MEMB .and. resid @resid end
 Parameter: RESID -> "100"
 SELRPN>    138 atoms have been selected out of  28820
 STATISTICS FOR       138 SELECTED ATOMS:
    XMIN =  -24.529600 XMAX =   -7.552638 XAVE =  -14.791233
    YMIN =   16.473787 YMAX =   31.448332 YAVE =   24.851143
    ZMIN =   10.820014 ZMAX =   32.418083 ZAVE =   21.763448
    WMIN =    0.000000 WMAX =    0.000000 WAVE =    0.000000
  
 CHARMM>     
  
 CHARMM>    coor trans xdir -?XAVE sele all end
 RDCMND substituted energy or value "?XAVE" to "-14.7912327"
 SELRPN>  28820 atoms have been selected out of  28820
 TRANSLATION VECTOR    14.791233    0.000000    0.000000
 SELECTED COORDINATES TRANSLATED IN THE MAIN SET.

  
 CHARMM>    coor trans ydir -?YAVE sele all end
 RDCMND substituted energy or value "?YAVE" to "24.8511433"
 SELRPN>  28820 atoms have been selected out of  28820
 TRANSLATION VECTOR     0.000000  -24.851143    0.000000
 SELECTED COORDINATES TRANSLATED IN THE MAIN SET.

  
 CHARMM>    coor trans zdir -?ZAVE sele all end
 RDCMND substituted energy or value "?ZAVE" to "21.7634478"
 SELRPN>  28820 atoms have been selected out of  28820
 TRANSLATION VECTOR     0.000000    0.000000  -21.763448
 SELECTED COORDINATES TRANSLATED IN THE MAIN SET.

  
 CHARMM>     
  
 CHARMM>    traj write
  
 CHARMM>    incr i by 1
 Parameter: I <- "82"
  
 CHARMM>    if i le @ts goto lpf
 Parameter: TS -> "200"
 Comparing "82" and "200".
 IF test evaluated as true.  Performing command
  
 CHARMM>    traj read
  
 CHARMM>    coor stat sele segid MEMB .and. resid @resid end
 Parameter: RESID -> "100"
 SELRPN>    138 atoms have been selected out of  28820
 STATISTICS FOR       138 SELECTED ATOMS:
    XMIN =  -23.985147 XMAX =   -7.685973 XAVE =  -14.791232
    YMIN =   15.716100 YMAX =   31.537630 YAVE =   24.851145
    ZMIN =   11.273861 ZMAX =   32.264050 ZAVE =   21.763448
    WMIN =    0.000000 WMAX =    0.000000 WAVE =    0.000000
  
 CHARMM>     
  
 CHARMM>    coor trans xdir -?XAVE sele all end
 RDCMND substituted energy or value "?XAVE" to "-14.7912323"
 SELRPN>  28820 atoms have been selected out of  28820
 TRANSLATION VECTOR    14.791232    0.000000    0.000000
 SELECTED COORDINATES TRANSLATED IN THE MAIN SET.

  
 CHARMM>    coor trans ydir -?YAVE sele all end
 RDCMND substituted energy or value "?YAVE" to "24.8511451"
 SELRPN>  28820 atoms have been selected out of  28820
 TRANSLATION VECTOR     0.000000  -24.851145    0.000000
 SELECTED COORDINATES TRANSLATED IN THE MAIN SET.

  
 CHARMM>    coor trans zdir -?ZAVE sele all end
 RDCMND substituted energy or value "?ZAVE" to "21.7634482"
 SELRPN>  28820 atoms have been selected out of  28820
 TRANSLATION VECTOR     0.000000    0.000000  -21.763448
 SELECTED COORDINATES TRANSLATED IN THE MAIN SET.

  
 CHARMM>     
  
 CHARMM>    traj write
  
 CHARMM>    incr i by 1
 Parameter: I <- "83"
  
 CHARMM>    if i le @ts goto lpf
 Parameter: TS -> "200"
 Comparing "83" and "200".
 IF test evaluated as true.  Performing command
  
 CHARMM>    traj read
  
 CHARMM>    coor stat sele segid MEMB .and. resid @resid end
 Parameter: RESID -> "100"
 SELRPN>    138 atoms have been selected out of  28820
 STATISTICS FOR       138 SELECTED ATOMS:
    XMIN =  -25.054434 XMAX =   -7.513802 XAVE =  -14.791233
    YMIN =   15.771564 YMAX =   32.084023 YAVE =   24.851145
    ZMIN =   11.405711 ZMAX =   31.330511 ZAVE =   21.763449
    WMIN =    0.000000 WMAX =    0.000000 WAVE =    0.000000
  
 CHARMM>     
  
 CHARMM>    coor trans xdir -?XAVE sele all end
 RDCMND substituted energy or value "?XAVE" to "-14.7912325"
 SELRPN>  28820 atoms have been selected out of  28820
 TRANSLATION VECTOR    14.791232    0.000000    0.000000
 SELECTED COORDINATES TRANSLATED IN THE MAIN SET.

  
 CHARMM>    coor trans ydir -?YAVE sele all end
 RDCMND substituted energy or value "?YAVE" to "24.8511447"
 SELRPN>  28820 atoms have been selected out of  28820
 TRANSLATION VECTOR     0.000000  -24.851145    0.000000
 SELECTED COORDINATES TRANSLATED IN THE MAIN SET.

  
 CHARMM>    coor trans zdir -?ZAVE sele all end
 RDCMND substituted energy or value "?ZAVE" to "21.7634486"
 SELRPN>  28820 atoms have been selected out of  28820
 TRANSLATION VECTOR     0.000000    0.000000  -21.763449
 SELECTED COORDINATES TRANSLATED IN THE MAIN SET.

  
 CHARMM>     
  
 CHARMM>    traj write
  
 CHARMM>    incr i by 1
 Parameter: I <- "84"
  
 CHARMM>    if i le @ts goto lpf
 Parameter: TS -> "200"
 Comparing "84" and "200".
 IF test evaluated as true.  Performing command
  
 CHARMM>    traj read
  
 CHARMM>    coor stat sele segid MEMB .and. resid @resid end
 Parameter: RESID -> "100"
 SELRPN>    138 atoms have been selected out of  28820
 STATISTICS FOR       138 SELECTED ATOMS:
    XMIN =  -24.195625 XMAX =   -8.404840 XAVE =  -14.791233
    YMIN =   17.287914 YMAX =   32.087170 YAVE =   24.851143
    ZMIN =   10.731164 ZMAX =   32.437576 ZAVE =   21.763448
    WMIN =    0.000000 WMAX =    0.000000 WAVE =    0.000000
  
 CHARMM>     
  
 CHARMM>    coor trans xdir -?XAVE sele all end
 RDCMND substituted energy or value "?XAVE" to "-14.7912326"
 SELRPN>  28820 atoms have been selected out of  28820
 TRANSLATION VECTOR    14.791233    0.000000    0.000000
 SELECTED COORDINATES TRANSLATED IN THE MAIN SET.

  
 CHARMM>    coor trans ydir -?YAVE sele all end
 RDCMND substituted energy or value "?YAVE" to "24.8511434"
 SELRPN>  28820 atoms have been selected out of  28820
 TRANSLATION VECTOR     0.000000  -24.851143    0.000000
 SELECTED COORDINATES TRANSLATED IN THE MAIN SET.

  
 CHARMM>    coor trans zdir -?ZAVE sele all end
 RDCMND substituted energy or value "?ZAVE" to "21.7634483"
 SELRPN>  28820 atoms have been selected out of  28820
 TRANSLATION VECTOR     0.000000    0.000000  -21.763448
 SELECTED COORDINATES TRANSLATED IN THE MAIN SET.

  
 CHARMM>     
  
 CHARMM>    traj write
  
 CHARMM>    incr i by 1
 Parameter: I <- "85"
  
 CHARMM>    if i le @ts goto lpf
 Parameter: TS -> "200"
 Comparing "85" and "200".
 IF test evaluated as true.  Performing command
  
 CHARMM>    traj read
  
 CHARMM>    coor stat sele segid MEMB .and. resid @resid end
 Parameter: RESID -> "100"
 SELRPN>    138 atoms have been selected out of  28820
 STATISTICS FOR       138 SELECTED ATOMS:
    XMIN =  -25.124710 XMAX =   -7.558615 XAVE =  -14.791233
    YMIN =   19.599819 YMAX =   31.557692 YAVE =   24.851145
    ZMIN =   10.881583 ZMAX =   32.250950 ZAVE =   21.763448
    WMIN =    0.000000 WMAX =    0.000000 WAVE =    0.000000
  
 CHARMM>     
  
 CHARMM>    coor trans xdir -?XAVE sele all end
 RDCMND substituted energy or value "?XAVE" to "-14.7912327"
 SELRPN>  28820 atoms have been selected out of  28820
 TRANSLATION VECTOR    14.791233    0.000000    0.000000
 SELECTED COORDINATES TRANSLATED IN THE MAIN SET.

  
 CHARMM>    coor trans ydir -?YAVE sele all end
 RDCMND substituted energy or value "?YAVE" to "24.8511445"
 SELRPN>  28820 atoms have been selected out of  28820
 TRANSLATION VECTOR     0.000000  -24.851145    0.000000
 SELECTED COORDINATES TRANSLATED IN THE MAIN SET.

  
 CHARMM>    coor trans zdir -?ZAVE sele all end
 RDCMND substituted energy or value "?ZAVE" to "21.7634479"
 SELRPN>  28820 atoms have been selected out of  28820
 TRANSLATION VECTOR     0.000000    0.000000  -21.763448
 SELECTED COORDINATES TRANSLATED IN THE MAIN SET.

  
 CHARMM>     
  
 CHARMM>    traj write
  
 CHARMM>    incr i by 1
 Parameter: I <- "86"
  
 CHARMM>    if i le @ts goto lpf
 Parameter: TS -> "200"
 Comparing "86" and "200".
 IF test evaluated as true.  Performing command
  
 CHARMM>    traj read
  
 CHARMM>    coor stat sele segid MEMB .and. resid @resid end
 Parameter: RESID -> "100"
 SELRPN>    138 atoms have been selected out of  28820
 STATISTICS FOR       138 SELECTED ATOMS:
    XMIN =  -24.811222 XMAX =   -7.911036 XAVE =  -14.791233
    YMIN =   18.199924 YMAX =   31.950108 YAVE =   24.851143
    ZMIN =   10.938816 ZMAX =   32.062687 ZAVE =   21.763448
    WMIN =    0.000000 WMAX =    0.000000 WAVE =    0.000000
  
 CHARMM>     
  
 CHARMM>    coor trans xdir -?XAVE sele all end
 RDCMND substituted energy or value "?XAVE" to "-14.7912328"
 SELRPN>  28820 atoms have been selected out of  28820
 TRANSLATION VECTOR    14.791233    0.000000    0.000000
 SELECTED COORDINATES TRANSLATED IN THE MAIN SET.

  
 CHARMM>    coor trans ydir -?YAVE sele all end
 RDCMND substituted energy or value "?YAVE" to "24.8511433"
 SELRPN>  28820 atoms have been selected out of  28820
 TRANSLATION VECTOR     0.000000  -24.851143    0.000000
 SELECTED COORDINATES TRANSLATED IN THE MAIN SET.

  
 CHARMM>    coor trans zdir -?ZAVE sele all end
 RDCMND substituted energy or value "?ZAVE" to "21.7634483"
 SELRPN>  28820 atoms have been selected out of  28820
 TRANSLATION VECTOR     0.000000    0.000000  -21.763448
 SELECTED COORDINATES TRANSLATED IN THE MAIN SET.

  
 CHARMM>     
  
 CHARMM>    traj write
  
 CHARMM>    incr i by 1
 Parameter: I <- "87"
  
 CHARMM>    if i le @ts goto lpf
 Parameter: TS -> "200"
 Comparing "87" and "200".
 IF test evaluated as true.  Performing command
  
 CHARMM>    traj read
  
 CHARMM>    coor stat sele segid MEMB .and. resid @resid end
 Parameter: RESID -> "100"
 SELRPN>    138 atoms have been selected out of  28820
 STATISTICS FOR       138 SELECTED ATOMS:
    XMIN =  -24.316410 XMAX =   -8.296586 XAVE =  -14.791233
    YMIN =   16.902763 YMAX =   31.822453 YAVE =   24.851145
    ZMIN =   10.880966 ZMAX =   31.627567 ZAVE =   21.763448
    WMIN =    0.000000 WMAX =    0.000000 WAVE =    0.000000
  
 CHARMM>     
  
 CHARMM>    coor trans xdir -?XAVE sele all end
 RDCMND substituted energy or value "?XAVE" to "-14.7912332"
 SELRPN>  28820 atoms have been selected out of  28820
 TRANSLATION VECTOR    14.791233    0.000000    0.000000
 SELECTED COORDINATES TRANSLATED IN THE MAIN SET.

  
 CHARMM>    coor trans ydir -?YAVE sele all end
 RDCMND substituted energy or value "?YAVE" to "24.8511451"
 SELRPN>  28820 atoms have been selected out of  28820
 TRANSLATION VECTOR     0.000000  -24.851145    0.000000
 SELECTED COORDINATES TRANSLATED IN THE MAIN SET.

  
 CHARMM>    coor trans zdir -?ZAVE sele all end
 RDCMND substituted energy or value "?ZAVE" to "21.7634479"
 SELRPN>  28820 atoms have been selected out of  28820
 TRANSLATION VECTOR     0.000000    0.000000  -21.763448
 SELECTED COORDINATES TRANSLATED IN THE MAIN SET.

  
 CHARMM>     
  
 CHARMM>    traj write
  
 CHARMM>    incr i by 1
 Parameter: I <- "88"
  
 CHARMM>    if i le @ts goto lpf
 Parameter: TS -> "200"
 Comparing "88" and "200".
 IF test evaluated as true.  Performing command
  
 CHARMM>    traj read
  
 CHARMM>    coor stat sele segid MEMB .and. resid @resid end
 Parameter: RESID -> "100"
 SELRPN>    138 atoms have been selected out of  28820
 STATISTICS FOR       138 SELECTED ATOMS:
    XMIN =  -24.234327 XMAX =   -8.188863 XAVE =  -14.791233
    YMIN =   18.076214 YMAX =   31.617111 YAVE =   24.851144
    ZMIN =   10.903387 ZMAX =   31.152994 ZAVE =   21.763448
    WMIN =    0.000000 WMAX =    0.000000 WAVE =    0.000000
  
 CHARMM>     
  
 CHARMM>    coor trans xdir -?XAVE sele all end
 RDCMND substituted energy or value "?XAVE" to "-14.7912326"
 SELRPN>  28820 atoms have been selected out of  28820
 TRANSLATION VECTOR    14.791233    0.000000    0.000000
 SELECTED COORDINATES TRANSLATED IN THE MAIN SET.

  
 CHARMM>    coor trans ydir -?YAVE sele all end
 RDCMND substituted energy or value "?YAVE" to "24.8511438"
 SELRPN>  28820 atoms have been selected out of  28820
 TRANSLATION VECTOR     0.000000  -24.851144    0.000000
 SELECTED COORDINATES TRANSLATED IN THE MAIN SET.

  
 CHARMM>    coor trans zdir -?ZAVE sele all end
 RDCMND substituted energy or value "?ZAVE" to "21.7634477"
 SELRPN>  28820 atoms have been selected out of  28820
 TRANSLATION VECTOR     0.000000    0.000000  -21.763448
 SELECTED COORDINATES TRANSLATED IN THE MAIN SET.

  
 CHARMM>     
  
 CHARMM>    traj write
  
 CHARMM>    incr i by 1
 Parameter: I <- "89"
  
 CHARMM>    if i le @ts goto lpf
 Parameter: TS -> "200"
 Comparing "89" and "200".
 IF test evaluated as true.  Performing command
  
 CHARMM>    traj read
  
 CHARMM>    coor stat sele segid MEMB .and. resid @resid end
 Parameter: RESID -> "100"
 SELRPN>    138 atoms have been selected out of  28820
 STATISTICS FOR       138 SELECTED ATOMS:
    XMIN =  -23.986107 XMAX =   -7.943449 XAVE =  -14.791233
    YMIN =   17.026608 YMAX =   31.311058 YAVE =   24.851144
    ZMIN =   10.406898 ZMAX =   31.389669 ZAVE =   21.763449
    WMIN =    0.000000 WMAX =    0.000000 WAVE =    0.000000
  
 CHARMM>     
  
 CHARMM>    coor trans xdir -?XAVE sele all end
 RDCMND substituted energy or value "?XAVE" to "-14.7912327"
 SELRPN>  28820 atoms have been selected out of  28820
 TRANSLATION VECTOR    14.791233    0.000000    0.000000
 SELECTED COORDINATES TRANSLATED IN THE MAIN SET.

  
 CHARMM>    coor trans ydir -?YAVE sele all end
 RDCMND substituted energy or value "?YAVE" to "24.8511445"
 SELRPN>  28820 atoms have been selected out of  28820
 TRANSLATION VECTOR     0.000000  -24.851145    0.000000
 SELECTED COORDINATES TRANSLATED IN THE MAIN SET.

  
 CHARMM>    coor trans zdir -?ZAVE sele all end
 RDCMND substituted energy or value "?ZAVE" to "21.7634486"
 SELRPN>  28820 atoms have been selected out of  28820
 TRANSLATION VECTOR     0.000000    0.000000  -21.763449
 SELECTED COORDINATES TRANSLATED IN THE MAIN SET.

  
 CHARMM>     
  
 CHARMM>    traj write
  
 CHARMM>    incr i by 1
 Parameter: I <- "90"
  
 CHARMM>    if i le @ts goto lpf
 Parameter: TS -> "200"
 Comparing "90" and "200".
 IF test evaluated as true.  Performing command
  
 CHARMM>    traj read
  
 CHARMM>    coor stat sele segid MEMB .and. resid @resid end
 Parameter: RESID -> "100"
 SELRPN>    138 atoms have been selected out of  28820
 STATISTICS FOR       138 SELECTED ATOMS:
    XMIN =  -25.378145 XMAX =   -7.626869 XAVE =  -14.791232
    YMIN =   18.271858 YMAX =   32.069859 YAVE =   24.851145
    ZMIN =   11.050175 ZMAX =   30.953806 ZAVE =   21.763449
    WMIN =    0.000000 WMAX =    0.000000 WAVE =    0.000000
  
 CHARMM>     
  
 CHARMM>    coor trans xdir -?XAVE sele all end
 RDCMND substituted energy or value "?XAVE" to "-14.7912324"
 SELRPN>  28820 atoms have been selected out of  28820
 TRANSLATION VECTOR    14.791232    0.000000    0.000000
 SELECTED COORDINATES TRANSLATED IN THE MAIN SET.

  
 CHARMM>    coor trans ydir -?YAVE sele all end
 RDCMND substituted energy or value "?YAVE" to "24.8511449"
 SELRPN>  28820 atoms have been selected out of  28820
 TRANSLATION VECTOR     0.000000  -24.851145    0.000000
 SELECTED COORDINATES TRANSLATED IN THE MAIN SET.

  
 CHARMM>    coor trans zdir -?ZAVE sele all end
 RDCMND substituted energy or value "?ZAVE" to "21.7634485"
 SELRPN>  28820 atoms have been selected out of  28820
 TRANSLATION VECTOR     0.000000    0.000000  -21.763448
 SELECTED COORDINATES TRANSLATED IN THE MAIN SET.

  
 CHARMM>     
  
 CHARMM>    traj write
  
 CHARMM>    incr i by 1
 Parameter: I <- "91"
  
 CHARMM>    if i le @ts goto lpf
 Parameter: TS -> "200"
 Comparing "91" and "200".
 IF test evaluated as true.  Performing command
  
 CHARMM>    traj read
  
 CHARMM>    coor stat sele segid MEMB .and. resid @resid end
 Parameter: RESID -> "100"
 SELRPN>    138 atoms have been selected out of  28820
 STATISTICS FOR       138 SELECTED ATOMS:
    XMIN =  -25.896053 XMAX =   -6.999104 XAVE =  -14.791233
    YMIN =   18.748465 YMAX =   31.645670 YAVE =   24.851144
    ZMIN =   11.446528 ZMAX =   31.041124 ZAVE =   21.763448
    WMIN =    0.000000 WMAX =    0.000000 WAVE =    0.000000
  
 CHARMM>     
  
 CHARMM>    coor trans xdir -?XAVE sele all end
 RDCMND substituted energy or value "?XAVE" to "-14.7912328"
 SELRPN>  28820 atoms have been selected out of  28820
 TRANSLATION VECTOR    14.791233    0.000000    0.000000
 SELECTED COORDINATES TRANSLATED IN THE MAIN SET.

  
 CHARMM>    coor trans ydir -?YAVE sele all end
 RDCMND substituted energy or value "?YAVE" to "24.8511443"
 SELRPN>  28820 atoms have been selected out of  28820
 TRANSLATION VECTOR     0.000000  -24.851144    0.000000
 SELECTED COORDINATES TRANSLATED IN THE MAIN SET.

  
 CHARMM>    coor trans zdir -?ZAVE sele all end
 RDCMND substituted energy or value "?ZAVE" to "21.7634477"
 SELRPN>  28820 atoms have been selected out of  28820
 TRANSLATION VECTOR     0.000000    0.000000  -21.763448
 SELECTED COORDINATES TRANSLATED IN THE MAIN SET.

  
 CHARMM>     
  
 CHARMM>    traj write
  
 CHARMM>    incr i by 1
 Parameter: I <- "92"
  
 CHARMM>    if i le @ts goto lpf
 Parameter: TS -> "200"
 Comparing "92" and "200".
 IF test evaluated as true.  Performing command
  
 CHARMM>    traj read
  
 CHARMM>    coor stat sele segid MEMB .and. resid @resid end
 Parameter: RESID -> "100"
 SELRPN>    138 atoms have been selected out of  28820
 STATISTICS FOR       138 SELECTED ATOMS:
    XMIN =  -24.887756 XMAX =   -7.210763 XAVE =  -14.791233
    YMIN =   16.737221 YMAX =   31.513773 YAVE =   24.851145
    ZMIN =   11.016289 ZMAX =   30.616501 ZAVE =   21.763448
    WMIN =    0.000000 WMAX =    0.000000 WAVE =    0.000000
  
 CHARMM>     
  
 CHARMM>    coor trans xdir -?XAVE sele all end
 RDCMND substituted energy or value "?XAVE" to "-14.791233"
 SELRPN>  28820 atoms have been selected out of  28820
 TRANSLATION VECTOR    14.791233    0.000000    0.000000
 SELECTED COORDINATES TRANSLATED IN THE MAIN SET.

  
 CHARMM>    coor trans ydir -?YAVE sele all end
 RDCMND substituted energy or value "?YAVE" to "24.8511449"
 SELRPN>  28820 atoms have been selected out of  28820
 TRANSLATION VECTOR     0.000000  -24.851145    0.000000
 SELECTED COORDINATES TRANSLATED IN THE MAIN SET.

  
 CHARMM>    coor trans zdir -?ZAVE sele all end
 RDCMND substituted energy or value "?ZAVE" to "21.7634479"
 SELRPN>  28820 atoms have been selected out of  28820
 TRANSLATION VECTOR     0.000000    0.000000  -21.763448
 SELECTED COORDINATES TRANSLATED IN THE MAIN SET.

  
 CHARMM>     
  
 CHARMM>    traj write
  
 CHARMM>    incr i by 1
 Parameter: I <- "93"
  
 CHARMM>    if i le @ts goto lpf
 Parameter: TS -> "200"
 Comparing "93" and "200".
 IF test evaluated as true.  Performing command
  
 CHARMM>    traj read
  
 CHARMM>    coor stat sele segid MEMB .and. resid @resid end
 Parameter: RESID -> "100"
 SELRPN>    138 atoms have been selected out of  28820
 STATISTICS FOR       138 SELECTED ATOMS:
    XMIN =  -25.089888 XMAX =   -7.553462 XAVE =  -14.791233
    YMIN =   16.936754 YMAX =   31.889557 YAVE =   24.851145
    ZMIN =   11.400843 ZMAX =   30.503296 ZAVE =   21.763448
    WMIN =    0.000000 WMAX =    0.000000 WAVE =    0.000000
  
 CHARMM>     
  
 CHARMM>    coor trans xdir -?XAVE sele all end
 RDCMND substituted energy or value "?XAVE" to "-14.7912327"
 SELRPN>  28820 atoms have been selected out of  28820
 TRANSLATION VECTOR    14.791233    0.000000    0.000000
 SELECTED COORDINATES TRANSLATED IN THE MAIN SET.

  
 CHARMM>    coor trans ydir -?YAVE sele all end
 RDCMND substituted energy or value "?YAVE" to "24.8511449"
 SELRPN>  28820 atoms have been selected out of  28820
 TRANSLATION VECTOR     0.000000  -24.851145    0.000000
 SELECTED COORDINATES TRANSLATED IN THE MAIN SET.

  
 CHARMM>    coor trans zdir -?ZAVE sele all end
 RDCMND substituted energy or value "?ZAVE" to "21.7634479"
 SELRPN>  28820 atoms have been selected out of  28820
 TRANSLATION VECTOR     0.000000    0.000000  -21.763448
 SELECTED COORDINATES TRANSLATED IN THE MAIN SET.

  
 CHARMM>     
  
 CHARMM>    traj write
  
 CHARMM>    incr i by 1
 Parameter: I <- "94"
  
 CHARMM>    if i le @ts goto lpf
 Parameter: TS -> "200"
 Comparing "94" and "200".
 IF test evaluated as true.  Performing command
  
 CHARMM>    traj read
  
 CHARMM>    coor stat sele segid MEMB .and. resid @resid end
 Parameter: RESID -> "100"
 SELRPN>    138 atoms have been selected out of  28820
 STATISTICS FOR       138 SELECTED ATOMS:
    XMIN =  -25.279202 XMAX =   -7.455369 XAVE =  -14.791233
    YMIN =   16.774401 YMAX =   32.135166 YAVE =   24.851145
    ZMIN =   11.574489 ZMAX =   30.146637 ZAVE =   21.763448
    WMIN =    0.000000 WMAX =    0.000000 WAVE =    0.000000
  
 CHARMM>     
  
 CHARMM>    coor trans xdir -?XAVE sele all end
 RDCMND substituted energy or value "?XAVE" to "-14.7912326"
 SELRPN>  28820 atoms have been selected out of  28820
 TRANSLATION VECTOR    14.791233    0.000000    0.000000
 SELECTED COORDINATES TRANSLATED IN THE MAIN SET.

  
 CHARMM>    coor trans ydir -?YAVE sele all end
 RDCMND substituted energy or value "?YAVE" to "24.8511447"
 SELRPN>  28820 atoms have been selected out of  28820
 TRANSLATION VECTOR     0.000000  -24.851145    0.000000
 SELECTED COORDINATES TRANSLATED IN THE MAIN SET.

  
 CHARMM>    coor trans zdir -?ZAVE sele all end
 RDCMND substituted energy or value "?ZAVE" to "21.7634479"
 SELRPN>  28820 atoms have been selected out of  28820
 TRANSLATION VECTOR     0.000000    0.000000  -21.763448
 SELECTED COORDINATES TRANSLATED IN THE MAIN SET.

  
 CHARMM>     
  
 CHARMM>    traj write
  
 CHARMM>    incr i by 1
 Parameter: I <- "95"
  
 CHARMM>    if i le @ts goto lpf
 Parameter: TS -> "200"
 Comparing "95" and "200".
 IF test evaluated as true.  Performing command
  
 CHARMM>    traj read
  
 CHARMM>    coor stat sele segid MEMB .and. resid @resid end
 Parameter: RESID -> "100"
 SELRPN>    138 atoms have been selected out of  28820
 STATISTICS FOR       138 SELECTED ATOMS:
    XMIN =  -23.843683 XMAX =   -7.425888 XAVE =  -14.791233
    YMIN =   16.688942 YMAX =   31.375706 YAVE =   24.851145
    ZMIN =   11.026235 ZMAX =   30.769144 ZAVE =   21.763448
    WMIN =    0.000000 WMAX =    0.000000 WAVE =    0.000000
  
 CHARMM>     
  
 CHARMM>    coor trans xdir -?XAVE sele all end
 RDCMND substituted energy or value "?XAVE" to "-14.7912327"
 SELRPN>  28820 atoms have been selected out of  28820
 TRANSLATION VECTOR    14.791233    0.000000    0.000000
 SELECTED COORDINATES TRANSLATED IN THE MAIN SET.

  
 CHARMM>    coor trans ydir -?YAVE sele all end
 RDCMND substituted energy or value "?YAVE" to "24.8511446"
 SELRPN>  28820 atoms have been selected out of  28820
 TRANSLATION VECTOR     0.000000  -24.851145    0.000000
 SELECTED COORDINATES TRANSLATED IN THE MAIN SET.

  
 CHARMM>    coor trans zdir -?ZAVE sele all end
 RDCMND substituted energy or value "?ZAVE" to "21.7634484"
 SELRPN>  28820 atoms have been selected out of  28820
 TRANSLATION VECTOR     0.000000    0.000000  -21.763448
 SELECTED COORDINATES TRANSLATED IN THE MAIN SET.

  
 CHARMM>     
  
 CHARMM>    traj write
  
 CHARMM>    incr i by 1
 Parameter: I <- "96"
  
 CHARMM>    if i le @ts goto lpf
 Parameter: TS -> "200"
 Comparing "96" and "200".
 IF test evaluated as true.  Performing command
  
 CHARMM>    traj read
  
 CHARMM>    coor stat sele segid MEMB .and. resid @resid end
 Parameter: RESID -> "100"
 SELRPN>    138 atoms have been selected out of  28820
 STATISTICS FOR       138 SELECTED ATOMS:
    XMIN =  -24.243425 XMAX =   -7.558603 XAVE =  -14.791233
    YMIN =   18.307470 YMAX =   31.472612 YAVE =   24.851143
    ZMIN =   11.286011 ZMAX =   31.539734 ZAVE =   21.763448
    WMIN =    0.000000 WMAX =    0.000000 WAVE =    0.000000
  
 CHARMM>     
  
 CHARMM>    coor trans xdir -?XAVE sele all end
 RDCMND substituted energy or value "?XAVE" to "-14.7912328"
 SELRPN>  28820 atoms have been selected out of  28820
 TRANSLATION VECTOR    14.791233    0.000000    0.000000
 SELECTED COORDINATES TRANSLATED IN THE MAIN SET.

  
 CHARMM>    coor trans ydir -?YAVE sele all end
 RDCMND substituted energy or value "?YAVE" to "24.8511434"
 SELRPN>  28820 atoms have been selected out of  28820
 TRANSLATION VECTOR     0.000000  -24.851143    0.000000
 SELECTED COORDINATES TRANSLATED IN THE MAIN SET.

  
 CHARMM>    coor trans zdir -?ZAVE sele all end
 RDCMND substituted energy or value "?ZAVE" to "21.7634485"
 SELRPN>  28820 atoms have been selected out of  28820
 TRANSLATION VECTOR     0.000000    0.000000  -21.763448
 SELECTED COORDINATES TRANSLATED IN THE MAIN SET.

  
 CHARMM>     
  
 CHARMM>    traj write
  
 CHARMM>    incr i by 1
 Parameter: I <- "97"
  
 CHARMM>    if i le @ts goto lpf
 Parameter: TS -> "200"
 Comparing "97" and "200".
 IF test evaluated as true.  Performing command
  
 CHARMM>    traj read
  
 CHARMM>    coor stat sele segid MEMB .and. resid @resid end
 Parameter: RESID -> "100"
 SELRPN>    138 atoms have been selected out of  28820
 STATISTICS FOR       138 SELECTED ATOMS:
    XMIN =  -23.693165 XMAX =   -7.927153 XAVE =  -14.791233
    YMIN =   17.429228 YMAX =   31.985106 YAVE =   24.851144
    ZMIN =   11.401425 ZMAX =   32.142570 ZAVE =   21.763448
    WMIN =    0.000000 WMAX =    0.000000 WAVE =    0.000000
  
 CHARMM>     
  
 CHARMM>    coor trans xdir -?XAVE sele all end
 RDCMND substituted energy or value "?XAVE" to "-14.7912329"
 SELRPN>  28820 atoms have been selected out of  28820
 TRANSLATION VECTOR    14.791233    0.000000    0.000000
 SELECTED COORDINATES TRANSLATED IN THE MAIN SET.

  
 CHARMM>    coor trans ydir -?YAVE sele all end
 RDCMND substituted energy or value "?YAVE" to "24.8511445"
 SELRPN>  28820 atoms have been selected out of  28820
 TRANSLATION VECTOR     0.000000  -24.851145    0.000000
 SELECTED COORDINATES TRANSLATED IN THE MAIN SET.

  
 CHARMM>    coor trans zdir -?ZAVE sele all end
 RDCMND substituted energy or value "?ZAVE" to "21.7634485"
 SELRPN>  28820 atoms have been selected out of  28820
 TRANSLATION VECTOR     0.000000    0.000000  -21.763448
 SELECTED COORDINATES TRANSLATED IN THE MAIN SET.

  
 CHARMM>     
  
 CHARMM>    traj write
  
 CHARMM>    incr i by 1
 Parameter: I <- "98"
  
 CHARMM>    if i le @ts goto lpf
 Parameter: TS -> "200"
 Comparing "98" and "200".
 IF test evaluated as true.  Performing command
  
 CHARMM>    traj read
  
 CHARMM>    coor stat sele segid MEMB .and. resid @resid end
 Parameter: RESID -> "100"
 SELRPN>    138 atoms have been selected out of  28820
 STATISTICS FOR       138 SELECTED ATOMS:
    XMIN =  -22.827711 XMAX =   -7.935878 XAVE =  -14.791233
    YMIN =   16.683853 YMAX =   32.109673 YAVE =   24.851144
    ZMIN =   11.415742 ZMAX =   33.121601 ZAVE =   21.763448
    WMIN =    0.000000 WMAX =    0.000000 WAVE =    0.000000
  
 CHARMM>     
  
 CHARMM>    coor trans xdir -?XAVE sele all end
 RDCMND substituted energy or value "?XAVE" to "-14.7912327"
 SELRPN>  28820 atoms have been selected out of  28820
 TRANSLATION VECTOR    14.791233    0.000000    0.000000
 SELECTED COORDINATES TRANSLATED IN THE MAIN SET.

  
 CHARMM>    coor trans ydir -?YAVE sele all end
 RDCMND substituted energy or value "?YAVE" to "24.8511436"
 SELRPN>  28820 atoms have been selected out of  28820
 TRANSLATION VECTOR     0.000000  -24.851144    0.000000
 SELECTED COORDINATES TRANSLATED IN THE MAIN SET.

  
 CHARMM>    coor trans zdir -?ZAVE sele all end
 RDCMND substituted energy or value "?ZAVE" to "21.7634478"
 SELRPN>  28820 atoms have been selected out of  28820
 TRANSLATION VECTOR     0.000000    0.000000  -21.763448
 SELECTED COORDINATES TRANSLATED IN THE MAIN SET.

  
 CHARMM>     
  
 CHARMM>    traj write
  
 CHARMM>    incr i by 1
 Parameter: I <- "99"
  
 CHARMM>    if i le @ts goto lpf
 Parameter: TS -> "200"
 Comparing "99" and "200".
 IF test evaluated as true.  Performing command
  
 CHARMM>    traj read
  
 CHARMM>    coor stat sele segid MEMB .and. resid @resid end
 Parameter: RESID -> "100"
 SELRPN>    138 atoms have been selected out of  28820
 STATISTICS FOR       138 SELECTED ATOMS:
    XMIN =  -22.987892 XMAX =   -7.697047 XAVE =  -14.791233
    YMIN =   17.367037 YMAX =   31.883221 YAVE =   24.851144
    ZMIN =   11.169637 ZMAX =   33.439617 ZAVE =   21.763448
    WMIN =    0.000000 WMAX =    0.000000 WAVE =    0.000000
  
 CHARMM>     
  
 CHARMM>    coor trans xdir -?XAVE sele all end
 RDCMND substituted energy or value "?XAVE" to "-14.7912327"
 SELRPN>  28820 atoms have been selected out of  28820
 TRANSLATION VECTOR    14.791233    0.000000    0.000000
 SELECTED COORDINATES TRANSLATED IN THE MAIN SET.

  
 CHARMM>    coor trans ydir -?YAVE sele all end
 RDCMND substituted energy or value "?YAVE" to "24.8511438"
 SELRPN>  28820 atoms have been selected out of  28820
 TRANSLATION VECTOR     0.000000  -24.851144    0.000000
 SELECTED COORDINATES TRANSLATED IN THE MAIN SET.

  
 CHARMM>    coor trans zdir -?ZAVE sele all end
 RDCMND substituted energy or value "?ZAVE" to "21.7634484"
 SELRPN>  28820 atoms have been selected out of  28820
 TRANSLATION VECTOR     0.000000    0.000000  -21.763448
 SELECTED COORDINATES TRANSLATED IN THE MAIN SET.

  
 CHARMM>     
  
 CHARMM>    traj write
  
 CHARMM>    incr i by 1
 Parameter: I <- "100"
  
 CHARMM>    if i le @ts goto lpf
 Parameter: TS -> "200"
 Comparing "100" and "200".
 IF test evaluated as true.  Performing command
  
 CHARMM>    traj read
  
 CHARMM>    coor stat sele segid MEMB .and. resid @resid end
 Parameter: RESID -> "100"
 SELRPN>    138 atoms have been selected out of  28820
 STATISTICS FOR       138 SELECTED ATOMS:
    XMIN =  -23.230280 XMAX =   -8.389876 XAVE =  -14.791233
    YMIN =   17.712847 YMAX =   32.272812 YAVE =   24.851145
    ZMIN =   10.166777 ZMAX =   33.044891 ZAVE =   21.763448
    WMIN =    0.000000 WMAX =    0.000000 WAVE =    0.000000
  
 CHARMM>     
  
 CHARMM>    coor trans xdir -?XAVE sele all end
 RDCMND substituted energy or value "?XAVE" to "-14.791233"
 SELRPN>  28820 atoms have been selected out of  28820
 TRANSLATION VECTOR    14.791233    0.000000    0.000000
 SELECTED COORDINATES TRANSLATED IN THE MAIN SET.

  
 CHARMM>    coor trans ydir -?YAVE sele all end
 RDCMND substituted energy or value "?YAVE" to "24.8511448"
 SELRPN>  28820 atoms have been selected out of  28820
 TRANSLATION VECTOR     0.000000  -24.851145    0.000000
 SELECTED COORDINATES TRANSLATED IN THE MAIN SET.

  
 CHARMM>    coor trans zdir -?ZAVE sele all end
 RDCMND substituted energy or value "?ZAVE" to "21.7634485"
 SELRPN>  28820 atoms have been selected out of  28820
 TRANSLATION VECTOR     0.000000    0.000000  -21.763448
 SELECTED COORDINATES TRANSLATED IN THE MAIN SET.

  
 CHARMM>     
  
 CHARMM>    traj write
  
 CHARMM>    incr i by 1
 Parameter: I <- "101"
  
 CHARMM>    if i le @ts goto lpf
 Parameter: TS -> "200"
 Comparing "101" and "200".
 IF test evaluated as true.  Performing command
  
 CHARMM>    traj read
  
 CHARMM>    coor stat sele segid MEMB .and. resid @resid end
 Parameter: RESID -> "100"
 SELRPN>    138 atoms have been selected out of  28820
 STATISTICS FOR       138 SELECTED ATOMS:
    XMIN =  -24.368406 XMAX =   -7.611772 XAVE =  -14.791232
    YMIN =   18.830315 YMAX =   32.453163 YAVE =   24.851144
    ZMIN =   11.483784 ZMAX =   32.496727 ZAVE =   21.763448
    WMIN =    0.000000 WMAX =    0.000000 WAVE =    0.000000
  
 CHARMM>     
  
 CHARMM>    coor trans xdir -?XAVE sele all end
 RDCMND substituted energy or value "?XAVE" to "-14.7912325"
 SELRPN>  28820 atoms have been selected out of  28820
 TRANSLATION VECTOR    14.791232    0.000000    0.000000
 SELECTED COORDINATES TRANSLATED IN THE MAIN SET.

  
 CHARMM>    coor trans ydir -?YAVE sele all end
 RDCMND substituted energy or value "?YAVE" to "24.8511443"
 SELRPN>  28820 atoms have been selected out of  28820
 TRANSLATION VECTOR     0.000000  -24.851144    0.000000
 SELECTED COORDINATES TRANSLATED IN THE MAIN SET.

  
 CHARMM>    coor trans zdir -?ZAVE sele all end
 RDCMND substituted energy or value "?ZAVE" to "21.7634479"
 SELRPN>  28820 atoms have been selected out of  28820
 TRANSLATION VECTOR     0.000000    0.000000  -21.763448
 SELECTED COORDINATES TRANSLATED IN THE MAIN SET.

  
 CHARMM>     
  
 CHARMM>    traj write
  
 CHARMM>    incr i by 1
 Parameter: I <- "102"
  
 CHARMM>    if i le @ts goto lpf
 Parameter: TS -> "200"
 Comparing "102" and "200".
 IF test evaluated as true.  Performing command
  
 CHARMM>    traj read
  
 CHARMM>    coor stat sele segid MEMB .and. resid @resid end
 Parameter: RESID -> "100"
 SELRPN>    138 atoms have been selected out of  28820
 STATISTICS FOR       138 SELECTED ATOMS:
    XMIN =  -23.737524 XMAX =   -8.839940 XAVE =  -14.791233
    YMIN =   19.016018 YMAX =   31.637581 YAVE =   24.851144
    ZMIN =   10.403879 ZMAX =   32.652382 ZAVE =   21.763448
    WMIN =    0.000000 WMAX =    0.000000 WAVE =    0.000000
  
 CHARMM>     
  
 CHARMM>    coor trans xdir -?XAVE sele all end
 RDCMND substituted energy or value "?XAVE" to "-14.7912329"
 SELRPN>  28820 atoms have been selected out of  28820
 TRANSLATION VECTOR    14.791233    0.000000    0.000000
 SELECTED COORDINATES TRANSLATED IN THE MAIN SET.

  
 CHARMM>    coor trans ydir -?YAVE sele all end
 RDCMND substituted energy or value "?YAVE" to "24.8511441"
 SELRPN>  28820 atoms have been selected out of  28820
 TRANSLATION VECTOR     0.000000  -24.851144    0.000000
 SELECTED COORDINATES TRANSLATED IN THE MAIN SET.

  
 CHARMM>    coor trans zdir -?ZAVE sele all end
 RDCMND substituted energy or value "?ZAVE" to "21.7634482"
 SELRPN>  28820 atoms have been selected out of  28820
 TRANSLATION VECTOR     0.000000    0.000000  -21.763448
 SELECTED COORDINATES TRANSLATED IN THE MAIN SET.

  
 CHARMM>     
  
 CHARMM>    traj write
  
 CHARMM>    incr i by 1
 Parameter: I <- "103"
  
 CHARMM>    if i le @ts goto lpf
 Parameter: TS -> "200"
 Comparing "103" and "200".
 IF test evaluated as true.  Performing command
  
 CHARMM>    traj read
  
 CHARMM>    coor stat sele segid MEMB .and. resid @resid end
 Parameter: RESID -> "100"
 SELRPN>    138 atoms have been selected out of  28820
 STATISTICS FOR       138 SELECTED ATOMS:
    XMIN =  -23.811342 XMAX =   -8.365625 XAVE =  -14.791233
    YMIN =   17.498978 YMAX =   32.131546 YAVE =   24.851145
    ZMIN =   10.491831 ZMAX =   33.703396 ZAVE =   21.763448
    WMIN =    0.000000 WMAX =    0.000000 WAVE =    0.000000
  
 CHARMM>     
  
 CHARMM>    coor trans xdir -?XAVE sele all end
 RDCMND substituted energy or value "?XAVE" to "-14.7912329"
 SELRPN>  28820 atoms have been selected out of  28820
 TRANSLATION VECTOR    14.791233    0.000000    0.000000
 SELECTED COORDINATES TRANSLATED IN THE MAIN SET.

  
 CHARMM>    coor trans ydir -?YAVE sele all end
 RDCMND substituted energy or value "?YAVE" to "24.8511445"
 SELRPN>  28820 atoms have been selected out of  28820
 TRANSLATION VECTOR     0.000000  -24.851145    0.000000
 SELECTED COORDINATES TRANSLATED IN THE MAIN SET.

  
 CHARMM>    coor trans zdir -?ZAVE sele all end
 RDCMND substituted energy or value "?ZAVE" to "21.7634479"
 SELRPN>  28820 atoms have been selected out of  28820
 TRANSLATION VECTOR     0.000000    0.000000  -21.763448
 SELECTED COORDINATES TRANSLATED IN THE MAIN SET.

  
 CHARMM>     
  
 CHARMM>    traj write
  
 CHARMM>    incr i by 1
 Parameter: I <- "104"
  
 CHARMM>    if i le @ts goto lpf
 Parameter: TS -> "200"
 Comparing "104" and "200".
 IF test evaluated as true.  Performing command
  
 CHARMM>    traj read
  
 CHARMM>    coor stat sele segid MEMB .and. resid @resid end
 Parameter: RESID -> "100"
 SELRPN>    138 atoms have been selected out of  28820
 STATISTICS FOR       138 SELECTED ATOMS:
    XMIN =  -23.141663 XMAX =   -8.618937 XAVE =  -14.791233
    YMIN =   18.001287 YMAX =   31.539499 YAVE =   24.851145
    ZMIN =   10.158550 ZMAX =   34.163010 ZAVE =   21.763448
    WMIN =    0.000000 WMAX =    0.000000 WAVE =    0.000000
  
 CHARMM>     
  
 CHARMM>    coor trans xdir -?XAVE sele all end
 RDCMND substituted energy or value "?XAVE" to "-14.7912329"
 SELRPN>  28820 atoms have been selected out of  28820
 TRANSLATION VECTOR    14.791233    0.000000    0.000000
 SELECTED COORDINATES TRANSLATED IN THE MAIN SET.

  
 CHARMM>    coor trans ydir -?YAVE sele all end
 RDCMND substituted energy or value "?YAVE" to "24.851145"
 SELRPN>  28820 atoms have been selected out of  28820
 TRANSLATION VECTOR     0.000000  -24.851145    0.000000
 SELECTED COORDINATES TRANSLATED IN THE MAIN SET.

  
 CHARMM>    coor trans zdir -?ZAVE sele all end
 RDCMND substituted energy or value "?ZAVE" to "21.7634481"
 SELRPN>  28820 atoms have been selected out of  28820
 TRANSLATION VECTOR     0.000000    0.000000  -21.763448
 SELECTED COORDINATES TRANSLATED IN THE MAIN SET.

  
 CHARMM>     
  
 CHARMM>    traj write
  
 CHARMM>    incr i by 1
 Parameter: I <- "105"
  
 CHARMM>    if i le @ts goto lpf
 Parameter: TS -> "200"
 Comparing "105" and "200".
 IF test evaluated as true.  Performing command
  
 CHARMM>    traj read
  
 CHARMM>    coor stat sele segid MEMB .and. resid @resid end
 Parameter: RESID -> "100"
 SELRPN>    138 atoms have been selected out of  28820
 STATISTICS FOR       138 SELECTED ATOMS:
    XMIN =  -23.640228 XMAX =   -8.788233 XAVE =  -14.791233
    YMIN =   18.451881 YMAX =   31.048187 YAVE =   24.851144
    ZMIN =    9.845244 ZMAX =   32.971790 ZAVE =   21.763448
    WMIN =    0.000000 WMAX =    0.000000 WAVE =    0.000000
  
 CHARMM>     
  
 CHARMM>    coor trans xdir -?XAVE sele all end
 RDCMND substituted energy or value "?XAVE" to "-14.7912327"
 SELRPN>  28820 atoms have been selected out of  28820
 TRANSLATION VECTOR    14.791233    0.000000    0.000000
 SELECTED COORDINATES TRANSLATED IN THE MAIN SET.

  
 CHARMM>    coor trans ydir -?YAVE sele all end
 RDCMND substituted energy or value "?YAVE" to "24.8511437"
 SELRPN>  28820 atoms have been selected out of  28820
 TRANSLATION VECTOR     0.000000  -24.851144    0.000000
 SELECTED COORDINATES TRANSLATED IN THE MAIN SET.

  
 CHARMM>    coor trans zdir -?ZAVE sele all end
 RDCMND substituted energy or value "?ZAVE" to "21.7634478"
 SELRPN>  28820 atoms have been selected out of  28820
 TRANSLATION VECTOR     0.000000    0.000000  -21.763448
 SELECTED COORDINATES TRANSLATED IN THE MAIN SET.

  
 CHARMM>     
  
 CHARMM>    traj write
  
 CHARMM>    incr i by 1
 Parameter: I <- "106"
  
 CHARMM>    if i le @ts goto lpf
 Parameter: TS -> "200"
 Comparing "106" and "200".
 IF test evaluated as true.  Performing command
  
 CHARMM>    traj read
  
 CHARMM>    coor stat sele segid MEMB .and. resid @resid end
 Parameter: RESID -> "100"
 SELRPN>    138 atoms have been selected out of  28820
 STATISTICS FOR       138 SELECTED ATOMS:
    XMIN =  -22.666874 XMAX =   -7.905044 XAVE =  -14.791232
    YMIN =   18.731722 YMAX =   31.443922 YAVE =   24.851145
    ZMIN =    9.948433 ZMAX =   32.775818 ZAVE =   21.763448
    WMIN =    0.000000 WMAX =    0.000000 WAVE =    0.000000
  
 CHARMM>     
  
 CHARMM>    coor trans xdir -?XAVE sele all end
 RDCMND substituted energy or value "?XAVE" to "-14.7912324"
 SELRPN>  28820 atoms have been selected out of  28820
 TRANSLATION VECTOR    14.791232    0.000000    0.000000
 SELECTED COORDINATES TRANSLATED IN THE MAIN SET.

  
 CHARMM>    coor trans ydir -?YAVE sele all end
 RDCMND substituted energy or value "?YAVE" to "24.8511451"
 SELRPN>  28820 atoms have been selected out of  28820
 TRANSLATION VECTOR     0.000000  -24.851145    0.000000
 SELECTED COORDINATES TRANSLATED IN THE MAIN SET.

  
 CHARMM>    coor trans zdir -?ZAVE sele all end
 RDCMND substituted energy or value "?ZAVE" to "21.7634478"
 SELRPN>  28820 atoms have been selected out of  28820
 TRANSLATION VECTOR     0.000000    0.000000  -21.763448
 SELECTED COORDINATES TRANSLATED IN THE MAIN SET.

  
 CHARMM>     
  
 CHARMM>    traj write
  
 CHARMM>    incr i by 1
 Parameter: I <- "107"
  
 CHARMM>    if i le @ts goto lpf
 Parameter: TS -> "200"
 Comparing "107" and "200".
 IF test evaluated as true.  Performing command
  
 CHARMM>    traj read
  
 CHARMM>    coor stat sele segid MEMB .and. resid @resid end
 Parameter: RESID -> "100"
 SELRPN>    138 atoms have been selected out of  28820
 STATISTICS FOR       138 SELECTED ATOMS:
    XMIN =  -23.060472 XMAX =   -7.730984 XAVE =  -14.791233
    YMIN =   19.392895 YMAX =   31.455576 YAVE =   24.851144
    ZMIN =   10.003201 ZMAX =   32.821445 ZAVE =   21.763448
    WMIN =    0.000000 WMAX =    0.000000 WAVE =    0.000000
  
 CHARMM>     
  
 CHARMM>    coor trans xdir -?XAVE sele all end
 RDCMND substituted energy or value "?XAVE" to "-14.7912327"
 SELRPN>  28820 atoms have been selected out of  28820
 TRANSLATION VECTOR    14.791233    0.000000    0.000000
 SELECTED COORDINATES TRANSLATED IN THE MAIN SET.

  
 CHARMM>    coor trans ydir -?YAVE sele all end
 RDCMND substituted energy or value "?YAVE" to "24.8511439"
 SELRPN>  28820 atoms have been selected out of  28820
 TRANSLATION VECTOR     0.000000  -24.851144    0.000000
 SELECTED COORDINATES TRANSLATED IN THE MAIN SET.

  
 CHARMM>    coor trans zdir -?ZAVE sele all end
 RDCMND substituted energy or value "?ZAVE" to "21.7634485"
 SELRPN>  28820 atoms have been selected out of  28820
 TRANSLATION VECTOR     0.000000    0.000000  -21.763448
 SELECTED COORDINATES TRANSLATED IN THE MAIN SET.

  
 CHARMM>     
  
 CHARMM>    traj write
  
 CHARMM>    incr i by 1
 Parameter: I <- "108"
  
 CHARMM>    if i le @ts goto lpf
 Parameter: TS -> "200"
 Comparing "108" and "200".
 IF test evaluated as true.  Performing command
  
 CHARMM>    traj read
  
 CHARMM>    coor stat sele segid MEMB .and. resid @resid end
 Parameter: RESID -> "100"
 SELRPN>    138 atoms have been selected out of  28820
 STATISTICS FOR       138 SELECTED ATOMS:
    XMIN =  -25.439735 XMAX =   -8.079124 XAVE =  -14.791233
    YMIN =   19.585747 YMAX =   31.903175 YAVE =   24.851145
    ZMIN =   10.151738 ZMAX =   31.992481 ZAVE =   21.763448
    WMIN =    0.000000 WMAX =    0.000000 WAVE =    0.000000
  
 CHARMM>     
  
 CHARMM>    coor trans xdir -?XAVE sele all end
 RDCMND substituted energy or value "?XAVE" to "-14.7912331"
 SELRPN>  28820 atoms have been selected out of  28820
 TRANSLATION VECTOR    14.791233    0.000000    0.000000
 SELECTED COORDINATES TRANSLATED IN THE MAIN SET.

  
 CHARMM>    coor trans ydir -?YAVE sele all end
 RDCMND substituted energy or value "?YAVE" to "24.8511449"
 SELRPN>  28820 atoms have been selected out of  28820
 TRANSLATION VECTOR     0.000000  -24.851145    0.000000
 SELECTED COORDINATES TRANSLATED IN THE MAIN SET.

  
 CHARMM>    coor trans zdir -?ZAVE sele all end
 RDCMND substituted energy or value "?ZAVE" to "21.7634484"
 SELRPN>  28820 atoms have been selected out of  28820
 TRANSLATION VECTOR     0.000000    0.000000  -21.763448
 SELECTED COORDINATES TRANSLATED IN THE MAIN SET.

  
 CHARMM>     
  
 CHARMM>    traj write
  
 CHARMM>    incr i by 1
 Parameter: I <- "109"
  
 CHARMM>    if i le @ts goto lpf
 Parameter: TS -> "200"
 Comparing "109" and "200".
 IF test evaluated as true.  Performing command
  
 CHARMM>    traj read
  
 CHARMM>    coor stat sele segid MEMB .and. resid @resid end
 Parameter: RESID -> "100"
 SELRPN>    138 atoms have been selected out of  28820
 STATISTICS FOR       138 SELECTED ATOMS:
    XMIN =  -24.463295 XMAX =   -9.013726 XAVE =  -14.791233
    YMIN =   18.685062 YMAX =   32.941860 YAVE =   24.851144
    ZMIN =   10.061300 ZMAX =   32.049137 ZAVE =   21.763448
    WMIN =    0.000000 WMAX =    0.000000 WAVE =    0.000000
  
 CHARMM>     
  
 CHARMM>    coor trans xdir -?XAVE sele all end
 RDCMND substituted energy or value "?XAVE" to "-14.7912328"
 SELRPN>  28820 atoms have been selected out of  28820
 TRANSLATION VECTOR    14.791233    0.000000    0.000000
 SELECTED COORDINATES TRANSLATED IN THE MAIN SET.

  
 CHARMM>    coor trans ydir -?YAVE sele all end
 RDCMND substituted energy or value "?YAVE" to "24.8511436"
 SELRPN>  28820 atoms have been selected out of  28820
 TRANSLATION VECTOR     0.000000  -24.851144    0.000000
 SELECTED COORDINATES TRANSLATED IN THE MAIN SET.

  
 CHARMM>    coor trans zdir -?ZAVE sele all end
 RDCMND substituted energy or value "?ZAVE" to "21.7634485"
 SELRPN>  28820 atoms have been selected out of  28820
 TRANSLATION VECTOR     0.000000    0.000000  -21.763448
 SELECTED COORDINATES TRANSLATED IN THE MAIN SET.

  
 CHARMM>     
  
 CHARMM>    traj write
  
 CHARMM>    incr i by 1
 Parameter: I <- "110"
  
 CHARMM>    if i le @ts goto lpf
 Parameter: TS -> "200"
 Comparing "110" and "200".
 IF test evaluated as true.  Performing command
  
 CHARMM>    traj read
  
 CHARMM>    coor stat sele segid MEMB .and. resid @resid end
 Parameter: RESID -> "100"
 SELRPN>    138 atoms have been selected out of  28820
 STATISTICS FOR       138 SELECTED ATOMS:
    XMIN =  -24.026924 XMAX =   -7.800907 XAVE =  -14.791233
    YMIN =   17.912701 YMAX =   31.979362 YAVE =   24.851143
    ZMIN =   10.249388 ZMAX =   32.461113 ZAVE =   21.763448
    WMIN =    0.000000 WMAX =    0.000000 WAVE =    0.000000
  
 CHARMM>     
  
 CHARMM>    coor trans xdir -?XAVE sele all end
 RDCMND substituted energy or value "?XAVE" to "-14.7912329"
 SELRPN>  28820 atoms have been selected out of  28820
 TRANSLATION VECTOR    14.791233    0.000000    0.000000
 SELECTED COORDINATES TRANSLATED IN THE MAIN SET.

  
 CHARMM>    coor trans ydir -?YAVE sele all end
 RDCMND substituted energy or value "?YAVE" to "24.8511435"
 SELRPN>  28820 atoms have been selected out of  28820
 TRANSLATION VECTOR     0.000000  -24.851143    0.000000
 SELECTED COORDINATES TRANSLATED IN THE MAIN SET.

  
 CHARMM>    coor trans zdir -?ZAVE sele all end
 RDCMND substituted energy or value "?ZAVE" to "21.7634478"
 SELRPN>  28820 atoms have been selected out of  28820
 TRANSLATION VECTOR     0.000000    0.000000  -21.763448
 SELECTED COORDINATES TRANSLATED IN THE MAIN SET.

  
 CHARMM>     
  
 CHARMM>    traj write
  
 CHARMM>    incr i by 1
 Parameter: I <- "111"
  
 CHARMM>    if i le @ts goto lpf
 Parameter: TS -> "200"
 Comparing "111" and "200".
 IF test evaluated as true.  Performing command
  
 CHARMM>    traj read
  
 CHARMM>    coor stat sele segid MEMB .and. resid @resid end
 Parameter: RESID -> "100"
 SELRPN>    138 atoms have been selected out of  28820
 STATISTICS FOR       138 SELECTED ATOMS:
    XMIN =  -23.915258 XMAX =   -8.142185 XAVE =  -14.791233
    YMIN =   18.433254 YMAX =   31.645517 YAVE =   24.851144
    ZMIN =   10.672044 ZMAX =   31.854662 ZAVE =   21.763448
    WMIN =    0.000000 WMAX =    0.000000 WAVE =    0.000000
  
 CHARMM>     
  
 CHARMM>    coor trans xdir -?XAVE sele all end
 RDCMND substituted energy or value "?XAVE" to "-14.7912325"
 SELRPN>  28820 atoms have been selected out of  28820
 TRANSLATION VECTOR    14.791232    0.000000    0.000000
 SELECTED COORDINATES TRANSLATED IN THE MAIN SET.

  
 CHARMM>    coor trans ydir -?YAVE sele all end
 RDCMND substituted energy or value "?YAVE" to "24.8511436"
 SELRPN>  28820 atoms have been selected out of  28820
 TRANSLATION VECTOR     0.000000  -24.851144    0.000000
 SELECTED COORDINATES TRANSLATED IN THE MAIN SET.

  
 CHARMM>    coor trans zdir -?ZAVE sele all end
 RDCMND substituted energy or value "?ZAVE" to "21.7634478"
 SELRPN>  28820 atoms have been selected out of  28820
 TRANSLATION VECTOR     0.000000    0.000000  -21.763448
 SELECTED COORDINATES TRANSLATED IN THE MAIN SET.

  
 CHARMM>     
  
 CHARMM>    traj write
  
 CHARMM>    incr i by 1
 Parameter: I <- "112"
  
 CHARMM>    if i le @ts goto lpf
 Parameter: TS -> "200"
 Comparing "112" and "200".
 IF test evaluated as true.  Performing command
  
 CHARMM>    traj read
  
 CHARMM>    coor stat sele segid MEMB .and. resid @resid end
 Parameter: RESID -> "100"
 SELRPN>    138 atoms have been selected out of  28820
 STATISTICS FOR       138 SELECTED ATOMS:
    XMIN =  -24.773600 XMAX =   -7.665573 XAVE =  -14.791233
    YMIN =   17.827240 YMAX =   31.511824 YAVE =   24.851144
    ZMIN =   10.793339 ZMAX =   31.080875 ZAVE =   21.763448
    WMIN =    0.000000 WMAX =    0.000000 WAVE =    0.000000
  
 CHARMM>     
  
 CHARMM>    coor trans xdir -?XAVE sele all end
 RDCMND substituted energy or value "?XAVE" to "-14.7912329"
 SELRPN>  28820 atoms have been selected out of  28820
 TRANSLATION VECTOR    14.791233    0.000000    0.000000
 SELECTED COORDINATES TRANSLATED IN THE MAIN SET.

  
 CHARMM>    coor trans ydir -?YAVE sele all end
 RDCMND substituted energy or value "?YAVE" to "24.8511441"
 SELRPN>  28820 atoms have been selected out of  28820
 TRANSLATION VECTOR     0.000000  -24.851144    0.000000
 SELECTED COORDINATES TRANSLATED IN THE MAIN SET.

  
 CHARMM>    coor trans zdir -?ZAVE sele all end
 RDCMND substituted energy or value "?ZAVE" to "21.7634479"
 SELRPN>  28820 atoms have been selected out of  28820
 TRANSLATION VECTOR     0.000000    0.000000  -21.763448
 SELECTED COORDINATES TRANSLATED IN THE MAIN SET.

  
 CHARMM>     
  
 CHARMM>    traj write
  
 CHARMM>    incr i by 1
 Parameter: I <- "113"
  
 CHARMM>    if i le @ts goto lpf
 Parameter: TS -> "200"
 Comparing "113" and "200".
 IF test evaluated as true.  Performing command
  
 CHARMM>    traj read
  
 CHARMM>    coor stat sele segid MEMB .and. resid @resid end
 Parameter: RESID -> "100"
 SELRPN>    138 atoms have been selected out of  28820
 STATISTICS FOR       138 SELECTED ATOMS:
    XMIN =  -24.689287 XMAX =   -7.973226 XAVE =  -14.791233
    YMIN =   18.179974 YMAX =   31.566767 YAVE =   24.851143
    ZMIN =   10.083094 ZMAX =   31.542622 ZAVE =   21.763449
    WMIN =    0.000000 WMAX =    0.000000 WAVE =    0.000000
  
 CHARMM>     
  
 CHARMM>    coor trans xdir -?XAVE sele all end
 RDCMND substituted energy or value "?XAVE" to "-14.7912327"
 SELRPN>  28820 atoms have been selected out of  28820
 TRANSLATION VECTOR    14.791233    0.000000    0.000000
 SELECTED COORDINATES TRANSLATED IN THE MAIN SET.

  
 CHARMM>    coor trans ydir -?YAVE sele all end
 RDCMND substituted energy or value "?YAVE" to "24.8511434"
 SELRPN>  28820 atoms have been selected out of  28820
 TRANSLATION VECTOR     0.000000  -24.851143    0.000000
 SELECTED COORDINATES TRANSLATED IN THE MAIN SET.

  
 CHARMM>    coor trans zdir -?ZAVE sele all end
 RDCMND substituted energy or value "?ZAVE" to "21.7634486"
 SELRPN>  28820 atoms have been selected out of  28820
 TRANSLATION VECTOR     0.000000    0.000000  -21.763449
 SELECTED COORDINATES TRANSLATED IN THE MAIN SET.

  
 CHARMM>     
  
 CHARMM>    traj write
  
 CHARMM>    incr i by 1
 Parameter: I <- "114"
  
 CHARMM>    if i le @ts goto lpf
 Parameter: TS -> "200"
 Comparing "114" and "200".
 IF test evaluated as true.  Performing command
  
 CHARMM>    traj read
  
 CHARMM>    coor stat sele segid MEMB .and. resid @resid end
 Parameter: RESID -> "100"
 SELRPN>    138 atoms have been selected out of  28820
 STATISTICS FOR       138 SELECTED ATOMS:
    XMIN =  -23.977362 XMAX =   -8.080919 XAVE =  -14.791233
    YMIN =   18.379801 YMAX =   31.463840 YAVE =   24.851144
    ZMIN =    9.831994 ZMAX =   31.758801 ZAVE =   21.763448
    WMIN =    0.000000 WMAX =    0.000000 WAVE =    0.000000
  
 CHARMM>     
  
 CHARMM>    coor trans xdir -?XAVE sele all end
 RDCMND substituted energy or value "?XAVE" to "-14.791233"
 SELRPN>  28820 atoms have been selected out of  28820
 TRANSLATION VECTOR    14.791233    0.000000    0.000000
 SELECTED COORDINATES TRANSLATED IN THE MAIN SET.

  
 CHARMM>    coor trans ydir -?YAVE sele all end
 RDCMND substituted energy or value "?YAVE" to "24.8511439"
 SELRPN>  28820 atoms have been selected out of  28820
 TRANSLATION VECTOR     0.000000  -24.851144    0.000000
 SELECTED COORDINATES TRANSLATED IN THE MAIN SET.

  
 CHARMM>    coor trans zdir -?ZAVE sele all end
 RDCMND substituted energy or value "?ZAVE" to "21.7634478"
 SELRPN>  28820 atoms have been selected out of  28820
 TRANSLATION VECTOR     0.000000    0.000000  -21.763448
 SELECTED COORDINATES TRANSLATED IN THE MAIN SET.

  
 CHARMM>     
  
 CHARMM>    traj write
  
 CHARMM>    incr i by 1
 Parameter: I <- "115"
  
 CHARMM>    if i le @ts goto lpf
 Parameter: TS -> "200"
 Comparing "115" and "200".
 IF test evaluated as true.  Performing command
  
 CHARMM>    traj read
  
 CHARMM>    coor stat sele segid MEMB .and. resid @resid end
 Parameter: RESID -> "100"
 SELRPN>    138 atoms have been selected out of  28820
 STATISTICS FOR       138 SELECTED ATOMS:
    XMIN =  -24.748543 XMAX =   -7.623412 XAVE =  -14.791233
    YMIN =   17.167843 YMAX =   32.081738 YAVE =   24.851145
    ZMIN =   10.883142 ZMAX =   31.054068 ZAVE =   21.763449
    WMIN =    0.000000 WMAX =    0.000000 WAVE =    0.000000
  
 CHARMM>     
  
 CHARMM>    coor trans xdir -?XAVE sele all end
 RDCMND substituted energy or value "?XAVE" to "-14.7912325"
 SELRPN>  28820 atoms have been selected out of  28820
 TRANSLATION VECTOR    14.791232    0.000000    0.000000
 SELECTED COORDINATES TRANSLATED IN THE MAIN SET.

  
 CHARMM>    coor trans ydir -?YAVE sele all end
 RDCMND substituted energy or value "?YAVE" to "24.8511446"
 SELRPN>  28820 atoms have been selected out of  28820
 TRANSLATION VECTOR     0.000000  -24.851145    0.000000
 SELECTED COORDINATES TRANSLATED IN THE MAIN SET.

  
 CHARMM>    coor trans zdir -?ZAVE sele all end
 RDCMND substituted energy or value "?ZAVE" to "21.7634485"
 SELRPN>  28820 atoms have been selected out of  28820
 TRANSLATION VECTOR     0.000000    0.000000  -21.763448
 SELECTED COORDINATES TRANSLATED IN THE MAIN SET.

  
 CHARMM>     
  
 CHARMM>    traj write
  
 CHARMM>    incr i by 1
 Parameter: I <- "116"
  
 CHARMM>    if i le @ts goto lpf
 Parameter: TS -> "200"
 Comparing "116" and "200".
 IF test evaluated as true.  Performing command
  
 CHARMM>    traj read
  
 CHARMM>    coor stat sele segid MEMB .and. resid @resid end
 Parameter: RESID -> "100"
 SELRPN>    138 atoms have been selected out of  28820
 STATISTICS FOR       138 SELECTED ATOMS:
    XMIN =  -24.602381 XMAX =   -8.124901 XAVE =  -14.791233
    YMIN =   17.491758 YMAX =   32.675217 YAVE =   24.851144
    ZMIN =   10.629307 ZMAX =   32.027794 ZAVE =   21.763449
    WMIN =    0.000000 WMAX =    0.000000 WAVE =    0.000000
  
 CHARMM>     
  
 CHARMM>    coor trans xdir -?XAVE sele all end
 RDCMND substituted energy or value "?XAVE" to "-14.7912326"
 SELRPN>  28820 atoms have been selected out of  28820
 TRANSLATION VECTOR    14.791233    0.000000    0.000000
 SELECTED COORDINATES TRANSLATED IN THE MAIN SET.

  
 CHARMM>    coor trans ydir -?YAVE sele all end
 RDCMND substituted energy or value "?YAVE" to "24.8511438"
 SELRPN>  28820 atoms have been selected out of  28820
 TRANSLATION VECTOR     0.000000  -24.851144    0.000000
 SELECTED COORDINATES TRANSLATED IN THE MAIN SET.

  
 CHARMM>    coor trans zdir -?ZAVE sele all end
 RDCMND substituted energy or value "?ZAVE" to "21.7634485"
 SELRPN>  28820 atoms have been selected out of  28820
 TRANSLATION VECTOR     0.000000    0.000000  -21.763448
 SELECTED COORDINATES TRANSLATED IN THE MAIN SET.

  
 CHARMM>     
  
 CHARMM>    traj write
  
 CHARMM>    incr i by 1
 Parameter: I <- "117"
  
 CHARMM>    if i le @ts goto lpf
 Parameter: TS -> "200"
 Comparing "117" and "200".
 IF test evaluated as true.  Performing command
  
 CHARMM>    traj read
  
 CHARMM>    coor stat sele segid MEMB .and. resid @resid end
 Parameter: RESID -> "100"
 SELRPN>    138 atoms have been selected out of  28820
 STATISTICS FOR       138 SELECTED ATOMS:
    XMIN =  -24.303120 XMAX =   -8.086671 XAVE =  -14.791233
    YMIN =   16.950277 YMAX =   32.707310 YAVE =   24.851145
    ZMIN =   10.711701 ZMAX =   31.027790 ZAVE =   21.763449
    WMIN =    0.000000 WMAX =    0.000000 WAVE =    0.000000
  
 CHARMM>     
  
 CHARMM>    coor trans xdir -?XAVE sele all end
 RDCMND substituted energy or value "?XAVE" to "-14.7912326"
 SELRPN>  28820 atoms have been selected out of  28820
 TRANSLATION VECTOR    14.791233    0.000000    0.000000
 SELECTED COORDINATES TRANSLATED IN THE MAIN SET.

  
 CHARMM>    coor trans ydir -?YAVE sele all end
 RDCMND substituted energy or value "?YAVE" to "24.8511447"
 SELRPN>  28820 atoms have been selected out of  28820
 TRANSLATION VECTOR     0.000000  -24.851145    0.000000
 SELECTED COORDINATES TRANSLATED IN THE MAIN SET.

  
 CHARMM>    coor trans zdir -?ZAVE sele all end
 RDCMND substituted energy or value "?ZAVE" to "21.7634485"
 SELRPN>  28820 atoms have been selected out of  28820
 TRANSLATION VECTOR     0.000000    0.000000  -21.763448
 SELECTED COORDINATES TRANSLATED IN THE MAIN SET.

  
 CHARMM>     
  
 CHARMM>    traj write
  
 CHARMM>    incr i by 1
 Parameter: I <- "118"
  
 CHARMM>    if i le @ts goto lpf
 Parameter: TS -> "200"
 Comparing "118" and "200".
 IF test evaluated as true.  Performing command
  
 CHARMM>    traj read
  
 CHARMM>    coor stat sele segid MEMB .and. resid @resid end
 Parameter: RESID -> "100"
 SELRPN>    138 atoms have been selected out of  28820
 STATISTICS FOR       138 SELECTED ATOMS:
    XMIN =  -25.312958 XMAX =   -7.251141 XAVE =  -14.791233
    YMIN =   17.306715 YMAX =   32.177887 YAVE =   24.851144
    ZMIN =   10.394886 ZMAX =   30.539738 ZAVE =   21.763448
    WMIN =    0.000000 WMAX =    0.000000 WAVE =    0.000000
  
 CHARMM>     
  
 CHARMM>    coor trans xdir -?XAVE sele all end
 RDCMND substituted energy or value "?XAVE" to "-14.7912326"
 SELRPN>  28820 atoms have been selected out of  28820
 TRANSLATION VECTOR    14.791233    0.000000    0.000000
 SELECTED COORDINATES TRANSLATED IN THE MAIN SET.

  
 CHARMM>    coor trans ydir -?YAVE sele all end
 RDCMND substituted energy or value "?YAVE" to "24.8511439"
 SELRPN>  28820 atoms have been selected out of  28820
 TRANSLATION VECTOR     0.000000  -24.851144    0.000000
 SELECTED COORDINATES TRANSLATED IN THE MAIN SET.

  
 CHARMM>    coor trans zdir -?ZAVE sele all end
 RDCMND substituted energy or value "?ZAVE" to "21.7634477"
 SELRPN>  28820 atoms have been selected out of  28820
 TRANSLATION VECTOR     0.000000    0.000000  -21.763448
 SELECTED COORDINATES TRANSLATED IN THE MAIN SET.

  
 CHARMM>     
  
 CHARMM>    traj write
  
 CHARMM>    incr i by 1
 Parameter: I <- "119"
  
 CHARMM>    if i le @ts goto lpf
 Parameter: TS -> "200"
 Comparing "119" and "200".
 IF test evaluated as true.  Performing command
  
 CHARMM>    traj read
  
 CHARMM>    coor stat sele segid MEMB .and. resid @resid end
 Parameter: RESID -> "100"
 SELRPN>    138 atoms have been selected out of  28820
 STATISTICS FOR       138 SELECTED ATOMS:
    XMIN =  -25.901443 XMAX =   -8.539228 XAVE =  -14.791233
    YMIN =   18.133839 YMAX =   32.063591 YAVE =   24.851145
    ZMIN =    9.793647 ZMAX =   31.299911 ZAVE =   21.763448
    WMIN =    0.000000 WMAX =    0.000000 WAVE =    0.000000
  
 CHARMM>     
  
 CHARMM>    coor trans xdir -?XAVE sele all end
 RDCMND substituted energy or value "?XAVE" to "-14.7912327"
 SELRPN>  28820 atoms have been selected out of  28820
 TRANSLATION VECTOR    14.791233    0.000000    0.000000
 SELECTED COORDINATES TRANSLATED IN THE MAIN SET.

  
 CHARMM>    coor trans ydir -?YAVE sele all end
 RDCMND substituted energy or value "?YAVE" to "24.8511448"
 SELRPN>  28820 atoms have been selected out of  28820
 TRANSLATION VECTOR     0.000000  -24.851145    0.000000
 SELECTED COORDINATES TRANSLATED IN THE MAIN SET.

  
 CHARMM>    coor trans zdir -?ZAVE sele all end
 RDCMND substituted energy or value "?ZAVE" to "21.7634478"
 SELRPN>  28820 atoms have been selected out of  28820
 TRANSLATION VECTOR     0.000000    0.000000  -21.763448
 SELECTED COORDINATES TRANSLATED IN THE MAIN SET.

  
 CHARMM>     
  
 CHARMM>    traj write
  
 CHARMM>    incr i by 1
 Parameter: I <- "120"
  
 CHARMM>    if i le @ts goto lpf
 Parameter: TS -> "200"
 Comparing "120" and "200".
 IF test evaluated as true.  Performing command
  
 CHARMM>    traj read
  
 CHARMM>    coor stat sele segid MEMB .and. resid @resid end
 Parameter: RESID -> "100"
 SELRPN>    138 atoms have been selected out of  28820
 STATISTICS FOR       138 SELECTED ATOMS:
    XMIN =  -24.394043 XMAX =   -7.956827 XAVE =  -14.791232
    YMIN =   17.422327 YMAX =   32.342575 YAVE =   24.851144
    ZMIN =   10.341115 ZMAX =   31.031677 ZAVE =   21.763448
    WMIN =    0.000000 WMAX =    0.000000 WAVE =    0.000000
  
 CHARMM>     
  
 CHARMM>    coor trans xdir -?XAVE sele all end
 RDCMND substituted energy or value "?XAVE" to "-14.7912325"
 SELRPN>  28820 atoms have been selected out of  28820
 TRANSLATION VECTOR    14.791232    0.000000    0.000000
 SELECTED COORDINATES TRANSLATED IN THE MAIN SET.

  
 CHARMM>    coor trans ydir -?YAVE sele all end
 RDCMND substituted energy or value "?YAVE" to "24.851144"
 SELRPN>  28820 atoms have been selected out of  28820
 TRANSLATION VECTOR     0.000000  -24.851144    0.000000
 SELECTED COORDINATES TRANSLATED IN THE MAIN SET.

  
 CHARMM>    coor trans zdir -?ZAVE sele all end
 RDCMND substituted energy or value "?ZAVE" to "21.7634478"
 SELRPN>  28820 atoms have been selected out of  28820
 TRANSLATION VECTOR     0.000000    0.000000  -21.763448
 SELECTED COORDINATES TRANSLATED IN THE MAIN SET.

  
 CHARMM>     
  
 CHARMM>    traj write
  
 CHARMM>    incr i by 1
 Parameter: I <- "121"
  
 CHARMM>    if i le @ts goto lpf
 Parameter: TS -> "200"
 Comparing "121" and "200".
 IF test evaluated as true.  Performing command
  
 CHARMM>    traj read
  
 CHARMM>    coor stat sele segid MEMB .and. resid @resid end
 Parameter: RESID -> "100"
 SELRPN>    138 atoms have been selected out of  28820
 STATISTICS FOR       138 SELECTED ATOMS:
    XMIN =  -25.294409 XMAX =   -7.483121 XAVE =  -14.791233
    YMIN =   16.924381 YMAX =   32.202904 YAVE =   24.851145
    ZMIN =   10.350169 ZMAX =   30.150427 ZAVE =   21.763448
    WMIN =    0.000000 WMAX =    0.000000 WAVE =    0.000000
  
 CHARMM>     
  
 CHARMM>    coor trans xdir -?XAVE sele all end
 RDCMND substituted energy or value "?XAVE" to "-14.7912328"
 SELRPN>  28820 atoms have been selected out of  28820
 TRANSLATION VECTOR    14.791233    0.000000    0.000000
 SELECTED COORDINATES TRANSLATED IN THE MAIN SET.

  
 CHARMM>    coor trans ydir -?YAVE sele all end
 RDCMND substituted energy or value "?YAVE" to "24.8511449"
 SELRPN>  28820 atoms have been selected out of  28820
 TRANSLATION VECTOR     0.000000  -24.851145    0.000000
 SELECTED COORDINATES TRANSLATED IN THE MAIN SET.

  
 CHARMM>    coor trans zdir -?ZAVE sele all end
 RDCMND substituted energy or value "?ZAVE" to "21.7634482"
 SELRPN>  28820 atoms have been selected out of  28820
 TRANSLATION VECTOR     0.000000    0.000000  -21.763448
 SELECTED COORDINATES TRANSLATED IN THE MAIN SET.

  
 CHARMM>     
  
 CHARMM>    traj write
  
 CHARMM>    incr i by 1
 Parameter: I <- "122"
  
 CHARMM>    if i le @ts goto lpf
 Parameter: TS -> "200"
 Comparing "122" and "200".
 IF test evaluated as true.  Performing command
  
 CHARMM>    traj read
  
 CHARMM>    coor stat sele segid MEMB .and. resid @resid end
 Parameter: RESID -> "100"
 SELRPN>    138 atoms have been selected out of  28820
 STATISTICS FOR       138 SELECTED ATOMS:
    XMIN =  -25.515371 XMAX =   -7.725713 XAVE =  -14.791233
    YMIN =   15.513056 YMAX =   32.992172 YAVE =   24.851145
    ZMIN =   10.673603 ZMAX =   29.481882 ZAVE =   21.763449
    WMIN =    0.000000 WMAX =    0.000000 WAVE =    0.000000
  
 CHARMM>     
  
 CHARMM>    coor trans xdir -?XAVE sele all end
 RDCMND substituted energy or value "?XAVE" to "-14.7912327"
 SELRPN>  28820 atoms have been selected out of  28820
 TRANSLATION VECTOR    14.791233    0.000000    0.000000
 SELECTED COORDINATES TRANSLATED IN THE MAIN SET.

  
 CHARMM>    coor trans ydir -?YAVE sele all end
 RDCMND substituted energy or value "?YAVE" to "24.8511447"
 SELRPN>  28820 atoms have been selected out of  28820
 TRANSLATION VECTOR     0.000000  -24.851145    0.000000
 SELECTED COORDINATES TRANSLATED IN THE MAIN SET.

  
 CHARMM>    coor trans zdir -?ZAVE sele all end
 RDCMND substituted energy or value "?ZAVE" to "21.7634486"
 SELRPN>  28820 atoms have been selected out of  28820
 TRANSLATION VECTOR     0.000000    0.000000  -21.763449
 SELECTED COORDINATES TRANSLATED IN THE MAIN SET.

  
 CHARMM>     
  
 CHARMM>    traj write
  
 CHARMM>    incr i by 1
 Parameter: I <- "123"
  
 CHARMM>    if i le @ts goto lpf
 Parameter: TS -> "200"
 Comparing "123" and "200".
 IF test evaluated as true.  Performing command
  
 CHARMM>    traj read
  
 CHARMM>    coor stat sele segid MEMB .and. resid @resid end
 Parameter: RESID -> "100"
 SELRPN>    138 atoms have been selected out of  28820
 STATISTICS FOR       138 SELECTED ATOMS:
    XMIN =  -25.410610 XMAX =   -8.511847 XAVE =  -14.791233
    YMIN =   17.428082 YMAX =   31.769682 YAVE =   24.851143
    ZMIN =    9.991343 ZMAX =   30.794851 ZAVE =   21.763448
    WMIN =    0.000000 WMAX =    0.000000 WAVE =    0.000000
  
 CHARMM>     
  
 CHARMM>    coor trans xdir -?XAVE sele all end
 RDCMND substituted energy or value "?XAVE" to "-14.7912325"
 SELRPN>  28820 atoms have been selected out of  28820
 TRANSLATION VECTOR    14.791232    0.000000    0.000000
 SELECTED COORDINATES TRANSLATED IN THE MAIN SET.

  
 CHARMM>    coor trans ydir -?YAVE sele all end
 RDCMND substituted energy or value "?YAVE" to "24.8511434"
 SELRPN>  28820 atoms have been selected out of  28820
 TRANSLATION VECTOR     0.000000  -24.851143    0.000000
 SELECTED COORDINATES TRANSLATED IN THE MAIN SET.

  
 CHARMM>    coor trans zdir -?ZAVE sele all end
 RDCMND substituted energy or value "?ZAVE" to "21.7634482"
 SELRPN>  28820 atoms have been selected out of  28820
 TRANSLATION VECTOR     0.000000    0.000000  -21.763448
 SELECTED COORDINATES TRANSLATED IN THE MAIN SET.

  
 CHARMM>     
  
 CHARMM>    traj write
  
 CHARMM>    incr i by 1
 Parameter: I <- "124"
  
 CHARMM>    if i le @ts goto lpf
 Parameter: TS -> "200"
 Comparing "124" and "200".
 IF test evaluated as true.  Performing command
  
 CHARMM>    traj read
  
 CHARMM>    coor stat sele segid MEMB .and. resid @resid end
 Parameter: RESID -> "100"
 SELRPN>    138 atoms have been selected out of  28820
 STATISTICS FOR       138 SELECTED ATOMS:
    XMIN =  -24.894464 XMAX =   -8.089630 XAVE =  -14.791233
    YMIN =   17.334024 YMAX =   32.245377 YAVE =   24.851145
    ZMIN =    9.175653 ZMAX =   32.103802 ZAVE =   21.763449
    WMIN =    0.000000 WMAX =    0.000000 WAVE =    0.000000
  
 CHARMM>     
  
 CHARMM>    coor trans xdir -?XAVE sele all end
 RDCMND substituted energy or value "?XAVE" to "-14.7912329"
 SELRPN>  28820 atoms have been selected out of  28820
 TRANSLATION VECTOR    14.791233    0.000000    0.000000
 SELECTED COORDINATES TRANSLATED IN THE MAIN SET.

  
 CHARMM>    coor trans ydir -?YAVE sele all end
 RDCMND substituted energy or value "?YAVE" to "24.8511451"
 SELRPN>  28820 atoms have been selected out of  28820
 TRANSLATION VECTOR     0.000000  -24.851145    0.000000
 SELECTED COORDINATES TRANSLATED IN THE MAIN SET.

  
 CHARMM>    coor trans zdir -?ZAVE sele all end
 RDCMND substituted energy or value "?ZAVE" to "21.7634485"
 SELRPN>  28820 atoms have been selected out of  28820
 TRANSLATION VECTOR     0.000000    0.000000  -21.763448
 SELECTED COORDINATES TRANSLATED IN THE MAIN SET.

  
 CHARMM>     
  
 CHARMM>    traj write
  
 CHARMM>    incr i by 1
 Parameter: I <- "125"
  
 CHARMM>    if i le @ts goto lpf
 Parameter: TS -> "200"
 Comparing "125" and "200".
 IF test evaluated as true.  Performing command
  
 CHARMM>    traj read
  
 CHARMM>    coor stat sele segid MEMB .and. resid @resid end
 Parameter: RESID -> "100"
 SELRPN>    138 atoms have been selected out of  28820
 STATISTICS FOR       138 SELECTED ATOMS:
    XMIN =  -23.962538 XMAX =   -8.284588 XAVE =  -14.791233
    YMIN =   18.000692 YMAX =   32.586121 YAVE =   24.851144
    ZMIN =    9.529489 ZMAX =   31.593935 ZAVE =   21.763449
    WMIN =    0.000000 WMAX =    0.000000 WAVE =    0.000000
  
 CHARMM>     
  
 CHARMM>    coor trans xdir -?XAVE sele all end
 RDCMND substituted energy or value "?XAVE" to "-14.7912325"
 SELRPN>  28820 atoms have been selected out of  28820
 TRANSLATION VECTOR    14.791232    0.000000    0.000000
 SELECTED COORDINATES TRANSLATED IN THE MAIN SET.

  
 CHARMM>    coor trans ydir -?YAVE sele all end
 RDCMND substituted energy or value "?YAVE" to "24.8511442"
 SELRPN>  28820 atoms have been selected out of  28820
 TRANSLATION VECTOR     0.000000  -24.851144    0.000000
 SELECTED COORDINATES TRANSLATED IN THE MAIN SET.

  
 CHARMM>    coor trans zdir -?ZAVE sele all end
 RDCMND substituted energy or value "?ZAVE" to "21.7634485"
 SELRPN>  28820 atoms have been selected out of  28820
 TRANSLATION VECTOR     0.000000    0.000000  -21.763448
 SELECTED COORDINATES TRANSLATED IN THE MAIN SET.

  
 CHARMM>     
  
 CHARMM>    traj write
  
 CHARMM>    incr i by 1
 Parameter: I <- "126"
  
 CHARMM>    if i le @ts goto lpf
 Parameter: TS -> "200"
 Comparing "126" and "200".
 IF test evaluated as true.  Performing command
  
 CHARMM>    traj read
  
 CHARMM>    coor stat sele segid MEMB .and. resid @resid end
 Parameter: RESID -> "100"
 SELRPN>    138 atoms have been selected out of  28820
 STATISTICS FOR       138 SELECTED ATOMS:
    XMIN =  -23.966686 XMAX =   -9.283639 XAVE =  -14.791233
    YMIN =   16.245426 YMAX =   32.532616 YAVE =   24.851144
    ZMIN =    9.172264 ZMAX =   30.556614 ZAVE =   21.763449
    WMIN =    0.000000 WMAX =    0.000000 WAVE =    0.000000
  
 CHARMM>     
  
 CHARMM>    coor trans xdir -?XAVE sele all end
 RDCMND substituted energy or value "?XAVE" to "-14.7912329"
 SELRPN>  28820 atoms have been selected out of  28820
 TRANSLATION VECTOR    14.791233    0.000000    0.000000
 SELECTED COORDINATES TRANSLATED IN THE MAIN SET.

  
 CHARMM>    coor trans ydir -?YAVE sele all end
 RDCMND substituted energy or value "?YAVE" to "24.8511437"
 SELRPN>  28820 atoms have been selected out of  28820
 TRANSLATION VECTOR     0.000000  -24.851144    0.000000
 SELECTED COORDINATES TRANSLATED IN THE MAIN SET.

  
 CHARMM>    coor trans zdir -?ZAVE sele all end
 RDCMND substituted energy or value "?ZAVE" to "21.7634486"
 SELRPN>  28820 atoms have been selected out of  28820
 TRANSLATION VECTOR     0.000000    0.000000  -21.763449
 SELECTED COORDINATES TRANSLATED IN THE MAIN SET.

  
 CHARMM>     
  
 CHARMM>    traj write
  
 CHARMM>    incr i by 1
 Parameter: I <- "127"
  
 CHARMM>    if i le @ts goto lpf
 Parameter: TS -> "200"
 Comparing "127" and "200".
 IF test evaluated as true.  Performing command
  
 CHARMM>    traj read
  
 CHARMM>    coor stat sele segid MEMB .and. resid @resid end
 Parameter: RESID -> "100"
 SELRPN>    138 atoms have been selected out of  28820
 STATISTICS FOR       138 SELECTED ATOMS:
    XMIN =  -24.240482 XMAX =   -8.479511 XAVE =  -14.791233
    YMIN =   17.070223 YMAX =   32.768723 YAVE =   24.851143
    ZMIN =   10.471447 ZMAX =   30.997820 ZAVE =   21.763448
    WMIN =    0.000000 WMAX =    0.000000 WAVE =    0.000000
  
 CHARMM>     
  
 CHARMM>    coor trans xdir -?XAVE sele all end
 RDCMND substituted energy or value "?XAVE" to "-14.7912326"
 SELRPN>  28820 atoms have been selected out of  28820
 TRANSLATION VECTOR    14.791233    0.000000    0.000000
 SELECTED COORDINATES TRANSLATED IN THE MAIN SET.

  
 CHARMM>    coor trans ydir -?YAVE sele all end
 RDCMND substituted energy or value "?YAVE" to "24.8511435"
 SELRPN>  28820 atoms have been selected out of  28820
 TRANSLATION VECTOR     0.000000  -24.851143    0.000000
 SELECTED COORDINATES TRANSLATED IN THE MAIN SET.

  
 CHARMM>    coor trans zdir -?ZAVE sele all end
 RDCMND substituted energy or value "?ZAVE" to "21.7634479"
 SELRPN>  28820 atoms have been selected out of  28820
 TRANSLATION VECTOR     0.000000    0.000000  -21.763448
 SELECTED COORDINATES TRANSLATED IN THE MAIN SET.

  
 CHARMM>     
  
 CHARMM>    traj write
  
 CHARMM>    incr i by 1
 Parameter: I <- "128"
  
 CHARMM>    if i le @ts goto lpf
 Parameter: TS -> "200"
 Comparing "128" and "200".
 IF test evaluated as true.  Performing command
  
 CHARMM>    traj read
  
 CHARMM>    coor stat sele segid MEMB .and. resid @resid end
 Parameter: RESID -> "100"
 SELRPN>    138 atoms have been selected out of  28820
 STATISTICS FOR       138 SELECTED ATOMS:
    XMIN =  -23.817251 XMAX =   -8.617588 XAVE =  -14.791233
    YMIN =   15.318637 YMAX =   33.120815 YAVE =   24.851144
    ZMIN =    9.521670 ZMAX =   30.036634 ZAVE =   21.763448
    WMIN =    0.000000 WMAX =    0.000000 WAVE =    0.000000
  
 CHARMM>     
  
 CHARMM>    coor trans xdir -?XAVE sele all end
 RDCMND substituted energy or value "?XAVE" to "-14.7912327"
 SELRPN>  28820 atoms have been selected out of  28820
 TRANSLATION VECTOR    14.791233    0.000000    0.000000
 SELECTED COORDINATES TRANSLATED IN THE MAIN SET.

  
 CHARMM>    coor trans ydir -?YAVE sele all end
 RDCMND substituted energy or value "?YAVE" to "24.8511441"
 SELRPN>  28820 atoms have been selected out of  28820
 TRANSLATION VECTOR     0.000000  -24.851144    0.000000
 SELECTED COORDINATES TRANSLATED IN THE MAIN SET.

  
 CHARMM>    coor trans zdir -?ZAVE sele all end
 RDCMND substituted energy or value "?ZAVE" to "21.7634478"
 SELRPN>  28820 atoms have been selected out of  28820
 TRANSLATION VECTOR     0.000000    0.000000  -21.763448
 SELECTED COORDINATES TRANSLATED IN THE MAIN SET.

  
 CHARMM>     
  
 CHARMM>    traj write
  
 CHARMM>    incr i by 1
 Parameter: I <- "129"
  
 CHARMM>    if i le @ts goto lpf
 Parameter: TS -> "200"
 Comparing "129" and "200".
 IF test evaluated as true.  Performing command
  
 CHARMM>    traj read
  
 CHARMM>    coor stat sele segid MEMB .and. resid @resid end
 Parameter: RESID -> "100"
 SELRPN>    138 atoms have been selected out of  28820
 STATISTICS FOR       138 SELECTED ATOMS:
    XMIN =  -23.216721 XMAX =   -8.568594 XAVE =  -14.791233
    YMIN =   14.717529 YMAX =   32.917660 YAVE =   24.851145
    ZMIN =    9.772877 ZMAX =   29.908348 ZAVE =   21.763448
    WMIN =    0.000000 WMAX =    0.000000 WAVE =    0.000000
  
 CHARMM>     
  
 CHARMM>    coor trans xdir -?XAVE sele all end
 RDCMND substituted energy or value "?XAVE" to "-14.7912326"
 SELRPN>  28820 atoms have been selected out of  28820
 TRANSLATION VECTOR    14.791233    0.000000    0.000000
 SELECTED COORDINATES TRANSLATED IN THE MAIN SET.

  
 CHARMM>    coor trans ydir -?YAVE sele all end
 RDCMND substituted energy or value "?YAVE" to "24.8511448"
 SELRPN>  28820 atoms have been selected out of  28820
 TRANSLATION VECTOR     0.000000  -24.851145    0.000000
 SELECTED COORDINATES TRANSLATED IN THE MAIN SET.

  
 CHARMM>    coor trans zdir -?ZAVE sele all end
 RDCMND substituted energy or value "?ZAVE" to "21.7634484"
 SELRPN>  28820 atoms have been selected out of  28820
 TRANSLATION VECTOR     0.000000    0.000000  -21.763448
 SELECTED COORDINATES TRANSLATED IN THE MAIN SET.

  
 CHARMM>     
  
 CHARMM>    traj write
  
 CHARMM>    incr i by 1
 Parameter: I <- "130"
  
 CHARMM>    if i le @ts goto lpf
 Parameter: TS -> "200"
 Comparing "130" and "200".
 IF test evaluated as true.  Performing command
  
 CHARMM>    traj read
  
 CHARMM>    coor stat sele segid MEMB .and. resid @resid end
 Parameter: RESID -> "100"
 SELRPN>    138 atoms have been selected out of  28820
 STATISTICS FOR       138 SELECTED ATOMS:
    XMIN =  -24.713110 XMAX =   -8.224620 XAVE =  -14.791233
    YMIN =   16.470703 YMAX =   32.888115 YAVE =   24.851144
    ZMIN =    9.680896 ZMAX =   30.222273 ZAVE =   21.763448
    WMIN =    0.000000 WMAX =    0.000000 WAVE =    0.000000
  
 CHARMM>     
  
 CHARMM>    coor trans xdir -?XAVE sele all end
 RDCMND substituted energy or value "?XAVE" to "-14.7912327"
 SELRPN>  28820 atoms have been selected out of  28820
 TRANSLATION VECTOR    14.791233    0.000000    0.000000
 SELECTED COORDINATES TRANSLATED IN THE MAIN SET.

  
 CHARMM>    coor trans ydir -?YAVE sele all end
 RDCMND substituted energy or value "?YAVE" to "24.8511437"
 SELRPN>  28820 atoms have been selected out of  28820
 TRANSLATION VECTOR     0.000000  -24.851144    0.000000
 SELECTED COORDINATES TRANSLATED IN THE MAIN SET.

  
 CHARMM>    coor trans zdir -?ZAVE sele all end
 RDCMND substituted energy or value "?ZAVE" to "21.7634479"
 SELRPN>  28820 atoms have been selected out of  28820
 TRANSLATION VECTOR     0.000000    0.000000  -21.763448
 SELECTED COORDINATES TRANSLATED IN THE MAIN SET.

  
 CHARMM>     
  
 CHARMM>    traj write
  
 CHARMM>    incr i by 1
 Parameter: I <- "131"
  
 CHARMM>    if i le @ts goto lpf
 Parameter: TS -> "200"
 Comparing "131" and "200".
 IF test evaluated as true.  Performing command
  
 CHARMM>    traj read
  
 CHARMM>    coor stat sele segid MEMB .and. resid @resid end
 Parameter: RESID -> "100"
 SELRPN>    138 atoms have been selected out of  28820
 STATISTICS FOR       138 SELECTED ATOMS:
    XMIN =  -24.185722 XMAX =   -8.920910 XAVE =  -14.791233
    YMIN =   15.855865 YMAX =   33.613743 YAVE =   24.851144
    ZMIN =    9.805120 ZMAX =   29.915461 ZAVE =   21.763449
    WMIN =    0.000000 WMAX =    0.000000 WAVE =    0.000000
  
 CHARMM>     
  
 CHARMM>    coor trans xdir -?XAVE sele all end
 RDCMND substituted energy or value "?XAVE" to "-14.7912326"
 SELRPN>  28820 atoms have been selected out of  28820
 TRANSLATION VECTOR    14.791233    0.000000    0.000000
 SELECTED COORDINATES TRANSLATED IN THE MAIN SET.

  
 CHARMM>    coor trans ydir -?YAVE sele all end
 RDCMND substituted energy or value "?YAVE" to "24.8511442"
 SELRPN>  28820 atoms have been selected out of  28820
 TRANSLATION VECTOR     0.000000  -24.851144    0.000000
 SELECTED COORDINATES TRANSLATED IN THE MAIN SET.

  
 CHARMM>    coor trans zdir -?ZAVE sele all end
 RDCMND substituted energy or value "?ZAVE" to "21.7634486"
 SELRPN>  28820 atoms have been selected out of  28820
 TRANSLATION VECTOR     0.000000    0.000000  -21.763449
 SELECTED COORDINATES TRANSLATED IN THE MAIN SET.

  
 CHARMM>     
  
 CHARMM>    traj write
  
 CHARMM>    incr i by 1
 Parameter: I <- "132"
  
 CHARMM>    if i le @ts goto lpf
 Parameter: TS -> "200"
 Comparing "132" and "200".
 IF test evaluated as true.  Performing command
  
 CHARMM>    traj read
  
 CHARMM>    coor stat sele segid MEMB .and. resid @resid end
 Parameter: RESID -> "100"
 SELRPN>    138 atoms have been selected out of  28820
 STATISTICS FOR       138 SELECTED ATOMS:
    XMIN =  -21.880960 XMAX =   -8.122237 XAVE =  -14.791233
    YMIN =   15.551029 YMAX =   32.645313 YAVE =   24.851144
    ZMIN =   10.041492 ZMAX =   30.424213 ZAVE =   21.763449
    WMIN =    0.000000 WMAX =    0.000000 WAVE =    0.000000
  
 CHARMM>     
  
 CHARMM>    coor trans xdir -?XAVE sele all end
 RDCMND substituted energy or value "?XAVE" to "-14.7912328"
 SELRPN>  28820 atoms have been selected out of  28820
 TRANSLATION VECTOR    14.791233    0.000000    0.000000
 SELECTED COORDINATES TRANSLATED IN THE MAIN SET.

  
 CHARMM>    coor trans ydir -?YAVE sele all end
 RDCMND substituted energy or value "?YAVE" to "24.8511436"
 SELRPN>  28820 atoms have been selected out of  28820
 TRANSLATION VECTOR     0.000000  -24.851144    0.000000
 SELECTED COORDINATES TRANSLATED IN THE MAIN SET.

  
 CHARMM>    coor trans zdir -?ZAVE sele all end
 RDCMND substituted energy or value "?ZAVE" to "21.7634485"
 SELRPN>  28820 atoms have been selected out of  28820
 TRANSLATION VECTOR     0.000000    0.000000  -21.763448
 SELECTED COORDINATES TRANSLATED IN THE MAIN SET.

  
 CHARMM>     
  
 CHARMM>    traj write
  
 CHARMM>    incr i by 1
 Parameter: I <- "133"
  
 CHARMM>    if i le @ts goto lpf
 Parameter: TS -> "200"
 Comparing "133" and "200".
 IF test evaluated as true.  Performing command
  
 CHARMM>    traj read
  
 CHARMM>    coor stat sele segid MEMB .and. resid @resid end
 Parameter: RESID -> "100"
 SELRPN>    138 atoms have been selected out of  28820
 STATISTICS FOR       138 SELECTED ATOMS:
    XMIN =  -21.765888 XMAX =   -8.567072 XAVE =  -14.791233
    YMIN =   15.789066 YMAX =   32.726173 YAVE =   24.851145
    ZMIN =   10.289592 ZMAX =   30.228399 ZAVE =   21.763448
    WMIN =    0.000000 WMAX =    0.000000 WAVE =    0.000000
  
 CHARMM>     
  
 CHARMM>    coor trans xdir -?XAVE sele all end
 RDCMND substituted energy or value "?XAVE" to "-14.7912325"
 SELRPN>  28820 atoms have been selected out of  28820
 TRANSLATION VECTOR    14.791232    0.000000    0.000000
 SELECTED COORDINATES TRANSLATED IN THE MAIN SET.

  
 CHARMM>    coor trans ydir -?YAVE sele all end
 RDCMND substituted energy or value "?YAVE" to "24.8511449"
 SELRPN>  28820 atoms have been selected out of  28820
 TRANSLATION VECTOR     0.000000  -24.851145    0.000000
 SELECTED COORDINATES TRANSLATED IN THE MAIN SET.

  
 CHARMM>    coor trans zdir -?ZAVE sele all end
 RDCMND substituted energy or value "?ZAVE" to "21.763448"
 SELRPN>  28820 atoms have been selected out of  28820
 TRANSLATION VECTOR     0.000000    0.000000  -21.763448
 SELECTED COORDINATES TRANSLATED IN THE MAIN SET.

  
 CHARMM>     
  
 CHARMM>    traj write
  
 CHARMM>    incr i by 1
 Parameter: I <- "134"
  
 CHARMM>    if i le @ts goto lpf
 Parameter: TS -> "200"
 Comparing "134" and "200".
 IF test evaluated as true.  Performing command
  
 CHARMM>    traj read
  
 CHARMM>    coor stat sele segid MEMB .and. resid @resid end
 Parameter: RESID -> "100"
 SELRPN>    138 atoms have been selected out of  28820
 STATISTICS FOR       138 SELECTED ATOMS:
    XMIN =  -21.998549 XMAX =   -8.422827 XAVE =  -14.791232
    YMIN =   15.597427 YMAX =   33.100891 YAVE =   24.851143
    ZMIN =   10.025948 ZMAX =   29.829380 ZAVE =   21.763448
    WMIN =    0.000000 WMAX =    0.000000 WAVE =    0.000000
  
 CHARMM>     
  
 CHARMM>    coor trans xdir -?XAVE sele all end
 RDCMND substituted energy or value "?XAVE" to "-14.7912325"
 SELRPN>  28820 atoms have been selected out of  28820
 TRANSLATION VECTOR    14.791232    0.000000    0.000000
 SELECTED COORDINATES TRANSLATED IN THE MAIN SET.

  
 CHARMM>    coor trans ydir -?YAVE sele all end
 RDCMND substituted energy or value "?YAVE" to "24.8511433"
 SELRPN>  28820 atoms have been selected out of  28820
 TRANSLATION VECTOR     0.000000  -24.851143    0.000000
 SELECTED COORDINATES TRANSLATED IN THE MAIN SET.

  
 CHARMM>    coor trans zdir -?ZAVE sele all end
 RDCMND substituted energy or value "?ZAVE" to "21.7634477"
 SELRPN>  28820 atoms have been selected out of  28820
 TRANSLATION VECTOR     0.000000    0.000000  -21.763448
 SELECTED COORDINATES TRANSLATED IN THE MAIN SET.

  
 CHARMM>     
  
 CHARMM>    traj write
  
 CHARMM>    incr i by 1
 Parameter: I <- "135"
  
 CHARMM>    if i le @ts goto lpf
 Parameter: TS -> "200"
 Comparing "135" and "200".
 IF test evaluated as true.  Performing command
  
 CHARMM>    traj read
  
 CHARMM>    coor stat sele segid MEMB .and. resid @resid end
 Parameter: RESID -> "100"
 SELRPN>    138 atoms have been selected out of  28820
 STATISTICS FOR       138 SELECTED ATOMS:
    XMIN =  -22.439556 XMAX =   -8.385725 XAVE =  -14.791233
    YMIN =   16.392147 YMAX =   32.450264 YAVE =   24.851144
    ZMIN =   10.128325 ZMAX =   30.088383 ZAVE =   21.763448
    WMIN =    0.000000 WMAX =    0.000000 WAVE =    0.000000
  
 CHARMM>     
  
 CHARMM>    coor trans xdir -?XAVE sele all end
 RDCMND substituted energy or value "?XAVE" to "-14.7912331"
 SELRPN>  28820 atoms have been selected out of  28820
 TRANSLATION VECTOR    14.791233    0.000000    0.000000
 SELECTED COORDINATES TRANSLATED IN THE MAIN SET.

  
 CHARMM>    coor trans ydir -?YAVE sele all end
 RDCMND substituted energy or value "?YAVE" to "24.8511441"
 SELRPN>  28820 atoms have been selected out of  28820
 TRANSLATION VECTOR     0.000000  -24.851144    0.000000
 SELECTED COORDINATES TRANSLATED IN THE MAIN SET.

  
 CHARMM>    coor trans zdir -?ZAVE sele all end
 RDCMND substituted energy or value "?ZAVE" to "21.7634478"
 SELRPN>  28820 atoms have been selected out of  28820
 TRANSLATION VECTOR     0.000000    0.000000  -21.763448
 SELECTED COORDINATES TRANSLATED IN THE MAIN SET.

  
 CHARMM>     
  
 CHARMM>    traj write
  
 CHARMM>    incr i by 1
 Parameter: I <- "136"
  
 CHARMM>    if i le @ts goto lpf
 Parameter: TS -> "200"
 Comparing "136" and "200".
 IF test evaluated as true.  Performing command
  
 CHARMM>    traj read
  
 CHARMM>    coor stat sele segid MEMB .and. resid @resid end
 Parameter: RESID -> "100"
 SELRPN>    138 atoms have been selected out of  28820
 STATISTICS FOR       138 SELECTED ATOMS:
    XMIN =  -23.747343 XMAX =   -7.823818 XAVE =  -14.791233
    YMIN =   16.643873 YMAX =   32.209503 YAVE =   24.851145
    ZMIN =   10.915016 ZMAX =   30.231367 ZAVE =   21.763448
    WMIN =    0.000000 WMAX =    0.000000 WAVE =    0.000000
  
 CHARMM>     
  
 CHARMM>    coor trans xdir -?XAVE sele all end
 RDCMND substituted energy or value "?XAVE" to "-14.7912328"
 SELRPN>  28820 atoms have been selected out of  28820
 TRANSLATION VECTOR    14.791233    0.000000    0.000000
 SELECTED COORDINATES TRANSLATED IN THE MAIN SET.

  
 CHARMM>    coor trans ydir -?YAVE sele all end
 RDCMND substituted energy or value "?YAVE" to "24.8511448"
 SELRPN>  28820 atoms have been selected out of  28820
 TRANSLATION VECTOR     0.000000  -24.851145    0.000000
 SELECTED COORDINATES TRANSLATED IN THE MAIN SET.

  
 CHARMM>    coor trans zdir -?ZAVE sele all end
 RDCMND substituted energy or value "?ZAVE" to "21.7634479"
 SELRPN>  28820 atoms have been selected out of  28820
 TRANSLATION VECTOR     0.000000    0.000000  -21.763448
 SELECTED COORDINATES TRANSLATED IN THE MAIN SET.

  
 CHARMM>     
  
 CHARMM>    traj write
  
 CHARMM>    incr i by 1
 Parameter: I <- "137"
  
 CHARMM>    if i le @ts goto lpf
 Parameter: TS -> "200"
 Comparing "137" and "200".
 IF test evaluated as true.  Performing command
  
 CHARMM>    traj read
  
 CHARMM>    coor stat sele segid MEMB .and. resid @resid end
 Parameter: RESID -> "100"
 SELRPN>    138 atoms have been selected out of  28820
 STATISTICS FOR       138 SELECTED ATOMS:
    XMIN =  -22.023964 XMAX =   -7.741421 XAVE =  -14.791233
    YMIN =   15.867023 YMAX =   32.415287 YAVE =   24.851144
    ZMIN =   10.230202 ZMAX =   31.162106 ZAVE =   21.763448
    WMIN =    0.000000 WMAX =    0.000000 WAVE =    0.000000
  
 CHARMM>     
  
 CHARMM>    coor trans xdir -?XAVE sele all end
 RDCMND substituted energy or value "?XAVE" to "-14.7912328"
 SELRPN>  28820 atoms have been selected out of  28820
 TRANSLATION VECTOR    14.791233    0.000000    0.000000
 SELECTED COORDINATES TRANSLATED IN THE MAIN SET.

  
 CHARMM>    coor trans ydir -?YAVE sele all end
 RDCMND substituted energy or value "?YAVE" to "24.8511443"
 SELRPN>  28820 atoms have been selected out of  28820
 TRANSLATION VECTOR     0.000000  -24.851144    0.000000
 SELECTED COORDINATES TRANSLATED IN THE MAIN SET.

  
 CHARMM>    coor trans zdir -?ZAVE sele all end
 RDCMND substituted energy or value "?ZAVE" to "21.7634482"
 SELRPN>  28820 atoms have been selected out of  28820
 TRANSLATION VECTOR     0.000000    0.000000  -21.763448
 SELECTED COORDINATES TRANSLATED IN THE MAIN SET.

  
 CHARMM>     
  
 CHARMM>    traj write
  
 CHARMM>    incr i by 1
 Parameter: I <- "138"
  
 CHARMM>    if i le @ts goto lpf
 Parameter: TS -> "200"
 Comparing "138" and "200".
 IF test evaluated as true.  Performing command
  
 CHARMM>    traj read
  
 CHARMM>    coor stat sele segid MEMB .and. resid @resid end
 Parameter: RESID -> "100"
 SELRPN>    138 atoms have been selected out of  28820
 STATISTICS FOR       138 SELECTED ATOMS:
    XMIN =  -22.024303 XMAX =   -7.422760 XAVE =  -14.791233
    YMIN =   16.789629 YMAX =   32.240795 YAVE =   24.851145
    ZMIN =   11.087948 ZMAX =   31.385853 ZAVE =   21.763448
    WMIN =    0.000000 WMAX =    0.000000 WAVE =    0.000000
  
 CHARMM>     
  
 CHARMM>    coor trans xdir -?XAVE sele all end
 RDCMND substituted energy or value "?XAVE" to "-14.791233"
 SELRPN>  28820 atoms have been selected out of  28820
 TRANSLATION VECTOR    14.791233    0.000000    0.000000
 SELECTED COORDINATES TRANSLATED IN THE MAIN SET.

  
 CHARMM>    coor trans ydir -?YAVE sele all end
 RDCMND substituted energy or value "?YAVE" to "24.8511449"
 SELRPN>  28820 atoms have been selected out of  28820
 TRANSLATION VECTOR     0.000000  -24.851145    0.000000
 SELECTED COORDINATES TRANSLATED IN THE MAIN SET.

  
 CHARMM>    coor trans zdir -?ZAVE sele all end
 RDCMND substituted energy or value "?ZAVE" to "21.7634484"
 SELRPN>  28820 atoms have been selected out of  28820
 TRANSLATION VECTOR     0.000000    0.000000  -21.763448
 SELECTED COORDINATES TRANSLATED IN THE MAIN SET.

  
 CHARMM>     
  
 CHARMM>    traj write
  
 CHARMM>    incr i by 1
 Parameter: I <- "139"
  
 CHARMM>    if i le @ts goto lpf
 Parameter: TS -> "200"
 Comparing "139" and "200".
 IF test evaluated as true.  Performing command
  
 CHARMM>    traj read
  
 CHARMM>    coor stat sele segid MEMB .and. resid @resid end
 Parameter: RESID -> "100"
 SELRPN>    138 atoms have been selected out of  28820
 STATISTICS FOR       138 SELECTED ATOMS:
    XMIN =  -23.652306 XMAX =   -6.564007 XAVE =  -14.791233
    YMIN =   17.745005 YMAX =   32.069729 YAVE =   24.851144
    ZMIN =   11.167866 ZMAX =   31.394846 ZAVE =   21.763449
    WMIN =    0.000000 WMAX =    0.000000 WAVE =    0.000000
  
 CHARMM>     
  
 CHARMM>    coor trans xdir -?XAVE sele all end
 RDCMND substituted energy or value "?XAVE" to "-14.7912329"
 SELRPN>  28820 atoms have been selected out of  28820
 TRANSLATION VECTOR    14.791233    0.000000    0.000000
 SELECTED COORDINATES TRANSLATED IN THE MAIN SET.

  
 CHARMM>    coor trans ydir -?YAVE sele all end
 RDCMND substituted energy or value "?YAVE" to "24.851144"
 SELRPN>  28820 atoms have been selected out of  28820
 TRANSLATION VECTOR     0.000000  -24.851144    0.000000
 SELECTED COORDINATES TRANSLATED IN THE MAIN SET.

  
 CHARMM>    coor trans zdir -?ZAVE sele all end
 RDCMND substituted energy or value "?ZAVE" to "21.7634487"
 SELRPN>  28820 atoms have been selected out of  28820
 TRANSLATION VECTOR     0.000000    0.000000  -21.763449
 SELECTED COORDINATES TRANSLATED IN THE MAIN SET.

  
 CHARMM>     
  
 CHARMM>    traj write
  
 CHARMM>    incr i by 1
 Parameter: I <- "140"
  
 CHARMM>    if i le @ts goto lpf
 Parameter: TS -> "200"
 Comparing "140" and "200".
 IF test evaluated as true.  Performing command
  
 CHARMM>    traj read
  
 CHARMM>    coor stat sele segid MEMB .and. resid @resid end
 Parameter: RESID -> "100"
 SELRPN>    138 atoms have been selected out of  28820
 STATISTICS FOR       138 SELECTED ATOMS:
    XMIN =  -22.653913 XMAX =   -7.702091 XAVE =  -14.791233
    YMIN =   17.188932 YMAX =   31.684177 YAVE =   24.851144
    ZMIN =   11.235626 ZMAX =   31.165953 ZAVE =   21.763448
    WMIN =    0.000000 WMAX =    0.000000 WAVE =    0.000000
  
 CHARMM>     
  
 CHARMM>    coor trans xdir -?XAVE sele all end
 RDCMND substituted energy or value "?XAVE" to "-14.7912326"
 SELRPN>  28820 atoms have been selected out of  28820
 TRANSLATION VECTOR    14.791233    0.000000    0.000000
 SELECTED COORDINATES TRANSLATED IN THE MAIN SET.

  
 CHARMM>    coor trans ydir -?YAVE sele all end
 RDCMND substituted energy or value "?YAVE" to "24.8511436"
 SELRPN>  28820 atoms have been selected out of  28820
 TRANSLATION VECTOR     0.000000  -24.851144    0.000000
 SELECTED COORDINATES TRANSLATED IN THE MAIN SET.

  
 CHARMM>    coor trans zdir -?ZAVE sele all end
 RDCMND substituted energy or value "?ZAVE" to "21.7634481"
 SELRPN>  28820 atoms have been selected out of  28820
 TRANSLATION VECTOR     0.000000    0.000000  -21.763448
 SELECTED COORDINATES TRANSLATED IN THE MAIN SET.

  
 CHARMM>     
  
 CHARMM>    traj write
  
 CHARMM>    incr i by 1
 Parameter: I <- "141"
  
 CHARMM>    if i le @ts goto lpf
 Parameter: TS -> "200"
 Comparing "141" and "200".
 IF test evaluated as true.  Performing command
  
 CHARMM>    traj read
  
 CHARMM>    coor stat sele segid MEMB .and. resid @resid end
 Parameter: RESID -> "100"
 SELRPN>    138 atoms have been selected out of  28820
 STATISTICS FOR       138 SELECTED ATOMS:
    XMIN =  -22.802618 XMAX =   -7.745718 XAVE =  -14.791233
    YMIN =   18.338655 YMAX =   32.172852 YAVE =   24.851144
    ZMIN =   10.663964 ZMAX =   33.285694 ZAVE =   21.763448
    WMIN =    0.000000 WMAX =    0.000000 WAVE =    0.000000
  
 CHARMM>     
  
 CHARMM>    coor trans xdir -?XAVE sele all end
 RDCMND substituted energy or value "?XAVE" to "-14.7912328"
 SELRPN>  28820 atoms have been selected out of  28820
 TRANSLATION VECTOR    14.791233    0.000000    0.000000
 SELECTED COORDINATES TRANSLATED IN THE MAIN SET.

  
 CHARMM>    coor trans ydir -?YAVE sele all end
 RDCMND substituted energy or value "?YAVE" to "24.8511442"
 SELRPN>  28820 atoms have been selected out of  28820
 TRANSLATION VECTOR     0.000000  -24.851144    0.000000
 SELECTED COORDINATES TRANSLATED IN THE MAIN SET.

  
 CHARMM>    coor trans zdir -?ZAVE sele all end
 RDCMND substituted energy or value "?ZAVE" to "21.7634477"
 SELRPN>  28820 atoms have been selected out of  28820
 TRANSLATION VECTOR     0.000000    0.000000  -21.763448
 SELECTED COORDINATES TRANSLATED IN THE MAIN SET.

  
 CHARMM>     
  
 CHARMM>    traj write
  
 CHARMM>    incr i by 1
 Parameter: I <- "142"
  
 CHARMM>    if i le @ts goto lpf
 Parameter: TS -> "200"
 Comparing "142" and "200".
 IF test evaluated as true.  Performing command
  
 CHARMM>    traj read
  
 CHARMM>    coor stat sele segid MEMB .and. resid @resid end
 Parameter: RESID -> "100"
 SELRPN>    138 atoms have been selected out of  28820
 STATISTICS FOR       138 SELECTED ATOMS:
    XMIN =  -22.031124 XMAX =   -7.483994 XAVE =  -14.791233
    YMIN =   17.756714 YMAX =   32.493645 YAVE =   24.851143
    ZMIN =   10.087279 ZMAX =   32.711166 ZAVE =   21.763448
    WMIN =    0.000000 WMAX =    0.000000 WAVE =    0.000000
  
 CHARMM>     
  
 CHARMM>    coor trans xdir -?XAVE sele all end
 RDCMND substituted energy or value "?XAVE" to "-14.7912326"
 SELRPN>  28820 atoms have been selected out of  28820
 TRANSLATION VECTOR    14.791233    0.000000    0.000000
 SELECTED COORDINATES TRANSLATED IN THE MAIN SET.

  
 CHARMM>    coor trans ydir -?YAVE sele all end
 RDCMND substituted energy or value "?YAVE" to "24.8511434"
 SELRPN>  28820 atoms have been selected out of  28820
 TRANSLATION VECTOR     0.000000  -24.851143    0.000000
 SELECTED COORDINATES TRANSLATED IN THE MAIN SET.

  
 CHARMM>    coor trans zdir -?ZAVE sele all end
 RDCMND substituted energy or value "?ZAVE" to "21.7634477"
 SELRPN>  28820 atoms have been selected out of  28820
 TRANSLATION VECTOR     0.000000    0.000000  -21.763448
 SELECTED COORDINATES TRANSLATED IN THE MAIN SET.

  
 CHARMM>     
  
 CHARMM>    traj write
  
 CHARMM>    incr i by 1
 Parameter: I <- "143"
  
 CHARMM>    if i le @ts goto lpf
 Parameter: TS -> "200"
 Comparing "143" and "200".
 IF test evaluated as true.  Performing command
  
 CHARMM>    traj read
  
 CHARMM>    coor stat sele segid MEMB .and. resid @resid end
 Parameter: RESID -> "100"
 SELRPN>    138 atoms have been selected out of  28820
 STATISTICS FOR       138 SELECTED ATOMS:
    XMIN =  -22.999937 XMAX =   -7.182745 XAVE =  -14.791233
    YMIN =   18.650923 YMAX =   32.449642 YAVE =   24.851145
    ZMIN =   10.309676 ZMAX =   32.243893 ZAVE =   21.763449
    WMIN =    0.000000 WMAX =    0.000000 WAVE =    0.000000
  
 CHARMM>     
  
 CHARMM>    coor trans xdir -?XAVE sele all end
 RDCMND substituted energy or value "?XAVE" to "-14.7912329"
 SELRPN>  28820 atoms have been selected out of  28820
 TRANSLATION VECTOR    14.791233    0.000000    0.000000
 SELECTED COORDINATES TRANSLATED IN THE MAIN SET.

  
 CHARMM>    coor trans ydir -?YAVE sele all end
 RDCMND substituted energy or value "?YAVE" to "24.8511451"
 SELRPN>  28820 atoms have been selected out of  28820
 TRANSLATION VECTOR     0.000000  -24.851145    0.000000
 SELECTED COORDINATES TRANSLATED IN THE MAIN SET.

  
 CHARMM>    coor trans zdir -?ZAVE sele all end
 RDCMND substituted energy or value "?ZAVE" to "21.7634487"
 SELRPN>  28820 atoms have been selected out of  28820
 TRANSLATION VECTOR     0.000000    0.000000  -21.763449
 SELECTED COORDINATES TRANSLATED IN THE MAIN SET.

  
 CHARMM>     
  
 CHARMM>    traj write
  
 CHARMM>    incr i by 1
 Parameter: I <- "144"
  
 CHARMM>    if i le @ts goto lpf
 Parameter: TS -> "200"
 Comparing "144" and "200".
 IF test evaluated as true.  Performing command
  
 CHARMM>    traj read
  
 CHARMM>    coor stat sele segid MEMB .and. resid @resid end
 Parameter: RESID -> "100"
 SELRPN>    138 atoms have been selected out of  28820
 STATISTICS FOR       138 SELECTED ATOMS:
    XMIN =  -22.398548 XMAX =   -7.485032 XAVE =  -14.791233
    YMIN =   19.146908 YMAX =   31.728394 YAVE =   24.851143
    ZMIN =   10.094156 ZMAX =   32.706329 ZAVE =   21.763448
    WMIN =    0.000000 WMAX =    0.000000 WAVE =    0.000000
  
 CHARMM>     
  
 CHARMM>    coor trans xdir -?XAVE sele all end
 RDCMND substituted energy or value "?XAVE" to "-14.7912328"
 SELRPN>  28820 atoms have been selected out of  28820
 TRANSLATION VECTOR    14.791233    0.000000    0.000000
 SELECTED COORDINATES TRANSLATED IN THE MAIN SET.

  
 CHARMM>    coor trans ydir -?YAVE sele all end
 RDCMND substituted energy or value "?YAVE" to "24.8511434"
 SELRPN>  28820 atoms have been selected out of  28820
 TRANSLATION VECTOR     0.000000  -24.851143    0.000000
 SELECTED COORDINATES TRANSLATED IN THE MAIN SET.

  
 CHARMM>    coor trans zdir -?ZAVE sele all end
 RDCMND substituted energy or value "?ZAVE" to "21.7634477"
 SELRPN>  28820 atoms have been selected out of  28820
 TRANSLATION VECTOR     0.000000    0.000000  -21.763448
 SELECTED COORDINATES TRANSLATED IN THE MAIN SET.

  
 CHARMM>     
  
 CHARMM>    traj write
  
 CHARMM>    incr i by 1
 Parameter: I <- "145"
  
 CHARMM>    if i le @ts goto lpf
 Parameter: TS -> "200"
 Comparing "145" and "200".
 IF test evaluated as true.  Performing command
  
 CHARMM>    traj read
  
 CHARMM>    coor stat sele segid MEMB .and. resid @resid end
 Parameter: RESID -> "100"
 SELRPN>    138 atoms have been selected out of  28820
 STATISTICS FOR       138 SELECTED ATOMS:
    XMIN =  -22.506210 XMAX =   -7.598271 XAVE =  -14.791233
    YMIN =   18.228878 YMAX =   32.363190 YAVE =   24.851144
    ZMIN =   10.385046 ZMAX =   32.886623 ZAVE =   21.763448
    WMIN =    0.000000 WMAX =    0.000000 WAVE =    0.000000
  
 CHARMM>     
  
 CHARMM>    coor trans xdir -?XAVE sele all end
 RDCMND substituted energy or value "?XAVE" to "-14.7912329"
 SELRPN>  28820 atoms have been selected out of  28820
 TRANSLATION VECTOR    14.791233    0.000000    0.000000
 SELECTED COORDINATES TRANSLATED IN THE MAIN SET.

  
 CHARMM>    coor trans ydir -?YAVE sele all end
 RDCMND substituted energy or value "?YAVE" to "24.8511441"
 SELRPN>  28820 atoms have been selected out of  28820
 TRANSLATION VECTOR     0.000000  -24.851144    0.000000
 SELECTED COORDINATES TRANSLATED IN THE MAIN SET.

  
 CHARMM>    coor trans zdir -?ZAVE sele all end
 RDCMND substituted energy or value "?ZAVE" to "21.7634477"
 SELRPN>  28820 atoms have been selected out of  28820
 TRANSLATION VECTOR     0.000000    0.000000  -21.763448
 SELECTED COORDINATES TRANSLATED IN THE MAIN SET.

  
 CHARMM>     
  
 CHARMM>    traj write
  
 CHARMM>    incr i by 1
 Parameter: I <- "146"
  
 CHARMM>    if i le @ts goto lpf
 Parameter: TS -> "200"
 Comparing "146" and "200".
 IF test evaluated as true.  Performing command
  
 CHARMM>    traj read
  
 CHARMM>    coor stat sele segid MEMB .and. resid @resid end
 Parameter: RESID -> "100"
 SELRPN>    138 atoms have been selected out of  28820
 STATISTICS FOR       138 SELECTED ATOMS:
    XMIN =  -23.083591 XMAX =   -7.465315 XAVE =  -14.791233
    YMIN =   17.671925 YMAX =   32.621948 YAVE =   24.851145
    ZMIN =   10.546625 ZMAX =   32.382809 ZAVE =   21.763448
    WMIN =    0.000000 WMAX =    0.000000 WAVE =    0.000000
  
 CHARMM>     
  
 CHARMM>    coor trans xdir -?XAVE sele all end
 RDCMND substituted energy or value "?XAVE" to "-14.7912327"
 SELRPN>  28820 atoms have been selected out of  28820
 TRANSLATION VECTOR    14.791233    0.000000    0.000000
 SELECTED COORDINATES TRANSLATED IN THE MAIN SET.

  
 CHARMM>    coor trans ydir -?YAVE sele all end
 RDCMND substituted energy or value "?YAVE" to "24.8511447"
 SELRPN>  28820 atoms have been selected out of  28820
 TRANSLATION VECTOR     0.000000  -24.851145    0.000000
 SELECTED COORDINATES TRANSLATED IN THE MAIN SET.

  
 CHARMM>    coor trans zdir -?ZAVE sele all end
 RDCMND substituted energy or value "?ZAVE" to "21.7634484"
 SELRPN>  28820 atoms have been selected out of  28820
 TRANSLATION VECTOR     0.000000    0.000000  -21.763448
 SELECTED COORDINATES TRANSLATED IN THE MAIN SET.

  
 CHARMM>     
  
 CHARMM>    traj write
  
 CHARMM>    incr i by 1
 Parameter: I <- "147"
  
 CHARMM>    if i le @ts goto lpf
 Parameter: TS -> "200"
 Comparing "147" and "200".
 IF test evaluated as true.  Performing command
  
 CHARMM>    traj read
  
 CHARMM>    coor stat sele segid MEMB .and. resid @resid end
 Parameter: RESID -> "100"
 SELRPN>    138 atoms have been selected out of  28820
 STATISTICS FOR       138 SELECTED ATOMS:
    XMIN =  -23.223783 XMAX =   -7.940561 XAVE =  -14.791233
    YMIN =   17.070261 YMAX =   32.515472 YAVE =   24.851144
    ZMIN =   10.299877 ZMAX =   30.969004 ZAVE =   21.763448
    WMIN =    0.000000 WMAX =    0.000000 WAVE =    0.000000
  
 CHARMM>     
  
 CHARMM>    coor trans xdir -?XAVE sele all end
 RDCMND substituted energy or value "?XAVE" to "-14.7912328"
 SELRPN>  28820 atoms have been selected out of  28820
 TRANSLATION VECTOR    14.791233    0.000000    0.000000
 SELECTED COORDINATES TRANSLATED IN THE MAIN SET.

  
 CHARMM>    coor trans ydir -?YAVE sele all end
 RDCMND substituted energy or value "?YAVE" to "24.8511435"
 SELRPN>  28820 atoms have been selected out of  28820
 TRANSLATION VECTOR     0.000000  -24.851143    0.000000
 SELECTED COORDINATES TRANSLATED IN THE MAIN SET.

  
 CHARMM>    coor trans zdir -?ZAVE sele all end
 RDCMND substituted energy or value "?ZAVE" to "21.763448"
 SELRPN>  28820 atoms have been selected out of  28820
 TRANSLATION VECTOR     0.000000    0.000000  -21.763448
 SELECTED COORDINATES TRANSLATED IN THE MAIN SET.

  
 CHARMM>     
  
 CHARMM>    traj write
  
 CHARMM>    incr i by 1
 Parameter: I <- "148"
  
 CHARMM>    if i le @ts goto lpf
 Parameter: TS -> "200"
 Comparing "148" and "200".
 IF test evaluated as true.  Performing command
  
 CHARMM>    traj read
  
 CHARMM>    coor stat sele segid MEMB .and. resid @resid end
 Parameter: RESID -> "100"
 SELRPN>    138 atoms have been selected out of  28820
 STATISTICS FOR       138 SELECTED ATOMS:
    XMIN =  -22.746834 XMAX =   -7.715397 XAVE =  -14.791232
    YMIN =   18.646694 YMAX =   32.845646 YAVE =   24.851144
    ZMIN =   11.200634 ZMAX =   32.329643 ZAVE =   21.763448
    WMIN =    0.000000 WMAX =    0.000000 WAVE =    0.000000
  
 CHARMM>     
  
 CHARMM>    coor trans xdir -?XAVE sele all end
 RDCMND substituted energy or value "?XAVE" to "-14.7912324"
 SELRPN>  28820 atoms have been selected out of  28820
 TRANSLATION VECTOR    14.791232    0.000000    0.000000
 SELECTED COORDINATES TRANSLATED IN THE MAIN SET.

  
 CHARMM>    coor trans ydir -?YAVE sele all end
 RDCMND substituted energy or value "?YAVE" to "24.8511437"
 SELRPN>  28820 atoms have been selected out of  28820
 TRANSLATION VECTOR     0.000000  -24.851144    0.000000
 SELECTED COORDINATES TRANSLATED IN THE MAIN SET.

  
 CHARMM>    coor trans zdir -?ZAVE sele all end
 RDCMND substituted energy or value "?ZAVE" to "21.7634484"
 SELRPN>  28820 atoms have been selected out of  28820
 TRANSLATION VECTOR     0.000000    0.000000  -21.763448
 SELECTED COORDINATES TRANSLATED IN THE MAIN SET.

  
 CHARMM>     
  
 CHARMM>    traj write
  
 CHARMM>    incr i by 1
 Parameter: I <- "149"
  
 CHARMM>    if i le @ts goto lpf
 Parameter: TS -> "200"
 Comparing "149" and "200".
 IF test evaluated as true.  Performing command
  
 CHARMM>    traj read
  
 CHARMM>    coor stat sele segid MEMB .and. resid @resid end
 Parameter: RESID -> "100"
 SELRPN>    138 atoms have been selected out of  28820
 STATISTICS FOR       138 SELECTED ATOMS:
    XMIN =  -22.540733 XMAX =   -6.897159 XAVE =  -14.791233
    YMIN =   17.935764 YMAX =   32.251129 YAVE =   24.851143
    ZMIN =   11.420787 ZMAX =   32.078915 ZAVE =   21.763449
    WMIN =    0.000000 WMAX =    0.000000 WAVE =    0.000000
  
 CHARMM>     
  
 CHARMM>    coor trans xdir -?XAVE sele all end
 RDCMND substituted energy or value "?XAVE" to "-14.7912327"
 SELRPN>  28820 atoms have been selected out of  28820
 TRANSLATION VECTOR    14.791233    0.000000    0.000000
 SELECTED COORDINATES TRANSLATED IN THE MAIN SET.

  
 CHARMM>    coor trans ydir -?YAVE sele all end
 RDCMND substituted energy or value "?YAVE" to "24.8511433"
 SELRPN>  28820 atoms have been selected out of  28820
 TRANSLATION VECTOR     0.000000  -24.851143    0.000000
 SELECTED COORDINATES TRANSLATED IN THE MAIN SET.

  
 CHARMM>    coor trans zdir -?ZAVE sele all end
 RDCMND substituted energy or value "?ZAVE" to "21.7634486"
 SELRPN>  28820 atoms have been selected out of  28820
 TRANSLATION VECTOR     0.000000    0.000000  -21.763449
 SELECTED COORDINATES TRANSLATED IN THE MAIN SET.

  
 CHARMM>     
  
 CHARMM>    traj write
  
 CHARMM>    incr i by 1
 Parameter: I <- "150"
  
 CHARMM>    if i le @ts goto lpf
 Parameter: TS -> "200"
 Comparing "150" and "200".
 IF test evaluated as true.  Performing command
  
 CHARMM>    traj read
  
 CHARMM>    coor stat sele segid MEMB .and. resid @resid end
 Parameter: RESID -> "100"
 SELRPN>    138 atoms have been selected out of  28820
 STATISTICS FOR       138 SELECTED ATOMS:
    XMIN =  -22.695366 XMAX =   -7.866244 XAVE =  -14.791233
    YMIN =   17.488411 YMAX =   31.979204 YAVE =   24.851144
    ZMIN =   10.969804 ZMAX =   32.610210 ZAVE =   21.763448
    WMIN =    0.000000 WMAX =    0.000000 WAVE =    0.000000
  
 CHARMM>     
  
 CHARMM>    coor trans xdir -?XAVE sele all end
 RDCMND substituted energy or value "?XAVE" to "-14.7912327"
 SELRPN>  28820 atoms have been selected out of  28820
 TRANSLATION VECTOR    14.791233    0.000000    0.000000
 SELECTED COORDINATES TRANSLATED IN THE MAIN SET.

  
 CHARMM>    coor trans ydir -?YAVE sele all end
 RDCMND substituted energy or value "?YAVE" to "24.851144"
 SELRPN>  28820 atoms have been selected out of  28820
 TRANSLATION VECTOR     0.000000  -24.851144    0.000000
 SELECTED COORDINATES TRANSLATED IN THE MAIN SET.

  
 CHARMM>    coor trans zdir -?ZAVE sele all end
 RDCMND substituted energy or value "?ZAVE" to "21.7634484"
 SELRPN>  28820 atoms have been selected out of  28820
 TRANSLATION VECTOR     0.000000    0.000000  -21.763448
 SELECTED COORDINATES TRANSLATED IN THE MAIN SET.

  
 CHARMM>     
  
 CHARMM>    traj write
  
 CHARMM>    incr i by 1
 Parameter: I <- "151"
  
 CHARMM>    if i le @ts goto lpf
 Parameter: TS -> "200"
 Comparing "151" and "200".
 IF test evaluated as true.  Performing command
  
 CHARMM>    traj read
  
 CHARMM>    coor stat sele segid MEMB .and. resid @resid end
 Parameter: RESID -> "100"
 SELRPN>    138 atoms have been selected out of  28820
 STATISTICS FOR       138 SELECTED ATOMS:
    XMIN =  -20.911654 XMAX =   -8.001680 XAVE =  -14.791233
    YMIN =   17.021786 YMAX =   32.995785 YAVE =   24.851144
    ZMIN =   10.945877 ZMAX =   31.983650 ZAVE =   21.763449
    WMIN =    0.000000 WMAX =    0.000000 WAVE =    0.000000
  
 CHARMM>     
  
 CHARMM>    coor trans xdir -?XAVE sele all end
 RDCMND substituted energy or value "?XAVE" to "-14.7912326"
 SELRPN>  28820 atoms have been selected out of  28820
 TRANSLATION VECTOR    14.791233    0.000000    0.000000
 SELECTED COORDINATES TRANSLATED IN THE MAIN SET.

  
 CHARMM>    coor trans ydir -?YAVE sele all end
 RDCMND substituted energy or value "?YAVE" to "24.8511444"
 SELRPN>  28820 atoms have been selected out of  28820
 TRANSLATION VECTOR     0.000000  -24.851144    0.000000
 SELECTED COORDINATES TRANSLATED IN THE MAIN SET.

  
 CHARMM>    coor trans zdir -?ZAVE sele all end
 RDCMND substituted energy or value "?ZAVE" to "21.7634485"
 SELRPN>  28820 atoms have been selected out of  28820
 TRANSLATION VECTOR     0.000000    0.000000  -21.763448
 SELECTED COORDINATES TRANSLATED IN THE MAIN SET.

  
 CHARMM>     
  
 CHARMM>    traj write
  
 CHARMM>    incr i by 1
 Parameter: I <- "152"
  
 CHARMM>    if i le @ts goto lpf
 Parameter: TS -> "200"
 Comparing "152" and "200".
 IF test evaluated as true.  Performing command
  
 CHARMM>    traj read
  
 CHARMM>    coor stat sele segid MEMB .and. resid @resid end
 Parameter: RESID -> "100"
 SELRPN>    138 atoms have been selected out of  28820
 STATISTICS FOR       138 SELECTED ATOMS:
    XMIN =  -22.039608 XMAX =   -7.725666 XAVE =  -14.791233
    YMIN =   16.276241 YMAX =   33.202251 YAVE =   24.851143
    ZMIN =   11.230751 ZMAX =   32.339085 ZAVE =   21.763449
    WMIN =    0.000000 WMAX =    0.000000 WAVE =    0.000000
  
 CHARMM>     
  
 CHARMM>    coor trans xdir -?XAVE sele all end
 RDCMND substituted energy or value "?XAVE" to "-14.7912326"
 SELRPN>  28820 atoms have been selected out of  28820
 TRANSLATION VECTOR    14.791233    0.000000    0.000000
 SELECTED COORDINATES TRANSLATED IN THE MAIN SET.

  
 CHARMM>    coor trans ydir -?YAVE sele all end
 RDCMND substituted energy or value "?YAVE" to "24.8511435"
 SELRPN>  28820 atoms have been selected out of  28820
 TRANSLATION VECTOR     0.000000  -24.851143    0.000000
 SELECTED COORDINATES TRANSLATED IN THE MAIN SET.

  
 CHARMM>    coor trans zdir -?ZAVE sele all end
 RDCMND substituted energy or value "?ZAVE" to "21.7634487"
 SELRPN>  28820 atoms have been selected out of  28820
 TRANSLATION VECTOR     0.000000    0.000000  -21.763449
 SELECTED COORDINATES TRANSLATED IN THE MAIN SET.

  
 CHARMM>     
  
 CHARMM>    traj write
  
 CHARMM>    incr i by 1
 Parameter: I <- "153"
  
 CHARMM>    if i le @ts goto lpf
 Parameter: TS -> "200"
 Comparing "153" and "200".
 IF test evaluated as true.  Performing command
  
 CHARMM>    traj read
  
 CHARMM>    coor stat sele segid MEMB .and. resid @resid end
 Parameter: RESID -> "100"
 SELRPN>    138 atoms have been selected out of  28820
 STATISTICS FOR       138 SELECTED ATOMS:
    XMIN =  -22.439423 XMAX =   -8.568016 XAVE =  -14.791233
    YMIN =   17.453196 YMAX =   32.761936 YAVE =   24.851144
    ZMIN =   11.488707 ZMAX =   32.425114 ZAVE =   21.763448
    WMIN =    0.000000 WMAX =    0.000000 WAVE =    0.000000
  
 CHARMM>     
  
 CHARMM>    coor trans xdir -?XAVE sele all end
 RDCMND substituted energy or value "?XAVE" to "-14.7912326"
 SELRPN>  28820 atoms have been selected out of  28820
 TRANSLATION VECTOR    14.791233    0.000000    0.000000
 SELECTED COORDINATES TRANSLATED IN THE MAIN SET.

  
 CHARMM>    coor trans ydir -?YAVE sele all end
 RDCMND substituted energy or value "?YAVE" to "24.8511444"
 SELRPN>  28820 atoms have been selected out of  28820
 TRANSLATION VECTOR     0.000000  -24.851144    0.000000
 SELECTED COORDINATES TRANSLATED IN THE MAIN SET.

  
 CHARMM>    coor trans zdir -?ZAVE sele all end
 RDCMND substituted energy or value "?ZAVE" to "21.7634479"
 SELRPN>  28820 atoms have been selected out of  28820
 TRANSLATION VECTOR     0.000000    0.000000  -21.763448
 SELECTED COORDINATES TRANSLATED IN THE MAIN SET.

  
 CHARMM>     
  
 CHARMM>    traj write
  
 CHARMM>    incr i by 1
 Parameter: I <- "154"
  
 CHARMM>    if i le @ts goto lpf
 Parameter: TS -> "200"
 Comparing "154" and "200".
 IF test evaluated as true.  Performing command
  
 CHARMM>    traj read
  
 CHARMM>    coor stat sele segid MEMB .and. resid @resid end
 Parameter: RESID -> "100"
 SELRPN>    138 atoms have been selected out of  28820
 STATISTICS FOR       138 SELECTED ATOMS:
    XMIN =  -24.736132 XMAX =   -7.607780 XAVE =  -14.791233
    YMIN =   18.212708 YMAX =   32.276337 YAVE =   24.851144
    ZMIN =   10.795634 ZMAX =   31.841871 ZAVE =   21.763449
    WMIN =    0.000000 WMAX =    0.000000 WAVE =    0.000000
  
 CHARMM>     
  
 CHARMM>    coor trans xdir -?XAVE sele all end
 RDCMND substituted energy or value "?XAVE" to "-14.7912327"
 SELRPN>  28820 atoms have been selected out of  28820
 TRANSLATION VECTOR    14.791233    0.000000    0.000000
 SELECTED COORDINATES TRANSLATED IN THE MAIN SET.

  
 CHARMM>    coor trans ydir -?YAVE sele all end
 RDCMND substituted energy or value "?YAVE" to "24.8511435"
 SELRPN>  28820 atoms have been selected out of  28820
 TRANSLATION VECTOR     0.000000  -24.851143    0.000000
 SELECTED COORDINATES TRANSLATED IN THE MAIN SET.

  
 CHARMM>    coor trans zdir -?ZAVE sele all end
 RDCMND substituted energy or value "?ZAVE" to "21.7634485"
 SELRPN>  28820 atoms have been selected out of  28820
 TRANSLATION VECTOR     0.000000    0.000000  -21.763448
 SELECTED COORDINATES TRANSLATED IN THE MAIN SET.

  
 CHARMM>     
  
 CHARMM>    traj write
  
 CHARMM>    incr i by 1
 Parameter: I <- "155"
  
 CHARMM>    if i le @ts goto lpf
 Parameter: TS -> "200"
 Comparing "155" and "200".
 IF test evaluated as true.  Performing command
  
 CHARMM>    traj read
  
 CHARMM>    coor stat sele segid MEMB .and. resid @resid end
 Parameter: RESID -> "100"
 SELRPN>    138 atoms have been selected out of  28820
 STATISTICS FOR       138 SELECTED ATOMS:
    XMIN =  -22.530931 XMAX =   -8.724850 XAVE =  -14.791233
    YMIN =   17.155235 YMAX =   32.559517 YAVE =   24.851145
    ZMIN =   11.214627 ZMAX =   31.754398 ZAVE =   21.763449
    WMIN =    0.000000 WMAX =    0.000000 WAVE =    0.000000
  
 CHARMM>     
  
 CHARMM>    coor trans xdir -?XAVE sele all end
 RDCMND substituted energy or value "?XAVE" to "-14.7912328"
 SELRPN>  28820 atoms have been selected out of  28820
 TRANSLATION VECTOR    14.791233    0.000000    0.000000
 SELECTED COORDINATES TRANSLATED IN THE MAIN SET.

  
 CHARMM>    coor trans ydir -?YAVE sele all end
 RDCMND substituted energy or value "?YAVE" to "24.8511451"
 SELRPN>  28820 atoms have been selected out of  28820
 TRANSLATION VECTOR     0.000000  -24.851145    0.000000
 SELECTED COORDINATES TRANSLATED IN THE MAIN SET.

  
 CHARMM>    coor trans zdir -?ZAVE sele all end
 RDCMND substituted energy or value "?ZAVE" to "21.7634486"
 SELRPN>  28820 atoms have been selected out of  28820
 TRANSLATION VECTOR     0.000000    0.000000  -21.763449
 SELECTED COORDINATES TRANSLATED IN THE MAIN SET.

  
 CHARMM>     
  
 CHARMM>    traj write
  
 CHARMM>    incr i by 1
 Parameter: I <- "156"
  
 CHARMM>    if i le @ts goto lpf
 Parameter: TS -> "200"
 Comparing "156" and "200".
 IF test evaluated as true.  Performing command
  
 CHARMM>    traj read
  
 CHARMM>    coor stat sele segid MEMB .and. resid @resid end
 Parameter: RESID -> "100"
 SELRPN>    138 atoms have been selected out of  28820
 STATISTICS FOR       138 SELECTED ATOMS:
    XMIN =  -23.858171 XMAX =   -7.593772 XAVE =  -14.791233
    YMIN =   17.962048 YMAX =   32.177273 YAVE =   24.851143
    ZMIN =   10.949696 ZMAX =   30.785419 ZAVE =   21.763448
    WMIN =    0.000000 WMAX =    0.000000 WAVE =    0.000000
  
 CHARMM>     
  
 CHARMM>    coor trans xdir -?XAVE sele all end
 RDCMND substituted energy or value "?XAVE" to "-14.7912327"
 SELRPN>  28820 atoms have been selected out of  28820
 TRANSLATION VECTOR    14.791233    0.000000    0.000000
 SELECTED COORDINATES TRANSLATED IN THE MAIN SET.

  
 CHARMM>    coor trans ydir -?YAVE sele all end
 RDCMND substituted energy or value "?YAVE" to "24.8511435"
 SELRPN>  28820 atoms have been selected out of  28820
 TRANSLATION VECTOR     0.000000  -24.851143    0.000000
 SELECTED COORDINATES TRANSLATED IN THE MAIN SET.

  
 CHARMM>    coor trans zdir -?ZAVE sele all end
 RDCMND substituted energy or value "?ZAVE" to "21.7634485"
 SELRPN>  28820 atoms have been selected out of  28820
 TRANSLATION VECTOR     0.000000    0.000000  -21.763448
 SELECTED COORDINATES TRANSLATED IN THE MAIN SET.

  
 CHARMM>     
  
 CHARMM>    traj write
  
 CHARMM>    incr i by 1
 Parameter: I <- "157"
  
 CHARMM>    if i le @ts goto lpf
 Parameter: TS -> "200"
 Comparing "157" and "200".
 IF test evaluated as true.  Performing command
  
 CHARMM>    traj read
  
 CHARMM>    coor stat sele segid MEMB .and. resid @resid end
 Parameter: RESID -> "100"
 SELRPN>    138 atoms have been selected out of  28820
 STATISTICS FOR       138 SELECTED ATOMS:
    XMIN =  -24.443285 XMAX =   -7.422118 XAVE =  -14.791233
    YMIN =   16.966969 YMAX =   31.866385 YAVE =   24.851144
    ZMIN =   10.097780 ZMAX =   33.943336 ZAVE =   21.763448
    WMIN =    0.000000 WMAX =    0.000000 WAVE =    0.000000
  
 CHARMM>     
  
 CHARMM>    coor trans xdir -?XAVE sele all end
 RDCMND substituted energy or value "?XAVE" to "-14.7912325"
 SELRPN>  28820 atoms have been selected out of  28820
 TRANSLATION VECTOR    14.791232    0.000000    0.000000
 SELECTED COORDINATES TRANSLATED IN THE MAIN SET.

  
 CHARMM>    coor trans ydir -?YAVE sele all end
 RDCMND substituted energy or value "?YAVE" to "24.8511444"
 SELRPN>  28820 atoms have been selected out of  28820
 TRANSLATION VECTOR     0.000000  -24.851144    0.000000
 SELECTED COORDINATES TRANSLATED IN THE MAIN SET.

  
 CHARMM>    coor trans zdir -?ZAVE sele all end
 RDCMND substituted energy or value "?ZAVE" to "21.7634481"
 SELRPN>  28820 atoms have been selected out of  28820
 TRANSLATION VECTOR     0.000000    0.000000  -21.763448
 SELECTED COORDINATES TRANSLATED IN THE MAIN SET.

  
 CHARMM>     
  
 CHARMM>    traj write
  
 CHARMM>    incr i by 1
 Parameter: I <- "158"
  
 CHARMM>    if i le @ts goto lpf
 Parameter: TS -> "200"
 Comparing "158" and "200".
 IF test evaluated as true.  Performing command
  
 CHARMM>    traj read
  
 CHARMM>    coor stat sele segid MEMB .and. resid @resid end
 Parameter: RESID -> "100"
 SELRPN>    138 atoms have been selected out of  28820
 STATISTICS FOR       138 SELECTED ATOMS:
    XMIN =  -22.957813 XMAX =   -7.137664 XAVE =  -14.791233
    YMIN =   16.073318 YMAX =   32.707977 YAVE =   24.851145
    ZMIN =   10.699998 ZMAX =   33.129818 ZAVE =   21.763448
    WMIN =    0.000000 WMAX =    0.000000 WAVE =    0.000000
  
 CHARMM>     
  
 CHARMM>    coor trans xdir -?XAVE sele all end
 RDCMND substituted energy or value "?XAVE" to "-14.7912326"
 SELRPN>  28820 atoms have been selected out of  28820
 TRANSLATION VECTOR    14.791233    0.000000    0.000000
 SELECTED COORDINATES TRANSLATED IN THE MAIN SET.

  
 CHARMM>    coor trans ydir -?YAVE sele all end
 RDCMND substituted energy or value "?YAVE" to "24.8511449"
 SELRPN>  28820 atoms have been selected out of  28820
 TRANSLATION VECTOR     0.000000  -24.851145    0.000000
 SELECTED COORDINATES TRANSLATED IN THE MAIN SET.

  
 CHARMM>    coor trans zdir -?ZAVE sele all end
 RDCMND substituted energy or value "?ZAVE" to "21.7634478"
 SELRPN>  28820 atoms have been selected out of  28820
 TRANSLATION VECTOR     0.000000    0.000000  -21.763448
 SELECTED COORDINATES TRANSLATED IN THE MAIN SET.

  
 CHARMM>     
  
 CHARMM>    traj write
  
 CHARMM>    incr i by 1
 Parameter: I <- "159"
  
 CHARMM>    if i le @ts goto lpf
 Parameter: TS -> "200"
 Comparing "159" and "200".
 IF test evaluated as true.  Performing command
  
 CHARMM>    traj read
  
 CHARMM>    coor stat sele segid MEMB .and. resid @resid end
 Parameter: RESID -> "100"
 SELRPN>    138 atoms have been selected out of  28820
 STATISTICS FOR       138 SELECTED ATOMS:
    XMIN =  -23.054491 XMAX =   -7.781744 XAVE =  -14.791233
    YMIN =   16.789047 YMAX =   32.962753 YAVE =   24.851145
    ZMIN =   10.239001 ZMAX =   34.336147 ZAVE =   21.763448
    WMIN =    0.000000 WMAX =    0.000000 WAVE =    0.000000
  
 CHARMM>     
  
 CHARMM>    coor trans xdir -?XAVE sele all end
 RDCMND substituted energy or value "?XAVE" to "-14.7912326"
 SELRPN>  28820 atoms have been selected out of  28820
 TRANSLATION VECTOR    14.791233    0.000000    0.000000
 SELECTED COORDINATES TRANSLATED IN THE MAIN SET.

  
 CHARMM>    coor trans ydir -?YAVE sele all end
 RDCMND substituted energy or value "?YAVE" to "24.8511448"
 SELRPN>  28820 atoms have been selected out of  28820
 TRANSLATION VECTOR     0.000000  -24.851145    0.000000
 SELECTED COORDINATES TRANSLATED IN THE MAIN SET.

  
 CHARMM>    coor trans zdir -?ZAVE sele all end
 RDCMND substituted energy or value "?ZAVE" to "21.7634478"
 SELRPN>  28820 atoms have been selected out of  28820
 TRANSLATION VECTOR     0.000000    0.000000  -21.763448
 SELECTED COORDINATES TRANSLATED IN THE MAIN SET.

  
 CHARMM>     
  
 CHARMM>    traj write
  
 CHARMM>    incr i by 1
 Parameter: I <- "160"
  
 CHARMM>    if i le @ts goto lpf
 Parameter: TS -> "200"
 Comparing "160" and "200".
 IF test evaluated as true.  Performing command
  
 CHARMM>    traj read
  
 CHARMM>    coor stat sele segid MEMB .and. resid @resid end
 Parameter: RESID -> "100"
 SELRPN>    138 atoms have been selected out of  28820
 STATISTICS FOR       138 SELECTED ATOMS:
    XMIN =  -24.666700 XMAX =   -7.518981 XAVE =  -14.791232
    YMIN =   16.502029 YMAX =   32.134613 YAVE =   24.851144
    ZMIN =   10.601331 ZMAX =   31.901985 ZAVE =   21.763448
    WMIN =    0.000000 WMAX =    0.000000 WAVE =    0.000000
  
 CHARMM>     
  
 CHARMM>    coor trans xdir -?XAVE sele all end
 RDCMND substituted energy or value "?XAVE" to "-14.7912325"
 SELRPN>  28820 atoms have been selected out of  28820
 TRANSLATION VECTOR    14.791232    0.000000    0.000000
 SELECTED COORDINATES TRANSLATED IN THE MAIN SET.

  
 CHARMM>    coor trans ydir -?YAVE sele all end
 RDCMND substituted energy or value "?YAVE" to "24.8511435"
 SELRPN>  28820 atoms have been selected out of  28820
 TRANSLATION VECTOR     0.000000  -24.851143    0.000000
 SELECTED COORDINATES TRANSLATED IN THE MAIN SET.

  
 CHARMM>    coor trans zdir -?ZAVE sele all end
 RDCMND substituted energy or value "?ZAVE" to "21.7634483"
 SELRPN>  28820 atoms have been selected out of  28820
 TRANSLATION VECTOR     0.000000    0.000000  -21.763448
 SELECTED COORDINATES TRANSLATED IN THE MAIN SET.

  
 CHARMM>     
  
 CHARMM>    traj write
  
 CHARMM>    incr i by 1
 Parameter: I <- "161"
  
 CHARMM>    if i le @ts goto lpf
 Parameter: TS -> "200"
 Comparing "161" and "200".
 IF test evaluated as true.  Performing command
  
 CHARMM>    traj read
  
 CHARMM>    coor stat sele segid MEMB .and. resid @resid end
 Parameter: RESID -> "100"
 SELRPN>    138 atoms have been selected out of  28820
 STATISTICS FOR       138 SELECTED ATOMS:
    XMIN =  -25.154661 XMAX =   -7.737319 XAVE =  -14.791232
    YMIN =   17.450914 YMAX =   31.610086 YAVE =   24.851144
    ZMIN =   10.487362 ZMAX =   33.321892 ZAVE =   21.763448
    WMIN =    0.000000 WMAX =    0.000000 WAVE =    0.000000
  
 CHARMM>     
  
 CHARMM>    coor trans xdir -?XAVE sele all end
 RDCMND substituted energy or value "?XAVE" to "-14.7912324"
 SELRPN>  28820 atoms have been selected out of  28820
 TRANSLATION VECTOR    14.791232    0.000000    0.000000
 SELECTED COORDINATES TRANSLATED IN THE MAIN SET.

  
 CHARMM>    coor trans ydir -?YAVE sele all end
 RDCMND substituted energy or value "?YAVE" to "24.8511442"
 SELRPN>  28820 atoms have been selected out of  28820
 TRANSLATION VECTOR     0.000000  -24.851144    0.000000
 SELECTED COORDINATES TRANSLATED IN THE MAIN SET.

  
 CHARMM>    coor trans zdir -?ZAVE sele all end
 RDCMND substituted energy or value "?ZAVE" to "21.763448"
 SELRPN>  28820 atoms have been selected out of  28820
 TRANSLATION VECTOR     0.000000    0.000000  -21.763448
 SELECTED COORDINATES TRANSLATED IN THE MAIN SET.

  
 CHARMM>     
  
 CHARMM>    traj write
  
 CHARMM>    incr i by 1
 Parameter: I <- "162"
  
 CHARMM>    if i le @ts goto lpf
 Parameter: TS -> "200"
 Comparing "162" and "200".
 IF test evaluated as true.  Performing command
  
 CHARMM>    traj read
  
 CHARMM>    coor stat sele segid MEMB .and. resid @resid end
 Parameter: RESID -> "100"
 SELRPN>    138 atoms have been selected out of  28820
 STATISTICS FOR       138 SELECTED ATOMS:
    XMIN =  -22.992037 XMAX =   -8.206829 XAVE =  -14.791232
    YMIN =   17.408585 YMAX =   31.763763 YAVE =   24.851145
    ZMIN =    9.753908 ZMAX =   34.599598 ZAVE =   21.763448
    WMIN =    0.000000 WMAX =    0.000000 WAVE =    0.000000
  
 CHARMM>     
  
 CHARMM>    coor trans xdir -?XAVE sele all end
 RDCMND substituted energy or value "?XAVE" to "-14.7912325"
 SELRPN>  28820 atoms have been selected out of  28820
 TRANSLATION VECTOR    14.791232    0.000000    0.000000
 SELECTED COORDINATES TRANSLATED IN THE MAIN SET.

  
 CHARMM>    coor trans ydir -?YAVE sele all end
 RDCMND substituted energy or value "?YAVE" to "24.8511451"
 SELRPN>  28820 atoms have been selected out of  28820
 TRANSLATION VECTOR     0.000000  -24.851145    0.000000
 SELECTED COORDINATES TRANSLATED IN THE MAIN SET.

  
 CHARMM>    coor trans zdir -?ZAVE sele all end
 RDCMND substituted energy or value "?ZAVE" to "21.7634485"
 SELRPN>  28820 atoms have been selected out of  28820
 TRANSLATION VECTOR     0.000000    0.000000  -21.763448
 SELECTED COORDINATES TRANSLATED IN THE MAIN SET.

  
 CHARMM>     
  
 CHARMM>    traj write
  
 CHARMM>    incr i by 1
 Parameter: I <- "163"
  
 CHARMM>    if i le @ts goto lpf
 Parameter: TS -> "200"
 Comparing "163" and "200".
 IF test evaluated as true.  Performing command
  
 CHARMM>    traj read
  
 CHARMM>    coor stat sele segid MEMB .and. resid @resid end
 Parameter: RESID -> "100"
 SELRPN>    138 atoms have been selected out of  28820
 STATISTICS FOR       138 SELECTED ATOMS:
    XMIN =  -23.333582 XMAX =   -7.292440 XAVE =  -14.791233
    YMIN =   16.479923 YMAX =   31.578829 YAVE =   24.851145
    ZMIN =    9.735159 ZMAX =   31.865459 ZAVE =   21.763448
    WMIN =    0.000000 WMAX =    0.000000 WAVE =    0.000000
  
 CHARMM>     
  
 CHARMM>    coor trans xdir -?XAVE sele all end
 RDCMND substituted energy or value "?XAVE" to "-14.7912326"
 SELRPN>  28820 atoms have been selected out of  28820
 TRANSLATION VECTOR    14.791233    0.000000    0.000000
 SELECTED COORDINATES TRANSLATED IN THE MAIN SET.

  
 CHARMM>    coor trans ydir -?YAVE sele all end
 RDCMND substituted energy or value "?YAVE" to "24.8511445"
 SELRPN>  28820 atoms have been selected out of  28820
 TRANSLATION VECTOR     0.000000  -24.851145    0.000000
 SELECTED COORDINATES TRANSLATED IN THE MAIN SET.

  
 CHARMM>    coor trans zdir -?ZAVE sele all end
 RDCMND substituted energy or value "?ZAVE" to "21.7634483"
 SELRPN>  28820 atoms have been selected out of  28820
 TRANSLATION VECTOR     0.000000    0.000000  -21.763448
 SELECTED COORDINATES TRANSLATED IN THE MAIN SET.

  
 CHARMM>     
  
 CHARMM>    traj write
  
 CHARMM>    incr i by 1
 Parameter: I <- "164"
  
 CHARMM>    if i le @ts goto lpf
 Parameter: TS -> "200"
 Comparing "164" and "200".
 IF test evaluated as true.  Performing command
  
 CHARMM>    traj read
  
 CHARMM>    coor stat sele segid MEMB .and. resid @resid end
 Parameter: RESID -> "100"
 SELRPN>    138 atoms have been selected out of  28820
 STATISTICS FOR       138 SELECTED ATOMS:
    XMIN =  -25.180641 XMAX =   -6.475887 XAVE =  -14.791233
    YMIN =   17.229391 YMAX =   31.745661 YAVE =   24.851144
    ZMIN =   10.769787 ZMAX =   31.414278 ZAVE =   21.763448
    WMIN =    0.000000 WMAX =    0.000000 WAVE =    0.000000
  
 CHARMM>     
  
 CHARMM>    coor trans xdir -?XAVE sele all end
 RDCMND substituted energy or value "?XAVE" to "-14.7912328"
 SELRPN>  28820 atoms have been selected out of  28820
 TRANSLATION VECTOR    14.791233    0.000000    0.000000
 SELECTED COORDINATES TRANSLATED IN THE MAIN SET.

  
 CHARMM>    coor trans ydir -?YAVE sele all end
 RDCMND substituted energy or value "?YAVE" to "24.851144"
 SELRPN>  28820 atoms have been selected out of  28820
 TRANSLATION VECTOR     0.000000  -24.851144    0.000000
 SELECTED COORDINATES TRANSLATED IN THE MAIN SET.

  
 CHARMM>    coor trans zdir -?ZAVE sele all end
 RDCMND substituted energy or value "?ZAVE" to "21.7634482"
 SELRPN>  28820 atoms have been selected out of  28820
 TRANSLATION VECTOR     0.000000    0.000000  -21.763448
 SELECTED COORDINATES TRANSLATED IN THE MAIN SET.

  
 CHARMM>     
  
 CHARMM>    traj write
  
 CHARMM>    incr i by 1
 Parameter: I <- "165"
  
 CHARMM>    if i le @ts goto lpf
 Parameter: TS -> "200"
 Comparing "165" and "200".
 IF test evaluated as true.  Performing command
  
 CHARMM>    traj read
  
 CHARMM>    coor stat sele segid MEMB .and. resid @resid end
 Parameter: RESID -> "100"
 SELRPN>    138 atoms have been selected out of  28820
 STATISTICS FOR       138 SELECTED ATOMS:
    XMIN =  -23.922865 XMAX =   -6.874678 XAVE =  -14.791233
    YMIN =   16.468077 YMAX =   32.054558 YAVE =   24.851144
    ZMIN =   10.111367 ZMAX =   32.026600 ZAVE =   21.763448
    WMIN =    0.000000 WMAX =    0.000000 WAVE =    0.000000
  
 CHARMM>     
  
 CHARMM>    coor trans xdir -?XAVE sele all end
 RDCMND substituted energy or value "?XAVE" to "-14.7912326"
 SELRPN>  28820 atoms have been selected out of  28820
 TRANSLATION VECTOR    14.791233    0.000000    0.000000
 SELECTED COORDINATES TRANSLATED IN THE MAIN SET.

  
 CHARMM>    coor trans ydir -?YAVE sele all end
 RDCMND substituted energy or value "?YAVE" to "24.8511438"
 SELRPN>  28820 atoms have been selected out of  28820
 TRANSLATION VECTOR     0.000000  -24.851144    0.000000
 SELECTED COORDINATES TRANSLATED IN THE MAIN SET.

  
 CHARMM>    coor trans zdir -?ZAVE sele all end
 RDCMND substituted energy or value "?ZAVE" to "21.7634478"
 SELRPN>  28820 atoms have been selected out of  28820
 TRANSLATION VECTOR     0.000000    0.000000  -21.763448
 SELECTED COORDINATES TRANSLATED IN THE MAIN SET.

  
 CHARMM>     
  
 CHARMM>    traj write
  
 CHARMM>    incr i by 1
 Parameter: I <- "166"
  
 CHARMM>    if i le @ts goto lpf
 Parameter: TS -> "200"
 Comparing "166" and "200".
 IF test evaluated as true.  Performing command
  
 CHARMM>    traj read
  
 CHARMM>    coor stat sele segid MEMB .and. resid @resid end
 Parameter: RESID -> "100"
 SELRPN>    138 atoms have been selected out of  28820
 STATISTICS FOR       138 SELECTED ATOMS:
    XMIN =  -24.570675 XMAX =   -7.003864 XAVE =  -14.791233
    YMIN =   16.272779 YMAX =   31.948946 YAVE =   24.851145
    ZMIN =    9.984404 ZMAX =   32.159370 ZAVE =   21.763449
    WMIN =    0.000000 WMAX =    0.000000 WAVE =    0.000000
  
 CHARMM>     
  
 CHARMM>    coor trans xdir -?XAVE sele all end
 RDCMND substituted energy or value "?XAVE" to "-14.7912327"
 SELRPN>  28820 atoms have been selected out of  28820
 TRANSLATION VECTOR    14.791233    0.000000    0.000000
 SELECTED COORDINATES TRANSLATED IN THE MAIN SET.

  
 CHARMM>    coor trans ydir -?YAVE sele all end
 RDCMND substituted energy or value "?YAVE" to "24.8511449"
 SELRPN>  28820 atoms have been selected out of  28820
 TRANSLATION VECTOR     0.000000  -24.851145    0.000000
 SELECTED COORDINATES TRANSLATED IN THE MAIN SET.

  
 CHARMM>    coor trans zdir -?ZAVE sele all end
 RDCMND substituted energy or value "?ZAVE" to "21.7634485"
 SELRPN>  28820 atoms have been selected out of  28820
 TRANSLATION VECTOR     0.000000    0.000000  -21.763448
 SELECTED COORDINATES TRANSLATED IN THE MAIN SET.

  
 CHARMM>     
  
 CHARMM>    traj write
  
 CHARMM>    incr i by 1
 Parameter: I <- "167"
  
 CHARMM>    if i le @ts goto lpf
 Parameter: TS -> "200"
 Comparing "167" and "200".
 IF test evaluated as true.  Performing command
  
 CHARMM>    traj read
  
 CHARMM>    coor stat sele segid MEMB .and. resid @resid end
 Parameter: RESID -> "100"
 SELRPN>    138 atoms have been selected out of  28820
 STATISTICS FOR       138 SELECTED ATOMS:
    XMIN =  -23.675085 XMAX =   -7.115793 XAVE =  -14.791233
    YMIN =   16.823143 YMAX =   31.192169 YAVE =   24.851144
    ZMIN =    9.231256 ZMAX =   33.013683 ZAVE =   21.763448
    WMIN =    0.000000 WMAX =    0.000000 WAVE =    0.000000
  
 CHARMM>     
  
 CHARMM>    coor trans xdir -?XAVE sele all end
 RDCMND substituted energy or value "?XAVE" to "-14.7912327"
 SELRPN>  28820 atoms have been selected out of  28820
 TRANSLATION VECTOR    14.791233    0.000000    0.000000
 SELECTED COORDINATES TRANSLATED IN THE MAIN SET.

  
 CHARMM>    coor trans ydir -?YAVE sele all end
 RDCMND substituted energy or value "?YAVE" to "24.8511442"
 SELRPN>  28820 atoms have been selected out of  28820
 TRANSLATION VECTOR     0.000000  -24.851144    0.000000
 SELECTED COORDINATES TRANSLATED IN THE MAIN SET.

  
 CHARMM>    coor trans zdir -?ZAVE sele all end
 RDCMND substituted energy or value "?ZAVE" to "21.7634484"
 SELRPN>  28820 atoms have been selected out of  28820
 TRANSLATION VECTOR     0.000000    0.000000  -21.763448
 SELECTED COORDINATES TRANSLATED IN THE MAIN SET.

  
 CHARMM>     
  
 CHARMM>    traj write
  
 CHARMM>    incr i by 1
 Parameter: I <- "168"
  
 CHARMM>    if i le @ts goto lpf
 Parameter: TS -> "200"
 Comparing "168" and "200".
 IF test evaluated as true.  Performing command
  
 CHARMM>    traj read
  
 CHARMM>    coor stat sele segid MEMB .and. resid @resid end
 Parameter: RESID -> "100"
 SELRPN>    138 atoms have been selected out of  28820
 STATISTICS FOR       138 SELECTED ATOMS:
    XMIN =  -23.073421 XMAX =   -6.792575 XAVE =  -14.791232
    YMIN =   17.184217 YMAX =   31.161798 YAVE =   24.851143
    ZMIN =    9.616533 ZMAX =   31.907568 ZAVE =   21.763448
    WMIN =    0.000000 WMAX =    0.000000 WAVE =    0.000000
  
 CHARMM>     
  
 CHARMM>    coor trans xdir -?XAVE sele all end
 RDCMND substituted energy or value "?XAVE" to "-14.7912324"
 SELRPN>  28820 atoms have been selected out of  28820
 TRANSLATION VECTOR    14.791232    0.000000    0.000000
 SELECTED COORDINATES TRANSLATED IN THE MAIN SET.

  
 CHARMM>    coor trans ydir -?YAVE sele all end
 RDCMND substituted energy or value "?YAVE" to "24.8511433"
 SELRPN>  28820 atoms have been selected out of  28820
 TRANSLATION VECTOR     0.000000  -24.851143    0.000000
 SELECTED COORDINATES TRANSLATED IN THE MAIN SET.

  
 CHARMM>    coor trans zdir -?ZAVE sele all end
 RDCMND substituted energy or value "?ZAVE" to "21.7634478"
 SELRPN>  28820 atoms have been selected out of  28820
 TRANSLATION VECTOR     0.000000    0.000000  -21.763448
 SELECTED COORDINATES TRANSLATED IN THE MAIN SET.

  
 CHARMM>     
  
 CHARMM>    traj write
  
 CHARMM>    incr i by 1
 Parameter: I <- "169"
  
 CHARMM>    if i le @ts goto lpf
 Parameter: TS -> "200"
 Comparing "169" and "200".
 IF test evaluated as true.  Performing command
  
 CHARMM>    traj read
  
 CHARMM>    coor stat sele segid MEMB .and. resid @resid end
 Parameter: RESID -> "100"
 SELRPN>    138 atoms have been selected out of  28820
 STATISTICS FOR       138 SELECTED ATOMS:
    XMIN =  -24.739235 XMAX =   -6.903935 XAVE =  -14.791232
    YMIN =   18.562931 YMAX =   30.724894 YAVE =   24.851145
    ZMIN =    8.826989 ZMAX =   31.764299 ZAVE =   21.763449
    WMIN =    0.000000 WMAX =    0.000000 WAVE =    0.000000
  
 CHARMM>     
  
 CHARMM>    coor trans xdir -?XAVE sele all end
 RDCMND substituted energy or value "?XAVE" to "-14.7912324"
 SELRPN>  28820 atoms have been selected out of  28820
 TRANSLATION VECTOR    14.791232    0.000000    0.000000
 SELECTED COORDINATES TRANSLATED IN THE MAIN SET.

  
 CHARMM>    coor trans ydir -?YAVE sele all end
 RDCMND substituted energy or value "?YAVE" to "24.8511446"
 SELRPN>  28820 atoms have been selected out of  28820
 TRANSLATION VECTOR     0.000000  -24.851145    0.000000
 SELECTED COORDINATES TRANSLATED IN THE MAIN SET.

  
 CHARMM>    coor trans zdir -?ZAVE sele all end
 RDCMND substituted energy or value "?ZAVE" to "21.7634485"
 SELRPN>  28820 atoms have been selected out of  28820
 TRANSLATION VECTOR     0.000000    0.000000  -21.763448
 SELECTED COORDINATES TRANSLATED IN THE MAIN SET.

  
 CHARMM>     
  
 CHARMM>    traj write
  
 CHARMM>    incr i by 1
 Parameter: I <- "170"
  
 CHARMM>    if i le @ts goto lpf
 Parameter: TS -> "200"
 Comparing "170" and "200".
 IF test evaluated as true.  Performing command
  
 CHARMM>    traj read
  
 CHARMM>    coor stat sele segid MEMB .and. resid @resid end
 Parameter: RESID -> "100"
 SELRPN>    138 atoms have been selected out of  28820
 STATISTICS FOR       138 SELECTED ATOMS:
    XMIN =  -24.962614 XMAX =   -6.877595 XAVE =  -14.791233
    YMIN =   18.451662 YMAX =   30.524637 YAVE =   24.851144
    ZMIN =    8.786283 ZMAX =   33.079361 ZAVE =   21.763448
    WMIN =    0.000000 WMAX =    0.000000 WAVE =    0.000000
  
 CHARMM>     
  
 CHARMM>    coor trans xdir -?XAVE sele all end
 RDCMND substituted energy or value "?XAVE" to "-14.7912327"
 SELRPN>  28820 atoms have been selected out of  28820
 TRANSLATION VECTOR    14.791233    0.000000    0.000000
 SELECTED COORDINATES TRANSLATED IN THE MAIN SET.

  
 CHARMM>    coor trans ydir -?YAVE sele all end
 RDCMND substituted energy or value "?YAVE" to "24.8511439"
 SELRPN>  28820 atoms have been selected out of  28820
 TRANSLATION VECTOR     0.000000  -24.851144    0.000000
 SELECTED COORDINATES TRANSLATED IN THE MAIN SET.

  
 CHARMM>    coor trans zdir -?ZAVE sele all end
 RDCMND substituted energy or value "?ZAVE" to "21.7634483"
 SELRPN>  28820 atoms have been selected out of  28820
 TRANSLATION VECTOR     0.000000    0.000000  -21.763448
 SELECTED COORDINATES TRANSLATED IN THE MAIN SET.

  
 CHARMM>     
  
 CHARMM>    traj write
  
 CHARMM>    incr i by 1
 Parameter: I <- "171"
  
 CHARMM>    if i le @ts goto lpf
 Parameter: TS -> "200"
 Comparing "171" and "200".
 IF test evaluated as true.  Performing command
  
 CHARMM>    traj read
  
 CHARMM>    coor stat sele segid MEMB .and. resid @resid end
 Parameter: RESID -> "100"
 SELRPN>    138 atoms have been selected out of  28820
 STATISTICS FOR       138 SELECTED ATOMS:
    XMIN =  -23.248232 XMAX =   -7.449533 XAVE =  -14.791233
    YMIN =   16.719181 YMAX =   31.089529 YAVE =   24.851144
    ZMIN =    9.373694 ZMAX =   32.492531 ZAVE =   21.763448
    WMIN =    0.000000 WMAX =    0.000000 WAVE =    0.000000
  
 CHARMM>     
  
 CHARMM>    coor trans xdir -?XAVE sele all end
 RDCMND substituted energy or value "?XAVE" to "-14.7912328"
 SELRPN>  28820 atoms have been selected out of  28820
 TRANSLATION VECTOR    14.791233    0.000000    0.000000
 SELECTED COORDINATES TRANSLATED IN THE MAIN SET.

  
 CHARMM>    coor trans ydir -?YAVE sele all end
 RDCMND substituted energy or value "?YAVE" to "24.8511441"
 SELRPN>  28820 atoms have been selected out of  28820
 TRANSLATION VECTOR     0.000000  -24.851144    0.000000
 SELECTED COORDINATES TRANSLATED IN THE MAIN SET.

  
 CHARMM>    coor trans zdir -?ZAVE sele all end
 RDCMND substituted energy or value "?ZAVE" to "21.7634477"
 SELRPN>  28820 atoms have been selected out of  28820
 TRANSLATION VECTOR     0.000000    0.000000  -21.763448
 SELECTED COORDINATES TRANSLATED IN THE MAIN SET.

  
 CHARMM>     
  
 CHARMM>    traj write
  
 CHARMM>    incr i by 1
 Parameter: I <- "172"
  
 CHARMM>    if i le @ts goto lpf
 Parameter: TS -> "200"
 Comparing "172" and "200".
 IF test evaluated as true.  Performing command
  
 CHARMM>    traj read
  
 CHARMM>    coor stat sele segid MEMB .and. resid @resid end
 Parameter: RESID -> "100"
 SELRPN>    138 atoms have been selected out of  28820
 STATISTICS FOR       138 SELECTED ATOMS:
    XMIN =  -22.779253 XMAX =   -7.971949 XAVE =  -14.791233
    YMIN =   17.628040 YMAX =   31.395861 YAVE =   24.851144
    ZMIN =    8.810235 ZMAX =   32.646580 ZAVE =   21.763449
    WMIN =    0.000000 WMAX =    0.000000 WAVE =    0.000000
  
 CHARMM>     
  
 CHARMM>    coor trans xdir -?XAVE sele all end
 RDCMND substituted energy or value "?XAVE" to "-14.791233"
 SELRPN>  28820 atoms have been selected out of  28820
 TRANSLATION VECTOR    14.791233    0.000000    0.000000
 SELECTED COORDINATES TRANSLATED IN THE MAIN SET.

  
 CHARMM>    coor trans ydir -?YAVE sele all end
 RDCMND substituted energy or value "?YAVE" to "24.8511444"
 SELRPN>  28820 atoms have been selected out of  28820
 TRANSLATION VECTOR     0.000000  -24.851144    0.000000
 SELECTED COORDINATES TRANSLATED IN THE MAIN SET.

  
 CHARMM>    coor trans zdir -?ZAVE sele all end
 RDCMND substituted energy or value "?ZAVE" to "21.7634485"
 SELRPN>  28820 atoms have been selected out of  28820
 TRANSLATION VECTOR     0.000000    0.000000  -21.763448
 SELECTED COORDINATES TRANSLATED IN THE MAIN SET.

  
 CHARMM>     
  
 CHARMM>    traj write
  
 CHARMM>    incr i by 1
 Parameter: I <- "173"
  
 CHARMM>    if i le @ts goto lpf
 Parameter: TS -> "200"
 Comparing "173" and "200".
 IF test evaluated as true.  Performing command
  
 CHARMM>    traj read
  
 CHARMM>    coor stat sele segid MEMB .and. resid @resid end
 Parameter: RESID -> "100"
 SELRPN>    138 atoms have been selected out of  28820
 STATISTICS FOR       138 SELECTED ATOMS:
    XMIN =  -23.437586 XMAX =   -7.488309 XAVE =  -14.791233
    YMIN =   16.413126 YMAX =   32.716499 YAVE =   24.851145
    ZMIN =    8.392717 ZMAX =   33.026173 ZAVE =   21.763448
    WMIN =    0.000000 WMAX =    0.000000 WAVE =    0.000000
  
 CHARMM>     
  
 CHARMM>    coor trans xdir -?XAVE sele all end
 RDCMND substituted energy or value "?XAVE" to "-14.7912326"
 SELRPN>  28820 atoms have been selected out of  28820
 TRANSLATION VECTOR    14.791233    0.000000    0.000000
 SELECTED COORDINATES TRANSLATED IN THE MAIN SET.

  
 CHARMM>    coor trans ydir -?YAVE sele all end
 RDCMND substituted energy or value "?YAVE" to "24.8511447"
 SELRPN>  28820 atoms have been selected out of  28820
 TRANSLATION VECTOR     0.000000  -24.851145    0.000000
 SELECTED COORDINATES TRANSLATED IN THE MAIN SET.

  
 CHARMM>    coor trans zdir -?ZAVE sele all end
 RDCMND substituted energy or value "?ZAVE" to "21.7634478"
 SELRPN>  28820 atoms have been selected out of  28820
 TRANSLATION VECTOR     0.000000    0.000000  -21.763448
 SELECTED COORDINATES TRANSLATED IN THE MAIN SET.

  
 CHARMM>     
  
 CHARMM>    traj write
  
 CHARMM>    incr i by 1
 Parameter: I <- "174"
  
 CHARMM>    if i le @ts goto lpf
 Parameter: TS -> "200"
 Comparing "174" and "200".
 IF test evaluated as true.  Performing command
  
 CHARMM>    traj read
  
 CHARMM>    coor stat sele segid MEMB .and. resid @resid end
 Parameter: RESID -> "100"
 SELRPN>    138 atoms have been selected out of  28820
 STATISTICS FOR       138 SELECTED ATOMS:
    XMIN =  -22.694448 XMAX =   -7.963274 XAVE =  -14.791233
    YMIN =   16.123508 YMAX =   31.984346 YAVE =   24.851145
    ZMIN =    8.176990 ZMAX =   31.344154 ZAVE =   21.763448
    WMIN =    0.000000 WMAX =    0.000000 WAVE =    0.000000
  
 CHARMM>     
  
 CHARMM>    coor trans xdir -?XAVE sele all end
 RDCMND substituted energy or value "?XAVE" to "-14.7912327"
 SELRPN>  28820 atoms have been selected out of  28820
 TRANSLATION VECTOR    14.791233    0.000000    0.000000
 SELECTED COORDINATES TRANSLATED IN THE MAIN SET.

  
 CHARMM>    coor trans ydir -?YAVE sele all end
 RDCMND substituted energy or value "?YAVE" to "24.8511448"
 SELRPN>  28820 atoms have been selected out of  28820
 TRANSLATION VECTOR     0.000000  -24.851145    0.000000
 SELECTED COORDINATES TRANSLATED IN THE MAIN SET.

  
 CHARMM>    coor trans zdir -?ZAVE sele all end
 RDCMND substituted energy or value "?ZAVE" to "21.7634484"
 SELRPN>  28820 atoms have been selected out of  28820
 TRANSLATION VECTOR     0.000000    0.000000  -21.763448
 SELECTED COORDINATES TRANSLATED IN THE MAIN SET.

  
 CHARMM>     
  
 CHARMM>    traj write
  
 CHARMM>    incr i by 1
 Parameter: I <- "175"
  
 CHARMM>    if i le @ts goto lpf
 Parameter: TS -> "200"
 Comparing "175" and "200".
 IF test evaluated as true.  Performing command
  
 CHARMM>    traj read
  
 CHARMM>    coor stat sele segid MEMB .and. resid @resid end
 Parameter: RESID -> "100"
 SELRPN>    138 atoms have been selected out of  28820
 STATISTICS FOR       138 SELECTED ATOMS:
    XMIN =  -23.052900 XMAX =   -7.646644 XAVE =  -14.791233
    YMIN =   16.635059 YMAX =   32.226246 YAVE =   24.851145
    ZMIN =    8.901666 ZMAX =   32.042324 ZAVE =   21.763448
    WMIN =    0.000000 WMAX =    0.000000 WAVE =    0.000000
  
 CHARMM>     
  
 CHARMM>    coor trans xdir -?XAVE sele all end
 RDCMND substituted energy or value "?XAVE" to "-14.7912329"
 SELRPN>  28820 atoms have been selected out of  28820
 TRANSLATION VECTOR    14.791233    0.000000    0.000000
 SELECTED COORDINATES TRANSLATED IN THE MAIN SET.

  
 CHARMM>    coor trans ydir -?YAVE sele all end
 RDCMND substituted energy or value "?YAVE" to "24.8511451"
 SELRPN>  28820 atoms have been selected out of  28820
 TRANSLATION VECTOR     0.000000  -24.851145    0.000000
 SELECTED COORDINATES TRANSLATED IN THE MAIN SET.

  
 CHARMM>    coor trans zdir -?ZAVE sele all end
 RDCMND substituted energy or value "?ZAVE" to "21.7634479"
 SELRPN>  28820 atoms have been selected out of  28820
 TRANSLATION VECTOR     0.000000    0.000000  -21.763448
 SELECTED COORDINATES TRANSLATED IN THE MAIN SET.

  
 CHARMM>     
  
 CHARMM>    traj write
  
 CHARMM>    incr i by 1
 Parameter: I <- "176"
  
 CHARMM>    if i le @ts goto lpf
 Parameter: TS -> "200"
 Comparing "176" and "200".
 IF test evaluated as true.  Performing command
  
 CHARMM>    traj read
  
 CHARMM>    coor stat sele segid MEMB .and. resid @resid end
 Parameter: RESID -> "100"
 SELRPN>    138 atoms have been selected out of  28820
 STATISTICS FOR       138 SELECTED ATOMS:
    XMIN =  -23.313845 XMAX =   -7.283737 XAVE =  -14.791233
    YMIN =   16.754131 YMAX =   31.450375 YAVE =   24.851144
    ZMIN =    8.115218 ZMAX =   32.547428 ZAVE =   21.763449
    WMIN =    0.000000 WMAX =    0.000000 WAVE =    0.000000
  
 CHARMM>     
  
 CHARMM>    coor trans xdir -?XAVE sele all end
 RDCMND substituted energy or value "?XAVE" to "-14.7912328"
 SELRPN>  28820 atoms have been selected out of  28820
 TRANSLATION VECTOR    14.791233    0.000000    0.000000
 SELECTED COORDINATES TRANSLATED IN THE MAIN SET.

  
 CHARMM>    coor trans ydir -?YAVE sele all end
 RDCMND substituted energy or value "?YAVE" to "24.8511435"
 SELRPN>  28820 atoms have been selected out of  28820
 TRANSLATION VECTOR     0.000000  -24.851143    0.000000
 SELECTED COORDINATES TRANSLATED IN THE MAIN SET.

  
 CHARMM>    coor trans zdir -?ZAVE sele all end
 RDCMND substituted energy or value "?ZAVE" to "21.7634486"
 SELRPN>  28820 atoms have been selected out of  28820
 TRANSLATION VECTOR     0.000000    0.000000  -21.763449
 SELECTED COORDINATES TRANSLATED IN THE MAIN SET.

  
 CHARMM>     
  
 CHARMM>    traj write
  
 CHARMM>    incr i by 1
 Parameter: I <- "177"
  
 CHARMM>    if i le @ts goto lpf
 Parameter: TS -> "200"
 Comparing "177" and "200".
 IF test evaluated as true.  Performing command
  
 CHARMM>    traj read
  
 CHARMM>    coor stat sele segid MEMB .and. resid @resid end
 Parameter: RESID -> "100"
 SELRPN>    138 atoms have been selected out of  28820
 STATISTICS FOR       138 SELECTED ATOMS:
    XMIN =  -23.153381 XMAX =   -7.577191 XAVE =  -14.791233
    YMIN =   16.933121 YMAX =   32.009811 YAVE =   24.851144
    ZMIN =    8.354615 ZMAX =   32.525867 ZAVE =   21.763448
    WMIN =    0.000000 WMAX =    0.000000 WAVE =    0.000000
  
 CHARMM>     
  
 CHARMM>    coor trans xdir -?XAVE sele all end
 RDCMND substituted energy or value "?XAVE" to "-14.7912326"
 SELRPN>  28820 atoms have been selected out of  28820
 TRANSLATION VECTOR    14.791233    0.000000    0.000000
 SELECTED COORDINATES TRANSLATED IN THE MAIN SET.

  
 CHARMM>    coor trans ydir -?YAVE sele all end
 RDCMND substituted energy or value "?YAVE" to "24.8511436"
 SELRPN>  28820 atoms have been selected out of  28820
 TRANSLATION VECTOR     0.000000  -24.851144    0.000000
 SELECTED COORDINATES TRANSLATED IN THE MAIN SET.

  
 CHARMM>    coor trans zdir -?ZAVE sele all end
 RDCMND substituted energy or value "?ZAVE" to "21.7634479"
 SELRPN>  28820 atoms have been selected out of  28820
 TRANSLATION VECTOR     0.000000    0.000000  -21.763448
 SELECTED COORDINATES TRANSLATED IN THE MAIN SET.

  
 CHARMM>     
  
 CHARMM>    traj write
  
 CHARMM>    incr i by 1
 Parameter: I <- "178"
  
 CHARMM>    if i le @ts goto lpf
 Parameter: TS -> "200"
 Comparing "178" and "200".
 IF test evaluated as true.  Performing command
  
 CHARMM>    traj read
  
 CHARMM>    coor stat sele segid MEMB .and. resid @resid end
 Parameter: RESID -> "100"
 SELRPN>    138 atoms have been selected out of  28820
 STATISTICS FOR       138 SELECTED ATOMS:
    XMIN =  -23.080158 XMAX =   -8.470216 XAVE =  -14.791233
    YMIN =   16.651228 YMAX =   32.118168 YAVE =   24.851145
    ZMIN =    8.686973 ZMAX =   32.834599 ZAVE =   21.763448
    WMIN =    0.000000 WMAX =    0.000000 WAVE =    0.000000
  
 CHARMM>     
  
 CHARMM>    coor trans xdir -?XAVE sele all end
 RDCMND substituted energy or value "?XAVE" to "-14.7912328"
 SELRPN>  28820 atoms have been selected out of  28820
 TRANSLATION VECTOR    14.791233    0.000000    0.000000
 SELECTED COORDINATES TRANSLATED IN THE MAIN SET.

  
 CHARMM>    coor trans ydir -?YAVE sele all end
 RDCMND substituted energy or value "?YAVE" to "24.8511448"
 SELRPN>  28820 atoms have been selected out of  28820
 TRANSLATION VECTOR     0.000000  -24.851145    0.000000
 SELECTED COORDINATES TRANSLATED IN THE MAIN SET.

  
 CHARMM>    coor trans zdir -?ZAVE sele all end
 RDCMND substituted energy or value "?ZAVE" to "21.7634479"
 SELRPN>  28820 atoms have been selected out of  28820
 TRANSLATION VECTOR     0.000000    0.000000  -21.763448
 SELECTED COORDINATES TRANSLATED IN THE MAIN SET.

  
 CHARMM>     
  
 CHARMM>    traj write
  
 CHARMM>    incr i by 1
 Parameter: I <- "179"
  
 CHARMM>    if i le @ts goto lpf
 Parameter: TS -> "200"
 Comparing "179" and "200".
 IF test evaluated as true.  Performing command
  
 CHARMM>    traj read
  
 CHARMM>    coor stat sele segid MEMB .and. resid @resid end
 Parameter: RESID -> "100"
 SELRPN>    138 atoms have been selected out of  28820
 STATISTICS FOR       138 SELECTED ATOMS:
    XMIN =  -22.745369 XMAX =   -7.987527 XAVE =  -14.791233
    YMIN =   16.534296 YMAX =   32.514580 YAVE =   24.851144
    ZMIN =    8.640160 ZMAX =   31.612926 ZAVE =   21.763448
    WMIN =    0.000000 WMAX =    0.000000 WAVE =    0.000000
  
 CHARMM>     
  
 CHARMM>    coor trans xdir -?XAVE sele all end
 RDCMND substituted energy or value "?XAVE" to "-14.7912327"
 SELRPN>  28820 atoms have been selected out of  28820
 TRANSLATION VECTOR    14.791233    0.000000    0.000000
 SELECTED COORDINATES TRANSLATED IN THE MAIN SET.

  
 CHARMM>    coor trans ydir -?YAVE sele all end
 RDCMND substituted energy or value "?YAVE" to "24.8511443"
 SELRPN>  28820 atoms have been selected out of  28820
 TRANSLATION VECTOR     0.000000  -24.851144    0.000000
 SELECTED COORDINATES TRANSLATED IN THE MAIN SET.

  
 CHARMM>    coor trans zdir -?ZAVE sele all end
 RDCMND substituted energy or value "?ZAVE" to "21.7634478"
 SELRPN>  28820 atoms have been selected out of  28820
 TRANSLATION VECTOR     0.000000    0.000000  -21.763448
 SELECTED COORDINATES TRANSLATED IN THE MAIN SET.

  
 CHARMM>     
  
 CHARMM>    traj write
  
 CHARMM>    incr i by 1
 Parameter: I <- "180"
  
 CHARMM>    if i le @ts goto lpf
 Parameter: TS -> "200"
 Comparing "180" and "200".
 IF test evaluated as true.  Performing command
  
 CHARMM>    traj read
  
 CHARMM>    coor stat sele segid MEMB .and. resid @resid end
 Parameter: RESID -> "100"
 SELRPN>    138 atoms have been selected out of  28820
 STATISTICS FOR       138 SELECTED ATOMS:
    XMIN =  -22.390436 XMAX =   -8.625087 XAVE =  -14.791233
    YMIN =   18.078413 YMAX =   30.912790 YAVE =   24.851144
    ZMIN =    9.719189 ZMAX =   32.336258 ZAVE =   21.763449
    WMIN =    0.000000 WMAX =    0.000000 WAVE =    0.000000
  
 CHARMM>     
  
 CHARMM>    coor trans xdir -?XAVE sele all end
 RDCMND substituted energy or value "?XAVE" to "-14.7912326"
 SELRPN>  28820 atoms have been selected out of  28820
 TRANSLATION VECTOR    14.791233    0.000000    0.000000
 SELECTED COORDINATES TRANSLATED IN THE MAIN SET.

  
 CHARMM>    coor trans ydir -?YAVE sele all end
 RDCMND substituted energy or value "?YAVE" to "24.8511441"
 SELRPN>  28820 atoms have been selected out of  28820
 TRANSLATION VECTOR     0.000000  -24.851144    0.000000
 SELECTED COORDINATES TRANSLATED IN THE MAIN SET.

  
 CHARMM>    coor trans zdir -?ZAVE sele all end
 RDCMND substituted energy or value "?ZAVE" to "21.7634486"
 SELRPN>  28820 atoms have been selected out of  28820
 TRANSLATION VECTOR     0.000000    0.000000  -21.763449
 SELECTED COORDINATES TRANSLATED IN THE MAIN SET.

  
 CHARMM>     
  
 CHARMM>    traj write
  
 CHARMM>    incr i by 1
 Parameter: I <- "181"
  
 CHARMM>    if i le @ts goto lpf
 Parameter: TS -> "200"
 Comparing "181" and "200".
 IF test evaluated as true.  Performing command
  
 CHARMM>    traj read
  
 CHARMM>    coor stat sele segid MEMB .and. resid @resid end
 Parameter: RESID -> "100"
 SELRPN>    138 atoms have been selected out of  28820
 STATISTICS FOR       138 SELECTED ATOMS:
    XMIN =  -23.964682 XMAX =   -7.022834 XAVE =  -14.791233
    YMIN =   16.867704 YMAX =   31.157249 YAVE =   24.851144
    ZMIN =   10.113322 ZMAX =   31.981211 ZAVE =   21.763448
    WMIN =    0.000000 WMAX =    0.000000 WAVE =    0.000000
  
 CHARMM>     
  
 CHARMM>    coor trans xdir -?XAVE sele all end
 RDCMND substituted energy or value "?XAVE" to "-14.7912328"
 SELRPN>  28820 atoms have been selected out of  28820
 TRANSLATION VECTOR    14.791233    0.000000    0.000000
 SELECTED COORDINATES TRANSLATED IN THE MAIN SET.

  
 CHARMM>    coor trans ydir -?YAVE sele all end
 RDCMND substituted energy or value "?YAVE" to "24.8511443"
 SELRPN>  28820 atoms have been selected out of  28820
 TRANSLATION VECTOR     0.000000  -24.851144    0.000000
 SELECTED COORDINATES TRANSLATED IN THE MAIN SET.

  
 CHARMM>    coor trans zdir -?ZAVE sele all end
 RDCMND substituted energy or value "?ZAVE" to "21.7634479"
 SELRPN>  28820 atoms have been selected out of  28820
 TRANSLATION VECTOR     0.000000    0.000000  -21.763448
 SELECTED COORDINATES TRANSLATED IN THE MAIN SET.

  
 CHARMM>     
  
 CHARMM>    traj write
  
 CHARMM>    incr i by 1
 Parameter: I <- "182"
  
 CHARMM>    if i le @ts goto lpf
 Parameter: TS -> "200"
 Comparing "182" and "200".
 IF test evaluated as true.  Performing command
  
 CHARMM>    traj read
  
 CHARMM>    coor stat sele segid MEMB .and. resid @resid end
 Parameter: RESID -> "100"
 SELRPN>    138 atoms have been selected out of  28820
 STATISTICS FOR       138 SELECTED ATOMS:
    XMIN =  -24.299118 XMAX =   -7.733181 XAVE =  -14.791233
    YMIN =   15.956514 YMAX =   31.976843 YAVE =   24.851145
    ZMIN =    9.655252 ZMAX =   31.296284 ZAVE =   21.763449
    WMIN =    0.000000 WMAX =    0.000000 WAVE =    0.000000
  
 CHARMM>     
  
 CHARMM>    coor trans xdir -?XAVE sele all end
 RDCMND substituted energy or value "?XAVE" to "-14.7912331"
 SELRPN>  28820 atoms have been selected out of  28820
 TRANSLATION VECTOR    14.791233    0.000000    0.000000
 SELECTED COORDINATES TRANSLATED IN THE MAIN SET.

  
 CHARMM>    coor trans ydir -?YAVE sele all end
 RDCMND substituted energy or value "?YAVE" to "24.8511451"
 SELRPN>  28820 atoms have been selected out of  28820
 TRANSLATION VECTOR     0.000000  -24.851145    0.000000
 SELECTED COORDINATES TRANSLATED IN THE MAIN SET.

  
 CHARMM>    coor trans zdir -?ZAVE sele all end
 RDCMND substituted energy or value "?ZAVE" to "21.7634487"
 SELRPN>  28820 atoms have been selected out of  28820
 TRANSLATION VECTOR     0.000000    0.000000  -21.763449
 SELECTED COORDINATES TRANSLATED IN THE MAIN SET.

  
 CHARMM>     
  
 CHARMM>    traj write
  
 CHARMM>    incr i by 1
 Parameter: I <- "183"
  
 CHARMM>    if i le @ts goto lpf
 Parameter: TS -> "200"
 Comparing "183" and "200".
 IF test evaluated as true.  Performing command
  
 CHARMM>    traj read
  
 CHARMM>    coor stat sele segid MEMB .and. resid @resid end
 Parameter: RESID -> "100"
 SELRPN>    138 atoms have been selected out of  28820
 STATISTICS FOR       138 SELECTED ATOMS:
    XMIN =  -24.408997 XMAX =   -7.466721 XAVE =  -14.791233
    YMIN =   16.814404 YMAX =   32.027607 YAVE =   24.851144
    ZMIN =    9.577205 ZMAX =   31.062073 ZAVE =   21.763449
    WMIN =    0.000000 WMAX =    0.000000 WAVE =    0.000000
  
 CHARMM>     
  
 CHARMM>    coor trans xdir -?XAVE sele all end
 RDCMND substituted energy or value "?XAVE" to "-14.7912327"
 SELRPN>  28820 atoms have been selected out of  28820
 TRANSLATION VECTOR    14.791233    0.000000    0.000000
 SELECTED COORDINATES TRANSLATED IN THE MAIN SET.

  
 CHARMM>    coor trans ydir -?YAVE sele all end
 RDCMND substituted energy or value "?YAVE" to "24.8511441"
 SELRPN>  28820 atoms have been selected out of  28820
 TRANSLATION VECTOR     0.000000  -24.851144    0.000000
 SELECTED COORDINATES TRANSLATED IN THE MAIN SET.

  
 CHARMM>    coor trans zdir -?ZAVE sele all end
 RDCMND substituted energy or value "?ZAVE" to "21.7634486"
 SELRPN>  28820 atoms have been selected out of  28820
 TRANSLATION VECTOR     0.000000    0.000000  -21.763449
 SELECTED COORDINATES TRANSLATED IN THE MAIN SET.

  
 CHARMM>     
  
 CHARMM>    traj write
  
 CHARMM>    incr i by 1
 Parameter: I <- "184"
  
 CHARMM>    if i le @ts goto lpf
 Parameter: TS -> "200"
 Comparing "184" and "200".
 IF test evaluated as true.  Performing command
  
 CHARMM>    traj read
  
 CHARMM>    coor stat sele segid MEMB .and. resid @resid end
 Parameter: RESID -> "100"
 SELRPN>    138 atoms have been selected out of  28820
 STATISTICS FOR       138 SELECTED ATOMS:
    XMIN =  -24.673050 XMAX =   -7.811238 XAVE =  -14.791233
    YMIN =   18.155710 YMAX =   31.546021 YAVE =   24.851145
    ZMIN =   10.391543 ZMAX =   31.261091 ZAVE =   21.763448
    WMIN =    0.000000 WMAX =    0.000000 WAVE =    0.000000
  
 CHARMM>     
  
 CHARMM>    coor trans xdir -?XAVE sele all end
 RDCMND substituted energy or value "?XAVE" to "-14.7912327"
 SELRPN>  28820 atoms have been selected out of  28820
 TRANSLATION VECTOR    14.791233    0.000000    0.000000
 SELECTED COORDINATES TRANSLATED IN THE MAIN SET.

  
 CHARMM>    coor trans ydir -?YAVE sele all end
 RDCMND substituted energy or value "?YAVE" to "24.851145"
 SELRPN>  28820 atoms have been selected out of  28820
 TRANSLATION VECTOR     0.000000  -24.851145    0.000000
 SELECTED COORDINATES TRANSLATED IN THE MAIN SET.

  
 CHARMM>    coor trans zdir -?ZAVE sele all end
 RDCMND substituted energy or value "?ZAVE" to "21.7634477"
 SELRPN>  28820 atoms have been selected out of  28820
 TRANSLATION VECTOR     0.000000    0.000000  -21.763448
 SELECTED COORDINATES TRANSLATED IN THE MAIN SET.

  
 CHARMM>     
  
 CHARMM>    traj write
  
 CHARMM>    incr i by 1
 Parameter: I <- "185"
  
 CHARMM>    if i le @ts goto lpf
 Parameter: TS -> "200"
 Comparing "185" and "200".
 IF test evaluated as true.  Performing command
  
 CHARMM>    traj read
  
 CHARMM>    coor stat sele segid MEMB .and. resid @resid end
 Parameter: RESID -> "100"
 SELRPN>    138 atoms have been selected out of  28820
 STATISTICS FOR       138 SELECTED ATOMS:
    XMIN =  -23.844595 XMAX =   -8.370115 XAVE =  -14.791233
    YMIN =   17.168171 YMAX =   31.459894 YAVE =   24.851144
    ZMIN =    9.524319 ZMAX =   32.533321 ZAVE =   21.763448
    WMIN =    0.000000 WMAX =    0.000000 WAVE =    0.000000
  
 CHARMM>     
  
 CHARMM>    coor trans xdir -?XAVE sele all end
 RDCMND substituted energy or value "?XAVE" to "-14.7912327"
 SELRPN>  28820 atoms have been selected out of  28820
 TRANSLATION VECTOR    14.791233    0.000000    0.000000
 SELECTED COORDINATES TRANSLATED IN THE MAIN SET.

  
 CHARMM>    coor trans ydir -?YAVE sele all end
 RDCMND substituted energy or value "?YAVE" to "24.8511441"
 SELRPN>  28820 atoms have been selected out of  28820
 TRANSLATION VECTOR     0.000000  -24.851144    0.000000
 SELECTED COORDINATES TRANSLATED IN THE MAIN SET.

  
 CHARMM>    coor trans zdir -?ZAVE sele all end
 RDCMND substituted energy or value "?ZAVE" to "21.763448"
 SELRPN>  28820 atoms have been selected out of  28820
 TRANSLATION VECTOR     0.000000    0.000000  -21.763448
 SELECTED COORDINATES TRANSLATED IN THE MAIN SET.

  
 CHARMM>     
  
 CHARMM>    traj write
  
 CHARMM>    incr i by 1
 Parameter: I <- "186"
  
 CHARMM>    if i le @ts goto lpf
 Parameter: TS -> "200"
 Comparing "186" and "200".
 IF test evaluated as true.  Performing command
  
 CHARMM>    traj read
  
 CHARMM>    coor stat sele segid MEMB .and. resid @resid end
 Parameter: RESID -> "100"
 SELRPN>    138 atoms have been selected out of  28820
 STATISTICS FOR       138 SELECTED ATOMS:
    XMIN =  -22.668844 XMAX =   -8.630523 XAVE =  -14.791233
    YMIN =   16.177954 YMAX =   32.009411 YAVE =   24.851143
    ZMIN =   10.064267 ZMAX =   32.532204 ZAVE =   21.763448
    WMIN =    0.000000 WMAX =    0.000000 WAVE =    0.000000
  
 CHARMM>     
  
 CHARMM>    coor trans xdir -?XAVE sele all end
 RDCMND substituted energy or value "?XAVE" to "-14.7912326"
 SELRPN>  28820 atoms have been selected out of  28820
 TRANSLATION VECTOR    14.791233    0.000000    0.000000
 SELECTED COORDINATES TRANSLATED IN THE MAIN SET.

  
 CHARMM>    coor trans ydir -?YAVE sele all end
 RDCMND substituted energy or value "?YAVE" to "24.8511434"
 SELRPN>  28820 atoms have been selected out of  28820
 TRANSLATION VECTOR     0.000000  -24.851143    0.000000
 SELECTED COORDINATES TRANSLATED IN THE MAIN SET.

  
 CHARMM>    coor trans zdir -?ZAVE sele all end
 RDCMND substituted energy or value "?ZAVE" to "21.7634481"
 SELRPN>  28820 atoms have been selected out of  28820
 TRANSLATION VECTOR     0.000000    0.000000  -21.763448
 SELECTED COORDINATES TRANSLATED IN THE MAIN SET.

  
 CHARMM>     
  
 CHARMM>    traj write
  
 CHARMM>    incr i by 1
 Parameter: I <- "187"
  
 CHARMM>    if i le @ts goto lpf
 Parameter: TS -> "200"
 Comparing "187" and "200".
 IF test evaluated as true.  Performing command
  
 CHARMM>    traj read
  
 CHARMM>    coor stat sele segid MEMB .and. resid @resid end
 Parameter: RESID -> "100"
 SELRPN>    138 atoms have been selected out of  28820
 STATISTICS FOR       138 SELECTED ATOMS:
    XMIN =  -22.209209 XMAX =   -7.665707 XAVE =  -14.791233
    YMIN =   15.912195 YMAX =   31.178947 YAVE =   24.851144
    ZMIN =    9.970027 ZMAX =   32.408665 ZAVE =   21.763448
    WMIN =    0.000000 WMAX =    0.000000 WAVE =    0.000000
  
 CHARMM>     
  
 CHARMM>    coor trans xdir -?XAVE sele all end
 RDCMND substituted energy or value "?XAVE" to "-14.7912326"
 SELRPN>  28820 atoms have been selected out of  28820
 TRANSLATION VECTOR    14.791233    0.000000    0.000000
 SELECTED COORDINATES TRANSLATED IN THE MAIN SET.

  
 CHARMM>    coor trans ydir -?YAVE sele all end
 RDCMND substituted energy or value "?YAVE" to "24.8511438"
 SELRPN>  28820 atoms have been selected out of  28820
 TRANSLATION VECTOR     0.000000  -24.851144    0.000000
 SELECTED COORDINATES TRANSLATED IN THE MAIN SET.

  
 CHARMM>    coor trans zdir -?ZAVE sele all end
 RDCMND substituted energy or value "?ZAVE" to "21.7634479"
 SELRPN>  28820 atoms have been selected out of  28820
 TRANSLATION VECTOR     0.000000    0.000000  -21.763448
 SELECTED COORDINATES TRANSLATED IN THE MAIN SET.

  
 CHARMM>     
  
 CHARMM>    traj write
  
 CHARMM>    incr i by 1
 Parameter: I <- "188"
  
 CHARMM>    if i le @ts goto lpf
 Parameter: TS -> "200"
 Comparing "188" and "200".
 IF test evaluated as true.  Performing command
  
 CHARMM>    traj read
  
 CHARMM>    coor stat sele segid MEMB .and. resid @resid end
 Parameter: RESID -> "100"
 SELRPN>    138 atoms have been selected out of  28820
 STATISTICS FOR       138 SELECTED ATOMS:
    XMIN =  -22.703600 XMAX =   -8.490187 XAVE =  -14.791232
    YMIN =   15.967287 YMAX =   31.216795 YAVE =   24.851144
    ZMIN =   10.273651 ZMAX =   31.140385 ZAVE =   21.763449
    WMIN =    0.000000 WMAX =    0.000000 WAVE =    0.000000
  
 CHARMM>     
  
 CHARMM>    coor trans xdir -?XAVE sele all end
 RDCMND substituted energy or value "?XAVE" to "-14.7912325"
 SELRPN>  28820 atoms have been selected out of  28820
 TRANSLATION VECTOR    14.791232    0.000000    0.000000
 SELECTED COORDINATES TRANSLATED IN THE MAIN SET.

  
 CHARMM>    coor trans ydir -?YAVE sele all end
 RDCMND substituted energy or value "?YAVE" to "24.8511439"
 SELRPN>  28820 atoms have been selected out of  28820
 TRANSLATION VECTOR     0.000000  -24.851144    0.000000
 SELECTED COORDINATES TRANSLATED IN THE MAIN SET.

  
 CHARMM>    coor trans zdir -?ZAVE sele all end
 RDCMND substituted energy or value "?ZAVE" to "21.7634485"
 SELRPN>  28820 atoms have been selected out of  28820
 TRANSLATION VECTOR     0.000000    0.000000  -21.763448
 SELECTED COORDINATES TRANSLATED IN THE MAIN SET.

  
 CHARMM>     
  
 CHARMM>    traj write
  
 CHARMM>    incr i by 1
 Parameter: I <- "189"
  
 CHARMM>    if i le @ts goto lpf
 Parameter: TS -> "200"
 Comparing "189" and "200".
 IF test evaluated as true.  Performing command
  
 CHARMM>    traj read
  
 CHARMM>    coor stat sele segid MEMB .and. resid @resid end
 Parameter: RESID -> "100"
 SELRPN>    138 atoms have been selected out of  28820
 STATISTICS FOR       138 SELECTED ATOMS:
    XMIN =  -22.687031 XMAX =   -7.862265 XAVE =  -14.791233
    YMIN =   16.134178 YMAX =   31.017908 YAVE =   24.851145
    ZMIN =    9.970674 ZMAX =   31.760895 ZAVE =   21.763448
    WMIN =    0.000000 WMAX =    0.000000 WAVE =    0.000000
  
 CHARMM>     
  
 CHARMM>    coor trans xdir -?XAVE sele all end
 RDCMND substituted energy or value "?XAVE" to "-14.7912329"
 SELRPN>  28820 atoms have been selected out of  28820
 TRANSLATION VECTOR    14.791233    0.000000    0.000000
 SELECTED COORDINATES TRANSLATED IN THE MAIN SET.

  
 CHARMM>    coor trans ydir -?YAVE sele all end
 RDCMND substituted energy or value "?YAVE" to "24.8511447"
 SELRPN>  28820 atoms have been selected out of  28820
 TRANSLATION VECTOR     0.000000  -24.851145    0.000000
 SELECTED COORDINATES TRANSLATED IN THE MAIN SET.

  
 CHARMM>    coor trans zdir -?ZAVE sele all end
 RDCMND substituted energy or value "?ZAVE" to "21.7634479"
 SELRPN>  28820 atoms have been selected out of  28820
 TRANSLATION VECTOR     0.000000    0.000000  -21.763448
 SELECTED COORDINATES TRANSLATED IN THE MAIN SET.

  
 CHARMM>     
  
 CHARMM>    traj write
  
 CHARMM>    incr i by 1
 Parameter: I <- "190"
  
 CHARMM>    if i le @ts goto lpf
 Parameter: TS -> "200"
 Comparing "190" and "200".
 IF test evaluated as true.  Performing command
  
 CHARMM>    traj read
  
 CHARMM>    coor stat sele segid MEMB .and. resid @resid end
 Parameter: RESID -> "100"
 SELRPN>    138 atoms have been selected out of  28820
 STATISTICS FOR       138 SELECTED ATOMS:
    XMIN =  -21.424295 XMAX =   -8.225400 XAVE =  -14.791233
    YMIN =   16.118198 YMAX =   31.313734 YAVE =   24.851144
    ZMIN =    9.492896 ZMAX =   32.345318 ZAVE =   21.763449
    WMIN =    0.000000 WMAX =    0.000000 WAVE =    0.000000
  
 CHARMM>     
  
 CHARMM>    coor trans xdir -?XAVE sele all end
 RDCMND substituted energy or value "?XAVE" to "-14.7912329"
 SELRPN>  28820 atoms have been selected out of  28820
 TRANSLATION VECTOR    14.791233    0.000000    0.000000
 SELECTED COORDINATES TRANSLATED IN THE MAIN SET.

  
 CHARMM>    coor trans ydir -?YAVE sele all end
 RDCMND substituted energy or value "?YAVE" to "24.8511439"
 SELRPN>  28820 atoms have been selected out of  28820
 TRANSLATION VECTOR     0.000000  -24.851144    0.000000
 SELECTED COORDINATES TRANSLATED IN THE MAIN SET.

  
 CHARMM>    coor trans zdir -?ZAVE sele all end
 RDCMND substituted energy or value "?ZAVE" to "21.7634486"
 SELRPN>  28820 atoms have been selected out of  28820
 TRANSLATION VECTOR     0.000000    0.000000  -21.763449
 SELECTED COORDINATES TRANSLATED IN THE MAIN SET.

  
 CHARMM>     
  
 CHARMM>    traj write
  
 CHARMM>    incr i by 1
 Parameter: I <- "191"
  
 CHARMM>    if i le @ts goto lpf
 Parameter: TS -> "200"
 Comparing "191" and "200".
 IF test evaluated as true.  Performing command
  
 CHARMM>    traj read
  
 CHARMM>    coor stat sele segid MEMB .and. resid @resid end
 Parameter: RESID -> "100"
 SELRPN>    138 atoms have been selected out of  28820
 STATISTICS FOR       138 SELECTED ATOMS:
    XMIN =  -22.201435 XMAX =   -7.129263 XAVE =  -14.791233
    YMIN =   15.405554 YMAX =   32.393318 YAVE =   24.851143
    ZMIN =    9.681142 ZMAX =   32.358177 ZAVE =   21.763448
    WMIN =    0.000000 WMAX =    0.000000 WAVE =    0.000000
  
 CHARMM>     
  
 CHARMM>    coor trans xdir -?XAVE sele all end
 RDCMND substituted energy or value "?XAVE" to "-14.7912328"
 SELRPN>  28820 atoms have been selected out of  28820
 TRANSLATION VECTOR    14.791233    0.000000    0.000000
 SELECTED COORDINATES TRANSLATED IN THE MAIN SET.

  
 CHARMM>    coor trans ydir -?YAVE sele all end
 RDCMND substituted energy or value "?YAVE" to "24.8511434"
 SELRPN>  28820 atoms have been selected out of  28820
 TRANSLATION VECTOR     0.000000  -24.851143    0.000000
 SELECTED COORDINATES TRANSLATED IN THE MAIN SET.

  
 CHARMM>    coor trans zdir -?ZAVE sele all end
 RDCMND substituted energy or value "?ZAVE" to "21.763448"
 SELRPN>  28820 atoms have been selected out of  28820
 TRANSLATION VECTOR     0.000000    0.000000  -21.763448
 SELECTED COORDINATES TRANSLATED IN THE MAIN SET.

  
 CHARMM>     
  
 CHARMM>    traj write
  
 CHARMM>    incr i by 1
 Parameter: I <- "192"
  
 CHARMM>    if i le @ts goto lpf
 Parameter: TS -> "200"
 Comparing "192" and "200".
 IF test evaluated as true.  Performing command
  
 CHARMM>    traj read
  
 CHARMM>    coor stat sele segid MEMB .and. resid @resid end
 Parameter: RESID -> "100"
 SELRPN>    138 atoms have been selected out of  28820
 STATISTICS FOR       138 SELECTED ATOMS:
    XMIN =  -22.015682 XMAX =   -7.822317 XAVE =  -14.791233
    YMIN =   15.962946 YMAX =   31.914738 YAVE =   24.851144
    ZMIN =    9.757840 ZMAX =   31.579096 ZAVE =   21.763448
    WMIN =    0.000000 WMAX =    0.000000 WAVE =    0.000000
  
 CHARMM>     
  
 CHARMM>    coor trans xdir -?XAVE sele all end
 RDCMND substituted energy or value "?XAVE" to "-14.7912325"
 SELRPN>  28820 atoms have been selected out of  28820
 TRANSLATION VECTOR    14.791232    0.000000    0.000000
 SELECTED COORDINATES TRANSLATED IN THE MAIN SET.

  
 CHARMM>    coor trans ydir -?YAVE sele all end
 RDCMND substituted energy or value "?YAVE" to "24.8511445"
 SELRPN>  28820 atoms have been selected out of  28820
 TRANSLATION VECTOR     0.000000  -24.851145    0.000000
 SELECTED COORDINATES TRANSLATED IN THE MAIN SET.

  
 CHARMM>    coor trans zdir -?ZAVE sele all end
 RDCMND substituted energy or value "?ZAVE" to "21.7634479"
 SELRPN>  28820 atoms have been selected out of  28820
 TRANSLATION VECTOR     0.000000    0.000000  -21.763448
 SELECTED COORDINATES TRANSLATED IN THE MAIN SET.

  
 CHARMM>     
  
 CHARMM>    traj write
  
 CHARMM>    incr i by 1
 Parameter: I <- "193"
  
 CHARMM>    if i le @ts goto lpf
 Parameter: TS -> "200"
 Comparing "193" and "200".
 IF test evaluated as true.  Performing command
  
 CHARMM>    traj read
  
 CHARMM>    coor stat sele segid MEMB .and. resid @resid end
 Parameter: RESID -> "100"
 SELRPN>    138 atoms have been selected out of  28820
 STATISTICS FOR       138 SELECTED ATOMS:
    XMIN =  -22.579273 XMAX =   -7.435145 XAVE =  -14.791233
    YMIN =   16.968885 YMAX =   32.183079 YAVE =   24.851143
    ZMIN =   10.744220 ZMAX =   31.725899 ZAVE =   21.763448
    WMIN =    0.000000 WMAX =    0.000000 WAVE =    0.000000
  
 CHARMM>     
  
 CHARMM>    coor trans xdir -?XAVE sele all end
 RDCMND substituted energy or value "?XAVE" to "-14.791233"
 SELRPN>  28820 atoms have been selected out of  28820
 TRANSLATION VECTOR    14.791233    0.000000    0.000000
 SELECTED COORDINATES TRANSLATED IN THE MAIN SET.

  
 CHARMM>    coor trans ydir -?YAVE sele all end
 RDCMND substituted energy or value "?YAVE" to "24.8511434"
 SELRPN>  28820 atoms have been selected out of  28820
 TRANSLATION VECTOR     0.000000  -24.851143    0.000000
 SELECTED COORDINATES TRANSLATED IN THE MAIN SET.

  
 CHARMM>    coor trans zdir -?ZAVE sele all end
 RDCMND substituted energy or value "?ZAVE" to "21.7634477"
 SELRPN>  28820 atoms have been selected out of  28820
 TRANSLATION VECTOR     0.000000    0.000000  -21.763448
 SELECTED COORDINATES TRANSLATED IN THE MAIN SET.

  
 CHARMM>     
  
 CHARMM>    traj write
  
 CHARMM>    incr i by 1
 Parameter: I <- "194"
  
 CHARMM>    if i le @ts goto lpf
 Parameter: TS -> "200"
 Comparing "194" and "200".
 IF test evaluated as true.  Performing command
  
 CHARMM>    traj read
  
 CHARMM>    coor stat sele segid MEMB .and. resid @resid end
 Parameter: RESID -> "100"
 SELRPN>    138 atoms have been selected out of  28820
 STATISTICS FOR       138 SELECTED ATOMS:
    XMIN =  -22.515802 XMAX =   -8.220872 XAVE =  -14.791233
    YMIN =   16.885944 YMAX =   31.425705 YAVE =   24.851144
    ZMIN =   10.194345 ZMAX =   32.090668 ZAVE =   21.763448
    WMIN =    0.000000 WMAX =    0.000000 WAVE =    0.000000
  
 CHARMM>     
  
 CHARMM>    coor trans xdir -?XAVE sele all end
 RDCMND substituted energy or value "?XAVE" to "-14.7912326"
 SELRPN>  28820 atoms have been selected out of  28820
 TRANSLATION VECTOR    14.791233    0.000000    0.000000
 SELECTED COORDINATES TRANSLATED IN THE MAIN SET.

  
 CHARMM>    coor trans ydir -?YAVE sele all end
 RDCMND substituted energy or value "?YAVE" to "24.851144"
 SELRPN>  28820 atoms have been selected out of  28820
 TRANSLATION VECTOR     0.000000  -24.851144    0.000000
 SELECTED COORDINATES TRANSLATED IN THE MAIN SET.

  
 CHARMM>    coor trans zdir -?ZAVE sele all end
 RDCMND substituted energy or value "?ZAVE" to "21.7634484"
 SELRPN>  28820 atoms have been selected out of  28820
 TRANSLATION VECTOR     0.000000    0.000000  -21.763448
 SELECTED COORDINATES TRANSLATED IN THE MAIN SET.

  
 CHARMM>     
  
 CHARMM>    traj write
  
 CHARMM>    incr i by 1
 Parameter: I <- "195"
  
 CHARMM>    if i le @ts goto lpf
 Parameter: TS -> "200"
 Comparing "195" and "200".
 IF test evaluated as true.  Performing command
  
 CHARMM>    traj read
  
 CHARMM>    coor stat sele segid MEMB .and. resid @resid end
 Parameter: RESID -> "100"
 SELRPN>    138 atoms have been selected out of  28820
 STATISTICS FOR       138 SELECTED ATOMS:
    XMIN =  -23.962889 XMAX =   -7.578186 XAVE =  -14.791233
    YMIN =   16.545607 YMAX =   31.849791 YAVE =   24.851144
    ZMIN =   10.756435 ZMAX =   32.748657 ZAVE =   21.763448
    WMIN =    0.000000 WMAX =    0.000000 WAVE =    0.000000
  
 CHARMM>     
  
 CHARMM>    coor trans xdir -?XAVE sele all end
 RDCMND substituted energy or value "?XAVE" to "-14.7912329"
 SELRPN>  28820 atoms have been selected out of  28820
 TRANSLATION VECTOR    14.791233    0.000000    0.000000
 SELECTED COORDINATES TRANSLATED IN THE MAIN SET.

  
 CHARMM>    coor trans ydir -?YAVE sele all end
 RDCMND substituted energy or value "?YAVE" to "24.8511443"
 SELRPN>  28820 atoms have been selected out of  28820
 TRANSLATION VECTOR     0.000000  -24.851144    0.000000
 SELECTED COORDINATES TRANSLATED IN THE MAIN SET.

  
 CHARMM>    coor trans zdir -?ZAVE sele all end
 RDCMND substituted energy or value "?ZAVE" to "21.7634483"
 SELRPN>  28820 atoms have been selected out of  28820
 TRANSLATION VECTOR     0.000000    0.000000  -21.763448
 SELECTED COORDINATES TRANSLATED IN THE MAIN SET.

  
 CHARMM>     
  
 CHARMM>    traj write
  
 CHARMM>    incr i by 1
 Parameter: I <- "196"
  
 CHARMM>    if i le @ts goto lpf
 Parameter: TS -> "200"
 Comparing "196" and "200".
 IF test evaluated as true.  Performing command
  
 CHARMM>    traj read
  
 CHARMM>    coor stat sele segid MEMB .and. resid @resid end
 Parameter: RESID -> "100"
 SELRPN>    138 atoms have been selected out of  28820
 STATISTICS FOR       138 SELECTED ATOMS:
    XMIN =  -22.706305 XMAX =   -7.816370 XAVE =  -14.791233
    YMIN =   17.304850 YMAX =   32.280239 YAVE =   24.851145
    ZMIN =   10.852706 ZMAX =   32.569912 ZAVE =   21.763448
    WMIN =    0.000000 WMAX =    0.000000 WAVE =    0.000000
  
 CHARMM>     
  
 CHARMM>    coor trans xdir -?XAVE sele all end
 RDCMND substituted energy or value "?XAVE" to "-14.7912328"
 SELRPN>  28820 atoms have been selected out of  28820
 TRANSLATION VECTOR    14.791233    0.000000    0.000000
 SELECTED COORDINATES TRANSLATED IN THE MAIN SET.

  
 CHARMM>    coor trans ydir -?YAVE sele all end
 RDCMND substituted energy or value "?YAVE" to "24.8511449"
 SELRPN>  28820 atoms have been selected out of  28820
 TRANSLATION VECTOR     0.000000  -24.851145    0.000000
 SELECTED COORDINATES TRANSLATED IN THE MAIN SET.

  
 CHARMM>    coor trans zdir -?ZAVE sele all end
 RDCMND substituted energy or value "?ZAVE" to "21.763448"
 SELRPN>  28820 atoms have been selected out of  28820
 TRANSLATION VECTOR     0.000000    0.000000  -21.763448
 SELECTED COORDINATES TRANSLATED IN THE MAIN SET.

  
 CHARMM>     
  
 CHARMM>    traj write
  
 CHARMM>    incr i by 1
 Parameter: I <- "197"
  
 CHARMM>    if i le @ts goto lpf
 Parameter: TS -> "200"
 Comparing "197" and "200".
 IF test evaluated as true.  Performing command
  
 CHARMM>    traj read
  
 CHARMM>    coor stat sele segid MEMB .and. resid @resid end
 Parameter: RESID -> "100"
 SELRPN>    138 atoms have been selected out of  28820
 STATISTICS FOR       138 SELECTED ATOMS:
    XMIN =  -21.405008 XMAX =   -8.284188 XAVE =  -14.791233
    YMIN =   16.881136 YMAX =   31.991442 YAVE =   24.851144
    ZMIN =   11.485936 ZMAX =   33.093864 ZAVE =   21.763448
    WMIN =    0.000000 WMAX =    0.000000 WAVE =    0.000000
  
 CHARMM>     
  
 CHARMM>    coor trans xdir -?XAVE sele all end
 RDCMND substituted energy or value "?XAVE" to "-14.7912326"
 SELRPN>  28820 atoms have been selected out of  28820
 TRANSLATION VECTOR    14.791233    0.000000    0.000000
 SELECTED COORDINATES TRANSLATED IN THE MAIN SET.

  
 CHARMM>    coor trans ydir -?YAVE sele all end
 RDCMND substituted energy or value "?YAVE" to "24.851144"
 SELRPN>  28820 atoms have been selected out of  28820
 TRANSLATION VECTOR     0.000000  -24.851144    0.000000
 SELECTED COORDINATES TRANSLATED IN THE MAIN SET.

  
 CHARMM>    coor trans zdir -?ZAVE sele all end
 RDCMND substituted energy or value "?ZAVE" to "21.7634479"
 SELRPN>  28820 atoms have been selected out of  28820
 TRANSLATION VECTOR     0.000000    0.000000  -21.763448
 SELECTED COORDINATES TRANSLATED IN THE MAIN SET.

  
 CHARMM>     
  
 CHARMM>    traj write
  
 CHARMM>    incr i by 1
 Parameter: I <- "198"
  
 CHARMM>    if i le @ts goto lpf
 Parameter: TS -> "200"
 Comparing "198" and "200".
 IF test evaluated as true.  Performing command
  
 CHARMM>    traj read
  
 CHARMM>    coor stat sele segid MEMB .and. resid @resid end
 Parameter: RESID -> "100"
 SELRPN>    138 atoms have been selected out of  28820
 STATISTICS FOR       138 SELECTED ATOMS:
    XMIN =  -22.790604 XMAX =   -7.728894 XAVE =  -14.791233
    YMIN =   16.484268 YMAX =   32.349743 YAVE =   24.851144
    ZMIN =   11.167228 ZMAX =   33.208084 ZAVE =   21.763448
    WMIN =    0.000000 WMAX =    0.000000 WAVE =    0.000000
  
 CHARMM>     
  
 CHARMM>    coor trans xdir -?XAVE sele all end
 RDCMND substituted energy or value "?XAVE" to "-14.791233"
 SELRPN>  28820 atoms have been selected out of  28820
 TRANSLATION VECTOR    14.791233    0.000000    0.000000
 SELECTED COORDINATES TRANSLATED IN THE MAIN SET.

  
 CHARMM>    coor trans ydir -?YAVE sele all end
 RDCMND substituted energy or value "?YAVE" to "24.8511441"
 SELRPN>  28820 atoms have been selected out of  28820
 TRANSLATION VECTOR     0.000000  -24.851144    0.000000
 SELECTED COORDINATES TRANSLATED IN THE MAIN SET.

  
 CHARMM>    coor trans zdir -?ZAVE sele all end
 RDCMND substituted energy or value "?ZAVE" to "21.7634482"
 SELRPN>  28820 atoms have been selected out of  28820
 TRANSLATION VECTOR     0.000000    0.000000  -21.763448
 SELECTED COORDINATES TRANSLATED IN THE MAIN SET.

  
 CHARMM>     
  
 CHARMM>    traj write
  
 CHARMM>    incr i by 1
 Parameter: I <- "199"
  
 CHARMM>    if i le @ts goto lpf
 Parameter: TS -> "200"
 Comparing "199" and "200".
 IF test evaluated as true.  Performing command
  
 CHARMM>    traj read
  
 CHARMM>    coor stat sele segid MEMB .and. resid @resid end
 Parameter: RESID -> "100"
 SELRPN>    138 atoms have been selected out of  28820
 STATISTICS FOR       138 SELECTED ATOMS:
    XMIN =  -22.511103 XMAX =   -8.027168 XAVE =  -14.791233
    YMIN =   16.542519 YMAX =   31.733936 YAVE =   24.851144
    ZMIN =   11.169538 ZMAX =   32.271347 ZAVE =   21.763448
    WMIN =    0.000000 WMAX =    0.000000 WAVE =    0.000000
  
 CHARMM>     
  
 CHARMM>    coor trans xdir -?XAVE sele all end
 RDCMND substituted energy or value "?XAVE" to "-14.7912327"
 SELRPN>  28820 atoms have been selected out of  28820
 TRANSLATION VECTOR    14.791233    0.000000    0.000000
 SELECTED COORDINATES TRANSLATED IN THE MAIN SET.

  
 CHARMM>    coor trans ydir -?YAVE sele all end
 RDCMND substituted energy or value "?YAVE" to "24.8511441"
 SELRPN>  28820 atoms have been selected out of  28820
 TRANSLATION VECTOR     0.000000  -24.851144    0.000000
 SELECTED COORDINATES TRANSLATED IN THE MAIN SET.

  
 CHARMM>    coor trans zdir -?ZAVE sele all end
 RDCMND substituted energy or value "?ZAVE" to "21.763448"
 SELRPN>  28820 atoms have been selected out of  28820
 TRANSLATION VECTOR     0.000000    0.000000  -21.763448
 SELECTED COORDINATES TRANSLATED IN THE MAIN SET.

  
 CHARMM>     
  
 CHARMM>    traj write
  
 CHARMM>    incr i by 1
 Parameter: I <- "200"
  
 CHARMM>    if i le @ts goto lpf
 Parameter: TS -> "200"
 Comparing "200" and "200".
 IF test evaluated as true.  Performing command
  
 CHARMM>    traj read

  200 CORD RECORDS READ FROM   1 UNITS STARTING WITH UNIT   9
 RUNNING FROM STEP******** TO ******** SKIPPING 5000 STEPS BETWEEN RECORDS
 Time step was  4.0909659E-02 AKMA time units.
  
 CHARMM>    coor stat sele segid MEMB .and. resid @resid end
 Parameter: RESID -> "100"
 SELRPN>    138 atoms have been selected out of  28820
 STATISTICS FOR       138 SELECTED ATOMS:
    XMIN =  -22.178505 XMAX =   -8.671918 XAVE =  -14.791233
    YMIN =   16.792244 YMAX =   32.598171 YAVE =   24.851144
    ZMIN =   11.614351 ZMAX =   31.896336 ZAVE =   21.763449
    WMIN =    0.000000 WMAX =    0.000000 WAVE =    0.000000
  
 CHARMM>     
  
 CHARMM>    coor trans xdir -?XAVE sele all end
 RDCMND substituted energy or value "?XAVE" to "-14.7912329"
 SELRPN>  28820 atoms have been selected out of  28820
 TRANSLATION VECTOR    14.791233    0.000000    0.000000
 SELECTED COORDINATES TRANSLATED IN THE MAIN SET.

  
 CHARMM>    coor trans ydir -?YAVE sele all end
 RDCMND substituted energy or value "?YAVE" to "24.8511438"
 SELRPN>  28820 atoms have been selected out of  28820
 TRANSLATION VECTOR     0.000000  -24.851144    0.000000
 SELECTED COORDINATES TRANSLATED IN THE MAIN SET.

  
 CHARMM>    coor trans zdir -?ZAVE sele all end
 RDCMND substituted energy or value "?ZAVE" to "21.7634485"
 SELRPN>  28820 atoms have been selected out of  28820
 TRANSLATION VECTOR     0.000000    0.000000  -21.763448
 SELECTED COORDINATES TRANSLATED IN THE MAIN SET.

  
 CHARMM>     
  
 CHARMM>    traj write

    200   COORDINATE SETS STARTING FROM
     STEP NO ********   FOR EVERY  5000  STEPS
     WRITTEN ON UNIT  109

 VCLOSE: Closing unit  109 with status "KEEP"
  
 CHARMM>    incr i by 1
 Parameter: I <- "201"
  
 CHARMM>    if i le @ts goto lpf
 Parameter: TS -> "200"
 Comparing "201" and "200".
 IF test evaluated as false.  Skipping command
  
 CHARMM>     
  
 CHARMM>    increment ru by 1
 Parameter: RU <- "10"
  
 CHARMM>    increment wu by 1
 Parameter: WU <- "110"
  
 CHARMM>    increment j by 1
 Parameter: J <- "152"
  
 CHARMM>    if @j le @ldyn goto lp3
 Parameter: J -> "152"
 Parameter: LDYN -> "151"
 Comparing "152" and "151".
 IF test evaluated as false.  Skipping command
  
 CHARMM>     
  
 CHARMM>    stop
 VCLOSE: Closing unit    9 with status "KEEP"
 VCLOSE: Closing unit   10 with status "KEEP"
 VCLOSE: Closing unit   20 with status "KEEP"
$$$$$$  New timer profile $$$$$
 Total time                     12.50 Other:            0.00

                    NORMAL TERMINATION BY NORMAL STOP
                    MOST SEVERE WARNING WAS AT LEVEL  0

                    $$$$$ JOB ACCOUNTING INFORMATION $$$$$
                     ELAPSED TIME:    12.50  SECONDS 
                         CPU TIME:    11.67  SECONDS 
