Loading charmm/gcc/9.4.0/openmpi/4.1.1/cuda/11.6.2/zen2/47.1
  Loading requirement: gcc/9.4.0 openmpi/4.1.1/gcc/9.4.0/zen2
    cuda/11.6.2/gcc/9.4.0/zen2 openmm/7.7.0/gcc/9.4.0/nompi/cuda/11.6.2/zen2
/software/vmd/1.9.3/linux-rhel8-x86_64/lib/vmd_LINUXAMD64: /lib64/libGL.so.1: no version information available (required by /software/vmd/1.9.3/linux-rhel8-x86_64/lib/vmd_LINUXAMD64)
Info) VMD for LINUXAMD64, version 1.9.3 (November 30, 2016)
Info) http://www.ks.uiuc.edu/Research/vmd/                         
Info) Email questions and bug reports to vmd@ks.uiuc.edu           
Info) Please include this reference in published work using VMD:   
Info)    Humphrey, W., Dalke, A. and Schulten, K., `VMD - Visual   
Info)    Molecular Dynamics', J. Molec. Graphics 1996, 14.1, 33-38.
Info) -------------------------------------------------------------
Info) Multithreading available, 128 CPUs detected.
Info)   CPU features: SSE2 AVX AVX2 FMA 
Info) Free system memory: 808GB (40%)
Info) No CUDA accelerator devices available.
Info) Dynamically loaded 2 plugins in directory:
Info) /software/vmd/1.9.3/linux-rhel8-x86_64/lib/plugins/LINUXAMD64/molfile
1
Info) Using plugin pdb for structure file ./recenter.pdb
Info) Using plugin pdb for coordinates from file ./recenter.pdb
Info) Determining bond structure from distance search ...
Info) Analyzing structure ...
Info)    Atoms: 28820
Info)    Bonds: 23700
Info)    Angles: 0  Dihedrals: 0  Impropers: 0  Cross-terms: 0
Info)    Bondtypes: 0  Angletypes: 0  Dihedraltypes: 0  Impropertypes: 0
Info)    Residues: 5120
Info)    Waters: 5000
Info)    Segments: 3
Info)    Fragments: 5120   Protein: 0   Nucleic: 0
Info) Finished with coordinate file ./recenter.pdb.
0
atomselect0
atomselect1
Info) Opened coordinate file memb.pdb for writing.
Info) Finished with coordinate file memb.pdb.
Info) VMD for LINUXAMD64, version 1.9.3 (November 30, 2016)
Info) Exiting normally.
cp: cannot stat 'recenter.ORCAFF.prms': No such file or directory
cp: -r not specified; omitting directory '1'
cp: -r not specified; omitting directory '2'
cp: -r not specified; omitting directory '3'
cp: -r not specified; omitting directory '4'
cp: -r not specified; omitting directory '5'
sbatch: error: Unable to open file test_3.sh
/software/vmd/1.9.3/linux-rhel8-x86_64/lib/vmd_LINUXAMD64: /lib64/libGL.so.1: no version information available (required by /software/vmd/1.9.3/linux-rhel8-x86_64/lib/vmd_LINUXAMD64)
Info) VMD for LINUXAMD64, version 1.9.3 (November 30, 2016)
Info) http://www.ks.uiuc.edu/Research/vmd/                         
Info) Email questions and bug reports to vmd@ks.uiuc.edu           
Info) Please include this reference in published work using VMD:   
Info)    Humphrey, W., Dalke, A. and Schulten, K., `VMD - Visual   
Info)    Molecular Dynamics', J. Molec. Graphics 1996, 14.1, 33-38.
Info) -------------------------------------------------------------
Info) Multithreading available, 128 CPUs detected.
Info)   CPU features: SSE2 AVX AVX2 FMA 
Info) Free system memory: 807GB (40%)
Info) No CUDA accelerator devices available.
Info) Dynamically loaded 2 plugins in directory:
Info) /software/vmd/1.9.3/linux-rhel8-x86_64/lib/plugins/LINUXAMD64/molfile
2
Info) Using plugin pdb for structure file ./recenter.pdb
Info) Using plugin pdb for coordinates from file ./recenter.pdb
Info) Determining bond structure from distance search ...
Info) Analyzing structure ...
Info)    Atoms: 28820
Info)    Bonds: 23700
Info)    Angles: 0  Dihedrals: 0  Impropers: 0  Cross-terms: 0
Info)    Bondtypes: 0  Angletypes: 0  Dihedraltypes: 0  Impropertypes: 0
Info)    Residues: 5120
Info)    Waters: 5000
Info)    Segments: 3
Info)    Fragments: 5120   Protein: 0   Nucleic: 0
Info) Finished with coordinate file ./recenter.pdb.
0
atomselect0
atomselect1
Info) Opened coordinate file memb.pdb for writing.
Info) Finished with coordinate file memb.pdb.
Info) VMD for LINUXAMD64, version 1.9.3 (November 30, 2016)
Info) Exiting normally.
cp: cannot stat 'recenter.ORCAFF.prms': No such file or directory
cp: -r not specified; omitting directory '1'
cp: -r not specified; omitting directory '2'
cp: -r not specified; omitting directory '3'
cp: -r not specified; omitting directory '4'
cp: -r not specified; omitting directory '5'
sbatch: error: Unable to open file test_3.sh
/software/vmd/1.9.3/linux-rhel8-x86_64/lib/vmd_LINUXAMD64: /lib64/libGL.so.1: no version information available (required by /software/vmd/1.9.3/linux-rhel8-x86_64/lib/vmd_LINUXAMD64)
Info) VMD for LINUXAMD64, version 1.9.3 (November 30, 2016)
Info) http://www.ks.uiuc.edu/Research/vmd/                         
Info) Email questions and bug reports to vmd@ks.uiuc.edu           
Info) Please include this reference in published work using VMD:   
Info)    Humphrey, W., Dalke, A. and Schulten, K., `VMD - Visual   
Info)    Molecular Dynamics', J. Molec. Graphics 1996, 14.1, 33-38.
Info) -------------------------------------------------------------
Info) Multithreading available, 128 CPUs detected.
Info)   CPU features: SSE2 AVX AVX2 FMA 
Info) Free system memory: 805GB (39%)
Info) No CUDA accelerator devices available.
Info) Dynamically loaded 2 plugins in directory:
Info) /software/vmd/1.9.3/linux-rhel8-x86_64/lib/plugins/LINUXAMD64/molfile
3
Info) Using plugin pdb for structure file ./recenter.pdb
Info) Using plugin pdb for coordinates from file ./recenter.pdb
Info) Determining bond structure from distance search ...
Info) Analyzing structure ...
Info)    Atoms: 28820
Info)    Bonds: 23700
Info)    Angles: 0  Dihedrals: 0  Impropers: 0  Cross-terms: 0
Info)    Bondtypes: 0  Angletypes: 0  Dihedraltypes: 0  Impropertypes: 0
Info)    Residues: 5120
Info)    Waters: 5000
Info)    Segments: 3
Info)    Fragments: 5120   Protein: 0   Nucleic: 0
Info) Finished with coordinate file ./recenter.pdb.
0
atomselect0
atomselect1
Info) Opened coordinate file memb.pdb for writing.
Info) Finished with coordinate file memb.pdb.
Info) VMD for LINUXAMD64, version 1.9.3 (November 30, 2016)
Info) Exiting normally.
cp: cannot stat 'recenter.ORCAFF.prms': No such file or directory
cp: -r not specified; omitting directory '1'
cp: -r not specified; omitting directory '2'
cp: -r not specified; omitting directory '3'
cp: -r not specified; omitting directory '4'
cp: -r not specified; omitting directory '5'
sbatch: error: Unable to open file test_3.sh
/software/vmd/1.9.3/linux-rhel8-x86_64/lib/vmd_LINUXAMD64: /lib64/libGL.so.1: no version information available (required by /software/vmd/1.9.3/linux-rhel8-x86_64/lib/vmd_LINUXAMD64)
Info) VMD for LINUXAMD64, version 1.9.3 (November 30, 2016)
Info) http://www.ks.uiuc.edu/Research/vmd/                         
Info) Email questions and bug reports to vmd@ks.uiuc.edu           
Info) Please include this reference in published work using VMD:   
Info)    Humphrey, W., Dalke, A. and Schulten, K., `VMD - Visual   
Info)    Molecular Dynamics', J. Molec. Graphics 1996, 14.1, 33-38.
Info) -------------------------------------------------------------
Info) Multithreading available, 128 CPUs detected.
Info)   CPU features: SSE2 AVX AVX2 FMA 
Info) Free system memory: 807GB (40%)
Info) No CUDA accelerator devices available.
Info) Dynamically loaded 2 plugins in directory:
Info) /software/vmd/1.9.3/linux-rhel8-x86_64/lib/plugins/LINUXAMD64/molfile
4
Info) Using plugin pdb for structure file ./recenter.pdb
Info) Using plugin pdb for coordinates from file ./recenter.pdb
Info) Determining bond structure from distance search ...
Info) Analyzing structure ...
Info)    Atoms: 28820
Info)    Bonds: 23700
Info)    Angles: 0  Dihedrals: 0  Impropers: 0  Cross-terms: 0
Info)    Bondtypes: 0  Angletypes: 0  Dihedraltypes: 0  Impropertypes: 0
Info)    Residues: 5120
Info)    Waters: 5000
Info)    Segments: 3
Info)    Fragments: 5120   Protein: 0   Nucleic: 0
Info) Finished with coordinate file ./recenter.pdb.
0
atomselect0
atomselect1
Info) Opened coordinate file memb.pdb for writing.
Info) Finished with coordinate file memb.pdb.
Info) VMD for LINUXAMD64, version 1.9.3 (November 30, 2016)
Info) Exiting normally.
cp: cannot stat 'recenter.ORCAFF.prms': No such file or directory
cp: -r not specified; omitting directory '1'
cp: -r not specified; omitting directory '2'
cp: -r not specified; omitting directory '3'
cp: -r not specified; omitting directory '4'
cp: -r not specified; omitting directory '5'
sbatch: error: Unable to open file test_3.sh
/software/vmd/1.9.3/linux-rhel8-x86_64/lib/vmd_LINUXAMD64: /lib64/libGL.so.1: no version information available (required by /software/vmd/1.9.3/linux-rhel8-x86_64/lib/vmd_LINUXAMD64)
Info) VMD for LINUXAMD64, version 1.9.3 (November 30, 2016)
Info) http://www.ks.uiuc.edu/Research/vmd/                         
Info) Email questions and bug reports to vmd@ks.uiuc.edu           
Info) Please include this reference in published work using VMD:   
Info)    Humphrey, W., Dalke, A. and Schulten, K., `VMD - Visual   
Info)    Molecular Dynamics', J. Molec. Graphics 1996, 14.1, 33-38.
Info) -------------------------------------------------------------
Info) Multithreading available, 128 CPUs detected.
Info)   CPU features: SSE2 AVX AVX2 FMA 
Info) Free system memory: 805GB (39%)
Info) No CUDA accelerator devices available.
Info) Dynamically loaded 2 plugins in directory:
Info) /software/vmd/1.9.3/linux-rhel8-x86_64/lib/plugins/LINUXAMD64/molfile
5
Info) Using plugin pdb for structure file ./recenter.pdb
Info) Using plugin pdb for coordinates from file ./recenter.pdb
Info) Determining bond structure from distance search ...
Info) Analyzing structure ...
Info)    Atoms: 28820
Info)    Bonds: 23700
Info)    Angles: 0  Dihedrals: 0  Impropers: 0  Cross-terms: 0
Info)    Bondtypes: 0  Angletypes: 0  Dihedraltypes: 0  Impropertypes: 0
Info)    Residues: 5120
Info)    Waters: 5000
Info)    Segments: 3
Info)    Fragments: 5120   Protein: 0   Nucleic: 0
Info) Finished with coordinate file ./recenter.pdb.
0
atomselect0
atomselect1
Info) Opened coordinate file memb.pdb for writing.
Info) Finished with coordinate file memb.pdb.
Info) VMD for LINUXAMD64, version 1.9.3 (November 30, 2016)
Info) Exiting normally.
cp: cannot stat 'recenter.ORCAFF.prms': No such file or directory
cp: -r not specified; omitting directory '1'
cp: -r not specified; omitting directory '2'
cp: -r not specified; omitting directory '3'
cp: -r not specified; omitting directory '4'
cp: -r not specified; omitting directory '5'
sbatch: error: Unable to open file test_3.sh
/software/vmd/1.9.3/linux-rhel8-x86_64/lib/vmd_LINUXAMD64: /lib64/libGL.so.1: no version information available (required by /software/vmd/1.9.3/linux-rhel8-x86_64/lib/vmd_LINUXAMD64)
Info) VMD for LINUXAMD64, version 1.9.3 (November 30, 2016)
Info) http://www.ks.uiuc.edu/Research/vmd/                         
Info) Email questions and bug reports to vmd@ks.uiuc.edu           
Info) Please include this reference in published work using VMD:   
Info)    Humphrey, W., Dalke, A. and Schulten, K., `VMD - Visual   
Info)    Molecular Dynamics', J. Molec. Graphics 1996, 14.1, 33-38.
Info) -------------------------------------------------------------
Info) Multithreading available, 128 CPUs detected.
Info)   CPU features: SSE2 AVX AVX2 FMA 
Info) Free system memory: 808GB (40%)
Info) No CUDA accelerator devices available.
Info) Dynamically loaded 2 plugins in directory:
Info) /software/vmd/1.9.3/linux-rhel8-x86_64/lib/plugins/LINUXAMD64/molfile
6
Info) Using plugin pdb for structure file ./recenter.pdb
Info) Using plugin pdb for coordinates from file ./recenter.pdb
Info) Determining bond structure from distance search ...
Info) Analyzing structure ...
Info)    Atoms: 28820
Info)    Bonds: 23700
Info)    Angles: 0  Dihedrals: 0  Impropers: 0  Cross-terms: 0
Info)    Bondtypes: 0  Angletypes: 0  Dihedraltypes: 0  Impropertypes: 0
Info)    Residues: 5120
Info)    Waters: 5000
Info)    Segments: 3
Info)    Fragments: 5120   Protein: 0   Nucleic: 0
Info) Finished with coordinate file ./recenter.pdb.
0
atomselect0
atomselect1
Info) Opened coordinate file memb.pdb for writing.
Info) Finished with coordinate file memb.pdb.
Info) VMD for LINUXAMD64, version 1.9.3 (November 30, 2016)
Info) Exiting normally.
cp: cannot stat 'recenter.ORCAFF.prms': No such file or directory
cp: -r not specified; omitting directory '1'
cp: -r not specified; omitting directory '2'
cp: -r not specified; omitting directory '3'
cp: -r not specified; omitting directory '4'
cp: -r not specified; omitting directory '5'
cp: -r not specified; omitting directory '6'
sbatch: error: Unable to open file test_3.sh
/software/vmd/1.9.3/linux-rhel8-x86_64/lib/vmd_LINUXAMD64: /lib64/libGL.so.1: no version information available (required by /software/vmd/1.9.3/linux-rhel8-x86_64/lib/vmd_LINUXAMD64)
Info) VMD for LINUXAMD64, version 1.9.3 (November 30, 2016)
Info) http://www.ks.uiuc.edu/Research/vmd/                         
Info) Email questions and bug reports to vmd@ks.uiuc.edu           
Info) Please include this reference in published work using VMD:   
Info)    Humphrey, W., Dalke, A. and Schulten, K., `VMD - Visual   
Info)    Molecular Dynamics', J. Molec. Graphics 1996, 14.1, 33-38.
Info) -------------------------------------------------------------
Info) Multithreading available, 128 CPUs detected.
Info)   CPU features: SSE2 AVX AVX2 FMA 
Info) Free system memory: 806GB (39%)
Info) No CUDA accelerator devices available.
Info) Dynamically loaded 2 plugins in directory:
Info) /software/vmd/1.9.3/linux-rhel8-x86_64/lib/plugins/LINUXAMD64/molfile
7
Info) Using plugin pdb for structure file ./recenter.pdb
Info) Using plugin pdb for coordinates from file ./recenter.pdb
Info) Determining bond structure from distance search ...
Info) Analyzing structure ...
Info)    Atoms: 28820
Info)    Bonds: 23700
Info)    Angles: 0  Dihedrals: 0  Impropers: 0  Cross-terms: 0
Info)    Bondtypes: 0  Angletypes: 0  Dihedraltypes: 0  Impropertypes: 0
Info)    Residues: 5120
Info)    Waters: 5000
Info)    Segments: 3
Info)    Fragments: 5120   Protein: 0   Nucleic: 0
Info) Finished with coordinate file ./recenter.pdb.
0
atomselect0
atomselect1
Info) Opened coordinate file memb.pdb for writing.
Info) Finished with coordinate file memb.pdb.
Info) VMD for LINUXAMD64, version 1.9.3 (November 30, 2016)
Info) Exiting normally.
cp: cannot stat 'recenter.ORCAFF.prms': No such file or directory
cp: -r not specified; omitting directory '1'
cp: -r not specified; omitting directory '2'
cp: -r not specified; omitting directory '3'
cp: -r not specified; omitting directory '4'
cp: -r not specified; omitting directory '5'
cp: -r not specified; omitting directory '6'
cp: -r not specified; omitting directory '7'
sbatch: error: Unable to open file test_3.sh
/software/vmd/1.9.3/linux-rhel8-x86_64/lib/vmd_LINUXAMD64: /lib64/libGL.so.1: no version information available (required by /software/vmd/1.9.3/linux-rhel8-x86_64/lib/vmd_LINUXAMD64)
Info) VMD for LINUXAMD64, version 1.9.3 (November 30, 2016)
Info) http://www.ks.uiuc.edu/Research/vmd/                         
Info) Email questions and bug reports to vmd@ks.uiuc.edu           
Info) Please include this reference in published work using VMD:   
Info)    Humphrey, W., Dalke, A. and Schulten, K., `VMD - Visual   
Info)    Molecular Dynamics', J. Molec. Graphics 1996, 14.1, 33-38.
Info) -------------------------------------------------------------
Info) Multithreading available, 128 CPUs detected.
Info)   CPU features: SSE2 AVX AVX2 FMA 
Info) Free system memory: 808GB (40%)
Info) No CUDA accelerator devices available.
Info) Dynamically loaded 2 plugins in directory:
Info) /software/vmd/1.9.3/linux-rhel8-x86_64/lib/plugins/LINUXAMD64/molfile
8
Info) Using plugin pdb for structure file ./recenter.pdb
Info) Using plugin pdb for coordinates from file ./recenter.pdb
Info) Determining bond structure from distance search ...
Info) Analyzing structure ...
Info)    Atoms: 28820
Info)    Bonds: 23700
Info)    Angles: 0  Dihedrals: 0  Impropers: 0  Cross-terms: 0
Info)    Bondtypes: 0  Angletypes: 0  Dihedraltypes: 0  Impropertypes: 0
Info)    Residues: 5120
Info)    Waters: 5000
Info)    Segments: 3
Info)    Fragments: 5120   Protein: 0   Nucleic: 0
Info) Finished with coordinate file ./recenter.pdb.
0
atomselect0
atomselect1
Info) Opened coordinate file memb.pdb for writing.
Info) Finished with coordinate file memb.pdb.
Info) VMD for LINUXAMD64, version 1.9.3 (November 30, 2016)
Info) Exiting normally.
cp: cannot stat 'recenter.ORCAFF.prms': No such file or directory
cp: -r not specified; omitting directory '1'
cp: -r not specified; omitting directory '2'
cp: -r not specified; omitting directory '3'
cp: -r not specified; omitting directory '4'
cp: -r not specified; omitting directory '5'
cp: -r not specified; omitting directory '6'
cp: -r not specified; omitting directory '7'
cp: -r not specified; omitting directory '8'
sbatch: error: Unable to open file test_3.sh
/software/vmd/1.9.3/linux-rhel8-x86_64/lib/vmd_LINUXAMD64: /lib64/libGL.so.1: no version information available (required by /software/vmd/1.9.3/linux-rhel8-x86_64/lib/vmd_LINUXAMD64)
Info) VMD for LINUXAMD64, version 1.9.3 (November 30, 2016)
Info) http://www.ks.uiuc.edu/Research/vmd/                         
Info) Email questions and bug reports to vmd@ks.uiuc.edu           
Info) Please include this reference in published work using VMD:   
Info)    Humphrey, W., Dalke, A. and Schulten, K., `VMD - Visual   
Info)    Molecular Dynamics', J. Molec. Graphics 1996, 14.1, 33-38.
Info) -------------------------------------------------------------
Info) Multithreading available, 128 CPUs detected.
Info)   CPU features: SSE2 AVX AVX2 FMA 
Info) Free system memory: 807GB (40%)
Info) No CUDA accelerator devices available.
Info) Dynamically loaded 2 plugins in directory:
Info) /software/vmd/1.9.3/linux-rhel8-x86_64/lib/plugins/LINUXAMD64/molfile
9
Info) Using plugin pdb for structure file ./recenter.pdb
Info) Using plugin pdb for coordinates from file ./recenter.pdb
Info) Determining bond structure from distance search ...
Info) Analyzing structure ...
Info)    Atoms: 28820
Info)    Bonds: 23700
Info)    Angles: 0  Dihedrals: 0  Impropers: 0  Cross-terms: 0
Info)    Bondtypes: 0  Angletypes: 0  Dihedraltypes: 0  Impropertypes: 0
Info)    Residues: 5120
Info)    Waters: 5000
Info)    Segments: 3
Info)    Fragments: 5120   Protein: 0   Nucleic: 0
Info) Finished with coordinate file ./recenter.pdb.
0
atomselect0
atomselect1
Info) Opened coordinate file memb.pdb for writing.
Info) Finished with coordinate file memb.pdb.
Info) VMD for LINUXAMD64, version 1.9.3 (November 30, 2016)
Info) Exiting normally.
cp: cannot stat 'recenter.ORCAFF.prms': No such file or directory
cp: -r not specified; omitting directory '1'
cp: -r not specified; omitting directory '2'
cp: -r not specified; omitting directory '3'
cp: -r not specified; omitting directory '4'
cp: -r not specified; omitting directory '5'
cp: -r not specified; omitting directory '6'
cp: -r not specified; omitting directory '7'
cp: -r not specified; omitting directory '8'
cp: -r not specified; omitting directory '9'
sbatch: error: Unable to open file test_3.sh
/software/vmd/1.9.3/linux-rhel8-x86_64/lib/vmd_LINUXAMD64: /lib64/libGL.so.1: no version information available (required by /software/vmd/1.9.3/linux-rhel8-x86_64/lib/vmd_LINUXAMD64)
Info) VMD for LINUXAMD64, version 1.9.3 (November 30, 2016)
Info) http://www.ks.uiuc.edu/Research/vmd/                         
Info) Email questions and bug reports to vmd@ks.uiuc.edu           
Info) Please include this reference in published work using VMD:   
Info)    Humphrey, W., Dalke, A. and Schulten, K., `VMD - Visual   
Info)    Molecular Dynamics', J. Molec. Graphics 1996, 14.1, 33-38.
Info) -------------------------------------------------------------
Info) Multithreading available, 128 CPUs detected.
Info)   CPU features: SSE2 AVX AVX2 FMA 
Info) Free system memory: 806GB (39%)
Info) No CUDA accelerator devices available.
Info) Dynamically loaded 2 plugins in directory:
Info) /software/vmd/1.9.3/linux-rhel8-x86_64/lib/plugins/LINUXAMD64/molfile
10
Info) Using plugin pdb for structure file ./recenter.pdb
Info) Using plugin pdb for coordinates from file ./recenter.pdb
Info) Determining bond structure from distance search ...
Info) Analyzing structure ...
Info)    Atoms: 28820
Info)    Bonds: 23700
Info)    Angles: 0  Dihedrals: 0  Impropers: 0  Cross-terms: 0
Info)    Bondtypes: 0  Angletypes: 0  Dihedraltypes: 0  Impropertypes: 0
Info)    Residues: 5120
Info)    Waters: 5000
Info)    Segments: 3
Info)    Fragments: 5120   Protein: 0   Nucleic: 0
Info) Finished with coordinate file ./recenter.pdb.
0
atomselect0
atomselect1
Info) Opened coordinate file memb.pdb for writing.
Info) Finished with coordinate file memb.pdb.
Info) VMD for LINUXAMD64, version 1.9.3 (November 30, 2016)
Info) Exiting normally.
cp: cannot stat 'recenter.ORCAFF.prms': No such file or directory
cp: -r not specified; omitting directory '1'
cp: -r not specified; omitting directory '10'
cp: -r not specified; omitting directory '2'
cp: -r not specified; omitting directory '3'
cp: -r not specified; omitting directory '4'
cp: -r not specified; omitting directory '5'
cp: -r not specified; omitting directory '6'
cp: -r not specified; omitting directory '7'
cp: -r not specified; omitting directory '8'
cp: -r not specified; omitting directory '9'
sbatch: error: Unable to open file test_3.sh
/software/vmd/1.9.3/linux-rhel8-x86_64/lib/vmd_LINUXAMD64: /lib64/libGL.so.1: no version information available (required by /software/vmd/1.9.3/linux-rhel8-x86_64/lib/vmd_LINUXAMD64)
Info) VMD for LINUXAMD64, version 1.9.3 (November 30, 2016)
Info) http://www.ks.uiuc.edu/Research/vmd/                         
Info) Email questions and bug reports to vmd@ks.uiuc.edu           
Info) Please include this reference in published work using VMD:   
Info)    Humphrey, W., Dalke, A. and Schulten, K., `VMD - Visual   
Info)    Molecular Dynamics', J. Molec. Graphics 1996, 14.1, 33-38.
Info) -------------------------------------------------------------
Info) Multithreading available, 128 CPUs detected.
Info)   CPU features: SSE2 AVX AVX2 FMA 
Info) Free system memory: 806GB (40%)
Info) No CUDA accelerator devices available.
Info) Dynamically loaded 2 plugins in directory:
Info) /software/vmd/1.9.3/linux-rhel8-x86_64/lib/plugins/LINUXAMD64/molfile
11
Info) Using plugin pdb for structure file ./recenter.pdb
Info) Using plugin pdb for coordinates from file ./recenter.pdb
Info) Determining bond structure from distance search ...
Info) Analyzing structure ...
Info)    Atoms: 28820
Info)    Bonds: 23700
Info)    Angles: 0  Dihedrals: 0  Impropers: 0  Cross-terms: 0
Info)    Bondtypes: 0  Angletypes: 0  Dihedraltypes: 0  Impropertypes: 0
Info)    Residues: 5120
Info)    Waters: 5000
Info)    Segments: 3
Info)    Fragments: 5120   Protein: 0   Nucleic: 0
Info) Finished with coordinate file ./recenter.pdb.
0
atomselect0
atomselect1
Info) Opened coordinate file memb.pdb for writing.
Info) Finished with coordinate file memb.pdb.
Info) VMD for LINUXAMD64, version 1.9.3 (November 30, 2016)
Info) Exiting normally.
cp: cannot stat 'recenter.ORCAFF.prms': No such file or directory
cp: -r not specified; omitting directory '1'
cp: -r not specified; omitting directory '10'
cp: -r not specified; omitting directory '11'
cp: -r not specified; omitting directory '2'
cp: -r not specified; omitting directory '3'
cp: -r not specified; omitting directory '4'
cp: -r not specified; omitting directory '5'
cp: -r not specified; omitting directory '6'
cp: -r not specified; omitting directory '7'
cp: -r not specified; omitting directory '8'
cp: -r not specified; omitting directory '9'
sbatch: error: Unable to open file test_3.sh
/software/vmd/1.9.3/linux-rhel8-x86_64/lib/vmd_LINUXAMD64: /lib64/libGL.so.1: no version information available (required by /software/vmd/1.9.3/linux-rhel8-x86_64/lib/vmd_LINUXAMD64)
Info) VMD for LINUXAMD64, version 1.9.3 (November 30, 2016)
Info) http://www.ks.uiuc.edu/Research/vmd/                         
Info) Email questions and bug reports to vmd@ks.uiuc.edu           
Info) Please include this reference in published work using VMD:   
Info)    Humphrey, W., Dalke, A. and Schulten, K., `VMD - Visual   
Info)    Molecular Dynamics', J. Molec. Graphics 1996, 14.1, 33-38.
Info) -------------------------------------------------------------
Info) Multithreading available, 128 CPUs detected.
Info)   CPU features: SSE2 AVX AVX2 FMA 
Info) Free system memory: 807GB (40%)
Info) No CUDA accelerator devices available.
Info) Dynamically loaded 2 plugins in directory:
Info) /software/vmd/1.9.3/linux-rhel8-x86_64/lib/plugins/LINUXAMD64/molfile
12
Info) Using plugin pdb for structure file ./recenter.pdb
Info) Using plugin pdb for coordinates from file ./recenter.pdb
Info) Determining bond structure from distance search ...
Info) Analyzing structure ...
Info)    Atoms: 28820
Info)    Bonds: 23700
Info)    Angles: 0  Dihedrals: 0  Impropers: 0  Cross-terms: 0
Info)    Bondtypes: 0  Angletypes: 0  Dihedraltypes: 0  Impropertypes: 0
Info)    Residues: 5120
Info)    Waters: 5000
Info)    Segments: 3
Info)    Fragments: 5120   Protein: 0   Nucleic: 0
Info) Finished with coordinate file ./recenter.pdb.
0
atomselect0
atomselect1
Info) Opened coordinate file memb.pdb for writing.
Info) Finished with coordinate file memb.pdb.
Info) VMD for LINUXAMD64, version 1.9.3 (November 30, 2016)
Info) Exiting normally.
cp: cannot stat 'recenter.ORCAFF.prms': No such file or directory
cp: -r not specified; omitting directory '1'
cp: -r not specified; omitting directory '10'
cp: -r not specified; omitting directory '11'
cp: -r not specified; omitting directory '12'
cp: -r not specified; omitting directory '2'
cp: -r not specified; omitting directory '3'
cp: -r not specified; omitting directory '4'
cp: -r not specified; omitting directory '5'
cp: -r not specified; omitting directory '6'
cp: -r not specified; omitting directory '7'
cp: -r not specified; omitting directory '8'
cp: -r not specified; omitting directory '9'
sbatch: error: Unable to open file test_3.sh
/software/vmd/1.9.3/linux-rhel8-x86_64/lib/vmd_LINUXAMD64: /lib64/libGL.so.1: no version information available (required by /software/vmd/1.9.3/linux-rhel8-x86_64/lib/vmd_LINUXAMD64)
Info) VMD for LINUXAMD64, version 1.9.3 (November 30, 2016)
Info) http://www.ks.uiuc.edu/Research/vmd/                         
Info) Email questions and bug reports to vmd@ks.uiuc.edu           
Info) Please include this reference in published work using VMD:   
Info)    Humphrey, W., Dalke, A. and Schulten, K., `VMD - Visual   
Info)    Molecular Dynamics', J. Molec. Graphics 1996, 14.1, 33-38.
Info) -------------------------------------------------------------
Info) Multithreading available, 128 CPUs detected.
Info)   CPU features: SSE2 AVX AVX2 FMA 
Info) Free system memory: 806GB (40%)
Info) No CUDA accelerator devices available.
Info) Dynamically loaded 2 plugins in directory:
Info) /software/vmd/1.9.3/linux-rhel8-x86_64/lib/plugins/LINUXAMD64/molfile
13
Info) Using plugin pdb for structure file ./recenter.pdb
Info) Using plugin pdb for coordinates from file ./recenter.pdb
Info) Determining bond structure from distance search ...
Info) Analyzing structure ...
Info)    Atoms: 28820
Info)    Bonds: 23700
Info)    Angles: 0  Dihedrals: 0  Impropers: 0  Cross-terms: 0
Info)    Bondtypes: 0  Angletypes: 0  Dihedraltypes: 0  Impropertypes: 0
Info)    Residues: 5120
Info)    Waters: 5000
Info)    Segments: 3
Info)    Fragments: 5120   Protein: 0   Nucleic: 0
Info) Finished with coordinate file ./recenter.pdb.
0
atomselect0
atomselect1
Info) Opened coordinate file memb.pdb for writing.
Info) Finished with coordinate file memb.pdb.
Info) VMD for LINUXAMD64, version 1.9.3 (November 30, 2016)
Info) Exiting normally.
cp: cannot stat 'recenter.ORCAFF.prms': No such file or directory
cp: -r not specified; omitting directory '1'
cp: -r not specified; omitting directory '10'
cp: -r not specified; omitting directory '11'
cp: -r not specified; omitting directory '12'
cp: -r not specified; omitting directory '13'
cp: -r not specified; omitting directory '2'
cp: -r not specified; omitting directory '3'
cp: -r not specified; omitting directory '4'
cp: -r not specified; omitting directory '5'
cp: -r not specified; omitting directory '6'
cp: -r not specified; omitting directory '7'
cp: -r not specified; omitting directory '8'
cp: -r not specified; omitting directory '9'
sbatch: error: Unable to open file test_3.sh
/software/vmd/1.9.3/linux-rhel8-x86_64/lib/vmd_LINUXAMD64: /lib64/libGL.so.1: no version information available (required by /software/vmd/1.9.3/linux-rhel8-x86_64/lib/vmd_LINUXAMD64)
Info) VMD for LINUXAMD64, version 1.9.3 (November 30, 2016)
Info) http://www.ks.uiuc.edu/Research/vmd/                         
Info) Email questions and bug reports to vmd@ks.uiuc.edu           
Info) Please include this reference in published work using VMD:   
Info)    Humphrey, W., Dalke, A. and Schulten, K., `VMD - Visual   
Info)    Molecular Dynamics', J. Molec. Graphics 1996, 14.1, 33-38.
Info) -------------------------------------------------------------
Info) Multithreading available, 128 CPUs detected.
Info)   CPU features: SSE2 AVX AVX2 FMA 
Info) Free system memory: 808GB (40%)
Info) No CUDA accelerator devices available.
Info) Dynamically loaded 2 plugins in directory:
Info) /software/vmd/1.9.3/linux-rhel8-x86_64/lib/plugins/LINUXAMD64/molfile
14
Info) Using plugin pdb for structure file ./recenter.pdb
Info) Using plugin pdb for coordinates from file ./recenter.pdb
Info) Determining bond structure from distance search ...
Info) Analyzing structure ...
Info)    Atoms: 28820
Info)    Bonds: 23700
Info)    Angles: 0  Dihedrals: 0  Impropers: 0  Cross-terms: 0
Info)    Bondtypes: 0  Angletypes: 0  Dihedraltypes: 0  Impropertypes: 0
Info)    Residues: 5120
Info)    Waters: 5000
Info)    Segments: 3
Info)    Fragments: 5120   Protein: 0   Nucleic: 0
Info) Finished with coordinate file ./recenter.pdb.
0
atomselect0
atomselect1
Info) Opened coordinate file memb.pdb for writing.
Info) Finished with coordinate file memb.pdb.
Info) VMD for LINUXAMD64, version 1.9.3 (November 30, 2016)
Info) Exiting normally.
cp: cannot stat 'recenter.ORCAFF.prms': No such file or directory
cp: -r not specified; omitting directory '1'
cp: -r not specified; omitting directory '10'
cp: -r not specified; omitting directory '11'
cp: -r not specified; omitting directory '12'
cp: -r not specified; omitting directory '13'
cp: -r not specified; omitting directory '14'
cp: -r not specified; omitting directory '2'
cp: -r not specified; omitting directory '3'
cp: -r not specified; omitting directory '4'
cp: -r not specified; omitting directory '5'
cp: -r not specified; omitting directory '6'
cp: -r not specified; omitting directory '7'
cp: -r not specified; omitting directory '8'
cp: -r not specified; omitting directory '9'
sbatch: error: Unable to open file test_3.sh
/software/vmd/1.9.3/linux-rhel8-x86_64/lib/vmd_LINUXAMD64: /lib64/libGL.so.1: no version information available (required by /software/vmd/1.9.3/linux-rhel8-x86_64/lib/vmd_LINUXAMD64)
Info) VMD for LINUXAMD64, version 1.9.3 (November 30, 2016)
Info) http://www.ks.uiuc.edu/Research/vmd/                         
Info) Email questions and bug reports to vmd@ks.uiuc.edu           
Info) Please include this reference in published work using VMD:   
Info)    Humphrey, W., Dalke, A. and Schulten, K., `VMD - Visual   
Info)    Molecular Dynamics', J. Molec. Graphics 1996, 14.1, 33-38.
Info) -------------------------------------------------------------
Info) Multithreading available, 128 CPUs detected.
Info)   CPU features: SSE2 AVX AVX2 FMA 
Info) Free system memory: 803GB (39%)
Info) No CUDA accelerator devices available.
Info) Dynamically loaded 2 plugins in directory:
Info) /software/vmd/1.9.3/linux-rhel8-x86_64/lib/plugins/LINUXAMD64/molfile
15
Info) Using plugin pdb for structure file ./recenter.pdb
Info) Using plugin pdb for coordinates from file ./recenter.pdb
Info) Determining bond structure from distance search ...
Info) Analyzing structure ...
Info)    Atoms: 28820
Info)    Bonds: 23700
Info)    Angles: 0  Dihedrals: 0  Impropers: 0  Cross-terms: 0
Info)    Bondtypes: 0  Angletypes: 0  Dihedraltypes: 0  Impropertypes: 0
Info)    Residues: 5120
Info)    Waters: 5000
Info)    Segments: 3
Info)    Fragments: 5120   Protein: 0   Nucleic: 0
Info) Finished with coordinate file ./recenter.pdb.
0
atomselect0
atomselect1
Info) Opened coordinate file memb.pdb for writing.
Info) Finished with coordinate file memb.pdb.
Info) VMD for LINUXAMD64, version 1.9.3 (November 30, 2016)
Info) Exiting normally.
cp: cannot stat 'recenter.ORCAFF.prms': No such file or directory
cp: -r not specified; omitting directory '1'
cp: -r not specified; omitting directory '10'
cp: -r not specified; omitting directory '11'
cp: -r not specified; omitting directory '12'
cp: -r not specified; omitting directory '13'
cp: -r not specified; omitting directory '14'
cp: -r not specified; omitting directory '15'
cp: -r not specified; omitting directory '2'
cp: -r not specified; omitting directory '3'
cp: -r not specified; omitting directory '4'
cp: -r not specified; omitting directory '5'
cp: -r not specified; omitting directory '6'
cp: -r not specified; omitting directory '7'
cp: -r not specified; omitting directory '8'
cp: -r not specified; omitting directory '9'
sbatch: error: Unable to open file test_3.sh
/software/vmd/1.9.3/linux-rhel8-x86_64/lib/vmd_LINUXAMD64: /lib64/libGL.so.1: no version information available (required by /software/vmd/1.9.3/linux-rhel8-x86_64/lib/vmd_LINUXAMD64)
Info) VMD for LINUXAMD64, version 1.9.3 (November 30, 2016)
Info) http://www.ks.uiuc.edu/Research/vmd/                         
Info) Email questions and bug reports to vmd@ks.uiuc.edu           
Info) Please include this reference in published work using VMD:   
Info)    Humphrey, W., Dalke, A. and Schulten, K., `VMD - Visual   
Info)    Molecular Dynamics', J. Molec. Graphics 1996, 14.1, 33-38.
Info) -------------------------------------------------------------
Info) Multithreading available, 128 CPUs detected.
Info)   CPU features: SSE2 AVX AVX2 FMA 
Info) Free system memory: 805GB (39%)
Info) No CUDA accelerator devices available.
Info) Dynamically loaded 2 plugins in directory:
Info) /software/vmd/1.9.3/linux-rhel8-x86_64/lib/plugins/LINUXAMD64/molfile
16
Info) Using plugin pdb for structure file ./recenter.pdb
Info) Using plugin pdb for coordinates from file ./recenter.pdb
Info) Determining bond structure from distance search ...
Info) Analyzing structure ...
Info)    Atoms: 28820
Info)    Bonds: 23700
Info)    Angles: 0  Dihedrals: 0  Impropers: 0  Cross-terms: 0
Info)    Bondtypes: 0  Angletypes: 0  Dihedraltypes: 0  Impropertypes: 0
Info)    Residues: 5120
Info)    Waters: 5000
Info)    Segments: 3
Info)    Fragments: 5120   Protein: 0   Nucleic: 0
Info) Finished with coordinate file ./recenter.pdb.
0
atomselect0
atomselect1
Info) Opened coordinate file memb.pdb for writing.
Info) Finished with coordinate file memb.pdb.
Info) VMD for LINUXAMD64, version 1.9.3 (November 30, 2016)
Info) Exiting normally.
cp: cannot stat 'recenter.ORCAFF.prms': No such file or directory
cp: -r not specified; omitting directory '1'
cp: -r not specified; omitting directory '10'
cp: -r not specified; omitting directory '11'
cp: -r not specified; omitting directory '12'
cp: -r not specified; omitting directory '13'
cp: -r not specified; omitting directory '14'
cp: -r not specified; omitting directory '15'
cp: -r not specified; omitting directory '16'
cp: -r not specified; omitting directory '2'
cp: -r not specified; omitting directory '3'
cp: -r not specified; omitting directory '4'
cp: -r not specified; omitting directory '5'
cp: -r not specified; omitting directory '6'
cp: -r not specified; omitting directory '7'
cp: -r not specified; omitting directory '8'
cp: -r not specified; omitting directory '9'
sbatch: error: Unable to open file test_3.sh
/software/vmd/1.9.3/linux-rhel8-x86_64/lib/vmd_LINUXAMD64: /lib64/libGL.so.1: no version information available (required by /software/vmd/1.9.3/linux-rhel8-x86_64/lib/vmd_LINUXAMD64)
Info) VMD for LINUXAMD64, version 1.9.3 (November 30, 2016)
Info) http://www.ks.uiuc.edu/Research/vmd/                         
Info) Email questions and bug reports to vmd@ks.uiuc.edu           
Info) Please include this reference in published work using VMD:   
Info)    Humphrey, W., Dalke, A. and Schulten, K., `VMD - Visual   
Info)    Molecular Dynamics', J. Molec. Graphics 1996, 14.1, 33-38.
Info) -------------------------------------------------------------
Info) Multithreading available, 128 CPUs detected.
Info)   CPU features: SSE2 AVX AVX2 FMA 
Info) Free system memory: 809GB (40%)
Info) No CUDA accelerator devices available.
Info) Dynamically loaded 2 plugins in directory:
Info) /software/vmd/1.9.3/linux-rhel8-x86_64/lib/plugins/LINUXAMD64/molfile
17
Info) Using plugin pdb for structure file ./recenter.pdb
Info) Using plugin pdb for coordinates from file ./recenter.pdb
Info) Determining bond structure from distance search ...
Info) Analyzing structure ...
Info)    Atoms: 28820
Info)    Bonds: 23700
Info)    Angles: 0  Dihedrals: 0  Impropers: 0  Cross-terms: 0
Info)    Bondtypes: 0  Angletypes: 0  Dihedraltypes: 0  Impropertypes: 0
Info)    Residues: 5120
Info)    Waters: 5000
Info)    Segments: 3
Info)    Fragments: 5120   Protein: 0   Nucleic: 0
Info) Finished with coordinate file ./recenter.pdb.
0
atomselect0
atomselect1
Info) Opened coordinate file memb.pdb for writing.
Info) Finished with coordinate file memb.pdb.
Info) VMD for LINUXAMD64, version 1.9.3 (November 30, 2016)
Info) Exiting normally.
cp: cannot stat 'recenter.ORCAFF.prms': No such file or directory
cp: -r not specified; omitting directory '1'
cp: -r not specified; omitting directory '10'
cp: -r not specified; omitting directory '11'
cp: -r not specified; omitting directory '12'
cp: -r not specified; omitting directory '13'
cp: -r not specified; omitting directory '14'
cp: -r not specified; omitting directory '15'
cp: -r not specified; omitting directory '16'
cp: -r not specified; omitting directory '17'
cp: -r not specified; omitting directory '2'
cp: -r not specified; omitting directory '3'
cp: -r not specified; omitting directory '4'
cp: -r not specified; omitting directory '5'
cp: -r not specified; omitting directory '6'
cp: -r not specified; omitting directory '7'
cp: -r not specified; omitting directory '8'
cp: -r not specified; omitting directory '9'
sbatch: error: Unable to open file test_3.sh
/software/vmd/1.9.3/linux-rhel8-x86_64/lib/vmd_LINUXAMD64: /lib64/libGL.so.1: no version information available (required by /software/vmd/1.9.3/linux-rhel8-x86_64/lib/vmd_LINUXAMD64)
Info) VMD for LINUXAMD64, version 1.9.3 (November 30, 2016)
Info) http://www.ks.uiuc.edu/Research/vmd/                         
Info) Email questions and bug reports to vmd@ks.uiuc.edu           
Info) Please include this reference in published work using VMD:   
Info)    Humphrey, W., Dalke, A. and Schulten, K., `VMD - Visual   
Info)    Molecular Dynamics', J. Molec. Graphics 1996, 14.1, 33-38.
Info) -------------------------------------------------------------
Info) Multithreading available, 128 CPUs detected.
Info)   CPU features: SSE2 AVX AVX2 FMA 
Info) Free system memory: 807GB (40%)
Info) No CUDA accelerator devices available.
Info) Dynamically loaded 2 plugins in directory:
Info) /software/vmd/1.9.3/linux-rhel8-x86_64/lib/plugins/LINUXAMD64/molfile
18
Info) Using plugin pdb for structure file ./recenter.pdb
Info) Using plugin pdb for coordinates from file ./recenter.pdb
Info) Determining bond structure from distance search ...
Info) Analyzing structure ...
Info)    Atoms: 28820
Info)    Bonds: 23700
Info)    Angles: 0  Dihedrals: 0  Impropers: 0  Cross-terms: 0
Info)    Bondtypes: 0  Angletypes: 0  Dihedraltypes: 0  Impropertypes: 0
Info)    Residues: 5120
Info)    Waters: 5000
Info)    Segments: 3
Info)    Fragments: 5120   Protein: 0   Nucleic: 0
Info) Finished with coordinate file ./recenter.pdb.
0
atomselect0
atomselect1
Info) Opened coordinate file memb.pdb for writing.
Info) Finished with coordinate file memb.pdb.
Info) VMD for LINUXAMD64, version 1.9.3 (November 30, 2016)
Info) Exiting normally.
cp: cannot stat 'recenter.ORCAFF.prms': No such file or directory
cp: -r not specified; omitting directory '1'
cp: -r not specified; omitting directory '10'
cp: -r not specified; omitting directory '11'
cp: -r not specified; omitting directory '12'
cp: -r not specified; omitting directory '13'
cp: -r not specified; omitting directory '14'
cp: -r not specified; omitting directory '15'
cp: -r not specified; omitting directory '16'
cp: -r not specified; omitting directory '17'
cp: -r not specified; omitting directory '18'
cp: -r not specified; omitting directory '2'
cp: -r not specified; omitting directory '3'
cp: -r not specified; omitting directory '4'
cp: -r not specified; omitting directory '5'
cp: -r not specified; omitting directory '6'
cp: -r not specified; omitting directory '7'
cp: -r not specified; omitting directory '8'
cp: -r not specified; omitting directory '9'
sbatch: error: Unable to open file test_3.sh
/software/vmd/1.9.3/linux-rhel8-x86_64/lib/vmd_LINUXAMD64: /lib64/libGL.so.1: no version information available (required by /software/vmd/1.9.3/linux-rhel8-x86_64/lib/vmd_LINUXAMD64)
Info) VMD for LINUXAMD64, version 1.9.3 (November 30, 2016)
Info) http://www.ks.uiuc.edu/Research/vmd/                         
Info) Email questions and bug reports to vmd@ks.uiuc.edu           
Info) Please include this reference in published work using VMD:   
Info)    Humphrey, W., Dalke, A. and Schulten, K., `VMD - Visual   
Info)    Molecular Dynamics', J. Molec. Graphics 1996, 14.1, 33-38.
Info) -------------------------------------------------------------
Info) Multithreading available, 128 CPUs detected.
Info)   CPU features: SSE2 AVX AVX2 FMA 
Info) Free system memory: 807GB (40%)
Info) No CUDA accelerator devices available.
Info) Dynamically loaded 2 plugins in directory:
Info) /software/vmd/1.9.3/linux-rhel8-x86_64/lib/plugins/LINUXAMD64/molfile
19
Info) Using plugin pdb for structure file ./recenter.pdb
Info) Using plugin pdb for coordinates from file ./recenter.pdb
Info) Determining bond structure from distance search ...
Info) Analyzing structure ...
Info)    Atoms: 28820
Info)    Bonds: 23700
Info)    Angles: 0  Dihedrals: 0  Impropers: 0  Cross-terms: 0
Info)    Bondtypes: 0  Angletypes: 0  Dihedraltypes: 0  Impropertypes: 0
Info)    Residues: 5120
Info)    Waters: 5000
Info)    Segments: 3
Info)    Fragments: 5120   Protein: 0   Nucleic: 0
Info) Finished with coordinate file ./recenter.pdb.
0
atomselect0
atomselect1
Info) Opened coordinate file memb.pdb for writing.
Info) Finished with coordinate file memb.pdb.
Info) VMD for LINUXAMD64, version 1.9.3 (November 30, 2016)
Info) Exiting normally.
cp: cannot stat 'recenter.ORCAFF.prms': No such file or directory
cp: -r not specified; omitting directory '1'
cp: -r not specified; omitting directory '10'
cp: -r not specified; omitting directory '11'
cp: -r not specified; omitting directory '12'
cp: -r not specified; omitting directory '13'
cp: -r not specified; omitting directory '14'
cp: -r not specified; omitting directory '15'
cp: -r not specified; omitting directory '16'
cp: -r not specified; omitting directory '17'
cp: -r not specified; omitting directory '18'
cp: -r not specified; omitting directory '19'
cp: -r not specified; omitting directory '2'
cp: -r not specified; omitting directory '3'
cp: -r not specified; omitting directory '4'
cp: -r not specified; omitting directory '5'
cp: -r not specified; omitting directory '6'
cp: -r not specified; omitting directory '7'
cp: -r not specified; omitting directory '8'
cp: -r not specified; omitting directory '9'
sbatch: error: Unable to open file test_3.sh
/software/vmd/1.9.3/linux-rhel8-x86_64/lib/vmd_LINUXAMD64: /lib64/libGL.so.1: no version information available (required by /software/vmd/1.9.3/linux-rhel8-x86_64/lib/vmd_LINUXAMD64)
Info) VMD for LINUXAMD64, version 1.9.3 (November 30, 2016)
Info) http://www.ks.uiuc.edu/Research/vmd/                         
Info) Email questions and bug reports to vmd@ks.uiuc.edu           
Info) Please include this reference in published work using VMD:   
Info)    Humphrey, W., Dalke, A. and Schulten, K., `VMD - Visual   
Info)    Molecular Dynamics', J. Molec. Graphics 1996, 14.1, 33-38.
Info) -------------------------------------------------------------
Info) Multithreading available, 128 CPUs detected.
Info)   CPU features: SSE2 AVX AVX2 FMA 
Info) Free system memory: 805GB (39%)
Info) No CUDA accelerator devices available.
Info) Dynamically loaded 2 plugins in directory:
Info) /software/vmd/1.9.3/linux-rhel8-x86_64/lib/plugins/LINUXAMD64/molfile
20
Info) Using plugin pdb for structure file ./recenter.pdb
Info) Using plugin pdb for coordinates from file ./recenter.pdb
Info) Determining bond structure from distance search ...
Info) Analyzing structure ...
Info)    Atoms: 28820
Info)    Bonds: 23700
Info)    Angles: 0  Dihedrals: 0  Impropers: 0  Cross-terms: 0
Info)    Bondtypes: 0  Angletypes: 0  Dihedraltypes: 0  Impropertypes: 0
Info)    Residues: 5120
Info)    Waters: 5000
Info)    Segments: 3
Info)    Fragments: 5120   Protein: 0   Nucleic: 0
Info) Finished with coordinate file ./recenter.pdb.
0
atomselect0
atomselect1
Info) Opened coordinate file memb.pdb for writing.
Info) Finished with coordinate file memb.pdb.
Info) VMD for LINUXAMD64, version 1.9.3 (November 30, 2016)
Info) Exiting normally.
cp: cannot stat 'recenter.ORCAFF.prms': No such file or directory
cp: -r not specified; omitting directory '1'
cp: -r not specified; omitting directory '10'
cp: -r not specified; omitting directory '11'
cp: -r not specified; omitting directory '12'
cp: -r not specified; omitting directory '13'
cp: -r not specified; omitting directory '14'
cp: -r not specified; omitting directory '15'
cp: -r not specified; omitting directory '16'
cp: -r not specified; omitting directory '17'
cp: -r not specified; omitting directory '18'
cp: -r not specified; omitting directory '19'
cp: -r not specified; omitting directory '2'
cp: -r not specified; omitting directory '20'
cp: -r not specified; omitting directory '3'
cp: -r not specified; omitting directory '4'
cp: -r not specified; omitting directory '5'
cp: -r not specified; omitting directory '6'
cp: -r not specified; omitting directory '7'
cp: -r not specified; omitting directory '8'
cp: -r not specified; omitting directory '9'
sbatch: error: Unable to open file test_3.sh
/software/vmd/1.9.3/linux-rhel8-x86_64/lib/vmd_LINUXAMD64: /lib64/libGL.so.1: no version information available (required by /software/vmd/1.9.3/linux-rhel8-x86_64/lib/vmd_LINUXAMD64)
Info) VMD for LINUXAMD64, version 1.9.3 (November 30, 2016)
Info) http://www.ks.uiuc.edu/Research/vmd/                         
Info) Email questions and bug reports to vmd@ks.uiuc.edu           
Info) Please include this reference in published work using VMD:   
Info)    Humphrey, W., Dalke, A. and Schulten, K., `VMD - Visual   
Info)    Molecular Dynamics', J. Molec. Graphics 1996, 14.1, 33-38.
Info) -------------------------------------------------------------
Info) Multithreading available, 128 CPUs detected.
Info)   CPU features: SSE2 AVX AVX2 FMA 
Info) Free system memory: 806GB (40%)
Info) No CUDA accelerator devices available.
Info) Dynamically loaded 2 plugins in directory:
Info) /software/vmd/1.9.3/linux-rhel8-x86_64/lib/plugins/LINUXAMD64/molfile
21
Info) Using plugin pdb for structure file ./recenter.pdb
Info) Using plugin pdb for coordinates from file ./recenter.pdb
Info) Determining bond structure from distance search ...
Info) Analyzing structure ...
Info)    Atoms: 28820
Info)    Bonds: 23700
Info)    Angles: 0  Dihedrals: 0  Impropers: 0  Cross-terms: 0
Info)    Bondtypes: 0  Angletypes: 0  Dihedraltypes: 0  Impropertypes: 0
Info)    Residues: 5120
Info)    Waters: 5000
Info)    Segments: 3
Info)    Fragments: 5120   Protein: 0   Nucleic: 0
Info) Finished with coordinate file ./recenter.pdb.
0
atomselect0
atomselect1
Info) Opened coordinate file memb.pdb for writing.
Info) Finished with coordinate file memb.pdb.
Info) VMD for LINUXAMD64, version 1.9.3 (November 30, 2016)
Info) Exiting normally.
cp: cannot stat 'recenter.ORCAFF.prms': No such file or directory
cp: -r not specified; omitting directory '1'
cp: -r not specified; omitting directory '10'
cp: -r not specified; omitting directory '11'
cp: -r not specified; omitting directory '12'
cp: -r not specified; omitting directory '13'
cp: -r not specified; omitting directory '14'
cp: -r not specified; omitting directory '15'
cp: -r not specified; omitting directory '16'
cp: -r not specified; omitting directory '17'
cp: -r not specified; omitting directory '18'
cp: -r not specified; omitting directory '19'
cp: -r not specified; omitting directory '2'
cp: -r not specified; omitting directory '20'
cp: -r not specified; omitting directory '21'
cp: -r not specified; omitting directory '3'
cp: -r not specified; omitting directory '4'
cp: -r not specified; omitting directory '5'
cp: -r not specified; omitting directory '6'
cp: -r not specified; omitting directory '7'
cp: -r not specified; omitting directory '8'
cp: -r not specified; omitting directory '9'
sbatch: error: Unable to open file test_3.sh
/software/vmd/1.9.3/linux-rhel8-x86_64/lib/vmd_LINUXAMD64: /lib64/libGL.so.1: no version information available (required by /software/vmd/1.9.3/linux-rhel8-x86_64/lib/vmd_LINUXAMD64)
Info) VMD for LINUXAMD64, version 1.9.3 (November 30, 2016)
Info) http://www.ks.uiuc.edu/Research/vmd/                         
Info) Email questions and bug reports to vmd@ks.uiuc.edu           
Info) Please include this reference in published work using VMD:   
Info)    Humphrey, W., Dalke, A. and Schulten, K., `VMD - Visual   
Info)    Molecular Dynamics', J. Molec. Graphics 1996, 14.1, 33-38.
Info) -------------------------------------------------------------
Info) Multithreading available, 128 CPUs detected.
Info)   CPU features: SSE2 AVX AVX2 FMA 
Info) Free system memory: 809GB (40%)
Info) No CUDA accelerator devices available.
Info) Dynamically loaded 2 plugins in directory:
Info) /software/vmd/1.9.3/linux-rhel8-x86_64/lib/plugins/LINUXAMD64/molfile
22
Info) Using plugin pdb for structure file ./recenter.pdb
Info) Using plugin pdb for coordinates from file ./recenter.pdb
Info) Determining bond structure from distance search ...
Info) Analyzing structure ...
Info)    Atoms: 28820
Info)    Bonds: 23700
Info)    Angles: 0  Dihedrals: 0  Impropers: 0  Cross-terms: 0
Info)    Bondtypes: 0  Angletypes: 0  Dihedraltypes: 0  Impropertypes: 0
Info)    Residues: 5120
Info)    Waters: 5000
Info)    Segments: 3
Info)    Fragments: 5120   Protein: 0   Nucleic: 0
Info) Finished with coordinate file ./recenter.pdb.
0
atomselect0
atomselect1
Info) Opened coordinate file memb.pdb for writing.
Info) Finished with coordinate file memb.pdb.
Info) VMD for LINUXAMD64, version 1.9.3 (November 30, 2016)
Info) Exiting normally.
cp: cannot stat 'recenter.ORCAFF.prms': No such file or directory
cp: -r not specified; omitting directory '1'
cp: -r not specified; omitting directory '10'
cp: -r not specified; omitting directory '11'
cp: -r not specified; omitting directory '12'
cp: -r not specified; omitting directory '13'
cp: -r not specified; omitting directory '14'
cp: -r not specified; omitting directory '15'
cp: -r not specified; omitting directory '16'
cp: -r not specified; omitting directory '17'
cp: -r not specified; omitting directory '18'
cp: -r not specified; omitting directory '19'
cp: -r not specified; omitting directory '2'
cp: -r not specified; omitting directory '20'
cp: -r not specified; omitting directory '21'
cp: -r not specified; omitting directory '22'
cp: -r not specified; omitting directory '3'
cp: -r not specified; omitting directory '4'
cp: -r not specified; omitting directory '5'
cp: -r not specified; omitting directory '6'
cp: -r not specified; omitting directory '7'
cp: -r not specified; omitting directory '8'
cp: -r not specified; omitting directory '9'
sbatch: error: Unable to open file test_3.sh
/software/vmd/1.9.3/linux-rhel8-x86_64/lib/vmd_LINUXAMD64: /lib64/libGL.so.1: no version information available (required by /software/vmd/1.9.3/linux-rhel8-x86_64/lib/vmd_LINUXAMD64)
Info) VMD for LINUXAMD64, version 1.9.3 (November 30, 2016)
Info) http://www.ks.uiuc.edu/Research/vmd/                         
Info) Email questions and bug reports to vmd@ks.uiuc.edu           
Info) Please include this reference in published work using VMD:   
Info)    Humphrey, W., Dalke, A. and Schulten, K., `VMD - Visual   
Info)    Molecular Dynamics', J. Molec. Graphics 1996, 14.1, 33-38.
Info) -------------------------------------------------------------
Info) Multithreading available, 128 CPUs detected.
Info)   CPU features: SSE2 AVX AVX2 FMA 
Info) Free system memory: 807GB (40%)
Info) No CUDA accelerator devices available.
Info) Dynamically loaded 2 plugins in directory:
Info) /software/vmd/1.9.3/linux-rhel8-x86_64/lib/plugins/LINUXAMD64/molfile
23
Info) Using plugin pdb for structure file ./recenter.pdb
Info) Using plugin pdb for coordinates from file ./recenter.pdb
Info) Determining bond structure from distance search ...
Info) Analyzing structure ...
Info)    Atoms: 28820
Info)    Bonds: 23700
Info)    Angles: 0  Dihedrals: 0  Impropers: 0  Cross-terms: 0
Info)    Bondtypes: 0  Angletypes: 0  Dihedraltypes: 0  Impropertypes: 0
Info)    Residues: 5120
Info)    Waters: 5000
Info)    Segments: 3
Info)    Fragments: 5120   Protein: 0   Nucleic: 0
Info) Finished with coordinate file ./recenter.pdb.
0
atomselect0
atomselect1
Info) Opened coordinate file memb.pdb for writing.
Info) Finished with coordinate file memb.pdb.
Info) VMD for LINUXAMD64, version 1.9.3 (November 30, 2016)
Info) Exiting normally.
cp: cannot stat 'recenter.ORCAFF.prms': No such file or directory
cp: -r not specified; omitting directory '1'
cp: -r not specified; omitting directory '10'
cp: -r not specified; omitting directory '11'
cp: -r not specified; omitting directory '12'
cp: -r not specified; omitting directory '13'
cp: -r not specified; omitting directory '14'
cp: -r not specified; omitting directory '15'
cp: -r not specified; omitting directory '16'
cp: -r not specified; omitting directory '17'
cp: -r not specified; omitting directory '18'
cp: -r not specified; omitting directory '19'
cp: -r not specified; omitting directory '2'
cp: -r not specified; omitting directory '20'
cp: -r not specified; omitting directory '21'
cp: -r not specified; omitting directory '22'
cp: -r not specified; omitting directory '23'
cp: -r not specified; omitting directory '3'
cp: -r not specified; omitting directory '4'
cp: -r not specified; omitting directory '5'
cp: -r not specified; omitting directory '6'
cp: -r not specified; omitting directory '7'
cp: -r not specified; omitting directory '8'
cp: -r not specified; omitting directory '9'
sbatch: error: Unable to open file test_3.sh
/software/vmd/1.9.3/linux-rhel8-x86_64/lib/vmd_LINUXAMD64: /lib64/libGL.so.1: no version information available (required by /software/vmd/1.9.3/linux-rhel8-x86_64/lib/vmd_LINUXAMD64)
Info) VMD for LINUXAMD64, version 1.9.3 (November 30, 2016)
Info) http://www.ks.uiuc.edu/Research/vmd/                         
Info) Email questions and bug reports to vmd@ks.uiuc.edu           
Info) Please include this reference in published work using VMD:   
Info)    Humphrey, W., Dalke, A. and Schulten, K., `VMD - Visual   
Info)    Molecular Dynamics', J. Molec. Graphics 1996, 14.1, 33-38.
Info) -------------------------------------------------------------
Info) Multithreading available, 128 CPUs detected.
Info)   CPU features: SSE2 AVX AVX2 FMA 
Info) Free system memory: 805GB (39%)
Info) No CUDA accelerator devices available.
Info) Dynamically loaded 2 plugins in directory:
Info) /software/vmd/1.9.3/linux-rhel8-x86_64/lib/plugins/LINUXAMD64/molfile
24
Info) Using plugin pdb for structure file ./recenter.pdb
Info) Using plugin pdb for coordinates from file ./recenter.pdb
Info) Determining bond structure from distance search ...
Info) Analyzing structure ...
Info)    Atoms: 28820
Info)    Bonds: 23700
Info)    Angles: 0  Dihedrals: 0  Impropers: 0  Cross-terms: 0
Info)    Bondtypes: 0  Angletypes: 0  Dihedraltypes: 0  Impropertypes: 0
Info)    Residues: 5120
Info)    Waters: 5000
Info)    Segments: 3
Info)    Fragments: 5120   Protein: 0   Nucleic: 0
Info) Finished with coordinate file ./recenter.pdb.
0
atomselect0
atomselect1
Info) Opened coordinate file memb.pdb for writing.
Info) Finished with coordinate file memb.pdb.
Info) VMD for LINUXAMD64, version 1.9.3 (November 30, 2016)
Info) Exiting normally.
cp: cannot stat 'recenter.ORCAFF.prms': No such file or directory
cp: -r not specified; omitting directory '1'
cp: -r not specified; omitting directory '10'
cp: -r not specified; omitting directory '11'
cp: -r not specified; omitting directory '12'
cp: -r not specified; omitting directory '13'
cp: -r not specified; omitting directory '14'
cp: -r not specified; omitting directory '15'
cp: -r not specified; omitting directory '16'
cp: -r not specified; omitting directory '17'
cp: -r not specified; omitting directory '18'
cp: -r not specified; omitting directory '19'
cp: -r not specified; omitting directory '2'
cp: -r not specified; omitting directory '20'
cp: -r not specified; omitting directory '21'
cp: -r not specified; omitting directory '22'
cp: -r not specified; omitting directory '23'
cp: -r not specified; omitting directory '24'
cp: -r not specified; omitting directory '3'
cp: -r not specified; omitting directory '4'
cp: -r not specified; omitting directory '5'
cp: -r not specified; omitting directory '6'
cp: -r not specified; omitting directory '7'
cp: -r not specified; omitting directory '8'
cp: -r not specified; omitting directory '9'
sbatch: error: Unable to open file test_3.sh
/software/vmd/1.9.3/linux-rhel8-x86_64/lib/vmd_LINUXAMD64: /lib64/libGL.so.1: no version information available (required by /software/vmd/1.9.3/linux-rhel8-x86_64/lib/vmd_LINUXAMD64)
Info) VMD for LINUXAMD64, version 1.9.3 (November 30, 2016)
Info) http://www.ks.uiuc.edu/Research/vmd/                         
Info) Email questions and bug reports to vmd@ks.uiuc.edu           
Info) Please include this reference in published work using VMD:   
Info)    Humphrey, W., Dalke, A. and Schulten, K., `VMD - Visual   
Info)    Molecular Dynamics', J. Molec. Graphics 1996, 14.1, 33-38.
Info) -------------------------------------------------------------
Info) Multithreading available, 128 CPUs detected.
Info)   CPU features: SSE2 AVX AVX2 FMA 
Info) Free system memory: 809GB (40%)
Info) No CUDA accelerator devices available.
Info) Dynamically loaded 2 plugins in directory:
Info) /software/vmd/1.9.3/linux-rhel8-x86_64/lib/plugins/LINUXAMD64/molfile
25
Info) Using plugin pdb for structure file ./recenter.pdb
Info) Using plugin pdb for coordinates from file ./recenter.pdb
Info) Determining bond structure from distance search ...
Info) Analyzing structure ...
Info)    Atoms: 28820
Info)    Bonds: 23700
Info)    Angles: 0  Dihedrals: 0  Impropers: 0  Cross-terms: 0
Info)    Bondtypes: 0  Angletypes: 0  Dihedraltypes: 0  Impropertypes: 0
Info)    Residues: 5120
Info)    Waters: 5000
Info)    Segments: 3
Info)    Fragments: 5120   Protein: 0   Nucleic: 0
Info) Finished with coordinate file ./recenter.pdb.
0
atomselect0
atomselect1
Info) Opened coordinate file memb.pdb for writing.
Info) Finished with coordinate file memb.pdb.
Info) VMD for LINUXAMD64, version 1.9.3 (November 30, 2016)
Info) Exiting normally.
cp: cannot stat 'recenter.ORCAFF.prms': No such file or directory
cp: -r not specified; omitting directory '1'
cp: -r not specified; omitting directory '10'
cp: -r not specified; omitting directory '11'
cp: -r not specified; omitting directory '12'
cp: -r not specified; omitting directory '13'
cp: -r not specified; omitting directory '14'
cp: -r not specified; omitting directory '15'
cp: -r not specified; omitting directory '16'
cp: -r not specified; omitting directory '17'
cp: -r not specified; omitting directory '18'
cp: -r not specified; omitting directory '19'
cp: -r not specified; omitting directory '2'
cp: -r not specified; omitting directory '20'
cp: -r not specified; omitting directory '21'
cp: -r not specified; omitting directory '22'
cp: -r not specified; omitting directory '23'
cp: -r not specified; omitting directory '24'
cp: -r not specified; omitting directory '25'
cp: -r not specified; omitting directory '3'
cp: -r not specified; omitting directory '4'
cp: -r not specified; omitting directory '5'
cp: -r not specified; omitting directory '6'
cp: -r not specified; omitting directory '7'
cp: -r not specified; omitting directory '8'
cp: -r not specified; omitting directory '9'
sbatch: error: Unable to open file test_3.sh
/software/vmd/1.9.3/linux-rhel8-x86_64/lib/vmd_LINUXAMD64: /lib64/libGL.so.1: no version information available (required by /software/vmd/1.9.3/linux-rhel8-x86_64/lib/vmd_LINUXAMD64)
Info) VMD for LINUXAMD64, version 1.9.3 (November 30, 2016)
Info) http://www.ks.uiuc.edu/Research/vmd/                         
Info) Email questions and bug reports to vmd@ks.uiuc.edu           
Info) Please include this reference in published work using VMD:   
Info)    Humphrey, W., Dalke, A. and Schulten, K., `VMD - Visual   
Info)    Molecular Dynamics', J. Molec. Graphics 1996, 14.1, 33-38.
Info) -------------------------------------------------------------
Info) Multithreading available, 128 CPUs detected.
Info)   CPU features: SSE2 AVX AVX2 FMA 
Info) Free system memory: 808GB (40%)
Info) No CUDA accelerator devices available.
Info) Dynamically loaded 2 plugins in directory:
Info) /software/vmd/1.9.3/linux-rhel8-x86_64/lib/plugins/LINUXAMD64/molfile
26
Info) Using plugin pdb for structure file ./recenter.pdb
Info) Using plugin pdb for coordinates from file ./recenter.pdb
Info) Determining bond structure from distance search ...
Info) Analyzing structure ...
Info)    Atoms: 28820
Info)    Bonds: 23700
Info)    Angles: 0  Dihedrals: 0  Impropers: 0  Cross-terms: 0
Info)    Bondtypes: 0  Angletypes: 0  Dihedraltypes: 0  Impropertypes: 0
Info)    Residues: 5120
Info)    Waters: 5000
Info)    Segments: 3
Info)    Fragments: 5120   Protein: 0   Nucleic: 0
Info) Finished with coordinate file ./recenter.pdb.
0
atomselect0
atomselect1
Info) Opened coordinate file memb.pdb for writing.
Info) Finished with coordinate file memb.pdb.
Info) VMD for LINUXAMD64, version 1.9.3 (November 30, 2016)
Info) Exiting normally.
cp: cannot stat 'recenter.ORCAFF.prms': No such file or directory
cp: -r not specified; omitting directory '1'
cp: -r not specified; omitting directory '10'
cp: -r not specified; omitting directory '11'
cp: -r not specified; omitting directory '12'
cp: -r not specified; omitting directory '13'
cp: -r not specified; omitting directory '14'
cp: -r not specified; omitting directory '15'
cp: -r not specified; omitting directory '16'
cp: -r not specified; omitting directory '17'
cp: -r not specified; omitting directory '18'
cp: -r not specified; omitting directory '19'
cp: -r not specified; omitting directory '2'
cp: -r not specified; omitting directory '20'
cp: -r not specified; omitting directory '21'
cp: -r not specified; omitting directory '22'
cp: -r not specified; omitting directory '23'
cp: -r not specified; omitting directory '24'
cp: -r not specified; omitting directory '25'
cp: -r not specified; omitting directory '26'
cp: -r not specified; omitting directory '3'
cp: -r not specified; omitting directory '4'
cp: -r not specified; omitting directory '5'
cp: -r not specified; omitting directory '6'
cp: -r not specified; omitting directory '7'
cp: -r not specified; omitting directory '8'
cp: -r not specified; omitting directory '9'
sbatch: error: Unable to open file test_3.sh
/software/vmd/1.9.3/linux-rhel8-x86_64/lib/vmd_LINUXAMD64: /lib64/libGL.so.1: no version information available (required by /software/vmd/1.9.3/linux-rhel8-x86_64/lib/vmd_LINUXAMD64)
Info) VMD for LINUXAMD64, version 1.9.3 (November 30, 2016)
Info) http://www.ks.uiuc.edu/Research/vmd/                         
Info) Email questions and bug reports to vmd@ks.uiuc.edu           
Info) Please include this reference in published work using VMD:   
Info)    Humphrey, W., Dalke, A. and Schulten, K., `VMD - Visual   
Info)    Molecular Dynamics', J. Molec. Graphics 1996, 14.1, 33-38.
Info) -------------------------------------------------------------
Info) Multithreading available, 128 CPUs detected.
Info)   CPU features: SSE2 AVX AVX2 FMA 
Info) Free system memory: 806GB (39%)
Info) No CUDA accelerator devices available.
Info) Dynamically loaded 2 plugins in directory:
Info) /software/vmd/1.9.3/linux-rhel8-x86_64/lib/plugins/LINUXAMD64/molfile
27
Info) Using plugin pdb for structure file ./recenter.pdb
Info) Using plugin pdb for coordinates from file ./recenter.pdb
Info) Determining bond structure from distance search ...
Info) Analyzing structure ...
Info)    Atoms: 28820
Info)    Bonds: 23700
Info)    Angles: 0  Dihedrals: 0  Impropers: 0  Cross-terms: 0
Info)    Bondtypes: 0  Angletypes: 0  Dihedraltypes: 0  Impropertypes: 0
Info)    Residues: 5120
Info)    Waters: 5000
Info)    Segments: 3
Info)    Fragments: 5120   Protein: 0   Nucleic: 0
Info) Finished with coordinate file ./recenter.pdb.
0
atomselect0
atomselect1
Info) Opened coordinate file memb.pdb for writing.
Info) Finished with coordinate file memb.pdb.
Info) VMD for LINUXAMD64, version 1.9.3 (November 30, 2016)
Info) Exiting normally.
cp: cannot stat 'recenter.ORCAFF.prms': No such file or directory
cp: -r not specified; omitting directory '1'
cp: -r not specified; omitting directory '10'
cp: -r not specified; omitting directory '11'
cp: -r not specified; omitting directory '12'
cp: -r not specified; omitting directory '13'
cp: -r not specified; omitting directory '14'
cp: -r not specified; omitting directory '15'
cp: -r not specified; omitting directory '16'
cp: -r not specified; omitting directory '17'
cp: -r not specified; omitting directory '18'
cp: -r not specified; omitting directory '19'
cp: -r not specified; omitting directory '2'
cp: -r not specified; omitting directory '20'
cp: -r not specified; omitting directory '21'
cp: -r not specified; omitting directory '22'
cp: -r not specified; omitting directory '23'
cp: -r not specified; omitting directory '24'
cp: -r not specified; omitting directory '25'
cp: -r not specified; omitting directory '26'
cp: -r not specified; omitting directory '27'
cp: -r not specified; omitting directory '3'
cp: -r not specified; omitting directory '4'
cp: -r not specified; omitting directory '5'
cp: -r not specified; omitting directory '6'
cp: -r not specified; omitting directory '7'
cp: -r not specified; omitting directory '8'
cp: -r not specified; omitting directory '9'
sbatch: error: Unable to open file test_3.sh
/software/vmd/1.9.3/linux-rhel8-x86_64/lib/vmd_LINUXAMD64: /lib64/libGL.so.1: no version information available (required by /software/vmd/1.9.3/linux-rhel8-x86_64/lib/vmd_LINUXAMD64)
Info) VMD for LINUXAMD64, version 1.9.3 (November 30, 2016)
Info) http://www.ks.uiuc.edu/Research/vmd/                         
Info) Email questions and bug reports to vmd@ks.uiuc.edu           
Info) Please include this reference in published work using VMD:   
Info)    Humphrey, W., Dalke, A. and Schulten, K., `VMD - Visual   
Info)    Molecular Dynamics', J. Molec. Graphics 1996, 14.1, 33-38.
Info) -------------------------------------------------------------
Info) Multithreading available, 128 CPUs detected.
Info)   CPU features: SSE2 AVX AVX2 FMA 
Info) Free system memory: 807GB (40%)
Info) No CUDA accelerator devices available.
Info) Dynamically loaded 2 plugins in directory:
Info) /software/vmd/1.9.3/linux-rhel8-x86_64/lib/plugins/LINUXAMD64/molfile
28
Info) Using plugin pdb for structure file ./recenter.pdb
Info) Using plugin pdb for coordinates from file ./recenter.pdb
Info) Determining bond structure from distance search ...
Info) Analyzing structure ...
Info)    Atoms: 28820
Info)    Bonds: 23700
Info)    Angles: 0  Dihedrals: 0  Impropers: 0  Cross-terms: 0
Info)    Bondtypes: 0  Angletypes: 0  Dihedraltypes: 0  Impropertypes: 0
Info)    Residues: 5120
Info)    Waters: 5000
Info)    Segments: 3
Info)    Fragments: 5120   Protein: 0   Nucleic: 0
Info) Finished with coordinate file ./recenter.pdb.
0
atomselect0
atomselect1
Info) Opened coordinate file memb.pdb for writing.
Info) Finished with coordinate file memb.pdb.
Info) VMD for LINUXAMD64, version 1.9.3 (November 30, 2016)
Info) Exiting normally.
cp: cannot stat 'recenter.ORCAFF.prms': No such file or directory
cp: -r not specified; omitting directory '1'
cp: -r not specified; omitting directory '10'
cp: -r not specified; omitting directory '11'
cp: -r not specified; omitting directory '12'
cp: -r not specified; omitting directory '13'
cp: -r not specified; omitting directory '14'
cp: -r not specified; omitting directory '15'
cp: -r not specified; omitting directory '16'
cp: -r not specified; omitting directory '17'
cp: -r not specified; omitting directory '18'
cp: -r not specified; omitting directory '19'
cp: -r not specified; omitting directory '2'
cp: -r not specified; omitting directory '20'
cp: -r not specified; omitting directory '21'
cp: -r not specified; omitting directory '22'
cp: -r not specified; omitting directory '23'
cp: -r not specified; omitting directory '24'
cp: -r not specified; omitting directory '25'
cp: -r not specified; omitting directory '26'
cp: -r not specified; omitting directory '27'
cp: -r not specified; omitting directory '28'
cp: -r not specified; omitting directory '3'
cp: -r not specified; omitting directory '4'
cp: -r not specified; omitting directory '5'
cp: -r not specified; omitting directory '6'
cp: -r not specified; omitting directory '7'
cp: -r not specified; omitting directory '8'
cp: -r not specified; omitting directory '9'
sbatch: error: Unable to open file test_3.sh
/software/vmd/1.9.3/linux-rhel8-x86_64/lib/vmd_LINUXAMD64: /lib64/libGL.so.1: no version information available (required by /software/vmd/1.9.3/linux-rhel8-x86_64/lib/vmd_LINUXAMD64)
Info) VMD for LINUXAMD64, version 1.9.3 (November 30, 2016)
Info) http://www.ks.uiuc.edu/Research/vmd/                         
Info) Email questions and bug reports to vmd@ks.uiuc.edu           
Info) Please include this reference in published work using VMD:   
Info)    Humphrey, W., Dalke, A. and Schulten, K., `VMD - Visual   
Info)    Molecular Dynamics', J. Molec. Graphics 1996, 14.1, 33-38.
Info) -------------------------------------------------------------
Info) Multithreading available, 128 CPUs detected.
Info)   CPU features: SSE2 AVX AVX2 FMA 
Info) Free system memory: 806GB (40%)
Info) No CUDA accelerator devices available.
Info) Dynamically loaded 2 plugins in directory:
Info) /software/vmd/1.9.3/linux-rhel8-x86_64/lib/plugins/LINUXAMD64/molfile
29
Info) Using plugin pdb for structure file ./recenter.pdb
Info) Using plugin pdb for coordinates from file ./recenter.pdb
Info) Determining bond structure from distance search ...
Info) Analyzing structure ...
Info)    Atoms: 28820
Info)    Bonds: 23700
Info)    Angles: 0  Dihedrals: 0  Impropers: 0  Cross-terms: 0
Info)    Bondtypes: 0  Angletypes: 0  Dihedraltypes: 0  Impropertypes: 0
Info)    Residues: 5120
Info)    Waters: 5000
Info)    Segments: 3
Info)    Fragments: 5120   Protein: 0   Nucleic: 0
Info) Finished with coordinate file ./recenter.pdb.
0
atomselect0
atomselect1
Info) Opened coordinate file memb.pdb for writing.
Info) Finished with coordinate file memb.pdb.
Info) VMD for LINUXAMD64, version 1.9.3 (November 30, 2016)
Info) Exiting normally.
cp: cannot stat 'recenter.ORCAFF.prms': No such file or directory
cp: -r not specified; omitting directory '1'
cp: -r not specified; omitting directory '10'
cp: -r not specified; omitting directory '11'
cp: -r not specified; omitting directory '12'
cp: -r not specified; omitting directory '13'
cp: -r not specified; omitting directory '14'
cp: -r not specified; omitting directory '15'
cp: -r not specified; omitting directory '16'
cp: -r not specified; omitting directory '17'
cp: -r not specified; omitting directory '18'
cp: -r not specified; omitting directory '19'
cp: -r not specified; omitting directory '2'
cp: -r not specified; omitting directory '20'
cp: -r not specified; omitting directory '21'
cp: -r not specified; omitting directory '22'
cp: -r not specified; omitting directory '23'
cp: -r not specified; omitting directory '24'
cp: -r not specified; omitting directory '25'
cp: -r not specified; omitting directory '26'
cp: -r not specified; omitting directory '27'
cp: -r not specified; omitting directory '28'
cp: -r not specified; omitting directory '29'
cp: -r not specified; omitting directory '3'
cp: -r not specified; omitting directory '4'
cp: -r not specified; omitting directory '5'
cp: -r not specified; omitting directory '6'
cp: -r not specified; omitting directory '7'
cp: -r not specified; omitting directory '8'
cp: -r not specified; omitting directory '9'
sbatch: error: Unable to open file test_3.sh
/software/vmd/1.9.3/linux-rhel8-x86_64/lib/vmd_LINUXAMD64: /lib64/libGL.so.1: no version information available (required by /software/vmd/1.9.3/linux-rhel8-x86_64/lib/vmd_LINUXAMD64)
Info) VMD for LINUXAMD64, version 1.9.3 (November 30, 2016)
Info) http://www.ks.uiuc.edu/Research/vmd/                         
Info) Email questions and bug reports to vmd@ks.uiuc.edu           
Info) Please include this reference in published work using VMD:   
Info)    Humphrey, W., Dalke, A. and Schulten, K., `VMD - Visual   
Info)    Molecular Dynamics', J. Molec. Graphics 1996, 14.1, 33-38.
Info) -------------------------------------------------------------
Info) Multithreading available, 128 CPUs detected.
Info)   CPU features: SSE2 AVX AVX2 FMA 
Info) Free system memory: 804GB (39%)
Info) No CUDA accelerator devices available.
Info) Dynamically loaded 2 plugins in directory:
Info) /software/vmd/1.9.3/linux-rhel8-x86_64/lib/plugins/LINUXAMD64/molfile
30
Info) Using plugin pdb for structure file ./recenter.pdb
Info) Using plugin pdb for coordinates from file ./recenter.pdb
Info) Determining bond structure from distance search ...
Info) Analyzing structure ...
Info)    Atoms: 28820
Info)    Bonds: 23700
Info)    Angles: 0  Dihedrals: 0  Impropers: 0  Cross-terms: 0
Info)    Bondtypes: 0  Angletypes: 0  Dihedraltypes: 0  Impropertypes: 0
Info)    Residues: 5120
Info)    Waters: 5000
Info)    Segments: 3
Info)    Fragments: 5120   Protein: 0   Nucleic: 0
Info) Finished with coordinate file ./recenter.pdb.
0
atomselect0
atomselect1
Info) Opened coordinate file memb.pdb for writing.
Info) Finished with coordinate file memb.pdb.
Info) VMD for LINUXAMD64, version 1.9.3 (November 30, 2016)
Info) Exiting normally.
cp: cannot stat 'recenter.ORCAFF.prms': No such file or directory
cp: -r not specified; omitting directory '1'
cp: -r not specified; omitting directory '10'
cp: -r not specified; omitting directory '11'
cp: -r not specified; omitting directory '12'
cp: -r not specified; omitting directory '13'
cp: -r not specified; omitting directory '14'
cp: -r not specified; omitting directory '15'
cp: -r not specified; omitting directory '16'
cp: -r not specified; omitting directory '17'
cp: -r not specified; omitting directory '18'
cp: -r not specified; omitting directory '19'
cp: -r not specified; omitting directory '2'
cp: -r not specified; omitting directory '20'
cp: -r not specified; omitting directory '21'
cp: -r not specified; omitting directory '22'
cp: -r not specified; omitting directory '23'
cp: -r not specified; omitting directory '24'
cp: -r not specified; omitting directory '25'
cp: -r not specified; omitting directory '26'
cp: -r not specified; omitting directory '27'
cp: -r not specified; omitting directory '28'
cp: -r not specified; omitting directory '29'
cp: -r not specified; omitting directory '3'
cp: -r not specified; omitting directory '30'
cp: -r not specified; omitting directory '4'
cp: -r not specified; omitting directory '5'
cp: -r not specified; omitting directory '6'
cp: -r not specified; omitting directory '7'
cp: -r not specified; omitting directory '8'
cp: -r not specified; omitting directory '9'
sbatch: error: Unable to open file test_3.sh
/software/vmd/1.9.3/linux-rhel8-x86_64/lib/vmd_LINUXAMD64: /lib64/libGL.so.1: no version information available (required by /software/vmd/1.9.3/linux-rhel8-x86_64/lib/vmd_LINUXAMD64)
Info) VMD for LINUXAMD64, version 1.9.3 (November 30, 2016)
Info) http://www.ks.uiuc.edu/Research/vmd/                         
Info) Email questions and bug reports to vmd@ks.uiuc.edu           
Info) Please include this reference in published work using VMD:   
Info)    Humphrey, W., Dalke, A. and Schulten, K., `VMD - Visual   
Info)    Molecular Dynamics', J. Molec. Graphics 1996, 14.1, 33-38.
Info) -------------------------------------------------------------
Info) Multithreading available, 128 CPUs detected.
Info)   CPU features: SSE2 AVX AVX2 FMA 
Info) Free system memory: 805GB (39%)
Info) No CUDA accelerator devices available.
Info) Dynamically loaded 2 plugins in directory:
Info) /software/vmd/1.9.3/linux-rhel8-x86_64/lib/plugins/LINUXAMD64/molfile
31
Info) Using plugin pdb for structure file ./recenter.pdb
Info) Using plugin pdb for coordinates from file ./recenter.pdb
Info) Determining bond structure from distance search ...
Info) Analyzing structure ...
Info)    Atoms: 28820
Info)    Bonds: 23700
Info)    Angles: 0  Dihedrals: 0  Impropers: 0  Cross-terms: 0
Info)    Bondtypes: 0  Angletypes: 0  Dihedraltypes: 0  Impropertypes: 0
Info)    Residues: 5120
Info)    Waters: 5000
Info)    Segments: 3
Info)    Fragments: 5120   Protein: 0   Nucleic: 0
Info) Finished with coordinate file ./recenter.pdb.
0
atomselect0
atomselect1
Info) Opened coordinate file memb.pdb for writing.
Info) Finished with coordinate file memb.pdb.
Info) VMD for LINUXAMD64, version 1.9.3 (November 30, 2016)
Info) Exiting normally.
cp: cannot stat 'recenter.ORCAFF.prms': No such file or directory
cp: -r not specified; omitting directory '1'
cp: -r not specified; omitting directory '10'
cp: -r not specified; omitting directory '11'
cp: -r not specified; omitting directory '12'
cp: -r not specified; omitting directory '13'
cp: -r not specified; omitting directory '14'
cp: -r not specified; omitting directory '15'
cp: -r not specified; omitting directory '16'
cp: -r not specified; omitting directory '17'
cp: -r not specified; omitting directory '18'
cp: -r not specified; omitting directory '19'
cp: -r not specified; omitting directory '2'
cp: -r not specified; omitting directory '20'
cp: -r not specified; omitting directory '21'
cp: -r not specified; omitting directory '22'
cp: -r not specified; omitting directory '23'
cp: -r not specified; omitting directory '24'
cp: -r not specified; omitting directory '25'
cp: -r not specified; omitting directory '26'
cp: -r not specified; omitting directory '27'
cp: -r not specified; omitting directory '28'
cp: -r not specified; omitting directory '29'
cp: -r not specified; omitting directory '3'
cp: -r not specified; omitting directory '30'
cp: -r not specified; omitting directory '31'
cp: -r not specified; omitting directory '4'
cp: -r not specified; omitting directory '5'
cp: -r not specified; omitting directory '6'
cp: -r not specified; omitting directory '7'
cp: -r not specified; omitting directory '8'
cp: -r not specified; omitting directory '9'
sbatch: error: Unable to open file test_3.sh
/software/vmd/1.9.3/linux-rhel8-x86_64/lib/vmd_LINUXAMD64: /lib64/libGL.so.1: no version information available (required by /software/vmd/1.9.3/linux-rhel8-x86_64/lib/vmd_LINUXAMD64)
Info) VMD for LINUXAMD64, version 1.9.3 (November 30, 2016)
Info) http://www.ks.uiuc.edu/Research/vmd/                         
Info) Email questions and bug reports to vmd@ks.uiuc.edu           
Info) Please include this reference in published work using VMD:   
Info)    Humphrey, W., Dalke, A. and Schulten, K., `VMD - Visual   
Info)    Molecular Dynamics', J. Molec. Graphics 1996, 14.1, 33-38.
Info) -------------------------------------------------------------
Info) Multithreading available, 128 CPUs detected.
Info)   CPU features: SSE2 AVX AVX2 FMA 
Info) Free system memory: 809GB (40%)
Info) No CUDA accelerator devices available.
Info) Dynamically loaded 2 plugins in directory:
Info) /software/vmd/1.9.3/linux-rhel8-x86_64/lib/plugins/LINUXAMD64/molfile
32
Info) Using plugin pdb for structure file ./recenter.pdb
Info) Using plugin pdb for coordinates from file ./recenter.pdb
Info) Determining bond structure from distance search ...
Info) Analyzing structure ...
Info)    Atoms: 28820
Info)    Bonds: 23700
Info)    Angles: 0  Dihedrals: 0  Impropers: 0  Cross-terms: 0
Info)    Bondtypes: 0  Angletypes: 0  Dihedraltypes: 0  Impropertypes: 0
Info)    Residues: 5120
Info)    Waters: 5000
Info)    Segments: 3
Info)    Fragments: 5120   Protein: 0   Nucleic: 0
Info) Finished with coordinate file ./recenter.pdb.
0
atomselect0
atomselect1
Info) Opened coordinate file memb.pdb for writing.
Info) Finished with coordinate file memb.pdb.
Info) VMD for LINUXAMD64, version 1.9.3 (November 30, 2016)
Info) Exiting normally.
cp: cannot stat 'recenter.ORCAFF.prms': No such file or directory
cp: -r not specified; omitting directory '1'
cp: -r not specified; omitting directory '10'
cp: -r not specified; omitting directory '11'
cp: -r not specified; omitting directory '12'
cp: -r not specified; omitting directory '13'
cp: -r not specified; omitting directory '14'
cp: -r not specified; omitting directory '15'
cp: -r not specified; omitting directory '16'
cp: -r not specified; omitting directory '17'
cp: -r not specified; omitting directory '18'
cp: -r not specified; omitting directory '19'
cp: -r not specified; omitting directory '2'
cp: -r not specified; omitting directory '20'
cp: -r not specified; omitting directory '21'
cp: -r not specified; omitting directory '22'
cp: -r not specified; omitting directory '23'
cp: -r not specified; omitting directory '24'
cp: -r not specified; omitting directory '25'
cp: -r not specified; omitting directory '26'
cp: -r not specified; omitting directory '27'
cp: -r not specified; omitting directory '28'
cp: -r not specified; omitting directory '29'
cp: -r not specified; omitting directory '3'
cp: -r not specified; omitting directory '30'
cp: -r not specified; omitting directory '31'
cp: -r not specified; omitting directory '32'
cp: -r not specified; omitting directory '4'
cp: -r not specified; omitting directory '5'
cp: -r not specified; omitting directory '6'
cp: -r not specified; omitting directory '7'
cp: -r not specified; omitting directory '8'
cp: -r not specified; omitting directory '9'
sbatch: error: Unable to open file test_3.sh
/software/vmd/1.9.3/linux-rhel8-x86_64/lib/vmd_LINUXAMD64: /lib64/libGL.so.1: no version information available (required by /software/vmd/1.9.3/linux-rhel8-x86_64/lib/vmd_LINUXAMD64)
Info) VMD for LINUXAMD64, version 1.9.3 (November 30, 2016)
Info) http://www.ks.uiuc.edu/Research/vmd/                         
Info) Email questions and bug reports to vmd@ks.uiuc.edu           
Info) Please include this reference in published work using VMD:   
Info)    Humphrey, W., Dalke, A. and Schulten, K., `VMD - Visual   
Info)    Molecular Dynamics', J. Molec. Graphics 1996, 14.1, 33-38.
Info) -------------------------------------------------------------
Info) Multithreading available, 128 CPUs detected.
Info)   CPU features: SSE2 AVX AVX2 FMA 
Info) Free system memory: 803GB (39%)
Info) No CUDA accelerator devices available.
Info) Dynamically loaded 2 plugins in directory:
Info) /software/vmd/1.9.3/linux-rhel8-x86_64/lib/plugins/LINUXAMD64/molfile
33
Info) Using plugin pdb for structure file ./recenter.pdb
Info) Using plugin pdb for coordinates from file ./recenter.pdb
Info) Determining bond structure from distance search ...
Info) Analyzing structure ...
Info)    Atoms: 28820
Info)    Bonds: 23700
Info)    Angles: 0  Dihedrals: 0  Impropers: 0  Cross-terms: 0
Info)    Bondtypes: 0  Angletypes: 0  Dihedraltypes: 0  Impropertypes: 0
Info)    Residues: 5120
Info)    Waters: 5000
Info)    Segments: 3
Info)    Fragments: 5120   Protein: 0   Nucleic: 0
Info) Finished with coordinate file ./recenter.pdb.
0
atomselect0
atomselect1
Info) Opened coordinate file memb.pdb for writing.
Info) Finished with coordinate file memb.pdb.
Info) VMD for LINUXAMD64, version 1.9.3 (November 30, 2016)
Info) Exiting normally.
cp: cannot stat 'recenter.ORCAFF.prms': No such file or directory
cp: -r not specified; omitting directory '1'
cp: -r not specified; omitting directory '10'
cp: -r not specified; omitting directory '11'
cp: -r not specified; omitting directory '12'
cp: -r not specified; omitting directory '13'
cp: -r not specified; omitting directory '14'
cp: -r not specified; omitting directory '15'
cp: -r not specified; omitting directory '16'
cp: -r not specified; omitting directory '17'
cp: -r not specified; omitting directory '18'
cp: -r not specified; omitting directory '19'
cp: -r not specified; omitting directory '2'
cp: -r not specified; omitting directory '20'
cp: -r not specified; omitting directory '21'
cp: -r not specified; omitting directory '22'
cp: -r not specified; omitting directory '23'
cp: -r not specified; omitting directory '24'
cp: -r not specified; omitting directory '25'
cp: -r not specified; omitting directory '26'
cp: -r not specified; omitting directory '27'
cp: -r not specified; omitting directory '28'
cp: -r not specified; omitting directory '29'
cp: -r not specified; omitting directory '3'
cp: -r not specified; omitting directory '30'
cp: -r not specified; omitting directory '31'
cp: -r not specified; omitting directory '32'
cp: -r not specified; omitting directory '33'
cp: -r not specified; omitting directory '4'
cp: -r not specified; omitting directory '5'
cp: -r not specified; omitting directory '6'
cp: -r not specified; omitting directory '7'
cp: -r not specified; omitting directory '8'
cp: -r not specified; omitting directory '9'
sbatch: error: Unable to open file test_3.sh
/software/vmd/1.9.3/linux-rhel8-x86_64/lib/vmd_LINUXAMD64: /lib64/libGL.so.1: no version information available (required by /software/vmd/1.9.3/linux-rhel8-x86_64/lib/vmd_LINUXAMD64)
Info) VMD for LINUXAMD64, version 1.9.3 (November 30, 2016)
Info) http://www.ks.uiuc.edu/Research/vmd/                         
Info) Email questions and bug reports to vmd@ks.uiuc.edu           
Info) Please include this reference in published work using VMD:   
Info)    Humphrey, W., Dalke, A. and Schulten, K., `VMD - Visual   
Info)    Molecular Dynamics', J. Molec. Graphics 1996, 14.1, 33-38.
Info) -------------------------------------------------------------
Info) Multithreading available, 128 CPUs detected.
Info)   CPU features: SSE2 AVX AVX2 FMA 
Info) Free system memory: 810GB (40%)
Info) No CUDA accelerator devices available.
Info) Dynamically loaded 2 plugins in directory:
Info) /software/vmd/1.9.3/linux-rhel8-x86_64/lib/plugins/LINUXAMD64/molfile
34
Info) Using plugin pdb for structure file ./recenter.pdb
Info) Using plugin pdb for coordinates from file ./recenter.pdb
Info) Determining bond structure from distance search ...
Info) Analyzing structure ...
Info)    Atoms: 28820
Info)    Bonds: 23700
Info)    Angles: 0  Dihedrals: 0  Impropers: 0  Cross-terms: 0
Info)    Bondtypes: 0  Angletypes: 0  Dihedraltypes: 0  Impropertypes: 0
Info)    Residues: 5120
Info)    Waters: 5000
Info)    Segments: 3
Info)    Fragments: 5120   Protein: 0   Nucleic: 0
Info) Finished with coordinate file ./recenter.pdb.
0
atomselect0
atomselect1
Info) Opened coordinate file memb.pdb for writing.
Info) Finished with coordinate file memb.pdb.
Info) VMD for LINUXAMD64, version 1.9.3 (November 30, 2016)
Info) Exiting normally.
cp: cannot stat 'recenter.ORCAFF.prms': No such file or directory
cp: -r not specified; omitting directory '1'
cp: -r not specified; omitting directory '10'
cp: -r not specified; omitting directory '11'
cp: -r not specified; omitting directory '12'
cp: -r not specified; omitting directory '13'
cp: -r not specified; omitting directory '14'
cp: -r not specified; omitting directory '15'
cp: -r not specified; omitting directory '16'
cp: -r not specified; omitting directory '17'
cp: -r not specified; omitting directory '18'
cp: -r not specified; omitting directory '19'
cp: -r not specified; omitting directory '2'
cp: -r not specified; omitting directory '20'
cp: -r not specified; omitting directory '21'
cp: -r not specified; omitting directory '22'
cp: -r not specified; omitting directory '23'
cp: -r not specified; omitting directory '24'
cp: -r not specified; omitting directory '25'
cp: -r not specified; omitting directory '26'
cp: -r not specified; omitting directory '27'
cp: -r not specified; omitting directory '28'
cp: -r not specified; omitting directory '29'
cp: -r not specified; omitting directory '3'
cp: -r not specified; omitting directory '30'
cp: -r not specified; omitting directory '31'
cp: -r not specified; omitting directory '32'
cp: -r not specified; omitting directory '33'
cp: -r not specified; omitting directory '34'
cp: -r not specified; omitting directory '4'
cp: -r not specified; omitting directory '5'
cp: -r not specified; omitting directory '6'
cp: -r not specified; omitting directory '7'
cp: -r not specified; omitting directory '8'
cp: -r not specified; omitting directory '9'
sbatch: error: Unable to open file test_3.sh
/software/vmd/1.9.3/linux-rhel8-x86_64/lib/vmd_LINUXAMD64: /lib64/libGL.so.1: no version information available (required by /software/vmd/1.9.3/linux-rhel8-x86_64/lib/vmd_LINUXAMD64)
Info) VMD for LINUXAMD64, version 1.9.3 (November 30, 2016)
Info) http://www.ks.uiuc.edu/Research/vmd/                         
Info) Email questions and bug reports to vmd@ks.uiuc.edu           
Info) Please include this reference in published work using VMD:   
Info)    Humphrey, W., Dalke, A. and Schulten, K., `VMD - Visual   
Info)    Molecular Dynamics', J. Molec. Graphics 1996, 14.1, 33-38.
Info) -------------------------------------------------------------
Info) Multithreading available, 128 CPUs detected.
Info)   CPU features: SSE2 AVX AVX2 FMA 
Info) Free system memory: 805GB (39%)
Info) No CUDA accelerator devices available.
Info) Dynamically loaded 2 plugins in directory:
Info) /software/vmd/1.9.3/linux-rhel8-x86_64/lib/plugins/LINUXAMD64/molfile
35
Info) Using plugin pdb for structure file ./recenter.pdb
Info) Using plugin pdb for coordinates from file ./recenter.pdb
Info) Determining bond structure from distance search ...
Info) Analyzing structure ...
Info)    Atoms: 28820
Info)    Bonds: 23700
Info)    Angles: 0  Dihedrals: 0  Impropers: 0  Cross-terms: 0
Info)    Bondtypes: 0  Angletypes: 0  Dihedraltypes: 0  Impropertypes: 0
Info)    Residues: 5120
Info)    Waters: 5000
Info)    Segments: 3
Info)    Fragments: 5120   Protein: 0   Nucleic: 0
Info) Finished with coordinate file ./recenter.pdb.
0
atomselect0
atomselect1
Info) Opened coordinate file memb.pdb for writing.
Info) Finished with coordinate file memb.pdb.
Info) VMD for LINUXAMD64, version 1.9.3 (November 30, 2016)
Info) Exiting normally.
cp: cannot stat 'recenter.ORCAFF.prms': No such file or directory
cp: -r not specified; omitting directory '1'
cp: -r not specified; omitting directory '10'
cp: -r not specified; omitting directory '11'
cp: -r not specified; omitting directory '12'
cp: -r not specified; omitting directory '13'
cp: -r not specified; omitting directory '14'
cp: -r not specified; omitting directory '15'
cp: -r not specified; omitting directory '16'
cp: -r not specified; omitting directory '17'
cp: -r not specified; omitting directory '18'
cp: -r not specified; omitting directory '19'
cp: -r not specified; omitting directory '2'
cp: -r not specified; omitting directory '20'
cp: -r not specified; omitting directory '21'
cp: -r not specified; omitting directory '22'
cp: -r not specified; omitting directory '23'
cp: -r not specified; omitting directory '24'
cp: -r not specified; omitting directory '25'
cp: -r not specified; omitting directory '26'
cp: -r not specified; omitting directory '27'
cp: -r not specified; omitting directory '28'
cp: -r not specified; omitting directory '29'
cp: -r not specified; omitting directory '3'
cp: -r not specified; omitting directory '30'
cp: -r not specified; omitting directory '31'
cp: -r not specified; omitting directory '32'
cp: -r not specified; omitting directory '33'
cp: -r not specified; omitting directory '34'
cp: -r not specified; omitting directory '35'
cp: -r not specified; omitting directory '4'
cp: -r not specified; omitting directory '5'
cp: -r not specified; omitting directory '6'
cp: -r not specified; omitting directory '7'
cp: -r not specified; omitting directory '8'
cp: -r not specified; omitting directory '9'
sbatch: error: Unable to open file test_3.sh
/software/vmd/1.9.3/linux-rhel8-x86_64/lib/vmd_LINUXAMD64: /lib64/libGL.so.1: no version information available (required by /software/vmd/1.9.3/linux-rhel8-x86_64/lib/vmd_LINUXAMD64)
Info) VMD for LINUXAMD64, version 1.9.3 (November 30, 2016)
Info) http://www.ks.uiuc.edu/Research/vmd/                         
Info) Email questions and bug reports to vmd@ks.uiuc.edu           
Info) Please include this reference in published work using VMD:   
Info)    Humphrey, W., Dalke, A. and Schulten, K., `VMD - Visual   
Info)    Molecular Dynamics', J. Molec. Graphics 1996, 14.1, 33-38.
Info) -------------------------------------------------------------
Info) Multithreading available, 128 CPUs detected.
Info)   CPU features: SSE2 AVX AVX2 FMA 
Info) Free system memory: 805GB (39%)
Info) No CUDA accelerator devices available.
Info) Dynamically loaded 2 plugins in directory:
Info) /software/vmd/1.9.3/linux-rhel8-x86_64/lib/plugins/LINUXAMD64/molfile
36
Info) Using plugin pdb for structure file ./recenter.pdb
Info) Using plugin pdb for coordinates from file ./recenter.pdb
Info) Determining bond structure from distance search ...
Info) Analyzing structure ...
Info)    Atoms: 28820
Info)    Bonds: 23700
Info)    Angles: 0  Dihedrals: 0  Impropers: 0  Cross-terms: 0
Info)    Bondtypes: 0  Angletypes: 0  Dihedraltypes: 0  Impropertypes: 0
Info)    Residues: 5120
Info)    Waters: 5000
Info)    Segments: 3
Info)    Fragments: 5120   Protein: 0   Nucleic: 0
Info) Finished with coordinate file ./recenter.pdb.
0
atomselect0
atomselect1
Info) Opened coordinate file memb.pdb for writing.
Info) Finished with coordinate file memb.pdb.
Info) VMD for LINUXAMD64, version 1.9.3 (November 30, 2016)
Info) Exiting normally.
cp: cannot stat 'recenter.ORCAFF.prms': No such file or directory
cp: -r not specified; omitting directory '1'
cp: -r not specified; omitting directory '10'
cp: -r not specified; omitting directory '11'
cp: -r not specified; omitting directory '12'
cp: -r not specified; omitting directory '13'
cp: -r not specified; omitting directory '14'
cp: -r not specified; omitting directory '15'
cp: -r not specified; omitting directory '16'
cp: -r not specified; omitting directory '17'
cp: -r not specified; omitting directory '18'
cp: -r not specified; omitting directory '19'
cp: -r not specified; omitting directory '2'
cp: -r not specified; omitting directory '20'
cp: -r not specified; omitting directory '21'
cp: -r not specified; omitting directory '22'
cp: -r not specified; omitting directory '23'
cp: -r not specified; omitting directory '24'
cp: -r not specified; omitting directory '25'
cp: -r not specified; omitting directory '26'
cp: -r not specified; omitting directory '27'
cp: -r not specified; omitting directory '28'
cp: -r not specified; omitting directory '29'
cp: -r not specified; omitting directory '3'
cp: -r not specified; omitting directory '30'
cp: -r not specified; omitting directory '31'
cp: -r not specified; omitting directory '32'
cp: -r not specified; omitting directory '33'
cp: -r not specified; omitting directory '34'
cp: -r not specified; omitting directory '35'
cp: -r not specified; omitting directory '36'
cp: -r not specified; omitting directory '4'
cp: -r not specified; omitting directory '5'
cp: -r not specified; omitting directory '6'
cp: -r not specified; omitting directory '7'
cp: -r not specified; omitting directory '8'
cp: -r not specified; omitting directory '9'
sbatch: error: Unable to open file test_3.sh
/software/vmd/1.9.3/linux-rhel8-x86_64/lib/vmd_LINUXAMD64: /lib64/libGL.so.1: no version information available (required by /software/vmd/1.9.3/linux-rhel8-x86_64/lib/vmd_LINUXAMD64)
Info) VMD for LINUXAMD64, version 1.9.3 (November 30, 2016)
Info) http://www.ks.uiuc.edu/Research/vmd/                         
Info) Email questions and bug reports to vmd@ks.uiuc.edu           
Info) Please include this reference in published work using VMD:   
Info)    Humphrey, W., Dalke, A. and Schulten, K., `VMD - Visual   
Info)    Molecular Dynamics', J. Molec. Graphics 1996, 14.1, 33-38.
Info) -------------------------------------------------------------
Info) Multithreading available, 128 CPUs detected.
Info)   CPU features: SSE2 AVX AVX2 FMA 
Info) Free system memory: 805GB (39%)
Info) No CUDA accelerator devices available.
Info) Dynamically loaded 2 plugins in directory:
Info) /software/vmd/1.9.3/linux-rhel8-x86_64/lib/plugins/LINUXAMD64/molfile
37
Info) Using plugin pdb for structure file ./recenter.pdb
Info) Using plugin pdb for coordinates from file ./recenter.pdb
Info) Determining bond structure from distance search ...
Info) Analyzing structure ...
Info)    Atoms: 28820
Info)    Bonds: 23700
Info)    Angles: 0  Dihedrals: 0  Impropers: 0  Cross-terms: 0
Info)    Bondtypes: 0  Angletypes: 0  Dihedraltypes: 0  Impropertypes: 0
Info)    Residues: 5120
Info)    Waters: 5000
Info)    Segments: 3
Info)    Fragments: 5120   Protein: 0   Nucleic: 0
Info) Finished with coordinate file ./recenter.pdb.
0
atomselect0
atomselect1
Info) Opened coordinate file memb.pdb for writing.
Info) Finished with coordinate file memb.pdb.
Info) VMD for LINUXAMD64, version 1.9.3 (November 30, 2016)
Info) Exiting normally.
cp: cannot stat 'recenter.ORCAFF.prms': No such file or directory
cp: -r not specified; omitting directory '1'
cp: -r not specified; omitting directory '10'
cp: -r not specified; omitting directory '11'
cp: -r not specified; omitting directory '12'
cp: -r not specified; omitting directory '13'
cp: -r not specified; omitting directory '14'
cp: -r not specified; omitting directory '15'
cp: -r not specified; omitting directory '16'
cp: -r not specified; omitting directory '17'
cp: -r not specified; omitting directory '18'
cp: -r not specified; omitting directory '19'
cp: -r not specified; omitting directory '2'
cp: -r not specified; omitting directory '20'
cp: -r not specified; omitting directory '21'
cp: -r not specified; omitting directory '22'
cp: -r not specified; omitting directory '23'
cp: -r not specified; omitting directory '24'
cp: -r not specified; omitting directory '25'
cp: -r not specified; omitting directory '26'
cp: -r not specified; omitting directory '27'
cp: -r not specified; omitting directory '28'
cp: -r not specified; omitting directory '29'
cp: -r not specified; omitting directory '3'
cp: -r not specified; omitting directory '30'
cp: -r not specified; omitting directory '31'
cp: -r not specified; omitting directory '32'
cp: -r not specified; omitting directory '33'
cp: -r not specified; omitting directory '34'
cp: -r not specified; omitting directory '35'
cp: -r not specified; omitting directory '36'
cp: -r not specified; omitting directory '37'
cp: -r not specified; omitting directory '4'
cp: -r not specified; omitting directory '5'
cp: -r not specified; omitting directory '6'
cp: -r not specified; omitting directory '7'
cp: -r not specified; omitting directory '8'
cp: -r not specified; omitting directory '9'
sbatch: error: Unable to open file test_3.sh
/software/vmd/1.9.3/linux-rhel8-x86_64/lib/vmd_LINUXAMD64: /lib64/libGL.so.1: no version information available (required by /software/vmd/1.9.3/linux-rhel8-x86_64/lib/vmd_LINUXAMD64)
Info) VMD for LINUXAMD64, version 1.9.3 (November 30, 2016)
Info) http://www.ks.uiuc.edu/Research/vmd/                         
Info) Email questions and bug reports to vmd@ks.uiuc.edu           
Info) Please include this reference in published work using VMD:   
Info)    Humphrey, W., Dalke, A. and Schulten, K., `VMD - Visual   
Info)    Molecular Dynamics', J. Molec. Graphics 1996, 14.1, 33-38.
Info) -------------------------------------------------------------
Info) Multithreading available, 128 CPUs detected.
Info)   CPU features: SSE2 AVX AVX2 FMA 
Info) Free system memory: 808GB (40%)
Info) No CUDA accelerator devices available.
Info) Dynamically loaded 2 plugins in directory:
Info) /software/vmd/1.9.3/linux-rhel8-x86_64/lib/plugins/LINUXAMD64/molfile
38
Info) Using plugin pdb for structure file ./recenter.pdb
Info) Using plugin pdb for coordinates from file ./recenter.pdb
Info) Determining bond structure from distance search ...
Info) Analyzing structure ...
Info)    Atoms: 28820
Info)    Bonds: 23700
Info)    Angles: 0  Dihedrals: 0  Impropers: 0  Cross-terms: 0
Info)    Bondtypes: 0  Angletypes: 0  Dihedraltypes: 0  Impropertypes: 0
Info)    Residues: 5120
Info)    Waters: 5000
Info)    Segments: 3
Info)    Fragments: 5120   Protein: 0   Nucleic: 0
Info) Finished with coordinate file ./recenter.pdb.
0
atomselect0
atomselect1
Info) Opened coordinate file memb.pdb for writing.
Info) Finished with coordinate file memb.pdb.
Info) VMD for LINUXAMD64, version 1.9.3 (November 30, 2016)
Info) Exiting normally.
cp: cannot stat 'recenter.ORCAFF.prms': No such file or directory
cp: -r not specified; omitting directory '1'
cp: -r not specified; omitting directory '10'
cp: -r not specified; omitting directory '11'
cp: -r not specified; omitting directory '12'
cp: -r not specified; omitting directory '13'
cp: -r not specified; omitting directory '14'
cp: -r not specified; omitting directory '15'
cp: -r not specified; omitting directory '16'
cp: -r not specified; omitting directory '17'
cp: -r not specified; omitting directory '18'
cp: -r not specified; omitting directory '19'
cp: -r not specified; omitting directory '2'
cp: -r not specified; omitting directory '20'
cp: -r not specified; omitting directory '21'
cp: -r not specified; omitting directory '22'
cp: -r not specified; omitting directory '23'
cp: -r not specified; omitting directory '24'
cp: -r not specified; omitting directory '25'
cp: -r not specified; omitting directory '26'
cp: -r not specified; omitting directory '27'
cp: -r not specified; omitting directory '28'
cp: -r not specified; omitting directory '29'
cp: -r not specified; omitting directory '3'
cp: -r not specified; omitting directory '30'
cp: -r not specified; omitting directory '31'
cp: -r not specified; omitting directory '32'
cp: -r not specified; omitting directory '33'
cp: -r not specified; omitting directory '34'
cp: -r not specified; omitting directory '35'
cp: -r not specified; omitting directory '36'
cp: -r not specified; omitting directory '37'
cp: -r not specified; omitting directory '38'
cp: -r not specified; omitting directory '4'
cp: -r not specified; omitting directory '5'
cp: -r not specified; omitting directory '6'
cp: -r not specified; omitting directory '7'
cp: -r not specified; omitting directory '8'
cp: -r not specified; omitting directory '9'
sbatch: error: Unable to open file test_3.sh
/software/vmd/1.9.3/linux-rhel8-x86_64/lib/vmd_LINUXAMD64: /lib64/libGL.so.1: no version information available (required by /software/vmd/1.9.3/linux-rhel8-x86_64/lib/vmd_LINUXAMD64)
Info) VMD for LINUXAMD64, version 1.9.3 (November 30, 2016)
Info) http://www.ks.uiuc.edu/Research/vmd/                         
Info) Email questions and bug reports to vmd@ks.uiuc.edu           
Info) Please include this reference in published work using VMD:   
Info)    Humphrey, W., Dalke, A. and Schulten, K., `VMD - Visual   
Info)    Molecular Dynamics', J. Molec. Graphics 1996, 14.1, 33-38.
Info) -------------------------------------------------------------
Info) Multithreading available, 128 CPUs detected.
Info)   CPU features: SSE2 AVX AVX2 FMA 
Info) Free system memory: 805GB (39%)
Info) No CUDA accelerator devices available.
Info) Dynamically loaded 2 plugins in directory:
Info) /software/vmd/1.9.3/linux-rhel8-x86_64/lib/plugins/LINUXAMD64/molfile
39
Info) Using plugin pdb for structure file ./recenter.pdb
Info) Using plugin pdb for coordinates from file ./recenter.pdb
Info) Determining bond structure from distance search ...
Info) Analyzing structure ...
Info)    Atoms: 28820
Info)    Bonds: 23700
Info)    Angles: 0  Dihedrals: 0  Impropers: 0  Cross-terms: 0
Info)    Bondtypes: 0  Angletypes: 0  Dihedraltypes: 0  Impropertypes: 0
Info)    Residues: 5120
Info)    Waters: 5000
Info)    Segments: 3
Info)    Fragments: 5120   Protein: 0   Nucleic: 0
Info) Finished with coordinate file ./recenter.pdb.
0
atomselect0
atomselect1
Info) Opened coordinate file memb.pdb for writing.
Info) Finished with coordinate file memb.pdb.
Info) VMD for LINUXAMD64, version 1.9.3 (November 30, 2016)
Info) Exiting normally.
cp: cannot stat 'recenter.ORCAFF.prms': No such file or directory
cp: -r not specified; omitting directory '1'
cp: -r not specified; omitting directory '10'
cp: -r not specified; omitting directory '11'
cp: -r not specified; omitting directory '12'
cp: -r not specified; omitting directory '13'
cp: -r not specified; omitting directory '14'
cp: -r not specified; omitting directory '15'
cp: -r not specified; omitting directory '16'
cp: -r not specified; omitting directory '17'
cp: -r not specified; omitting directory '18'
cp: -r not specified; omitting directory '19'
cp: -r not specified; omitting directory '2'
cp: -r not specified; omitting directory '20'
cp: -r not specified; omitting directory '21'
cp: -r not specified; omitting directory '22'
cp: -r not specified; omitting directory '23'
cp: -r not specified; omitting directory '24'
cp: -r not specified; omitting directory '25'
cp: -r not specified; omitting directory '26'
cp: -r not specified; omitting directory '27'
cp: -r not specified; omitting directory '28'
cp: -r not specified; omitting directory '29'
cp: -r not specified; omitting directory '3'
cp: -r not specified; omitting directory '30'
cp: -r not specified; omitting directory '31'
cp: -r not specified; omitting directory '32'
cp: -r not specified; omitting directory '33'
cp: -r not specified; omitting directory '34'
cp: -r not specified; omitting directory '35'
cp: -r not specified; omitting directory '36'
cp: -r not specified; omitting directory '37'
cp: -r not specified; omitting directory '38'
cp: -r not specified; omitting directory '39'
cp: -r not specified; omitting directory '4'
cp: -r not specified; omitting directory '5'
cp: -r not specified; omitting directory '6'
cp: -r not specified; omitting directory '7'
cp: -r not specified; omitting directory '8'
cp: -r not specified; omitting directory '9'
sbatch: error: Unable to open file test_3.sh
/software/vmd/1.9.3/linux-rhel8-x86_64/lib/vmd_LINUXAMD64: /lib64/libGL.so.1: no version information available (required by /software/vmd/1.9.3/linux-rhel8-x86_64/lib/vmd_LINUXAMD64)
Info) VMD for LINUXAMD64, version 1.9.3 (November 30, 2016)
Info) http://www.ks.uiuc.edu/Research/vmd/                         
Info) Email questions and bug reports to vmd@ks.uiuc.edu           
Info) Please include this reference in published work using VMD:   
Info)    Humphrey, W., Dalke, A. and Schulten, K., `VMD - Visual   
Info)    Molecular Dynamics', J. Molec. Graphics 1996, 14.1, 33-38.
Info) -------------------------------------------------------------
Info) Multithreading available, 128 CPUs detected.
Info)   CPU features: SSE2 AVX AVX2 FMA 
Info) Free system memory: 808GB (40%)
Info) No CUDA accelerator devices available.
Info) Dynamically loaded 2 plugins in directory:
Info) /software/vmd/1.9.3/linux-rhel8-x86_64/lib/plugins/LINUXAMD64/molfile
40
Info) Using plugin pdb for structure file ./recenter.pdb
Info) Using plugin pdb for coordinates from file ./recenter.pdb
Info) Determining bond structure from distance search ...
Info) Analyzing structure ...
Info)    Atoms: 28820
Info)    Bonds: 23700
Info)    Angles: 0  Dihedrals: 0  Impropers: 0  Cross-terms: 0
Info)    Bondtypes: 0  Angletypes: 0  Dihedraltypes: 0  Impropertypes: 0
Info)    Residues: 5120
Info)    Waters: 5000
Info)    Segments: 3
Info)    Fragments: 5120   Protein: 0   Nucleic: 0
Info) Finished with coordinate file ./recenter.pdb.
0
atomselect0
atomselect1
Info) Opened coordinate file memb.pdb for writing.
Info) Finished with coordinate file memb.pdb.
Info) VMD for LINUXAMD64, version 1.9.3 (November 30, 2016)
Info) Exiting normally.
cp: cannot stat 'recenter.ORCAFF.prms': No such file or directory
cp: -r not specified; omitting directory '1'
cp: -r not specified; omitting directory '10'
cp: -r not specified; omitting directory '11'
cp: -r not specified; omitting directory '12'
cp: -r not specified; omitting directory '13'
cp: -r not specified; omitting directory '14'
cp: -r not specified; omitting directory '15'
cp: -r not specified; omitting directory '16'
cp: -r not specified; omitting directory '17'
cp: -r not specified; omitting directory '18'
cp: -r not specified; omitting directory '19'
cp: -r not specified; omitting directory '2'
cp: -r not specified; omitting directory '20'
cp: -r not specified; omitting directory '21'
cp: -r not specified; omitting directory '22'
cp: -r not specified; omitting directory '23'
cp: -r not specified; omitting directory '24'
cp: -r not specified; omitting directory '25'
cp: -r not specified; omitting directory '26'
cp: -r not specified; omitting directory '27'
cp: -r not specified; omitting directory '28'
cp: -r not specified; omitting directory '29'
cp: -r not specified; omitting directory '3'
cp: -r not specified; omitting directory '30'
cp: -r not specified; omitting directory '31'
cp: -r not specified; omitting directory '32'
cp: -r not specified; omitting directory '33'
cp: -r not specified; omitting directory '34'
cp: -r not specified; omitting directory '35'
cp: -r not specified; omitting directory '36'
cp: -r not specified; omitting directory '37'
cp: -r not specified; omitting directory '38'
cp: -r not specified; omitting directory '39'
cp: -r not specified; omitting directory '4'
cp: -r not specified; omitting directory '40'
cp: -r not specified; omitting directory '5'
cp: -r not specified; omitting directory '6'
cp: -r not specified; omitting directory '7'
cp: -r not specified; omitting directory '8'
cp: -r not specified; omitting directory '9'
sbatch: error: Unable to open file test_3.sh
/software/vmd/1.9.3/linux-rhel8-x86_64/lib/vmd_LINUXAMD64: /lib64/libGL.so.1: no version information available (required by /software/vmd/1.9.3/linux-rhel8-x86_64/lib/vmd_LINUXAMD64)
Info) VMD for LINUXAMD64, version 1.9.3 (November 30, 2016)
Info) http://www.ks.uiuc.edu/Research/vmd/                         
Info) Email questions and bug reports to vmd@ks.uiuc.edu           
Info) Please include this reference in published work using VMD:   
Info)    Humphrey, W., Dalke, A. and Schulten, K., `VMD - Visual   
Info)    Molecular Dynamics', J. Molec. Graphics 1996, 14.1, 33-38.
Info) -------------------------------------------------------------
Info) Multithreading available, 128 CPUs detected.
Info)   CPU features: SSE2 AVX AVX2 FMA 
Info) Free system memory: 809GB (40%)
Info) No CUDA accelerator devices available.
Info) Dynamically loaded 2 plugins in directory:
Info) /software/vmd/1.9.3/linux-rhel8-x86_64/lib/plugins/LINUXAMD64/molfile
41
Info) Using plugin pdb for structure file ./recenter.pdb
Info) Using plugin pdb for coordinates from file ./recenter.pdb
Info) Determining bond structure from distance search ...
Info) Analyzing structure ...
Info)    Atoms: 28820
Info)    Bonds: 23700
Info)    Angles: 0  Dihedrals: 0  Impropers: 0  Cross-terms: 0
Info)    Bondtypes: 0  Angletypes: 0  Dihedraltypes: 0  Impropertypes: 0
Info)    Residues: 5120
Info)    Waters: 5000
Info)    Segments: 3
Info)    Fragments: 5120   Protein: 0   Nucleic: 0
Info) Finished with coordinate file ./recenter.pdb.
0
atomselect0
atomselect1
Info) Opened coordinate file memb.pdb for writing.
Info) Finished with coordinate file memb.pdb.
Info) VMD for LINUXAMD64, version 1.9.3 (November 30, 2016)
Info) Exiting normally.
cp: cannot stat 'recenter.ORCAFF.prms': No such file or directory
cp: -r not specified; omitting directory '1'
cp: -r not specified; omitting directory '10'
cp: -r not specified; omitting directory '11'
cp: -r not specified; omitting directory '12'
cp: -r not specified; omitting directory '13'
cp: -r not specified; omitting directory '14'
cp: -r not specified; omitting directory '15'
cp: -r not specified; omitting directory '16'
cp: -r not specified; omitting directory '17'
cp: -r not specified; omitting directory '18'
cp: -r not specified; omitting directory '19'
cp: -r not specified; omitting directory '2'
cp: -r not specified; omitting directory '20'
cp: -r not specified; omitting directory '21'
cp: -r not specified; omitting directory '22'
cp: -r not specified; omitting directory '23'
cp: -r not specified; omitting directory '24'
cp: -r not specified; omitting directory '25'
cp: -r not specified; omitting directory '26'
cp: -r not specified; omitting directory '27'
cp: -r not specified; omitting directory '28'
cp: -r not specified; omitting directory '29'
cp: -r not specified; omitting directory '3'
cp: -r not specified; omitting directory '30'
cp: -r not specified; omitting directory '31'
cp: -r not specified; omitting directory '32'
cp: -r not specified; omitting directory '33'
cp: -r not specified; omitting directory '34'
cp: -r not specified; omitting directory '35'
cp: -r not specified; omitting directory '36'
cp: -r not specified; omitting directory '37'
cp: -r not specified; omitting directory '38'
cp: -r not specified; omitting directory '39'
cp: -r not specified; omitting directory '4'
cp: -r not specified; omitting directory '40'
cp: -r not specified; omitting directory '41'
cp: -r not specified; omitting directory '5'
cp: -r not specified; omitting directory '6'
cp: -r not specified; omitting directory '7'
cp: -r not specified; omitting directory '8'
cp: -r not specified; omitting directory '9'
sbatch: error: Unable to open file test_3.sh
/software/vmd/1.9.3/linux-rhel8-x86_64/lib/vmd_LINUXAMD64: /lib64/libGL.so.1: no version information available (required by /software/vmd/1.9.3/linux-rhel8-x86_64/lib/vmd_LINUXAMD64)
Info) VMD for LINUXAMD64, version 1.9.3 (November 30, 2016)
Info) http://www.ks.uiuc.edu/Research/vmd/                         
Info) Email questions and bug reports to vmd@ks.uiuc.edu           
Info) Please include this reference in published work using VMD:   
Info)    Humphrey, W., Dalke, A. and Schulten, K., `VMD - Visual   
Info)    Molecular Dynamics', J. Molec. Graphics 1996, 14.1, 33-38.
Info) -------------------------------------------------------------
Info) Multithreading available, 128 CPUs detected.
Info)   CPU features: SSE2 AVX AVX2 FMA 
Info) Free system memory: 805GB (39%)
Info) No CUDA accelerator devices available.
Info) Dynamically loaded 2 plugins in directory:
Info) /software/vmd/1.9.3/linux-rhel8-x86_64/lib/plugins/LINUXAMD64/molfile
42
Info) Using plugin pdb for structure file ./recenter.pdb
Info) Using plugin pdb for coordinates from file ./recenter.pdb
Info) Determining bond structure from distance search ...
Info) Analyzing structure ...
Info)    Atoms: 28820
Info)    Bonds: 23700
Info)    Angles: 0  Dihedrals: 0  Impropers: 0  Cross-terms: 0
Info)    Bondtypes: 0  Angletypes: 0  Dihedraltypes: 0  Impropertypes: 0
Info)    Residues: 5120
Info)    Waters: 5000
Info)    Segments: 3
Info)    Fragments: 5120   Protein: 0   Nucleic: 0
Info) Finished with coordinate file ./recenter.pdb.
0
atomselect0
atomselect1
Info) Opened coordinate file memb.pdb for writing.
Info) Finished with coordinate file memb.pdb.
Info) VMD for LINUXAMD64, version 1.9.3 (November 30, 2016)
Info) Exiting normally.
cp: cannot stat 'recenter.ORCAFF.prms': No such file or directory
cp: -r not specified; omitting directory '1'
cp: -r not specified; omitting directory '10'
cp: -r not specified; omitting directory '11'
cp: -r not specified; omitting directory '12'
cp: -r not specified; omitting directory '13'
cp: -r not specified; omitting directory '14'
cp: -r not specified; omitting directory '15'
cp: -r not specified; omitting directory '16'
cp: -r not specified; omitting directory '17'
cp: -r not specified; omitting directory '18'
cp: -r not specified; omitting directory '19'
cp: -r not specified; omitting directory '2'
cp: -r not specified; omitting directory '20'
cp: -r not specified; omitting directory '21'
cp: -r not specified; omitting directory '22'
cp: -r not specified; omitting directory '23'
cp: -r not specified; omitting directory '24'
cp: -r not specified; omitting directory '25'
cp: -r not specified; omitting directory '26'
cp: -r not specified; omitting directory '27'
cp: -r not specified; omitting directory '28'
cp: -r not specified; omitting directory '29'
cp: -r not specified; omitting directory '3'
cp: -r not specified; omitting directory '30'
cp: -r not specified; omitting directory '31'
cp: -r not specified; omitting directory '32'
cp: -r not specified; omitting directory '33'
cp: -r not specified; omitting directory '34'
cp: -r not specified; omitting directory '35'
cp: -r not specified; omitting directory '36'
cp: -r not specified; omitting directory '37'
cp: -r not specified; omitting directory '38'
cp: -r not specified; omitting directory '39'
cp: -r not specified; omitting directory '4'
cp: -r not specified; omitting directory '40'
cp: -r not specified; omitting directory '41'
cp: -r not specified; omitting directory '42'
cp: -r not specified; omitting directory '5'
cp: -r not specified; omitting directory '6'
cp: -r not specified; omitting directory '7'
cp: -r not specified; omitting directory '8'
cp: -r not specified; omitting directory '9'
sbatch: error: Unable to open file test_3.sh
/software/vmd/1.9.3/linux-rhel8-x86_64/lib/vmd_LINUXAMD64: /lib64/libGL.so.1: no version information available (required by /software/vmd/1.9.3/linux-rhel8-x86_64/lib/vmd_LINUXAMD64)
Info) VMD for LINUXAMD64, version 1.9.3 (November 30, 2016)
Info) http://www.ks.uiuc.edu/Research/vmd/                         
Info) Email questions and bug reports to vmd@ks.uiuc.edu           
Info) Please include this reference in published work using VMD:   
Info)    Humphrey, W., Dalke, A. and Schulten, K., `VMD - Visual   
Info)    Molecular Dynamics', J. Molec. Graphics 1996, 14.1, 33-38.
Info) -------------------------------------------------------------
Info) Multithreading available, 128 CPUs detected.
Info)   CPU features: SSE2 AVX AVX2 FMA 
Info) Free system memory: 804GB (39%)
Info) No CUDA accelerator devices available.
Info) Dynamically loaded 2 plugins in directory:
Info) /software/vmd/1.9.3/linux-rhel8-x86_64/lib/plugins/LINUXAMD64/molfile
43
Info) Using plugin pdb for structure file ./recenter.pdb
Info) Using plugin pdb for coordinates from file ./recenter.pdb
Info) Determining bond structure from distance search ...
Info) Analyzing structure ...
Info)    Atoms: 28820
Info)    Bonds: 23700
Info)    Angles: 0  Dihedrals: 0  Impropers: 0  Cross-terms: 0
Info)    Bondtypes: 0  Angletypes: 0  Dihedraltypes: 0  Impropertypes: 0
Info)    Residues: 5120
Info)    Waters: 5000
Info)    Segments: 3
Info)    Fragments: 5120   Protein: 0   Nucleic: 0
Info) Finished with coordinate file ./recenter.pdb.
0
atomselect0
atomselect1
Info) Opened coordinate file memb.pdb for writing.
Info) Finished with coordinate file memb.pdb.
Info) VMD for LINUXAMD64, version 1.9.3 (November 30, 2016)
Info) Exiting normally.
cp: cannot stat 'recenter.ORCAFF.prms': No such file or directory
cp: -r not specified; omitting directory '1'
cp: -r not specified; omitting directory '10'
cp: -r not specified; omitting directory '11'
cp: -r not specified; omitting directory '12'
cp: -r not specified; omitting directory '13'
cp: -r not specified; omitting directory '14'
cp: -r not specified; omitting directory '15'
cp: -r not specified; omitting directory '16'
cp: -r not specified; omitting directory '17'
cp: -r not specified; omitting directory '18'
cp: -r not specified; omitting directory '19'
cp: -r not specified; omitting directory '2'
cp: -r not specified; omitting directory '20'
cp: -r not specified; omitting directory '21'
cp: -r not specified; omitting directory '22'
cp: -r not specified; omitting directory '23'
cp: -r not specified; omitting directory '24'
cp: -r not specified; omitting directory '25'
cp: -r not specified; omitting directory '26'
cp: -r not specified; omitting directory '27'
cp: -r not specified; omitting directory '28'
cp: -r not specified; omitting directory '29'
cp: -r not specified; omitting directory '3'
cp: -r not specified; omitting directory '30'
cp: -r not specified; omitting directory '31'
cp: -r not specified; omitting directory '32'
cp: -r not specified; omitting directory '33'
cp: -r not specified; omitting directory '34'
cp: -r not specified; omitting directory '35'
cp: -r not specified; omitting directory '36'
cp: -r not specified; omitting directory '37'
cp: -r not specified; omitting directory '38'
cp: -r not specified; omitting directory '39'
cp: -r not specified; omitting directory '4'
cp: -r not specified; omitting directory '40'
cp: -r not specified; omitting directory '41'
cp: -r not specified; omitting directory '42'
cp: -r not specified; omitting directory '43'
cp: -r not specified; omitting directory '5'
cp: -r not specified; omitting directory '6'
cp: -r not specified; omitting directory '7'
cp: -r not specified; omitting directory '8'
cp: -r not specified; omitting directory '9'
sbatch: error: Unable to open file test_3.sh
/software/vmd/1.9.3/linux-rhel8-x86_64/lib/vmd_LINUXAMD64: /lib64/libGL.so.1: no version information available (required by /software/vmd/1.9.3/linux-rhel8-x86_64/lib/vmd_LINUXAMD64)
Info) VMD for LINUXAMD64, version 1.9.3 (November 30, 2016)
Info) http://www.ks.uiuc.edu/Research/vmd/                         
Info) Email questions and bug reports to vmd@ks.uiuc.edu           
Info) Please include this reference in published work using VMD:   
Info)    Humphrey, W., Dalke, A. and Schulten, K., `VMD - Visual   
Info)    Molecular Dynamics', J. Molec. Graphics 1996, 14.1, 33-38.
Info) -------------------------------------------------------------
Info) Multithreading available, 128 CPUs detected.
Info)   CPU features: SSE2 AVX AVX2 FMA 
Info) Free system memory: 803GB (39%)
Info) No CUDA accelerator devices available.
Info) Dynamically loaded 2 plugins in directory:
Info) /software/vmd/1.9.3/linux-rhel8-x86_64/lib/plugins/LINUXAMD64/molfile
44
Info) Using plugin pdb for structure file ./recenter.pdb
Info) Using plugin pdb for coordinates from file ./recenter.pdb
Info) Determining bond structure from distance search ...
Info) Analyzing structure ...
Info)    Atoms: 28820
Info)    Bonds: 23700
Info)    Angles: 0  Dihedrals: 0  Impropers: 0  Cross-terms: 0
Info)    Bondtypes: 0  Angletypes: 0  Dihedraltypes: 0  Impropertypes: 0
Info)    Residues: 5120
Info)    Waters: 5000
Info)    Segments: 3
Info)    Fragments: 5120   Protein: 0   Nucleic: 0
Info) Finished with coordinate file ./recenter.pdb.
0
atomselect0
atomselect1
Info) Opened coordinate file memb.pdb for writing.
Info) Finished with coordinate file memb.pdb.
Info) VMD for LINUXAMD64, version 1.9.3 (November 30, 2016)
Info) Exiting normally.
cp: cannot stat 'recenter.ORCAFF.prms': No such file or directory
cp: -r not specified; omitting directory '1'
cp: -r not specified; omitting directory '10'
cp: -r not specified; omitting directory '11'
cp: -r not specified; omitting directory '12'
cp: -r not specified; omitting directory '13'
cp: -r not specified; omitting directory '14'
cp: -r not specified; omitting directory '15'
cp: -r not specified; omitting directory '16'
cp: -r not specified; omitting directory '17'
cp: -r not specified; omitting directory '18'
cp: -r not specified; omitting directory '19'
cp: -r not specified; omitting directory '2'
cp: -r not specified; omitting directory '20'
cp: -r not specified; omitting directory '21'
cp: -r not specified; omitting directory '22'
cp: -r not specified; omitting directory '23'
cp: -r not specified; omitting directory '24'
cp: -r not specified; omitting directory '25'
cp: -r not specified; omitting directory '26'
cp: -r not specified; omitting directory '27'
cp: -r not specified; omitting directory '28'
cp: -r not specified; omitting directory '29'
cp: -r not specified; omitting directory '3'
cp: -r not specified; omitting directory '30'
cp: -r not specified; omitting directory '31'
cp: -r not specified; omitting directory '32'
cp: -r not specified; omitting directory '33'
cp: -r not specified; omitting directory '34'
cp: -r not specified; omitting directory '35'
cp: -r not specified; omitting directory '36'
cp: -r not specified; omitting directory '37'
cp: -r not specified; omitting directory '38'
cp: -r not specified; omitting directory '39'
cp: -r not specified; omitting directory '4'
cp: -r not specified; omitting directory '40'
cp: -r not specified; omitting directory '41'
cp: -r not specified; omitting directory '42'
cp: -r not specified; omitting directory '43'
cp: -r not specified; omitting directory '44'
cp: -r not specified; omitting directory '5'
cp: -r not specified; omitting directory '6'
cp: -r not specified; omitting directory '7'
cp: -r not specified; omitting directory '8'
cp: -r not specified; omitting directory '9'
sbatch: error: Unable to open file test_3.sh
/software/vmd/1.9.3/linux-rhel8-x86_64/lib/vmd_LINUXAMD64: /lib64/libGL.so.1: no version information available (required by /software/vmd/1.9.3/linux-rhel8-x86_64/lib/vmd_LINUXAMD64)
Info) VMD for LINUXAMD64, version 1.9.3 (November 30, 2016)
Info) http://www.ks.uiuc.edu/Research/vmd/                         
Info) Email questions and bug reports to vmd@ks.uiuc.edu           
Info) Please include this reference in published work using VMD:   
Info)    Humphrey, W., Dalke, A. and Schulten, K., `VMD - Visual   
Info)    Molecular Dynamics', J. Molec. Graphics 1996, 14.1, 33-38.
Info) -------------------------------------------------------------
Info) Multithreading available, 128 CPUs detected.
Info)   CPU features: SSE2 AVX AVX2 FMA 
Info) Free system memory: 806GB (39%)
Info) No CUDA accelerator devices available.
Info) Dynamically loaded 2 plugins in directory:
Info) /software/vmd/1.9.3/linux-rhel8-x86_64/lib/plugins/LINUXAMD64/molfile
45
Info) Using plugin pdb for structure file ./recenter.pdb
Info) Using plugin pdb for coordinates from file ./recenter.pdb
Info) Determining bond structure from distance search ...
Info) Analyzing structure ...
Info)    Atoms: 28820
Info)    Bonds: 23700
Info)    Angles: 0  Dihedrals: 0  Impropers: 0  Cross-terms: 0
Info)    Bondtypes: 0  Angletypes: 0  Dihedraltypes: 0  Impropertypes: 0
Info)    Residues: 5120
Info)    Waters: 5000
Info)    Segments: 3
Info)    Fragments: 5120   Protein: 0   Nucleic: 0
Info) Finished with coordinate file ./recenter.pdb.
0
atomselect0
atomselect1
Info) Opened coordinate file memb.pdb for writing.
Info) Finished with coordinate file memb.pdb.
Info) VMD for LINUXAMD64, version 1.9.3 (November 30, 2016)
Info) Exiting normally.
cp: cannot stat 'recenter.ORCAFF.prms': No such file or directory
cp: -r not specified; omitting directory '1'
cp: -r not specified; omitting directory '10'
cp: -r not specified; omitting directory '11'
cp: -r not specified; omitting directory '12'
cp: -r not specified; omitting directory '13'
cp: -r not specified; omitting directory '14'
cp: -r not specified; omitting directory '15'
cp: -r not specified; omitting directory '16'
cp: -r not specified; omitting directory '17'
cp: -r not specified; omitting directory '18'
cp: -r not specified; omitting directory '19'
cp: -r not specified; omitting directory '2'
cp: -r not specified; omitting directory '20'
cp: -r not specified; omitting directory '21'
cp: -r not specified; omitting directory '22'
cp: -r not specified; omitting directory '23'
cp: -r not specified; omitting directory '24'
cp: -r not specified; omitting directory '25'
cp: -r not specified; omitting directory '26'
cp: -r not specified; omitting directory '27'
cp: -r not specified; omitting directory '28'
cp: -r not specified; omitting directory '29'
cp: -r not specified; omitting directory '3'
cp: -r not specified; omitting directory '30'
cp: -r not specified; omitting directory '31'
cp: -r not specified; omitting directory '32'
cp: -r not specified; omitting directory '33'
cp: -r not specified; omitting directory '34'
cp: -r not specified; omitting directory '35'
cp: -r not specified; omitting directory '36'
cp: -r not specified; omitting directory '37'
cp: -r not specified; omitting directory '38'
cp: -r not specified; omitting directory '39'
cp: -r not specified; omitting directory '4'
cp: -r not specified; omitting directory '40'
cp: -r not specified; omitting directory '41'
cp: -r not specified; omitting directory '42'
cp: -r not specified; omitting directory '43'
cp: -r not specified; omitting directory '44'
cp: -r not specified; omitting directory '45'
cp: -r not specified; omitting directory '5'
cp: -r not specified; omitting directory '6'
cp: -r not specified; omitting directory '7'
cp: -r not specified; omitting directory '8'
cp: -r not specified; omitting directory '9'
sbatch: error: Unable to open file test_3.sh
/software/vmd/1.9.3/linux-rhel8-x86_64/lib/vmd_LINUXAMD64: /lib64/libGL.so.1: no version information available (required by /software/vmd/1.9.3/linux-rhel8-x86_64/lib/vmd_LINUXAMD64)
Info) VMD for LINUXAMD64, version 1.9.3 (November 30, 2016)
Info) http://www.ks.uiuc.edu/Research/vmd/                         
Info) Email questions and bug reports to vmd@ks.uiuc.edu           
Info) Please include this reference in published work using VMD:   
Info)    Humphrey, W., Dalke, A. and Schulten, K., `VMD - Visual   
Info)    Molecular Dynamics', J. Molec. Graphics 1996, 14.1, 33-38.
Info) -------------------------------------------------------------
Info) Multithreading available, 128 CPUs detected.
Info)   CPU features: SSE2 AVX AVX2 FMA 
Info) Free system memory: 807GB (40%)
Info) No CUDA accelerator devices available.
Info) Dynamically loaded 2 plugins in directory:
Info) /software/vmd/1.9.3/linux-rhel8-x86_64/lib/plugins/LINUXAMD64/molfile
46
Info) Using plugin pdb for structure file ./recenter.pdb
Info) Using plugin pdb for coordinates from file ./recenter.pdb
Info) Determining bond structure from distance search ...
Info) Analyzing structure ...
Info)    Atoms: 28820
Info)    Bonds: 23700
Info)    Angles: 0  Dihedrals: 0  Impropers: 0  Cross-terms: 0
Info)    Bondtypes: 0  Angletypes: 0  Dihedraltypes: 0  Impropertypes: 0
Info)    Residues: 5120
Info)    Waters: 5000
Info)    Segments: 3
Info)    Fragments: 5120   Protein: 0   Nucleic: 0
Info) Finished with coordinate file ./recenter.pdb.
0
atomselect0
atomselect1
Info) Opened coordinate file memb.pdb for writing.
Info) Finished with coordinate file memb.pdb.
Info) VMD for LINUXAMD64, version 1.9.3 (November 30, 2016)
Info) Exiting normally.
cp: cannot stat 'recenter.ORCAFF.prms': No such file or directory
cp: -r not specified; omitting directory '1'
cp: -r not specified; omitting directory '10'
cp: -r not specified; omitting directory '11'
cp: -r not specified; omitting directory '12'
cp: -r not specified; omitting directory '13'
cp: -r not specified; omitting directory '14'
cp: -r not specified; omitting directory '15'
cp: -r not specified; omitting directory '16'
cp: -r not specified; omitting directory '17'
cp: -r not specified; omitting directory '18'
cp: -r not specified; omitting directory '19'
cp: -r not specified; omitting directory '2'
cp: -r not specified; omitting directory '20'
cp: -r not specified; omitting directory '21'
cp: -r not specified; omitting directory '22'
cp: -r not specified; omitting directory '23'
cp: -r not specified; omitting directory '24'
cp: -r not specified; omitting directory '25'
cp: -r not specified; omitting directory '26'
cp: -r not specified; omitting directory '27'
cp: -r not specified; omitting directory '28'
cp: -r not specified; omitting directory '29'
cp: -r not specified; omitting directory '3'
cp: -r not specified; omitting directory '30'
cp: -r not specified; omitting directory '31'
cp: -r not specified; omitting directory '32'
cp: -r not specified; omitting directory '33'
cp: -r not specified; omitting directory '34'
cp: -r not specified; omitting directory '35'
cp: -r not specified; omitting directory '36'
cp: -r not specified; omitting directory '37'
cp: -r not specified; omitting directory '38'
cp: -r not specified; omitting directory '39'
cp: -r not specified; omitting directory '4'
cp: -r not specified; omitting directory '40'
cp: -r not specified; omitting directory '41'
cp: -r not specified; omitting directory '42'
cp: -r not specified; omitting directory '43'
cp: -r not specified; omitting directory '44'
cp: -r not specified; omitting directory '45'
cp: -r not specified; omitting directory '46'
cp: -r not specified; omitting directory '5'
cp: -r not specified; omitting directory '6'
cp: -r not specified; omitting directory '7'
cp: -r not specified; omitting directory '8'
cp: -r not specified; omitting directory '9'
sbatch: error: Unable to open file test_3.sh
/software/vmd/1.9.3/linux-rhel8-x86_64/lib/vmd_LINUXAMD64: /lib64/libGL.so.1: no version information available (required by /software/vmd/1.9.3/linux-rhel8-x86_64/lib/vmd_LINUXAMD64)
Info) VMD for LINUXAMD64, version 1.9.3 (November 30, 2016)
Info) http://www.ks.uiuc.edu/Research/vmd/                         
Info) Email questions and bug reports to vmd@ks.uiuc.edu           
Info) Please include this reference in published work using VMD:   
Info)    Humphrey, W., Dalke, A. and Schulten, K., `VMD - Visual   
Info)    Molecular Dynamics', J. Molec. Graphics 1996, 14.1, 33-38.
Info) -------------------------------------------------------------
Info) Multithreading available, 128 CPUs detected.
Info)   CPU features: SSE2 AVX AVX2 FMA 
Info) Free system memory: 807GB (40%)
Info) No CUDA accelerator devices available.
Info) Dynamically loaded 2 plugins in directory:
Info) /software/vmd/1.9.3/linux-rhel8-x86_64/lib/plugins/LINUXAMD64/molfile
47
Info) Using plugin pdb for structure file ./recenter.pdb
Info) Using plugin pdb for coordinates from file ./recenter.pdb
Info) Determining bond structure from distance search ...
Info) Analyzing structure ...
Info)    Atoms: 28820
Info)    Bonds: 23700
Info)    Angles: 0  Dihedrals: 0  Impropers: 0  Cross-terms: 0
Info)    Bondtypes: 0  Angletypes: 0  Dihedraltypes: 0  Impropertypes: 0
Info)    Residues: 5120
Info)    Waters: 5000
Info)    Segments: 3
Info)    Fragments: 5120   Protein: 0   Nucleic: 0
Info) Finished with coordinate file ./recenter.pdb.
0
atomselect0
atomselect1
Info) Opened coordinate file memb.pdb for writing.
Info) Finished with coordinate file memb.pdb.
Info) VMD for LINUXAMD64, version 1.9.3 (November 30, 2016)
Info) Exiting normally.
cp: cannot stat 'recenter.ORCAFF.prms': No such file or directory
cp: -r not specified; omitting directory '1'
cp: -r not specified; omitting directory '10'
cp: -r not specified; omitting directory '11'
cp: -r not specified; omitting directory '12'
cp: -r not specified; omitting directory '13'
cp: -r not specified; omitting directory '14'
cp: -r not specified; omitting directory '15'
cp: -r not specified; omitting directory '16'
cp: -r not specified; omitting directory '17'
cp: -r not specified; omitting directory '18'
cp: -r not specified; omitting directory '19'
cp: -r not specified; omitting directory '2'
cp: -r not specified; omitting directory '20'
cp: -r not specified; omitting directory '21'
cp: -r not specified; omitting directory '22'
cp: -r not specified; omitting directory '23'
cp: -r not specified; omitting directory '24'
cp: -r not specified; omitting directory '25'
cp: -r not specified; omitting directory '26'
cp: -r not specified; omitting directory '27'
cp: -r not specified; omitting directory '28'
cp: -r not specified; omitting directory '29'
cp: -r not specified; omitting directory '3'
cp: -r not specified; omitting directory '30'
cp: -r not specified; omitting directory '31'
cp: -r not specified; omitting directory '32'
cp: -r not specified; omitting directory '33'
cp: -r not specified; omitting directory '34'
cp: -r not specified; omitting directory '35'
cp: -r not specified; omitting directory '36'
cp: -r not specified; omitting directory '37'
cp: -r not specified; omitting directory '38'
cp: -r not specified; omitting directory '39'
cp: -r not specified; omitting directory '4'
cp: -r not specified; omitting directory '40'
cp: -r not specified; omitting directory '41'
cp: -r not specified; omitting directory '42'
cp: -r not specified; omitting directory '43'
cp: -r not specified; omitting directory '44'
cp: -r not specified; omitting directory '45'
cp: -r not specified; omitting directory '46'
cp: -r not specified; omitting directory '47'
cp: -r not specified; omitting directory '5'
cp: -r not specified; omitting directory '6'
cp: -r not specified; omitting directory '7'
cp: -r not specified; omitting directory '8'
cp: -r not specified; omitting directory '9'
sbatch: error: Unable to open file test_3.sh
/software/vmd/1.9.3/linux-rhel8-x86_64/lib/vmd_LINUXAMD64: /lib64/libGL.so.1: no version information available (required by /software/vmd/1.9.3/linux-rhel8-x86_64/lib/vmd_LINUXAMD64)
Info) VMD for LINUXAMD64, version 1.9.3 (November 30, 2016)
Info) http://www.ks.uiuc.edu/Research/vmd/                         
Info) Email questions and bug reports to vmd@ks.uiuc.edu           
Info) Please include this reference in published work using VMD:   
Info)    Humphrey, W., Dalke, A. and Schulten, K., `VMD - Visual   
Info)    Molecular Dynamics', J. Molec. Graphics 1996, 14.1, 33-38.
Info) -------------------------------------------------------------
Info) Multithreading available, 128 CPUs detected.
Info)   CPU features: SSE2 AVX AVX2 FMA 
Info) Free system memory: 809GB (40%)
Info) No CUDA accelerator devices available.
Info) Dynamically loaded 2 plugins in directory:
Info) /software/vmd/1.9.3/linux-rhel8-x86_64/lib/plugins/LINUXAMD64/molfile
48
Info) Using plugin pdb for structure file ./recenter.pdb
Info) Using plugin pdb for coordinates from file ./recenter.pdb
Info) Determining bond structure from distance search ...
Info) Analyzing structure ...
Info)    Atoms: 28820
Info)    Bonds: 23700
Info)    Angles: 0  Dihedrals: 0  Impropers: 0  Cross-terms: 0
Info)    Bondtypes: 0  Angletypes: 0  Dihedraltypes: 0  Impropertypes: 0
Info)    Residues: 5120
Info)    Waters: 5000
Info)    Segments: 3
Info)    Fragments: 5120   Protein: 0   Nucleic: 0
Info) Finished with coordinate file ./recenter.pdb.
0
atomselect0
atomselect1
Info) Opened coordinate file memb.pdb for writing.
Info) Finished with coordinate file memb.pdb.
Info) VMD for LINUXAMD64, version 1.9.3 (November 30, 2016)
Info) Exiting normally.
cp: cannot stat 'recenter.ORCAFF.prms': No such file or directory
cp: -r not specified; omitting directory '1'
cp: -r not specified; omitting directory '10'
cp: -r not specified; omitting directory '11'
cp: -r not specified; omitting directory '12'
cp: -r not specified; omitting directory '13'
cp: -r not specified; omitting directory '14'
cp: -r not specified; omitting directory '15'
cp: -r not specified; omitting directory '16'
cp: -r not specified; omitting directory '17'
cp: -r not specified; omitting directory '18'
cp: -r not specified; omitting directory '19'
cp: -r not specified; omitting directory '2'
cp: -r not specified; omitting directory '20'
cp: -r not specified; omitting directory '21'
cp: -r not specified; omitting directory '22'
cp: -r not specified; omitting directory '23'
cp: -r not specified; omitting directory '24'
cp: -r not specified; omitting directory '25'
cp: -r not specified; omitting directory '26'
cp: -r not specified; omitting directory '27'
cp: -r not specified; omitting directory '28'
cp: -r not specified; omitting directory '29'
cp: -r not specified; omitting directory '3'
cp: -r not specified; omitting directory '30'
cp: -r not specified; omitting directory '31'
cp: -r not specified; omitting directory '32'
cp: -r not specified; omitting directory '33'
cp: -r not specified; omitting directory '34'
cp: -r not specified; omitting directory '35'
cp: -r not specified; omitting directory '36'
cp: -r not specified; omitting directory '37'
cp: -r not specified; omitting directory '38'
cp: -r not specified; omitting directory '39'
cp: -r not specified; omitting directory '4'
cp: -r not specified; omitting directory '40'
cp: -r not specified; omitting directory '41'
cp: -r not specified; omitting directory '42'
cp: -r not specified; omitting directory '43'
cp: -r not specified; omitting directory '44'
cp: -r not specified; omitting directory '45'
cp: -r not specified; omitting directory '46'
cp: -r not specified; omitting directory '47'
cp: -r not specified; omitting directory '48'
cp: -r not specified; omitting directory '5'
cp: -r not specified; omitting directory '6'
cp: -r not specified; omitting directory '7'
cp: -r not specified; omitting directory '8'
cp: -r not specified; omitting directory '9'
sbatch: error: Unable to open file test_3.sh
/software/vmd/1.9.3/linux-rhel8-x86_64/lib/vmd_LINUXAMD64: /lib64/libGL.so.1: no version information available (required by /software/vmd/1.9.3/linux-rhel8-x86_64/lib/vmd_LINUXAMD64)
Info) VMD for LINUXAMD64, version 1.9.3 (November 30, 2016)
Info) http://www.ks.uiuc.edu/Research/vmd/                         
Info) Email questions and bug reports to vmd@ks.uiuc.edu           
Info) Please include this reference in published work using VMD:   
Info)    Humphrey, W., Dalke, A. and Schulten, K., `VMD - Visual   
Info)    Molecular Dynamics', J. Molec. Graphics 1996, 14.1, 33-38.
Info) -------------------------------------------------------------
Info) Multithreading available, 128 CPUs detected.
Info)   CPU features: SSE2 AVX AVX2 FMA 
Info) Free system memory: 806GB (40%)
Info) No CUDA accelerator devices available.
Info) Dynamically loaded 2 plugins in directory:
Info) /software/vmd/1.9.3/linux-rhel8-x86_64/lib/plugins/LINUXAMD64/molfile
49
Info) Using plugin pdb for structure file ./recenter.pdb
Info) Using plugin pdb for coordinates from file ./recenter.pdb
Info) Determining bond structure from distance search ...
Info) Analyzing structure ...
Info)    Atoms: 28820
Info)    Bonds: 23700
Info)    Angles: 0  Dihedrals: 0  Impropers: 0  Cross-terms: 0
Info)    Bondtypes: 0  Angletypes: 0  Dihedraltypes: 0  Impropertypes: 0
Info)    Residues: 5120
Info)    Waters: 5000
Info)    Segments: 3
Info)    Fragments: 5120   Protein: 0   Nucleic: 0
Info) Finished with coordinate file ./recenter.pdb.
0
atomselect0
atomselect1
Info) Opened coordinate file memb.pdb for writing.
Info) Finished with coordinate file memb.pdb.
Info) VMD for LINUXAMD64, version 1.9.3 (November 30, 2016)
Info) Exiting normally.
cp: cannot stat 'recenter.ORCAFF.prms': No such file or directory
cp: -r not specified; omitting directory '1'
cp: -r not specified; omitting directory '10'
cp: -r not specified; omitting directory '11'
cp: -r not specified; omitting directory '12'
cp: -r not specified; omitting directory '13'
cp: -r not specified; omitting directory '14'
cp: -r not specified; omitting directory '15'
cp: -r not specified; omitting directory '16'
cp: -r not specified; omitting directory '17'
cp: -r not specified; omitting directory '18'
cp: -r not specified; omitting directory '19'
cp: -r not specified; omitting directory '2'
cp: -r not specified; omitting directory '20'
cp: -r not specified; omitting directory '21'
cp: -r not specified; omitting directory '22'
cp: -r not specified; omitting directory '23'
cp: -r not specified; omitting directory '24'
cp: -r not specified; omitting directory '25'
cp: -r not specified; omitting directory '26'
cp: -r not specified; omitting directory '27'
cp: -r not specified; omitting directory '28'
cp: -r not specified; omitting directory '29'
cp: -r not specified; omitting directory '3'
cp: -r not specified; omitting directory '30'
cp: -r not specified; omitting directory '31'
cp: -r not specified; omitting directory '32'
cp: -r not specified; omitting directory '33'
cp: -r not specified; omitting directory '34'
cp: -r not specified; omitting directory '35'
cp: -r not specified; omitting directory '36'
cp: -r not specified; omitting directory '37'
cp: -r not specified; omitting directory '38'
cp: -r not specified; omitting directory '39'
cp: -r not specified; omitting directory '4'
cp: -r not specified; omitting directory '40'
cp: -r not specified; omitting directory '41'
cp: -r not specified; omitting directory '42'
cp: -r not specified; omitting directory '43'
cp: -r not specified; omitting directory '44'
cp: -r not specified; omitting directory '45'
cp: -r not specified; omitting directory '46'
cp: -r not specified; omitting directory '47'
cp: -r not specified; omitting directory '48'
cp: -r not specified; omitting directory '49'
cp: -r not specified; omitting directory '5'
cp: -r not specified; omitting directory '6'
cp: -r not specified; omitting directory '7'
cp: -r not specified; omitting directory '8'
cp: -r not specified; omitting directory '9'
sbatch: error: Unable to open file test_3.sh
/software/vmd/1.9.3/linux-rhel8-x86_64/lib/vmd_LINUXAMD64: /lib64/libGL.so.1: no version information available (required by /software/vmd/1.9.3/linux-rhel8-x86_64/lib/vmd_LINUXAMD64)
Info) VMD for LINUXAMD64, version 1.9.3 (November 30, 2016)
Info) http://www.ks.uiuc.edu/Research/vmd/                         
Info) Email questions and bug reports to vmd@ks.uiuc.edu           
Info) Please include this reference in published work using VMD:   
Info)    Humphrey, W., Dalke, A. and Schulten, K., `VMD - Visual   
Info)    Molecular Dynamics', J. Molec. Graphics 1996, 14.1, 33-38.
Info) -------------------------------------------------------------
Info) Multithreading available, 128 CPUs detected.
Info)   CPU features: SSE2 AVX AVX2 FMA 
Info) Free system memory: 807GB (40%)
Info) No CUDA accelerator devices available.
Info) Dynamically loaded 2 plugins in directory:
Info) /software/vmd/1.9.3/linux-rhel8-x86_64/lib/plugins/LINUXAMD64/molfile
50
Info) Using plugin pdb for structure file ./recenter.pdb
Info) Using plugin pdb for coordinates from file ./recenter.pdb
Info) Determining bond structure from distance search ...
Info) Analyzing structure ...
Info)    Atoms: 28820
Info)    Bonds: 23700
Info)    Angles: 0  Dihedrals: 0  Impropers: 0  Cross-terms: 0
Info)    Bondtypes: 0  Angletypes: 0  Dihedraltypes: 0  Impropertypes: 0
Info)    Residues: 5120
Info)    Waters: 5000
Info)    Segments: 3
Info)    Fragments: 5120   Protein: 0   Nucleic: 0
Info) Finished with coordinate file ./recenter.pdb.
0
atomselect0
atomselect1
Info) Opened coordinate file memb.pdb for writing.
Info) Finished with coordinate file memb.pdb.
Info) VMD for LINUXAMD64, version 1.9.3 (November 30, 2016)
Info) Exiting normally.
cp: cannot stat 'recenter.ORCAFF.prms': No such file or directory
cp: -r not specified; omitting directory '1'
cp: -r not specified; omitting directory '10'
cp: -r not specified; omitting directory '11'
cp: -r not specified; omitting directory '12'
cp: -r not specified; omitting directory '13'
cp: -r not specified; omitting directory '14'
cp: -r not specified; omitting directory '15'
cp: -r not specified; omitting directory '16'
cp: -r not specified; omitting directory '17'
cp: -r not specified; omitting directory '18'
cp: -r not specified; omitting directory '19'
cp: -r not specified; omitting directory '2'
cp: -r not specified; omitting directory '20'
cp: -r not specified; omitting directory '21'
cp: -r not specified; omitting directory '22'
cp: -r not specified; omitting directory '23'
cp: -r not specified; omitting directory '24'
cp: -r not specified; omitting directory '25'
cp: -r not specified; omitting directory '26'
cp: -r not specified; omitting directory '27'
cp: -r not specified; omitting directory '28'
cp: -r not specified; omitting directory '29'
cp: -r not specified; omitting directory '3'
cp: -r not specified; omitting directory '30'
cp: -r not specified; omitting directory '31'
cp: -r not specified; omitting directory '32'
cp: -r not specified; omitting directory '33'
cp: -r not specified; omitting directory '34'
cp: -r not specified; omitting directory '35'
cp: -r not specified; omitting directory '36'
cp: -r not specified; omitting directory '37'
cp: -r not specified; omitting directory '38'
cp: -r not specified; omitting directory '39'
cp: -r not specified; omitting directory '4'
cp: -r not specified; omitting directory '40'
cp: -r not specified; omitting directory '41'
cp: -r not specified; omitting directory '42'
cp: -r not specified; omitting directory '43'
cp: -r not specified; omitting directory '44'
cp: -r not specified; omitting directory '45'
cp: -r not specified; omitting directory '46'
cp: -r not specified; omitting directory '47'
cp: -r not specified; omitting directory '48'
cp: -r not specified; omitting directory '49'
cp: -r not specified; omitting directory '5'
cp: -r not specified; omitting directory '50'
cp: -r not specified; omitting directory '6'
cp: -r not specified; omitting directory '7'
cp: -r not specified; omitting directory '8'
cp: -r not specified; omitting directory '9'
sbatch: error: Unable to open file test_3.sh
/software/vmd/1.9.3/linux-rhel8-x86_64/lib/vmd_LINUXAMD64: /lib64/libGL.so.1: no version information available (required by /software/vmd/1.9.3/linux-rhel8-x86_64/lib/vmd_LINUXAMD64)
Info) VMD for LINUXAMD64, version 1.9.3 (November 30, 2016)
Info) http://www.ks.uiuc.edu/Research/vmd/                         
Info) Email questions and bug reports to vmd@ks.uiuc.edu           
Info) Please include this reference in published work using VMD:   
Info)    Humphrey, W., Dalke, A. and Schulten, K., `VMD - Visual   
Info)    Molecular Dynamics', J. Molec. Graphics 1996, 14.1, 33-38.
Info) -------------------------------------------------------------
Info) Multithreading available, 128 CPUs detected.
Info)   CPU features: SSE2 AVX AVX2 FMA 
Info) Free system memory: 805GB (39%)
Info) No CUDA accelerator devices available.
Info) Dynamically loaded 2 plugins in directory:
Info) /software/vmd/1.9.3/linux-rhel8-x86_64/lib/plugins/LINUXAMD64/molfile
51
Info) Using plugin pdb for structure file ./recenter.pdb
Info) Using plugin pdb for coordinates from file ./recenter.pdb
Info) Determining bond structure from distance search ...
Info) Analyzing structure ...
Info)    Atoms: 28820
Info)    Bonds: 23700
Info)    Angles: 0  Dihedrals: 0  Impropers: 0  Cross-terms: 0
Info)    Bondtypes: 0  Angletypes: 0  Dihedraltypes: 0  Impropertypes: 0
Info)    Residues: 5120
Info)    Waters: 5000
Info)    Segments: 3
Info)    Fragments: 5120   Protein: 0   Nucleic: 0
Info) Finished with coordinate file ./recenter.pdb.
0
atomselect0
atomselect1
Info) Opened coordinate file memb.pdb for writing.
Info) Finished with coordinate file memb.pdb.
Info) VMD for LINUXAMD64, version 1.9.3 (November 30, 2016)
Info) Exiting normally.
cp: cannot stat 'recenter.ORCAFF.prms': No such file or directory
cp: -r not specified; omitting directory '1'
cp: -r not specified; omitting directory '10'
cp: -r not specified; omitting directory '11'
cp: -r not specified; omitting directory '12'
cp: -r not specified; omitting directory '13'
cp: -r not specified; omitting directory '14'
cp: -r not specified; omitting directory '15'
cp: -r not specified; omitting directory '16'
cp: -r not specified; omitting directory '17'
cp: -r not specified; omitting directory '18'
cp: -r not specified; omitting directory '19'
cp: -r not specified; omitting directory '2'
cp: -r not specified; omitting directory '20'
cp: -r not specified; omitting directory '21'
cp: -r not specified; omitting directory '22'
cp: -r not specified; omitting directory '23'
cp: -r not specified; omitting directory '24'
cp: -r not specified; omitting directory '25'
cp: -r not specified; omitting directory '26'
cp: -r not specified; omitting directory '27'
cp: -r not specified; omitting directory '28'
cp: -r not specified; omitting directory '29'
cp: -r not specified; omitting directory '3'
cp: -r not specified; omitting directory '30'
cp: -r not specified; omitting directory '31'
cp: -r not specified; omitting directory '32'
cp: -r not specified; omitting directory '33'
cp: -r not specified; omitting directory '34'
cp: -r not specified; omitting directory '35'
cp: -r not specified; omitting directory '36'
cp: -r not specified; omitting directory '37'
cp: -r not specified; omitting directory '38'
cp: -r not specified; omitting directory '39'
cp: -r not specified; omitting directory '4'
cp: -r not specified; omitting directory '40'
cp: -r not specified; omitting directory '41'
cp: -r not specified; omitting directory '42'
cp: -r not specified; omitting directory '43'
cp: -r not specified; omitting directory '44'
cp: -r not specified; omitting directory '45'
cp: -r not specified; omitting directory '46'
cp: -r not specified; omitting directory '47'
cp: -r not specified; omitting directory '48'
cp: -r not specified; omitting directory '49'
cp: -r not specified; omitting directory '5'
cp: -r not specified; omitting directory '50'
cp: -r not specified; omitting directory '51'
cp: -r not specified; omitting directory '6'
cp: -r not specified; omitting directory '7'
cp: -r not specified; omitting directory '8'
cp: -r not specified; omitting directory '9'
sbatch: error: Unable to open file test_3.sh
/software/vmd/1.9.3/linux-rhel8-x86_64/lib/vmd_LINUXAMD64: /lib64/libGL.so.1: no version information available (required by /software/vmd/1.9.3/linux-rhel8-x86_64/lib/vmd_LINUXAMD64)
Info) VMD for LINUXAMD64, version 1.9.3 (November 30, 2016)
Info) http://www.ks.uiuc.edu/Research/vmd/                         
Info) Email questions and bug reports to vmd@ks.uiuc.edu           
Info) Please include this reference in published work using VMD:   
Info)    Humphrey, W., Dalke, A. and Schulten, K., `VMD - Visual   
Info)    Molecular Dynamics', J. Molec. Graphics 1996, 14.1, 33-38.
Info) -------------------------------------------------------------
Info) Multithreading available, 128 CPUs detected.
Info)   CPU features: SSE2 AVX AVX2 FMA 
Info) Free system memory: 804GB (39%)
Info) No CUDA accelerator devices available.
Info) Dynamically loaded 2 plugins in directory:
Info) /software/vmd/1.9.3/linux-rhel8-x86_64/lib/plugins/LINUXAMD64/molfile
52
Info) Using plugin pdb for structure file ./recenter.pdb
Info) Using plugin pdb for coordinates from file ./recenter.pdb
Info) Determining bond structure from distance search ...
Info) Analyzing structure ...
Info)    Atoms: 28820
Info)    Bonds: 23700
Info)    Angles: 0  Dihedrals: 0  Impropers: 0  Cross-terms: 0
Info)    Bondtypes: 0  Angletypes: 0  Dihedraltypes: 0  Impropertypes: 0
Info)    Residues: 5120
Info)    Waters: 5000
Info)    Segments: 3
Info)    Fragments: 5120   Protein: 0   Nucleic: 0
Info) Finished with coordinate file ./recenter.pdb.
0
atomselect0
atomselect1
Info) Opened coordinate file memb.pdb for writing.
Info) Finished with coordinate file memb.pdb.
Info) VMD for LINUXAMD64, version 1.9.3 (November 30, 2016)
Info) Exiting normally.
cp: cannot stat 'recenter.ORCAFF.prms': No such file or directory
cp: -r not specified; omitting directory '1'
cp: -r not specified; omitting directory '10'
cp: -r not specified; omitting directory '11'
cp: -r not specified; omitting directory '12'
cp: -r not specified; omitting directory '13'
cp: -r not specified; omitting directory '14'
cp: -r not specified; omitting directory '15'
cp: -r not specified; omitting directory '16'
cp: -r not specified; omitting directory '17'
cp: -r not specified; omitting directory '18'
cp: -r not specified; omitting directory '19'
cp: -r not specified; omitting directory '2'
cp: -r not specified; omitting directory '20'
cp: -r not specified; omitting directory '21'
cp: -r not specified; omitting directory '22'
cp: -r not specified; omitting directory '23'
cp: -r not specified; omitting directory '24'
cp: -r not specified; omitting directory '25'
cp: -r not specified; omitting directory '26'
cp: -r not specified; omitting directory '27'
cp: -r not specified; omitting directory '28'
cp: -r not specified; omitting directory '29'
cp: -r not specified; omitting directory '3'
cp: -r not specified; omitting directory '30'
cp: -r not specified; omitting directory '31'
cp: -r not specified; omitting directory '32'
cp: -r not specified; omitting directory '33'
cp: -r not specified; omitting directory '34'
cp: -r not specified; omitting directory '35'
cp: -r not specified; omitting directory '36'
cp: -r not specified; omitting directory '37'
cp: -r not specified; omitting directory '38'
cp: -r not specified; omitting directory '39'
cp: -r not specified; omitting directory '4'
cp: -r not specified; omitting directory '40'
cp: -r not specified; omitting directory '41'
cp: -r not specified; omitting directory '42'
cp: -r not specified; omitting directory '43'
cp: -r not specified; omitting directory '44'
cp: -r not specified; omitting directory '45'
cp: -r not specified; omitting directory '46'
cp: -r not specified; omitting directory '47'
cp: -r not specified; omitting directory '48'
cp: -r not specified; omitting directory '49'
cp: -r not specified; omitting directory '5'
cp: -r not specified; omitting directory '50'
cp: -r not specified; omitting directory '51'
cp: -r not specified; omitting directory '52'
cp: -r not specified; omitting directory '6'
cp: -r not specified; omitting directory '7'
cp: -r not specified; omitting directory '8'
cp: -r not specified; omitting directory '9'
sbatch: error: Unable to open file test_3.sh
/software/vmd/1.9.3/linux-rhel8-x86_64/lib/vmd_LINUXAMD64: /lib64/libGL.so.1: no version information available (required by /software/vmd/1.9.3/linux-rhel8-x86_64/lib/vmd_LINUXAMD64)
Info) VMD for LINUXAMD64, version 1.9.3 (November 30, 2016)
Info) http://www.ks.uiuc.edu/Research/vmd/                         
Info) Email questions and bug reports to vmd@ks.uiuc.edu           
Info) Please include this reference in published work using VMD:   
Info)    Humphrey, W., Dalke, A. and Schulten, K., `VMD - Visual   
Info)    Molecular Dynamics', J. Molec. Graphics 1996, 14.1, 33-38.
Info) -------------------------------------------------------------
Info) Multithreading available, 128 CPUs detected.
Info)   CPU features: SSE2 AVX AVX2 FMA 
Info) Free system memory: 806GB (40%)
Info) No CUDA accelerator devices available.
Info) Dynamically loaded 2 plugins in directory:
Info) /software/vmd/1.9.3/linux-rhel8-x86_64/lib/plugins/LINUXAMD64/molfile
53
Info) Using plugin pdb for structure file ./recenter.pdb
Info) Using plugin pdb for coordinates from file ./recenter.pdb
Info) Determining bond structure from distance search ...
Info) Analyzing structure ...
Info)    Atoms: 28820
Info)    Bonds: 23700
Info)    Angles: 0  Dihedrals: 0  Impropers: 0  Cross-terms: 0
Info)    Bondtypes: 0  Angletypes: 0  Dihedraltypes: 0  Impropertypes: 0
Info)    Residues: 5120
Info)    Waters: 5000
Info)    Segments: 3
Info)    Fragments: 5120   Protein: 0   Nucleic: 0
Info) Finished with coordinate file ./recenter.pdb.
0
atomselect0
atomselect1
Info) Opened coordinate file memb.pdb for writing.
Info) Finished with coordinate file memb.pdb.
Info) VMD for LINUXAMD64, version 1.9.3 (November 30, 2016)
Info) Exiting normally.
cp: cannot stat 'recenter.ORCAFF.prms': No such file or directory
cp: -r not specified; omitting directory '1'
cp: -r not specified; omitting directory '10'
cp: -r not specified; omitting directory '11'
cp: -r not specified; omitting directory '12'
cp: -r not specified; omitting directory '13'
cp: -r not specified; omitting directory '14'
cp: -r not specified; omitting directory '15'
cp: -r not specified; omitting directory '16'
cp: -r not specified; omitting directory '17'
cp: -r not specified; omitting directory '18'
cp: -r not specified; omitting directory '19'
cp: -r not specified; omitting directory '2'
cp: -r not specified; omitting directory '20'
cp: -r not specified; omitting directory '21'
cp: -r not specified; omitting directory '22'
cp: -r not specified; omitting directory '23'
cp: -r not specified; omitting directory '24'
cp: -r not specified; omitting directory '25'
cp: -r not specified; omitting directory '26'
cp: -r not specified; omitting directory '27'
cp: -r not specified; omitting directory '28'
cp: -r not specified; omitting directory '29'
cp: -r not specified; omitting directory '3'
cp: -r not specified; omitting directory '30'
cp: -r not specified; omitting directory '31'
cp: -r not specified; omitting directory '32'
cp: -r not specified; omitting directory '33'
cp: -r not specified; omitting directory '34'
cp: -r not specified; omitting directory '35'
cp: -r not specified; omitting directory '36'
cp: -r not specified; omitting directory '37'
cp: -r not specified; omitting directory '38'
cp: -r not specified; omitting directory '39'
cp: -r not specified; omitting directory '4'
cp: -r not specified; omitting directory '40'
cp: -r not specified; omitting directory '41'
cp: -r not specified; omitting directory '42'
cp: -r not specified; omitting directory '43'
cp: -r not specified; omitting directory '44'
cp: -r not specified; omitting directory '45'
cp: -r not specified; omitting directory '46'
cp: -r not specified; omitting directory '47'
cp: -r not specified; omitting directory '48'
cp: -r not specified; omitting directory '49'
cp: -r not specified; omitting directory '5'
cp: -r not specified; omitting directory '50'
cp: -r not specified; omitting directory '51'
cp: -r not specified; omitting directory '52'
cp: -r not specified; omitting directory '53'
cp: -r not specified; omitting directory '6'
cp: -r not specified; omitting directory '7'
cp: -r not specified; omitting directory '8'
cp: -r not specified; omitting directory '9'
sbatch: error: Unable to open file test_3.sh
/software/vmd/1.9.3/linux-rhel8-x86_64/lib/vmd_LINUXAMD64: /lib64/libGL.so.1: no version information available (required by /software/vmd/1.9.3/linux-rhel8-x86_64/lib/vmd_LINUXAMD64)
Info) VMD for LINUXAMD64, version 1.9.3 (November 30, 2016)
Info) http://www.ks.uiuc.edu/Research/vmd/                         
Info) Email questions and bug reports to vmd@ks.uiuc.edu           
Info) Please include this reference in published work using VMD:   
Info)    Humphrey, W., Dalke, A. and Schulten, K., `VMD - Visual   
Info)    Molecular Dynamics', J. Molec. Graphics 1996, 14.1, 33-38.
Info) -------------------------------------------------------------
Info) Multithreading available, 128 CPUs detected.
Info)   CPU features: SSE2 AVX AVX2 FMA 
Info) Free system memory: 808GB (40%)
Info) No CUDA accelerator devices available.
Info) Dynamically loaded 2 plugins in directory:
Info) /software/vmd/1.9.3/linux-rhel8-x86_64/lib/plugins/LINUXAMD64/molfile
54
Info) Using plugin pdb for structure file ./recenter.pdb
Info) Using plugin pdb for coordinates from file ./recenter.pdb
Info) Determining bond structure from distance search ...
Info) Analyzing structure ...
Info)    Atoms: 28820
Info)    Bonds: 23700
Info)    Angles: 0  Dihedrals: 0  Impropers: 0  Cross-terms: 0
Info)    Bondtypes: 0  Angletypes: 0  Dihedraltypes: 0  Impropertypes: 0
Info)    Residues: 5120
Info)    Waters: 5000
Info)    Segments: 3
Info)    Fragments: 5120   Protein: 0   Nucleic: 0
Info) Finished with coordinate file ./recenter.pdb.
0
atomselect0
atomselect1
Info) Opened coordinate file memb.pdb for writing.
Info) Finished with coordinate file memb.pdb.
Info) VMD for LINUXAMD64, version 1.9.3 (November 30, 2016)
Info) Exiting normally.
cp: cannot stat 'recenter.ORCAFF.prms': No such file or directory
cp: -r not specified; omitting directory '1'
cp: -r not specified; omitting directory '10'
cp: -r not specified; omitting directory '11'
cp: -r not specified; omitting directory '12'
cp: -r not specified; omitting directory '13'
cp: -r not specified; omitting directory '14'
cp: -r not specified; omitting directory '15'
cp: -r not specified; omitting directory '16'
cp: -r not specified; omitting directory '17'
cp: -r not specified; omitting directory '18'
cp: -r not specified; omitting directory '19'
cp: -r not specified; omitting directory '2'
cp: -r not specified; omitting directory '20'
cp: -r not specified; omitting directory '21'
cp: -r not specified; omitting directory '22'
cp: -r not specified; omitting directory '23'
cp: -r not specified; omitting directory '24'
cp: -r not specified; omitting directory '25'
cp: -r not specified; omitting directory '26'
cp: -r not specified; omitting directory '27'
cp: -r not specified; omitting directory '28'
cp: -r not specified; omitting directory '29'
cp: -r not specified; omitting directory '3'
cp: -r not specified; omitting directory '30'
cp: -r not specified; omitting directory '31'
cp: -r not specified; omitting directory '32'
cp: -r not specified; omitting directory '33'
cp: -r not specified; omitting directory '34'
cp: -r not specified; omitting directory '35'
cp: -r not specified; omitting directory '36'
cp: -r not specified; omitting directory '37'
cp: -r not specified; omitting directory '38'
cp: -r not specified; omitting directory '39'
cp: -r not specified; omitting directory '4'
cp: -r not specified; omitting directory '40'
cp: -r not specified; omitting directory '41'
cp: -r not specified; omitting directory '42'
cp: -r not specified; omitting directory '43'
cp: -r not specified; omitting directory '44'
cp: -r not specified; omitting directory '45'
cp: -r not specified; omitting directory '46'
cp: -r not specified; omitting directory '47'
cp: -r not specified; omitting directory '48'
cp: -r not specified; omitting directory '49'
cp: -r not specified; omitting directory '5'
cp: -r not specified; omitting directory '50'
cp: -r not specified; omitting directory '51'
cp: -r not specified; omitting directory '52'
cp: -r not specified; omitting directory '53'
cp: -r not specified; omitting directory '54'
cp: -r not specified; omitting directory '6'
cp: -r not specified; omitting directory '7'
cp: -r not specified; omitting directory '8'
cp: -r not specified; omitting directory '9'
sbatch: error: Unable to open file test_3.sh
/software/vmd/1.9.3/linux-rhel8-x86_64/lib/vmd_LINUXAMD64: /lib64/libGL.so.1: no version information available (required by /software/vmd/1.9.3/linux-rhel8-x86_64/lib/vmd_LINUXAMD64)
Info) VMD for LINUXAMD64, version 1.9.3 (November 30, 2016)
Info) http://www.ks.uiuc.edu/Research/vmd/                         
Info) Email questions and bug reports to vmd@ks.uiuc.edu           
Info) Please include this reference in published work using VMD:   
Info)    Humphrey, W., Dalke, A. and Schulten, K., `VMD - Visual   
Info)    Molecular Dynamics', J. Molec. Graphics 1996, 14.1, 33-38.
Info) -------------------------------------------------------------
Info) Multithreading available, 128 CPUs detected.
Info)   CPU features: SSE2 AVX AVX2 FMA 
Info) Free system memory: 808GB (40%)
Info) No CUDA accelerator devices available.
Info) Dynamically loaded 2 plugins in directory:
Info) /software/vmd/1.9.3/linux-rhel8-x86_64/lib/plugins/LINUXAMD64/molfile
55
Info) Using plugin pdb for structure file ./recenter.pdb
Info) Using plugin pdb for coordinates from file ./recenter.pdb
Info) Determining bond structure from distance search ...
Info) Analyzing structure ...
Info)    Atoms: 28820
Info)    Bonds: 23700
Info)    Angles: 0  Dihedrals: 0  Impropers: 0  Cross-terms: 0
Info)    Bondtypes: 0  Angletypes: 0  Dihedraltypes: 0  Impropertypes: 0
Info)    Residues: 5120
Info)    Waters: 5000
Info)    Segments: 3
Info)    Fragments: 5120   Protein: 0   Nucleic: 0
Info) Finished with coordinate file ./recenter.pdb.
0
atomselect0
atomselect1
Info) Opened coordinate file memb.pdb for writing.
Info) Finished with coordinate file memb.pdb.
Info) VMD for LINUXAMD64, version 1.9.3 (November 30, 2016)
Info) Exiting normally.
cp: cannot stat 'recenter.ORCAFF.prms': No such file or directory
cp: -r not specified; omitting directory '1'
cp: -r not specified; omitting directory '10'
cp: -r not specified; omitting directory '11'
cp: -r not specified; omitting directory '12'
cp: -r not specified; omitting directory '13'
cp: -r not specified; omitting directory '14'
cp: -r not specified; omitting directory '15'
cp: -r not specified; omitting directory '16'
cp: -r not specified; omitting directory '17'
cp: -r not specified; omitting directory '18'
cp: -r not specified; omitting directory '19'
cp: -r not specified; omitting directory '2'
cp: -r not specified; omitting directory '20'
cp: -r not specified; omitting directory '21'
cp: -r not specified; omitting directory '22'
cp: -r not specified; omitting directory '23'
cp: -r not specified; omitting directory '24'
cp: -r not specified; omitting directory '25'
cp: -r not specified; omitting directory '26'
cp: -r not specified; omitting directory '27'
cp: -r not specified; omitting directory '28'
cp: -r not specified; omitting directory '29'
cp: -r not specified; omitting directory '3'
cp: -r not specified; omitting directory '30'
cp: -r not specified; omitting directory '31'
cp: -r not specified; omitting directory '32'
cp: -r not specified; omitting directory '33'
cp: -r not specified; omitting directory '34'
cp: -r not specified; omitting directory '35'
cp: -r not specified; omitting directory '36'
cp: -r not specified; omitting directory '37'
cp: -r not specified; omitting directory '38'
cp: -r not specified; omitting directory '39'
cp: -r not specified; omitting directory '4'
cp: -r not specified; omitting directory '40'
cp: -r not specified; omitting directory '41'
cp: -r not specified; omitting directory '42'
cp: -r not specified; omitting directory '43'
cp: -r not specified; omitting directory '44'
cp: -r not specified; omitting directory '45'
cp: -r not specified; omitting directory '46'
cp: -r not specified; omitting directory '47'
cp: -r not specified; omitting directory '48'
cp: -r not specified; omitting directory '49'
cp: -r not specified; omitting directory '5'
cp: -r not specified; omitting directory '50'
cp: -r not specified; omitting directory '51'
cp: -r not specified; omitting directory '52'
cp: -r not specified; omitting directory '53'
cp: -r not specified; omitting directory '54'
cp: -r not specified; omitting directory '55'
cp: -r not specified; omitting directory '6'
cp: -r not specified; omitting directory '7'
cp: -r not specified; omitting directory '8'
cp: -r not specified; omitting directory '9'
sbatch: error: Unable to open file test_3.sh
/software/vmd/1.9.3/linux-rhel8-x86_64/lib/vmd_LINUXAMD64: /lib64/libGL.so.1: no version information available (required by /software/vmd/1.9.3/linux-rhel8-x86_64/lib/vmd_LINUXAMD64)
Info) VMD for LINUXAMD64, version 1.9.3 (November 30, 2016)
Info) http://www.ks.uiuc.edu/Research/vmd/                         
Info) Email questions and bug reports to vmd@ks.uiuc.edu           
Info) Please include this reference in published work using VMD:   
Info)    Humphrey, W., Dalke, A. and Schulten, K., `VMD - Visual   
Info)    Molecular Dynamics', J. Molec. Graphics 1996, 14.1, 33-38.
Info) -------------------------------------------------------------
Info) Multithreading available, 128 CPUs detected.
Info)   CPU features: SSE2 AVX AVX2 FMA 
Info) Free system memory: 806GB (40%)
Info) No CUDA accelerator devices available.
Info) Dynamically loaded 2 plugins in directory:
Info) /software/vmd/1.9.3/linux-rhel8-x86_64/lib/plugins/LINUXAMD64/molfile
56
Info) Using plugin pdb for structure file ./recenter.pdb
Info) Using plugin pdb for coordinates from file ./recenter.pdb
Info) Determining bond structure from distance search ...
Info) Analyzing structure ...
Info)    Atoms: 28820
Info)    Bonds: 23700
Info)    Angles: 0  Dihedrals: 0  Impropers: 0  Cross-terms: 0
Info)    Bondtypes: 0  Angletypes: 0  Dihedraltypes: 0  Impropertypes: 0
Info)    Residues: 5120
Info)    Waters: 5000
Info)    Segments: 3
Info)    Fragments: 5120   Protein: 0   Nucleic: 0
Info) Finished with coordinate file ./recenter.pdb.
0
atomselect0
atomselect1
Info) Opened coordinate file memb.pdb for writing.
Info) Finished with coordinate file memb.pdb.
Info) VMD for LINUXAMD64, version 1.9.3 (November 30, 2016)
Info) Exiting normally.
cp: cannot stat 'recenter.ORCAFF.prms': No such file or directory
cp: -r not specified; omitting directory '1'
cp: -r not specified; omitting directory '10'
cp: -r not specified; omitting directory '11'
cp: -r not specified; omitting directory '12'
cp: -r not specified; omitting directory '13'
cp: -r not specified; omitting directory '14'
cp: -r not specified; omitting directory '15'
cp: -r not specified; omitting directory '16'
cp: -r not specified; omitting directory '17'
cp: -r not specified; omitting directory '18'
cp: -r not specified; omitting directory '19'
cp: -r not specified; omitting directory '2'
cp: -r not specified; omitting directory '20'
cp: -r not specified; omitting directory '21'
cp: -r not specified; omitting directory '22'
cp: -r not specified; omitting directory '23'
cp: -r not specified; omitting directory '24'
cp: -r not specified; omitting directory '25'
cp: -r not specified; omitting directory '26'
cp: -r not specified; omitting directory '27'
cp: -r not specified; omitting directory '28'
cp: -r not specified; omitting directory '29'
cp: -r not specified; omitting directory '3'
cp: -r not specified; omitting directory '30'
cp: -r not specified; omitting directory '31'
cp: -r not specified; omitting directory '32'
cp: -r not specified; omitting directory '33'
cp: -r not specified; omitting directory '34'
cp: -r not specified; omitting directory '35'
cp: -r not specified; omitting directory '36'
cp: -r not specified; omitting directory '37'
cp: -r not specified; omitting directory '38'
cp: -r not specified; omitting directory '39'
cp: -r not specified; omitting directory '4'
cp: -r not specified; omitting directory '40'
cp: -r not specified; omitting directory '41'
cp: -r not specified; omitting directory '42'
cp: -r not specified; omitting directory '43'
cp: -r not specified; omitting directory '44'
cp: -r not specified; omitting directory '45'
cp: -r not specified; omitting directory '46'
cp: -r not specified; omitting directory '47'
cp: -r not specified; omitting directory '48'
cp: -r not specified; omitting directory '49'
cp: -r not specified; omitting directory '5'
cp: -r not specified; omitting directory '50'
cp: -r not specified; omitting directory '51'
cp: -r not specified; omitting directory '52'
cp: -r not specified; omitting directory '53'
cp: -r not specified; omitting directory '54'
cp: -r not specified; omitting directory '55'
cp: -r not specified; omitting directory '56'
cp: -r not specified; omitting directory '6'
cp: -r not specified; omitting directory '7'
cp: -r not specified; omitting directory '8'
cp: -r not specified; omitting directory '9'
sbatch: error: Unable to open file test_3.sh
/software/vmd/1.9.3/linux-rhel8-x86_64/lib/vmd_LINUXAMD64: /lib64/libGL.so.1: no version information available (required by /software/vmd/1.9.3/linux-rhel8-x86_64/lib/vmd_LINUXAMD64)
Info) VMD for LINUXAMD64, version 1.9.3 (November 30, 2016)
Info) http://www.ks.uiuc.edu/Research/vmd/                         
Info) Email questions and bug reports to vmd@ks.uiuc.edu           
Info) Please include this reference in published work using VMD:   
Info)    Humphrey, W., Dalke, A. and Schulten, K., `VMD - Visual   
Info)    Molecular Dynamics', J. Molec. Graphics 1996, 14.1, 33-38.
Info) -------------------------------------------------------------
Info) Multithreading available, 128 CPUs detected.
Info)   CPU features: SSE2 AVX AVX2 FMA 
Info) Free system memory: 806GB (40%)
Info) No CUDA accelerator devices available.
Info) Dynamically loaded 2 plugins in directory:
Info) /software/vmd/1.9.3/linux-rhel8-x86_64/lib/plugins/LINUXAMD64/molfile
57
Info) Using plugin pdb for structure file ./recenter.pdb
Info) Using plugin pdb for coordinates from file ./recenter.pdb
Info) Determining bond structure from distance search ...
Info) Analyzing structure ...
Info)    Atoms: 28820
Info)    Bonds: 23700
Info)    Angles: 0  Dihedrals: 0  Impropers: 0  Cross-terms: 0
Info)    Bondtypes: 0  Angletypes: 0  Dihedraltypes: 0  Impropertypes: 0
Info)    Residues: 5120
Info)    Waters: 5000
Info)    Segments: 3
Info)    Fragments: 5120   Protein: 0   Nucleic: 0
Info) Finished with coordinate file ./recenter.pdb.
0
atomselect0
atomselect1
Info) Opened coordinate file memb.pdb for writing.
Info) Finished with coordinate file memb.pdb.
Info) VMD for LINUXAMD64, version 1.9.3 (November 30, 2016)
Info) Exiting normally.
cp: cannot stat 'recenter.ORCAFF.prms': No such file or directory
cp: -r not specified; omitting directory '1'
cp: -r not specified; omitting directory '10'
cp: -r not specified; omitting directory '11'
cp: -r not specified; omitting directory '12'
cp: -r not specified; omitting directory '13'
cp: -r not specified; omitting directory '14'
cp: -r not specified; omitting directory '15'
cp: -r not specified; omitting directory '16'
cp: -r not specified; omitting directory '17'
cp: -r not specified; omitting directory '18'
cp: -r not specified; omitting directory '19'
cp: -r not specified; omitting directory '2'
cp: -r not specified; omitting directory '20'
cp: -r not specified; omitting directory '21'
cp: -r not specified; omitting directory '22'
cp: -r not specified; omitting directory '23'
cp: -r not specified; omitting directory '24'
cp: -r not specified; omitting directory '25'
cp: -r not specified; omitting directory '26'
cp: -r not specified; omitting directory '27'
cp: -r not specified; omitting directory '28'
cp: -r not specified; omitting directory '29'
cp: -r not specified; omitting directory '3'
cp: -r not specified; omitting directory '30'
cp: -r not specified; omitting directory '31'
cp: -r not specified; omitting directory '32'
cp: -r not specified; omitting directory '33'
cp: -r not specified; omitting directory '34'
cp: -r not specified; omitting directory '35'
cp: -r not specified; omitting directory '36'
cp: -r not specified; omitting directory '37'
cp: -r not specified; omitting directory '38'
cp: -r not specified; omitting directory '39'
cp: -r not specified; omitting directory '4'
cp: -r not specified; omitting directory '40'
cp: -r not specified; omitting directory '41'
cp: -r not specified; omitting directory '42'
cp: -r not specified; omitting directory '43'
cp: -r not specified; omitting directory '44'
cp: -r not specified; omitting directory '45'
cp: -r not specified; omitting directory '46'
cp: -r not specified; omitting directory '47'
cp: -r not specified; omitting directory '48'
cp: -r not specified; omitting directory '49'
cp: -r not specified; omitting directory '5'
cp: -r not specified; omitting directory '50'
cp: -r not specified; omitting directory '51'
cp: -r not specified; omitting directory '52'
cp: -r not specified; omitting directory '53'
cp: -r not specified; omitting directory '54'
cp: -r not specified; omitting directory '55'
cp: -r not specified; omitting directory '56'
cp: -r not specified; omitting directory '57'
cp: -r not specified; omitting directory '6'
cp: -r not specified; omitting directory '7'
cp: -r not specified; omitting directory '8'
cp: -r not specified; omitting directory '9'
sbatch: error: Unable to open file test_3.sh
/software/vmd/1.9.3/linux-rhel8-x86_64/lib/vmd_LINUXAMD64: /lib64/libGL.so.1: no version information available (required by /software/vmd/1.9.3/linux-rhel8-x86_64/lib/vmd_LINUXAMD64)
Info) VMD for LINUXAMD64, version 1.9.3 (November 30, 2016)
Info) http://www.ks.uiuc.edu/Research/vmd/                         
Info) Email questions and bug reports to vmd@ks.uiuc.edu           
Info) Please include this reference in published work using VMD:   
Info)    Humphrey, W., Dalke, A. and Schulten, K., `VMD - Visual   
Info)    Molecular Dynamics', J. Molec. Graphics 1996, 14.1, 33-38.
Info) -------------------------------------------------------------
Info) Multithreading available, 128 CPUs detected.
Info)   CPU features: SSE2 AVX AVX2 FMA 
Info) Free system memory: 807GB (40%)
Info) No CUDA accelerator devices available.
Info) Dynamically loaded 2 plugins in directory:
Info) /software/vmd/1.9.3/linux-rhel8-x86_64/lib/plugins/LINUXAMD64/molfile
58
Info) Using plugin pdb for structure file ./recenter.pdb
Info) Using plugin pdb for coordinates from file ./recenter.pdb
Info) Determining bond structure from distance search ...
Info) Analyzing structure ...
Info)    Atoms: 28820
Info)    Bonds: 23700
Info)    Angles: 0  Dihedrals: 0  Impropers: 0  Cross-terms: 0
Info)    Bondtypes: 0  Angletypes: 0  Dihedraltypes: 0  Impropertypes: 0
Info)    Residues: 5120
Info)    Waters: 5000
Info)    Segments: 3
Info)    Fragments: 5120   Protein: 0   Nucleic: 0
Info) Finished with coordinate file ./recenter.pdb.
0
atomselect0
atomselect1
Info) Opened coordinate file memb.pdb for writing.
Info) Finished with coordinate file memb.pdb.
Info) VMD for LINUXAMD64, version 1.9.3 (November 30, 2016)
Info) Exiting normally.
cp: cannot stat 'recenter.ORCAFF.prms': No such file or directory
cp: -r not specified; omitting directory '1'
cp: -r not specified; omitting directory '10'
cp: -r not specified; omitting directory '11'
cp: -r not specified; omitting directory '12'
cp: -r not specified; omitting directory '13'
cp: -r not specified; omitting directory '14'
cp: -r not specified; omitting directory '15'
cp: -r not specified; omitting directory '16'
cp: -r not specified; omitting directory '17'
cp: -r not specified; omitting directory '18'
cp: -r not specified; omitting directory '19'
cp: -r not specified; omitting directory '2'
cp: -r not specified; omitting directory '20'
cp: -r not specified; omitting directory '21'
cp: -r not specified; omitting directory '22'
cp: -r not specified; omitting directory '23'
cp: -r not specified; omitting directory '24'
cp: -r not specified; omitting directory '25'
cp: -r not specified; omitting directory '26'
cp: -r not specified; omitting directory '27'
cp: -r not specified; omitting directory '28'
cp: -r not specified; omitting directory '29'
cp: -r not specified; omitting directory '3'
cp: -r not specified; omitting directory '30'
cp: -r not specified; omitting directory '31'
cp: -r not specified; omitting directory '32'
cp: -r not specified; omitting directory '33'
cp: -r not specified; omitting directory '34'
cp: -r not specified; omitting directory '35'
cp: -r not specified; omitting directory '36'
cp: -r not specified; omitting directory '37'
cp: -r not specified; omitting directory '38'
cp: -r not specified; omitting directory '39'
cp: -r not specified; omitting directory '4'
cp: -r not specified; omitting directory '40'
cp: -r not specified; omitting directory '41'
cp: -r not specified; omitting directory '42'
cp: -r not specified; omitting directory '43'
cp: -r not specified; omitting directory '44'
cp: -r not specified; omitting directory '45'
cp: -r not specified; omitting directory '46'
cp: -r not specified; omitting directory '47'
cp: -r not specified; omitting directory '48'
cp: -r not specified; omitting directory '49'
cp: -r not specified; omitting directory '5'
cp: -r not specified; omitting directory '50'
cp: -r not specified; omitting directory '51'
cp: -r not specified; omitting directory '52'
cp: -r not specified; omitting directory '53'
cp: -r not specified; omitting directory '54'
cp: -r not specified; omitting directory '55'
cp: -r not specified; omitting directory '56'
cp: -r not specified; omitting directory '57'
cp: -r not specified; omitting directory '58'
cp: -r not specified; omitting directory '6'
cp: -r not specified; omitting directory '7'
cp: -r not specified; omitting directory '8'
cp: -r not specified; omitting directory '9'
sbatch: error: Unable to open file test_3.sh
/software/vmd/1.9.3/linux-rhel8-x86_64/lib/vmd_LINUXAMD64: /lib64/libGL.so.1: no version information available (required by /software/vmd/1.9.3/linux-rhel8-x86_64/lib/vmd_LINUXAMD64)
Info) VMD for LINUXAMD64, version 1.9.3 (November 30, 2016)
Info) http://www.ks.uiuc.edu/Research/vmd/                         
Info) Email questions and bug reports to vmd@ks.uiuc.edu           
Info) Please include this reference in published work using VMD:   
Info)    Humphrey, W., Dalke, A. and Schulten, K., `VMD - Visual   
Info)    Molecular Dynamics', J. Molec. Graphics 1996, 14.1, 33-38.
Info) -------------------------------------------------------------
Info) Multithreading available, 128 CPUs detected.
Info)   CPU features: SSE2 AVX AVX2 FMA 
Info) Free system memory: 807GB (40%)
Info) No CUDA accelerator devices available.
Info) Dynamically loaded 2 plugins in directory:
Info) /software/vmd/1.9.3/linux-rhel8-x86_64/lib/plugins/LINUXAMD64/molfile
59
Info) Using plugin pdb for structure file ./recenter.pdb
Info) Using plugin pdb for coordinates from file ./recenter.pdb
Info) Determining bond structure from distance search ...
Info) Analyzing structure ...
Info)    Atoms: 28820
Info)    Bonds: 23700
Info)    Angles: 0  Dihedrals: 0  Impropers: 0  Cross-terms: 0
Info)    Bondtypes: 0  Angletypes: 0  Dihedraltypes: 0  Impropertypes: 0
Info)    Residues: 5120
Info)    Waters: 5000
Info)    Segments: 3
Info)    Fragments: 5120   Protein: 0   Nucleic: 0
Info) Finished with coordinate file ./recenter.pdb.
0
atomselect0
atomselect1
Info) Opened coordinate file memb.pdb for writing.
Info) Finished with coordinate file memb.pdb.
Info) VMD for LINUXAMD64, version 1.9.3 (November 30, 2016)
Info) Exiting normally.
cp: cannot stat 'recenter.ORCAFF.prms': No such file or directory
cp: -r not specified; omitting directory '1'
cp: -r not specified; omitting directory '10'
cp: -r not specified; omitting directory '11'
cp: -r not specified; omitting directory '12'
cp: -r not specified; omitting directory '13'
cp: -r not specified; omitting directory '14'
cp: -r not specified; omitting directory '15'
cp: -r not specified; omitting directory '16'
cp: -r not specified; omitting directory '17'
cp: -r not specified; omitting directory '18'
cp: -r not specified; omitting directory '19'
cp: -r not specified; omitting directory '2'
cp: -r not specified; omitting directory '20'
cp: -r not specified; omitting directory '21'
cp: -r not specified; omitting directory '22'
cp: -r not specified; omitting directory '23'
cp: -r not specified; omitting directory '24'
cp: -r not specified; omitting directory '25'
cp: -r not specified; omitting directory '26'
cp: -r not specified; omitting directory '27'
cp: -r not specified; omitting directory '28'
cp: -r not specified; omitting directory '29'
cp: -r not specified; omitting directory '3'
cp: -r not specified; omitting directory '30'
cp: -r not specified; omitting directory '31'
cp: -r not specified; omitting directory '32'
cp: -r not specified; omitting directory '33'
cp: -r not specified; omitting directory '34'
cp: -r not specified; omitting directory '35'
cp: -r not specified; omitting directory '36'
cp: -r not specified; omitting directory '37'
cp: -r not specified; omitting directory '38'
cp: -r not specified; omitting directory '39'
cp: -r not specified; omitting directory '4'
cp: -r not specified; omitting directory '40'
cp: -r not specified; omitting directory '41'
cp: -r not specified; omitting directory '42'
cp: -r not specified; omitting directory '43'
cp: -r not specified; omitting directory '44'
cp: -r not specified; omitting directory '45'
cp: -r not specified; omitting directory '46'
cp: -r not specified; omitting directory '47'
cp: -r not specified; omitting directory '48'
cp: -r not specified; omitting directory '49'
cp: -r not specified; omitting directory '5'
cp: -r not specified; omitting directory '50'
cp: -r not specified; omitting directory '51'
cp: -r not specified; omitting directory '52'
cp: -r not specified; omitting directory '53'
cp: -r not specified; omitting directory '54'
cp: -r not specified; omitting directory '55'
cp: -r not specified; omitting directory '56'
cp: -r not specified; omitting directory '57'
cp: -r not specified; omitting directory '58'
cp: -r not specified; omitting directory '59'
cp: -r not specified; omitting directory '6'
cp: -r not specified; omitting directory '7'
cp: -r not specified; omitting directory '8'
cp: -r not specified; omitting directory '9'
sbatch: error: Unable to open file test_3.sh
/software/vmd/1.9.3/linux-rhel8-x86_64/lib/vmd_LINUXAMD64: /lib64/libGL.so.1: no version information available (required by /software/vmd/1.9.3/linux-rhel8-x86_64/lib/vmd_LINUXAMD64)
Info) VMD for LINUXAMD64, version 1.9.3 (November 30, 2016)
Info) http://www.ks.uiuc.edu/Research/vmd/                         
Info) Email questions and bug reports to vmd@ks.uiuc.edu           
Info) Please include this reference in published work using VMD:   
Info)    Humphrey, W., Dalke, A. and Schulten, K., `VMD - Visual   
Info)    Molecular Dynamics', J. Molec. Graphics 1996, 14.1, 33-38.
Info) -------------------------------------------------------------
Info) Multithreading available, 128 CPUs detected.
Info)   CPU features: SSE2 AVX AVX2 FMA 
Info) Free system memory: 805GB (39%)
Info) No CUDA accelerator devices available.
Info) Dynamically loaded 2 plugins in directory:
Info) /software/vmd/1.9.3/linux-rhel8-x86_64/lib/plugins/LINUXAMD64/molfile
60
Info) Using plugin pdb for structure file ./recenter.pdb
Info) Using plugin pdb for coordinates from file ./recenter.pdb
Info) Determining bond structure from distance search ...
Info) Analyzing structure ...
Info)    Atoms: 28820
Info)    Bonds: 23700
Info)    Angles: 0  Dihedrals: 0  Impropers: 0  Cross-terms: 0
Info)    Bondtypes: 0  Angletypes: 0  Dihedraltypes: 0  Impropertypes: 0
Info)    Residues: 5120
Info)    Waters: 5000
Info)    Segments: 3
Info)    Fragments: 5120   Protein: 0   Nucleic: 0
Info) Finished with coordinate file ./recenter.pdb.
0
atomselect0
atomselect1
Info) Opened coordinate file memb.pdb for writing.
Info) Finished with coordinate file memb.pdb.
Info) VMD for LINUXAMD64, version 1.9.3 (November 30, 2016)
Info) Exiting normally.
cp: cannot stat 'recenter.ORCAFF.prms': No such file or directory
cp: -r not specified; omitting directory '1'
cp: -r not specified; omitting directory '10'
cp: -r not specified; omitting directory '11'
cp: -r not specified; omitting directory '12'
cp: -r not specified; omitting directory '13'
cp: -r not specified; omitting directory '14'
cp: -r not specified; omitting directory '15'
cp: -r not specified; omitting directory '16'
cp: -r not specified; omitting directory '17'
cp: -r not specified; omitting directory '18'
cp: -r not specified; omitting directory '19'
cp: -r not specified; omitting directory '2'
cp: -r not specified; omitting directory '20'
cp: -r not specified; omitting directory '21'
cp: -r not specified; omitting directory '22'
cp: -r not specified; omitting directory '23'
cp: -r not specified; omitting directory '24'
cp: -r not specified; omitting directory '25'
cp: -r not specified; omitting directory '26'
cp: -r not specified; omitting directory '27'
cp: -r not specified; omitting directory '28'
cp: -r not specified; omitting directory '29'
cp: -r not specified; omitting directory '3'
cp: -r not specified; omitting directory '30'
cp: -r not specified; omitting directory '31'
cp: -r not specified; omitting directory '32'
cp: -r not specified; omitting directory '33'
cp: -r not specified; omitting directory '34'
cp: -r not specified; omitting directory '35'
cp: -r not specified; omitting directory '36'
cp: -r not specified; omitting directory '37'
cp: -r not specified; omitting directory '38'
cp: -r not specified; omitting directory '39'
cp: -r not specified; omitting directory '4'
cp: -r not specified; omitting directory '40'
cp: -r not specified; omitting directory '41'
cp: -r not specified; omitting directory '42'
cp: -r not specified; omitting directory '43'
cp: -r not specified; omitting directory '44'
cp: -r not specified; omitting directory '45'
cp: -r not specified; omitting directory '46'
cp: -r not specified; omitting directory '47'
cp: -r not specified; omitting directory '48'
cp: -r not specified; omitting directory '49'
cp: -r not specified; omitting directory '5'
cp: -r not specified; omitting directory '50'
cp: -r not specified; omitting directory '51'
cp: -r not specified; omitting directory '52'
cp: -r not specified; omitting directory '53'
cp: -r not specified; omitting directory '54'
cp: -r not specified; omitting directory '55'
cp: -r not specified; omitting directory '56'
cp: -r not specified; omitting directory '57'
cp: -r not specified; omitting directory '58'
cp: -r not specified; omitting directory '59'
cp: -r not specified; omitting directory '6'
cp: -r not specified; omitting directory '60'
cp: -r not specified; omitting directory '7'
cp: -r not specified; omitting directory '8'
cp: -r not specified; omitting directory '9'
sbatch: error: Unable to open file test_3.sh
/software/vmd/1.9.3/linux-rhel8-x86_64/lib/vmd_LINUXAMD64: /lib64/libGL.so.1: no version information available (required by /software/vmd/1.9.3/linux-rhel8-x86_64/lib/vmd_LINUXAMD64)
Info) VMD for LINUXAMD64, version 1.9.3 (November 30, 2016)
Info) http://www.ks.uiuc.edu/Research/vmd/                         
Info) Email questions and bug reports to vmd@ks.uiuc.edu           
Info) Please include this reference in published work using VMD:   
Info)    Humphrey, W., Dalke, A. and Schulten, K., `VMD - Visual   
Info)    Molecular Dynamics', J. Molec. Graphics 1996, 14.1, 33-38.
Info) -------------------------------------------------------------
Info) Multithreading available, 128 CPUs detected.
Info)   CPU features: SSE2 AVX AVX2 FMA 
Info) Free system memory: 790GB (39%)
Info) No CUDA accelerator devices available.
Info) Dynamically loaded 2 plugins in directory:
Info) /software/vmd/1.9.3/linux-rhel8-x86_64/lib/plugins/LINUXAMD64/molfile
61
Info) Using plugin pdb for structure file ./recenter.pdb
Info) Using plugin pdb for coordinates from file ./recenter.pdb
Info) Determining bond structure from distance search ...
Info) Analyzing structure ...
Info)    Atoms: 28820
Info)    Bonds: 23700
Info)    Angles: 0  Dihedrals: 0  Impropers: 0  Cross-terms: 0
Info)    Bondtypes: 0  Angletypes: 0  Dihedraltypes: 0  Impropertypes: 0
Info)    Residues: 5120
Info)    Waters: 5000
Info)    Segments: 3
Info)    Fragments: 5120   Protein: 0   Nucleic: 0
Info) Finished with coordinate file ./recenter.pdb.
0
atomselect0
atomselect1
Info) Opened coordinate file memb.pdb for writing.
Info) Finished with coordinate file memb.pdb.
Info) VMD for LINUXAMD64, version 1.9.3 (November 30, 2016)
Info) Exiting normally.
cp: cannot stat 'recenter.ORCAFF.prms': No such file or directory
cp: -r not specified; omitting directory '1'
cp: -r not specified; omitting directory '10'
cp: -r not specified; omitting directory '11'
cp: -r not specified; omitting directory '12'
cp: -r not specified; omitting directory '13'
cp: -r not specified; omitting directory '14'
cp: -r not specified; omitting directory '15'
cp: -r not specified; omitting directory '16'
cp: -r not specified; omitting directory '17'
cp: -r not specified; omitting directory '18'
cp: -r not specified; omitting directory '19'
cp: -r not specified; omitting directory '2'
cp: -r not specified; omitting directory '20'
cp: -r not specified; omitting directory '21'
cp: -r not specified; omitting directory '22'
cp: -r not specified; omitting directory '23'
cp: -r not specified; omitting directory '24'
cp: -r not specified; omitting directory '25'
cp: -r not specified; omitting directory '26'
cp: -r not specified; omitting directory '27'
cp: -r not specified; omitting directory '28'
cp: -r not specified; omitting directory '29'
cp: -r not specified; omitting directory '3'
cp: -r not specified; omitting directory '30'
cp: -r not specified; omitting directory '31'
cp: -r not specified; omitting directory '32'
cp: -r not specified; omitting directory '33'
cp: -r not specified; omitting directory '34'
cp: -r not specified; omitting directory '35'
cp: -r not specified; omitting directory '36'
cp: -r not specified; omitting directory '37'
cp: -r not specified; omitting directory '38'
cp: -r not specified; omitting directory '39'
cp: -r not specified; omitting directory '4'
cp: -r not specified; omitting directory '40'
cp: -r not specified; omitting directory '41'
cp: -r not specified; omitting directory '42'
cp: -r not specified; omitting directory '43'
cp: -r not specified; omitting directory '44'
cp: -r not specified; omitting directory '45'
cp: -r not specified; omitting directory '46'
cp: -r not specified; omitting directory '47'
cp: -r not specified; omitting directory '48'
cp: -r not specified; omitting directory '49'
cp: -r not specified; omitting directory '5'
cp: -r not specified; omitting directory '50'
cp: -r not specified; omitting directory '51'
cp: -r not specified; omitting directory '52'
cp: -r not specified; omitting directory '53'
cp: -r not specified; omitting directory '54'
cp: -r not specified; omitting directory '55'
cp: -r not specified; omitting directory '56'
cp: -r not specified; omitting directory '57'
cp: -r not specified; omitting directory '58'
cp: -r not specified; omitting directory '59'
cp: -r not specified; omitting directory '6'
cp: -r not specified; omitting directory '60'
cp: -r not specified; omitting directory '61'
cp: -r not specified; omitting directory '7'
cp: -r not specified; omitting directory '8'
cp: -r not specified; omitting directory '9'
sbatch: error: Unable to open file test_3.sh
/software/vmd/1.9.3/linux-rhel8-x86_64/lib/vmd_LINUXAMD64: /lib64/libGL.so.1: no version information available (required by /software/vmd/1.9.3/linux-rhel8-x86_64/lib/vmd_LINUXAMD64)
Info) VMD for LINUXAMD64, version 1.9.3 (November 30, 2016)
Info) http://www.ks.uiuc.edu/Research/vmd/                         
Info) Email questions and bug reports to vmd@ks.uiuc.edu           
Info) Please include this reference in published work using VMD:   
Info)    Humphrey, W., Dalke, A. and Schulten, K., `VMD - Visual   
Info)    Molecular Dynamics', J. Molec. Graphics 1996, 14.1, 33-38.
Info) -------------------------------------------------------------
Info) Multithreading available, 128 CPUs detected.
Info)   CPU features: SSE2 AVX AVX2 FMA 
Info) Free system memory: 804GB (39%)
Info) No CUDA accelerator devices available.
Info) Dynamically loaded 2 plugins in directory:
Info) /software/vmd/1.9.3/linux-rhel8-x86_64/lib/plugins/LINUXAMD64/molfile
62
Info) Using plugin pdb for structure file ./recenter.pdb
Info) Using plugin pdb for coordinates from file ./recenter.pdb
Info) Determining bond structure from distance search ...
Info) Analyzing structure ...
Info)    Atoms: 28820
Info)    Bonds: 23700
Info)    Angles: 0  Dihedrals: 0  Impropers: 0  Cross-terms: 0
Info)    Bondtypes: 0  Angletypes: 0  Dihedraltypes: 0  Impropertypes: 0
Info)    Residues: 5120
Info)    Waters: 5000
Info)    Segments: 3
Info)    Fragments: 5120   Protein: 0   Nucleic: 0
Info) Finished with coordinate file ./recenter.pdb.
0
atomselect0
atomselect1
Info) Opened coordinate file memb.pdb for writing.
Info) Finished with coordinate file memb.pdb.
Info) VMD for LINUXAMD64, version 1.9.3 (November 30, 2016)
Info) Exiting normally.
cp: cannot stat 'recenter.ORCAFF.prms': No such file or directory
cp: -r not specified; omitting directory '1'
cp: -r not specified; omitting directory '10'
cp: -r not specified; omitting directory '11'
cp: -r not specified; omitting directory '12'
cp: -r not specified; omitting directory '13'
cp: -r not specified; omitting directory '14'
cp: -r not specified; omitting directory '15'
cp: -r not specified; omitting directory '16'
cp: -r not specified; omitting directory '17'
cp: -r not specified; omitting directory '18'
cp: -r not specified; omitting directory '19'
cp: -r not specified; omitting directory '2'
cp: -r not specified; omitting directory '20'
cp: -r not specified; omitting directory '21'
cp: -r not specified; omitting directory '22'
cp: -r not specified; omitting directory '23'
cp: -r not specified; omitting directory '24'
cp: -r not specified; omitting directory '25'
cp: -r not specified; omitting directory '26'
cp: -r not specified; omitting directory '27'
cp: -r not specified; omitting directory '28'
cp: -r not specified; omitting directory '29'
cp: -r not specified; omitting directory '3'
cp: -r not specified; omitting directory '30'
cp: -r not specified; omitting directory '31'
cp: -r not specified; omitting directory '32'
cp: -r not specified; omitting directory '33'
cp: -r not specified; omitting directory '34'
cp: -r not specified; omitting directory '35'
cp: -r not specified; omitting directory '36'
cp: -r not specified; omitting directory '37'
cp: -r not specified; omitting directory '38'
cp: -r not specified; omitting directory '39'
cp: -r not specified; omitting directory '4'
cp: -r not specified; omitting directory '40'
cp: -r not specified; omitting directory '41'
cp: -r not specified; omitting directory '42'
cp: -r not specified; omitting directory '43'
cp: -r not specified; omitting directory '44'
cp: -r not specified; omitting directory '45'
cp: -r not specified; omitting directory '46'
cp: -r not specified; omitting directory '47'
cp: -r not specified; omitting directory '48'
cp: -r not specified; omitting directory '49'
cp: -r not specified; omitting directory '5'
cp: -r not specified; omitting directory '50'
cp: -r not specified; omitting directory '51'
cp: -r not specified; omitting directory '52'
cp: -r not specified; omitting directory '53'
cp: -r not specified; omitting directory '54'
cp: -r not specified; omitting directory '55'
cp: -r not specified; omitting directory '56'
cp: -r not specified; omitting directory '57'
cp: -r not specified; omitting directory '58'
cp: -r not specified; omitting directory '59'
cp: -r not specified; omitting directory '6'
cp: -r not specified; omitting directory '60'
cp: -r not specified; omitting directory '61'
cp: -r not specified; omitting directory '62'
cp: -r not specified; omitting directory '7'
cp: -r not specified; omitting directory '8'
cp: -r not specified; omitting directory '9'
sbatch: error: Unable to open file test_3.sh
/software/vmd/1.9.3/linux-rhel8-x86_64/lib/vmd_LINUXAMD64: /lib64/libGL.so.1: no version information available (required by /software/vmd/1.9.3/linux-rhel8-x86_64/lib/vmd_LINUXAMD64)
Info) VMD for LINUXAMD64, version 1.9.3 (November 30, 2016)
Info) http://www.ks.uiuc.edu/Research/vmd/                         
Info) Email questions and bug reports to vmd@ks.uiuc.edu           
Info) Please include this reference in published work using VMD:   
Info)    Humphrey, W., Dalke, A. and Schulten, K., `VMD - Visual   
Info)    Molecular Dynamics', J. Molec. Graphics 1996, 14.1, 33-38.
Info) -------------------------------------------------------------
Info) Multithreading available, 128 CPUs detected.
Info)   CPU features: SSE2 AVX AVX2 FMA 
Info) Free system memory: 806GB (39%)
Info) No CUDA accelerator devices available.
Info) Dynamically loaded 2 plugins in directory:
Info) /software/vmd/1.9.3/linux-rhel8-x86_64/lib/plugins/LINUXAMD64/molfile
63
Info) Using plugin pdb for structure file ./recenter.pdb
Info) Using plugin pdb for coordinates from file ./recenter.pdb
Info) Determining bond structure from distance search ...
Info) Analyzing structure ...
Info)    Atoms: 28820
Info)    Bonds: 23700
Info)    Angles: 0  Dihedrals: 0  Impropers: 0  Cross-terms: 0
Info)    Bondtypes: 0  Angletypes: 0  Dihedraltypes: 0  Impropertypes: 0
Info)    Residues: 5120
Info)    Waters: 5000
Info)    Segments: 3
Info)    Fragments: 5120   Protein: 0   Nucleic: 0
Info) Finished with coordinate file ./recenter.pdb.
0
atomselect0
atomselect1
Info) Opened coordinate file memb.pdb for writing.
Info) Finished with coordinate file memb.pdb.
Info) VMD for LINUXAMD64, version 1.9.3 (November 30, 2016)
Info) Exiting normally.
cp: cannot stat 'recenter.ORCAFF.prms': No such file or directory
cp: -r not specified; omitting directory '1'
cp: -r not specified; omitting directory '10'
cp: -r not specified; omitting directory '11'
cp: -r not specified; omitting directory '12'
cp: -r not specified; omitting directory '13'
cp: -r not specified; omitting directory '14'
cp: -r not specified; omitting directory '15'
cp: -r not specified; omitting directory '16'
cp: -r not specified; omitting directory '17'
cp: -r not specified; omitting directory '18'
cp: -r not specified; omitting directory '19'
cp: -r not specified; omitting directory '2'
cp: -r not specified; omitting directory '20'
cp: -r not specified; omitting directory '21'
cp: -r not specified; omitting directory '22'
cp: -r not specified; omitting directory '23'
cp: -r not specified; omitting directory '24'
cp: -r not specified; omitting directory '25'
cp: -r not specified; omitting directory '26'
cp: -r not specified; omitting directory '27'
cp: -r not specified; omitting directory '28'
cp: -r not specified; omitting directory '29'
cp: -r not specified; omitting directory '3'
cp: -r not specified; omitting directory '30'
cp: -r not specified; omitting directory '31'
cp: -r not specified; omitting directory '32'
cp: -r not specified; omitting directory '33'
cp: -r not specified; omitting directory '34'
cp: -r not specified; omitting directory '35'
cp: -r not specified; omitting directory '36'
cp: -r not specified; omitting directory '37'
cp: -r not specified; omitting directory '38'
cp: -r not specified; omitting directory '39'
cp: -r not specified; omitting directory '4'
cp: -r not specified; omitting directory '40'
cp: -r not specified; omitting directory '41'
cp: -r not specified; omitting directory '42'
cp: -r not specified; omitting directory '43'
cp: -r not specified; omitting directory '44'
cp: -r not specified; omitting directory '45'
cp: -r not specified; omitting directory '46'
cp: -r not specified; omitting directory '47'
cp: -r not specified; omitting directory '48'
cp: -r not specified; omitting directory '49'
cp: -r not specified; omitting directory '5'
cp: -r not specified; omitting directory '50'
cp: -r not specified; omitting directory '51'
cp: -r not specified; omitting directory '52'
cp: -r not specified; omitting directory '53'
cp: -r not specified; omitting directory '54'
cp: -r not specified; omitting directory '55'
cp: -r not specified; omitting directory '56'
cp: -r not specified; omitting directory '57'
cp: -r not specified; omitting directory '58'
cp: -r not specified; omitting directory '59'
cp: -r not specified; omitting directory '6'
cp: -r not specified; omitting directory '60'
cp: -r not specified; omitting directory '61'
cp: -r not specified; omitting directory '62'
cp: -r not specified; omitting directory '63'
cp: -r not specified; omitting directory '7'
cp: -r not specified; omitting directory '8'
cp: -r not specified; omitting directory '9'
sbatch: error: Unable to open file test_3.sh
/software/vmd/1.9.3/linux-rhel8-x86_64/lib/vmd_LINUXAMD64: /lib64/libGL.so.1: no version information available (required by /software/vmd/1.9.3/linux-rhel8-x86_64/lib/vmd_LINUXAMD64)
Info) VMD for LINUXAMD64, version 1.9.3 (November 30, 2016)
Info) http://www.ks.uiuc.edu/Research/vmd/                         
Info) Email questions and bug reports to vmd@ks.uiuc.edu           
Info) Please include this reference in published work using VMD:   
Info)    Humphrey, W., Dalke, A. and Schulten, K., `VMD - Visual   
Info)    Molecular Dynamics', J. Molec. Graphics 1996, 14.1, 33-38.
Info) -------------------------------------------------------------
Info) Multithreading available, 128 CPUs detected.
Info)   CPU features: SSE2 AVX AVX2 FMA 
Info) Free system memory: 806GB (40%)
Info) No CUDA accelerator devices available.
Info) Dynamically loaded 2 plugins in directory:
Info) /software/vmd/1.9.3/linux-rhel8-x86_64/lib/plugins/LINUXAMD64/molfile
64
Info) Using plugin pdb for structure file ./recenter.pdb
Info) Using plugin pdb for coordinates from file ./recenter.pdb
Info) Determining bond structure from distance search ...
Info) Analyzing structure ...
Info)    Atoms: 28820
Info)    Bonds: 23700
Info)    Angles: 0  Dihedrals: 0  Impropers: 0  Cross-terms: 0
Info)    Bondtypes: 0  Angletypes: 0  Dihedraltypes: 0  Impropertypes: 0
Info)    Residues: 5120
Info)    Waters: 5000
Info)    Segments: 3
Info)    Fragments: 5120   Protein: 0   Nucleic: 0
Info) Finished with coordinate file ./recenter.pdb.
0
atomselect0
atomselect1
Info) Opened coordinate file memb.pdb for writing.
Info) Finished with coordinate file memb.pdb.
Info) VMD for LINUXAMD64, version 1.9.3 (November 30, 2016)
Info) Exiting normally.
cp: cannot stat 'recenter.ORCAFF.prms': No such file or directory
cp: -r not specified; omitting directory '1'
cp: -r not specified; omitting directory '10'
cp: -r not specified; omitting directory '11'
cp: -r not specified; omitting directory '12'
cp: -r not specified; omitting directory '13'
cp: -r not specified; omitting directory '14'
cp: -r not specified; omitting directory '15'
cp: -r not specified; omitting directory '16'
cp: -r not specified; omitting directory '17'
cp: -r not specified; omitting directory '18'
cp: -r not specified; omitting directory '19'
cp: -r not specified; omitting directory '2'
cp: -r not specified; omitting directory '20'
cp: -r not specified; omitting directory '21'
cp: -r not specified; omitting directory '22'
cp: -r not specified; omitting directory '23'
cp: -r not specified; omitting directory '24'
cp: -r not specified; omitting directory '25'
cp: -r not specified; omitting directory '26'
cp: -r not specified; omitting directory '27'
cp: -r not specified; omitting directory '28'
cp: -r not specified; omitting directory '29'
cp: -r not specified; omitting directory '3'
cp: -r not specified; omitting directory '30'
cp: -r not specified; omitting directory '31'
cp: -r not specified; omitting directory '32'
cp: -r not specified; omitting directory '33'
cp: -r not specified; omitting directory '34'
cp: -r not specified; omitting directory '35'
cp: -r not specified; omitting directory '36'
cp: -r not specified; omitting directory '37'
cp: -r not specified; omitting directory '38'
cp: -r not specified; omitting directory '39'
cp: -r not specified; omitting directory '4'
cp: -r not specified; omitting directory '40'
cp: -r not specified; omitting directory '41'
cp: -r not specified; omitting directory '42'
cp: -r not specified; omitting directory '43'
cp: -r not specified; omitting directory '44'
cp: -r not specified; omitting directory '45'
cp: -r not specified; omitting directory '46'
cp: -r not specified; omitting directory '47'
cp: -r not specified; omitting directory '48'
cp: -r not specified; omitting directory '49'
cp: -r not specified; omitting directory '5'
cp: -r not specified; omitting directory '50'
cp: -r not specified; omitting directory '51'
cp: -r not specified; omitting directory '52'
cp: -r not specified; omitting directory '53'
cp: -r not specified; omitting directory '54'
cp: -r not specified; omitting directory '55'
cp: -r not specified; omitting directory '56'
cp: -r not specified; omitting directory '57'
cp: -r not specified; omitting directory '58'
cp: -r not specified; omitting directory '59'
cp: -r not specified; omitting directory '6'
cp: -r not specified; omitting directory '60'
cp: -r not specified; omitting directory '61'
cp: -r not specified; omitting directory '62'
cp: -r not specified; omitting directory '63'
cp: -r not specified; omitting directory '64'
cp: -r not specified; omitting directory '7'
cp: -r not specified; omitting directory '8'
cp: -r not specified; omitting directory '9'
sbatch: error: Unable to open file test_3.sh
/software/vmd/1.9.3/linux-rhel8-x86_64/lib/vmd_LINUXAMD64: /lib64/libGL.so.1: no version information available (required by /software/vmd/1.9.3/linux-rhel8-x86_64/lib/vmd_LINUXAMD64)
Info) VMD for LINUXAMD64, version 1.9.3 (November 30, 2016)
Info) http://www.ks.uiuc.edu/Research/vmd/                         
Info) Email questions and bug reports to vmd@ks.uiuc.edu           
Info) Please include this reference in published work using VMD:   
Info)    Humphrey, W., Dalke, A. and Schulten, K., `VMD - Visual   
Info)    Molecular Dynamics', J. Molec. Graphics 1996, 14.1, 33-38.
Info) -------------------------------------------------------------
Info) Multithreading available, 128 CPUs detected.
Info)   CPU features: SSE2 AVX AVX2 FMA 
Info) Free system memory: 805GB (39%)
Info) No CUDA accelerator devices available.
Info) Dynamically loaded 2 plugins in directory:
Info) /software/vmd/1.9.3/linux-rhel8-x86_64/lib/plugins/LINUXAMD64/molfile
65
Info) Using plugin pdb for structure file ./recenter.pdb
Info) Using plugin pdb for coordinates from file ./recenter.pdb
Info) Determining bond structure from distance search ...
Info) Analyzing structure ...
Info)    Atoms: 28820
Info)    Bonds: 23700
Info)    Angles: 0  Dihedrals: 0  Impropers: 0  Cross-terms: 0
Info)    Bondtypes: 0  Angletypes: 0  Dihedraltypes: 0  Impropertypes: 0
Info)    Residues: 5120
Info)    Waters: 5000
Info)    Segments: 3
Info)    Fragments: 5120   Protein: 0   Nucleic: 0
Info) Finished with coordinate file ./recenter.pdb.
0
atomselect0
atomselect1
Info) Opened coordinate file memb.pdb for writing.
Info) Finished with coordinate file memb.pdb.
Info) VMD for LINUXAMD64, version 1.9.3 (November 30, 2016)
Info) Exiting normally.
cp: cannot stat 'recenter.ORCAFF.prms': No such file or directory
cp: -r not specified; omitting directory '1'
cp: -r not specified; omitting directory '10'
cp: -r not specified; omitting directory '11'
cp: -r not specified; omitting directory '12'
cp: -r not specified; omitting directory '13'
cp: -r not specified; omitting directory '14'
cp: -r not specified; omitting directory '15'
cp: -r not specified; omitting directory '16'
cp: -r not specified; omitting directory '17'
cp: -r not specified; omitting directory '18'
cp: -r not specified; omitting directory '19'
cp: -r not specified; omitting directory '2'
cp: -r not specified; omitting directory '20'
cp: -r not specified; omitting directory '21'
cp: -r not specified; omitting directory '22'
cp: -r not specified; omitting directory '23'
cp: -r not specified; omitting directory '24'
cp: -r not specified; omitting directory '25'
cp: -r not specified; omitting directory '26'
cp: -r not specified; omitting directory '27'
cp: -r not specified; omitting directory '28'
cp: -r not specified; omitting directory '29'
cp: -r not specified; omitting directory '3'
cp: -r not specified; omitting directory '30'
cp: -r not specified; omitting directory '31'
cp: -r not specified; omitting directory '32'
cp: -r not specified; omitting directory '33'
cp: -r not specified; omitting directory '34'
cp: -r not specified; omitting directory '35'
cp: -r not specified; omitting directory '36'
cp: -r not specified; omitting directory '37'
cp: -r not specified; omitting directory '38'
cp: -r not specified; omitting directory '39'
cp: -r not specified; omitting directory '4'
cp: -r not specified; omitting directory '40'
cp: -r not specified; omitting directory '41'
cp: -r not specified; omitting directory '42'
cp: -r not specified; omitting directory '43'
cp: -r not specified; omitting directory '44'
cp: -r not specified; omitting directory '45'
cp: -r not specified; omitting directory '46'
cp: -r not specified; omitting directory '47'
cp: -r not specified; omitting directory '48'
cp: -r not specified; omitting directory '49'
cp: -r not specified; omitting directory '5'
cp: -r not specified; omitting directory '50'
cp: -r not specified; omitting directory '51'
cp: -r not specified; omitting directory '52'
cp: -r not specified; omitting directory '53'
cp: -r not specified; omitting directory '54'
cp: -r not specified; omitting directory '55'
cp: -r not specified; omitting directory '56'
cp: -r not specified; omitting directory '57'
cp: -r not specified; omitting directory '58'
cp: -r not specified; omitting directory '59'
cp: -r not specified; omitting directory '6'
cp: -r not specified; omitting directory '60'
cp: -r not specified; omitting directory '61'
cp: -r not specified; omitting directory '62'
cp: -r not specified; omitting directory '63'
cp: -r not specified; omitting directory '64'
cp: -r not specified; omitting directory '65'
cp: -r not specified; omitting directory '7'
cp: -r not specified; omitting directory '8'
cp: -r not specified; omitting directory '9'
sbatch: error: Unable to open file test_3.sh
/software/vmd/1.9.3/linux-rhel8-x86_64/lib/vmd_LINUXAMD64: /lib64/libGL.so.1: no version information available (required by /software/vmd/1.9.3/linux-rhel8-x86_64/lib/vmd_LINUXAMD64)
Info) VMD for LINUXAMD64, version 1.9.3 (November 30, 2016)
Info) http://www.ks.uiuc.edu/Research/vmd/                         
Info) Email questions and bug reports to vmd@ks.uiuc.edu           
Info) Please include this reference in published work using VMD:   
Info)    Humphrey, W., Dalke, A. and Schulten, K., `VMD - Visual   
Info)    Molecular Dynamics', J. Molec. Graphics 1996, 14.1, 33-38.
Info) -------------------------------------------------------------
Info) Multithreading available, 128 CPUs detected.
Info)   CPU features: SSE2 AVX AVX2 FMA 
Info) Free system memory: 806GB (40%)
Info) No CUDA accelerator devices available.
Info) Dynamically loaded 2 plugins in directory:
Info) /software/vmd/1.9.3/linux-rhel8-x86_64/lib/plugins/LINUXAMD64/molfile
66
Info) Using plugin pdb for structure file ./recenter.pdb
Info) Using plugin pdb for coordinates from file ./recenter.pdb
Info) Determining bond structure from distance search ...
Info) Analyzing structure ...
Info)    Atoms: 28820
Info)    Bonds: 23700
Info)    Angles: 0  Dihedrals: 0  Impropers: 0  Cross-terms: 0
Info)    Bondtypes: 0  Angletypes: 0  Dihedraltypes: 0  Impropertypes: 0
Info)    Residues: 5120
Info)    Waters: 5000
Info)    Segments: 3
Info)    Fragments: 5120   Protein: 0   Nucleic: 0
Info) Finished with coordinate file ./recenter.pdb.
0
atomselect0
atomselect1
Info) Opened coordinate file memb.pdb for writing.
Info) Finished with coordinate file memb.pdb.
Info) VMD for LINUXAMD64, version 1.9.3 (November 30, 2016)
Info) Exiting normally.
cp: cannot stat 'recenter.ORCAFF.prms': No such file or directory
cp: -r not specified; omitting directory '1'
cp: -r not specified; omitting directory '10'
cp: -r not specified; omitting directory '11'
cp: -r not specified; omitting directory '12'
cp: -r not specified; omitting directory '13'
cp: -r not specified; omitting directory '14'
cp: -r not specified; omitting directory '15'
cp: -r not specified; omitting directory '16'
cp: -r not specified; omitting directory '17'
cp: -r not specified; omitting directory '18'
cp: -r not specified; omitting directory '19'
cp: -r not specified; omitting directory '2'
cp: -r not specified; omitting directory '20'
cp: -r not specified; omitting directory '21'
cp: -r not specified; omitting directory '22'
cp: -r not specified; omitting directory '23'
cp: -r not specified; omitting directory '24'
cp: -r not specified; omitting directory '25'
cp: -r not specified; omitting directory '26'
cp: -r not specified; omitting directory '27'
cp: -r not specified; omitting directory '28'
cp: -r not specified; omitting directory '29'
cp: -r not specified; omitting directory '3'
cp: -r not specified; omitting directory '30'
cp: -r not specified; omitting directory '31'
cp: -r not specified; omitting directory '32'
cp: -r not specified; omitting directory '33'
cp: -r not specified; omitting directory '34'
cp: -r not specified; omitting directory '35'
cp: -r not specified; omitting directory '36'
cp: -r not specified; omitting directory '37'
cp: -r not specified; omitting directory '38'
cp: -r not specified; omitting directory '39'
cp: -r not specified; omitting directory '4'
cp: -r not specified; omitting directory '40'
cp: -r not specified; omitting directory '41'
cp: -r not specified; omitting directory '42'
cp: -r not specified; omitting directory '43'
cp: -r not specified; omitting directory '44'
cp: -r not specified; omitting directory '45'
cp: -r not specified; omitting directory '46'
cp: -r not specified; omitting directory '47'
cp: -r not specified; omitting directory '48'
cp: -r not specified; omitting directory '49'
cp: -r not specified; omitting directory '5'
cp: -r not specified; omitting directory '50'
cp: -r not specified; omitting directory '51'
cp: -r not specified; omitting directory '52'
cp: -r not specified; omitting directory '53'
cp: -r not specified; omitting directory '54'
cp: -r not specified; omitting directory '55'
cp: -r not specified; omitting directory '56'
cp: -r not specified; omitting directory '57'
cp: -r not specified; omitting directory '58'
cp: -r not specified; omitting directory '59'
cp: -r not specified; omitting directory '6'
cp: -r not specified; omitting directory '60'
cp: -r not specified; omitting directory '61'
cp: -r not specified; omitting directory '62'
cp: -r not specified; omitting directory '63'
cp: -r not specified; omitting directory '64'
cp: -r not specified; omitting directory '65'
cp: -r not specified; omitting directory '66'
cp: -r not specified; omitting directory '7'
cp: -r not specified; omitting directory '8'
cp: -r not specified; omitting directory '9'
sbatch: error: Unable to open file test_3.sh
/software/vmd/1.9.3/linux-rhel8-x86_64/lib/vmd_LINUXAMD64: /lib64/libGL.so.1: no version information available (required by /software/vmd/1.9.3/linux-rhel8-x86_64/lib/vmd_LINUXAMD64)
Info) VMD for LINUXAMD64, version 1.9.3 (November 30, 2016)
Info) http://www.ks.uiuc.edu/Research/vmd/                         
Info) Email questions and bug reports to vmd@ks.uiuc.edu           
Info) Please include this reference in published work using VMD:   
Info)    Humphrey, W., Dalke, A. and Schulten, K., `VMD - Visual   
Info)    Molecular Dynamics', J. Molec. Graphics 1996, 14.1, 33-38.
Info) -------------------------------------------------------------
Info) Multithreading available, 128 CPUs detected.
Info)   CPU features: SSE2 AVX AVX2 FMA 
Info) Free system memory: 807GB (40%)
Info) No CUDA accelerator devices available.
Info) Dynamically loaded 2 plugins in directory:
Info) /software/vmd/1.9.3/linux-rhel8-x86_64/lib/plugins/LINUXAMD64/molfile
67
Info) Using plugin pdb for structure file ./recenter.pdb
Info) Using plugin pdb for coordinates from file ./recenter.pdb
Info) Determining bond structure from distance search ...
Info) Analyzing structure ...
Info)    Atoms: 28820
Info)    Bonds: 23700
Info)    Angles: 0  Dihedrals: 0  Impropers: 0  Cross-terms: 0
Info)    Bondtypes: 0  Angletypes: 0  Dihedraltypes: 0  Impropertypes: 0
Info)    Residues: 5120
Info)    Waters: 5000
Info)    Segments: 3
Info)    Fragments: 5120   Protein: 0   Nucleic: 0
Info) Finished with coordinate file ./recenter.pdb.
0
atomselect0
atomselect1
Info) Opened coordinate file memb.pdb for writing.
Info) Finished with coordinate file memb.pdb.
Info) VMD for LINUXAMD64, version 1.9.3 (November 30, 2016)
Info) Exiting normally.
cp: cannot stat 'recenter.ORCAFF.prms': No such file or directory
cp: -r not specified; omitting directory '1'
cp: -r not specified; omitting directory '10'
cp: -r not specified; omitting directory '11'
cp: -r not specified; omitting directory '12'
cp: -r not specified; omitting directory '13'
cp: -r not specified; omitting directory '14'
cp: -r not specified; omitting directory '15'
cp: -r not specified; omitting directory '16'
cp: -r not specified; omitting directory '17'
cp: -r not specified; omitting directory '18'
cp: -r not specified; omitting directory '19'
cp: -r not specified; omitting directory '2'
cp: -r not specified; omitting directory '20'
cp: -r not specified; omitting directory '21'
cp: -r not specified; omitting directory '22'
cp: -r not specified; omitting directory '23'
cp: -r not specified; omitting directory '24'
cp: -r not specified; omitting directory '25'
cp: -r not specified; omitting directory '26'
cp: -r not specified; omitting directory '27'
cp: -r not specified; omitting directory '28'
cp: -r not specified; omitting directory '29'
cp: -r not specified; omitting directory '3'
cp: -r not specified; omitting directory '30'
cp: -r not specified; omitting directory '31'
cp: -r not specified; omitting directory '32'
cp: -r not specified; omitting directory '33'
cp: -r not specified; omitting directory '34'
cp: -r not specified; omitting directory '35'
cp: -r not specified; omitting directory '36'
cp: -r not specified; omitting directory '37'
cp: -r not specified; omitting directory '38'
cp: -r not specified; omitting directory '39'
cp: -r not specified; omitting directory '4'
cp: -r not specified; omitting directory '40'
cp: -r not specified; omitting directory '41'
cp: -r not specified; omitting directory '42'
cp: -r not specified; omitting directory '43'
cp: -r not specified; omitting directory '44'
cp: -r not specified; omitting directory '45'
cp: -r not specified; omitting directory '46'
cp: -r not specified; omitting directory '47'
cp: -r not specified; omitting directory '48'
cp: -r not specified; omitting directory '49'
cp: -r not specified; omitting directory '5'
cp: -r not specified; omitting directory '50'
cp: -r not specified; omitting directory '51'
cp: -r not specified; omitting directory '52'
cp: -r not specified; omitting directory '53'
cp: -r not specified; omitting directory '54'
cp: -r not specified; omitting directory '55'
cp: -r not specified; omitting directory '56'
cp: -r not specified; omitting directory '57'
cp: -r not specified; omitting directory '58'
cp: -r not specified; omitting directory '59'
cp: -r not specified; omitting directory '6'
cp: -r not specified; omitting directory '60'
cp: -r not specified; omitting directory '61'
cp: -r not specified; omitting directory '62'
cp: -r not specified; omitting directory '63'
cp: -r not specified; omitting directory '64'
cp: -r not specified; omitting directory '65'
cp: -r not specified; omitting directory '66'
cp: -r not specified; omitting directory '67'
cp: -r not specified; omitting directory '7'
cp: -r not specified; omitting directory '8'
cp: -r not specified; omitting directory '9'
sbatch: error: Unable to open file test_3.sh
/software/vmd/1.9.3/linux-rhel8-x86_64/lib/vmd_LINUXAMD64: /lib64/libGL.so.1: no version information available (required by /software/vmd/1.9.3/linux-rhel8-x86_64/lib/vmd_LINUXAMD64)
Info) VMD for LINUXAMD64, version 1.9.3 (November 30, 2016)
Info) http://www.ks.uiuc.edu/Research/vmd/                         
Info) Email questions and bug reports to vmd@ks.uiuc.edu           
Info) Please include this reference in published work using VMD:   
Info)    Humphrey, W., Dalke, A. and Schulten, K., `VMD - Visual   
Info)    Molecular Dynamics', J. Molec. Graphics 1996, 14.1, 33-38.
Info) -------------------------------------------------------------
Info) Multithreading available, 128 CPUs detected.
Info)   CPU features: SSE2 AVX AVX2 FMA 
Info) Free system memory: 805GB (39%)
Info) No CUDA accelerator devices available.
Info) Dynamically loaded 2 plugins in directory:
Info) /software/vmd/1.9.3/linux-rhel8-x86_64/lib/plugins/LINUXAMD64/molfile
68
Info) Using plugin pdb for structure file ./recenter.pdb
Info) Using plugin pdb for coordinates from file ./recenter.pdb
Info) Determining bond structure from distance search ...
Info) Analyzing structure ...
Info)    Atoms: 28820
Info)    Bonds: 23700
Info)    Angles: 0  Dihedrals: 0  Impropers: 0  Cross-terms: 0
Info)    Bondtypes: 0  Angletypes: 0  Dihedraltypes: 0  Impropertypes: 0
Info)    Residues: 5120
Info)    Waters: 5000
Info)    Segments: 3
Info)    Fragments: 5120   Protein: 0   Nucleic: 0
Info) Finished with coordinate file ./recenter.pdb.
0
atomselect0
atomselect1
Info) Opened coordinate file memb.pdb for writing.
Info) Finished with coordinate file memb.pdb.
Info) VMD for LINUXAMD64, version 1.9.3 (November 30, 2016)
Info) Exiting normally.
cp: cannot stat 'recenter.ORCAFF.prms': No such file or directory
cp: -r not specified; omitting directory '1'
cp: -r not specified; omitting directory '10'
cp: -r not specified; omitting directory '11'
cp: -r not specified; omitting directory '12'
cp: -r not specified; omitting directory '13'
cp: -r not specified; omitting directory '14'
cp: -r not specified; omitting directory '15'
cp: -r not specified; omitting directory '16'
cp: -r not specified; omitting directory '17'
cp: -r not specified; omitting directory '18'
cp: -r not specified; omitting directory '19'
cp: -r not specified; omitting directory '2'
cp: -r not specified; omitting directory '20'
cp: -r not specified; omitting directory '21'
cp: -r not specified; omitting directory '22'
cp: -r not specified; omitting directory '23'
cp: -r not specified; omitting directory '24'
cp: -r not specified; omitting directory '25'
cp: -r not specified; omitting directory '26'
cp: -r not specified; omitting directory '27'
cp: -r not specified; omitting directory '28'
cp: -r not specified; omitting directory '29'
cp: -r not specified; omitting directory '3'
cp: -r not specified; omitting directory '30'
cp: -r not specified; omitting directory '31'
cp: -r not specified; omitting directory '32'
cp: -r not specified; omitting directory '33'
cp: -r not specified; omitting directory '34'
cp: -r not specified; omitting directory '35'
cp: -r not specified; omitting directory '36'
cp: -r not specified; omitting directory '37'
cp: -r not specified; omitting directory '38'
cp: -r not specified; omitting directory '39'
cp: -r not specified; omitting directory '4'
cp: -r not specified; omitting directory '40'
cp: -r not specified; omitting directory '41'
cp: -r not specified; omitting directory '42'
cp: -r not specified; omitting directory '43'
cp: -r not specified; omitting directory '44'
cp: -r not specified; omitting directory '45'
cp: -r not specified; omitting directory '46'
cp: -r not specified; omitting directory '47'
cp: -r not specified; omitting directory '48'
cp: -r not specified; omitting directory '49'
cp: -r not specified; omitting directory '5'
cp: -r not specified; omitting directory '50'
cp: -r not specified; omitting directory '51'
cp: -r not specified; omitting directory '52'
cp: -r not specified; omitting directory '53'
cp: -r not specified; omitting directory '54'
cp: -r not specified; omitting directory '55'
cp: -r not specified; omitting directory '56'
cp: -r not specified; omitting directory '57'
cp: -r not specified; omitting directory '58'
cp: -r not specified; omitting directory '59'
cp: -r not specified; omitting directory '6'
cp: -r not specified; omitting directory '60'
cp: -r not specified; omitting directory '61'
cp: -r not specified; omitting directory '62'
cp: -r not specified; omitting directory '63'
cp: -r not specified; omitting directory '64'
cp: -r not specified; omitting directory '65'
cp: -r not specified; omitting directory '66'
cp: -r not specified; omitting directory '67'
cp: -r not specified; omitting directory '68'
cp: -r not specified; omitting directory '7'
cp: -r not specified; omitting directory '8'
cp: -r not specified; omitting directory '9'
sbatch: error: Unable to open file test_3.sh
/software/vmd/1.9.3/linux-rhel8-x86_64/lib/vmd_LINUXAMD64: /lib64/libGL.so.1: no version information available (required by /software/vmd/1.9.3/linux-rhel8-x86_64/lib/vmd_LINUXAMD64)
Info) VMD for LINUXAMD64, version 1.9.3 (November 30, 2016)
Info) http://www.ks.uiuc.edu/Research/vmd/                         
Info) Email questions and bug reports to vmd@ks.uiuc.edu           
Info) Please include this reference in published work using VMD:   
Info)    Humphrey, W., Dalke, A. and Schulten, K., `VMD - Visual   
Info)    Molecular Dynamics', J. Molec. Graphics 1996, 14.1, 33-38.
Info) -------------------------------------------------------------
Info) Multithreading available, 128 CPUs detected.
Info)   CPU features: SSE2 AVX AVX2 FMA 
Info) Free system memory: 808GB (40%)
Info) No CUDA accelerator devices available.
Info) Dynamically loaded 2 plugins in directory:
Info) /software/vmd/1.9.3/linux-rhel8-x86_64/lib/plugins/LINUXAMD64/molfile
69
Info) Using plugin pdb for structure file ./recenter.pdb
Info) Using plugin pdb for coordinates from file ./recenter.pdb
Info) Determining bond structure from distance search ...
Info) Analyzing structure ...
Info)    Atoms: 28820
Info)    Bonds: 23700
Info)    Angles: 0  Dihedrals: 0  Impropers: 0  Cross-terms: 0
Info)    Bondtypes: 0  Angletypes: 0  Dihedraltypes: 0  Impropertypes: 0
Info)    Residues: 5120
Info)    Waters: 5000
Info)    Segments: 3
Info)    Fragments: 5120   Protein: 0   Nucleic: 0
Info) Finished with coordinate file ./recenter.pdb.
0
atomselect0
atomselect1
Info) Opened coordinate file memb.pdb for writing.
Info) Finished with coordinate file memb.pdb.
Info) VMD for LINUXAMD64, version 1.9.3 (November 30, 2016)
Info) Exiting normally.
cp: cannot stat 'recenter.ORCAFF.prms': No such file or directory
cp: -r not specified; omitting directory '1'
cp: -r not specified; omitting directory '10'
cp: -r not specified; omitting directory '11'
cp: -r not specified; omitting directory '12'
cp: -r not specified; omitting directory '13'
cp: -r not specified; omitting directory '14'
cp: -r not specified; omitting directory '15'
cp: -r not specified; omitting directory '16'
cp: -r not specified; omitting directory '17'
cp: -r not specified; omitting directory '18'
cp: -r not specified; omitting directory '19'
cp: -r not specified; omitting directory '2'
cp: -r not specified; omitting directory '20'
cp: -r not specified; omitting directory '21'
cp: -r not specified; omitting directory '22'
cp: -r not specified; omitting directory '23'
cp: -r not specified; omitting directory '24'
cp: -r not specified; omitting directory '25'
cp: -r not specified; omitting directory '26'
cp: -r not specified; omitting directory '27'
cp: -r not specified; omitting directory '28'
cp: -r not specified; omitting directory '29'
cp: -r not specified; omitting directory '3'
cp: -r not specified; omitting directory '30'
cp: -r not specified; omitting directory '31'
cp: -r not specified; omitting directory '32'
cp: -r not specified; omitting directory '33'
cp: -r not specified; omitting directory '34'
cp: -r not specified; omitting directory '35'
cp: -r not specified; omitting directory '36'
cp: -r not specified; omitting directory '37'
cp: -r not specified; omitting directory '38'
cp: -r not specified; omitting directory '39'
cp: -r not specified; omitting directory '4'
cp: -r not specified; omitting directory '40'
cp: -r not specified; omitting directory '41'
cp: -r not specified; omitting directory '42'
cp: -r not specified; omitting directory '43'
cp: -r not specified; omitting directory '44'
cp: -r not specified; omitting directory '45'
cp: -r not specified; omitting directory '46'
cp: -r not specified; omitting directory '47'
cp: -r not specified; omitting directory '48'
cp: -r not specified; omitting directory '49'
cp: -r not specified; omitting directory '5'
cp: -r not specified; omitting directory '50'
cp: -r not specified; omitting directory '51'
cp: -r not specified; omitting directory '52'
cp: -r not specified; omitting directory '53'
cp: -r not specified; omitting directory '54'
cp: -r not specified; omitting directory '55'
cp: -r not specified; omitting directory '56'
cp: -r not specified; omitting directory '57'
cp: -r not specified; omitting directory '58'
cp: -r not specified; omitting directory '59'
cp: -r not specified; omitting directory '6'
cp: -r not specified; omitting directory '60'
cp: -r not specified; omitting directory '61'
cp: -r not specified; omitting directory '62'
cp: -r not specified; omitting directory '63'
cp: -r not specified; omitting directory '64'
cp: -r not specified; omitting directory '65'
cp: -r not specified; omitting directory '66'
cp: -r not specified; omitting directory '67'
cp: -r not specified; omitting directory '68'
cp: -r not specified; omitting directory '69'
cp: -r not specified; omitting directory '7'
cp: -r not specified; omitting directory '8'
cp: -r not specified; omitting directory '9'
sbatch: error: Unable to open file test_3.sh
/software/vmd/1.9.3/linux-rhel8-x86_64/lib/vmd_LINUXAMD64: /lib64/libGL.so.1: no version information available (required by /software/vmd/1.9.3/linux-rhel8-x86_64/lib/vmd_LINUXAMD64)
Info) VMD for LINUXAMD64, version 1.9.3 (November 30, 2016)
Info) http://www.ks.uiuc.edu/Research/vmd/                         
Info) Email questions and bug reports to vmd@ks.uiuc.edu           
Info) Please include this reference in published work using VMD:   
Info)    Humphrey, W., Dalke, A. and Schulten, K., `VMD - Visual   
Info)    Molecular Dynamics', J. Molec. Graphics 1996, 14.1, 33-38.
Info) -------------------------------------------------------------
Info) Multithreading available, 128 CPUs detected.
Info)   CPU features: SSE2 AVX AVX2 FMA 
Info) Free system memory: 807GB (40%)
Info) No CUDA accelerator devices available.
Info) Dynamically loaded 2 plugins in directory:
Info) /software/vmd/1.9.3/linux-rhel8-x86_64/lib/plugins/LINUXAMD64/molfile
70
Info) Using plugin pdb for structure file ./recenter.pdb
Info) Using plugin pdb for coordinates from file ./recenter.pdb
Info) Determining bond structure from distance search ...
Info) Analyzing structure ...
Info)    Atoms: 28820
Info)    Bonds: 23700
Info)    Angles: 0  Dihedrals: 0  Impropers: 0  Cross-terms: 0
Info)    Bondtypes: 0  Angletypes: 0  Dihedraltypes: 0  Impropertypes: 0
Info)    Residues: 5120
Info)    Waters: 5000
Info)    Segments: 3
Info)    Fragments: 5120   Protein: 0   Nucleic: 0
Info) Finished with coordinate file ./recenter.pdb.
0
atomselect0
atomselect1
Info) Opened coordinate file memb.pdb for writing.
Info) Finished with coordinate file memb.pdb.
Info) VMD for LINUXAMD64, version 1.9.3 (November 30, 2016)
Info) Exiting normally.
cp: cannot stat 'recenter.ORCAFF.prms': No such file or directory
cp: -r not specified; omitting directory '1'
cp: -r not specified; omitting directory '10'
cp: -r not specified; omitting directory '11'
cp: -r not specified; omitting directory '12'
cp: -r not specified; omitting directory '13'
cp: -r not specified; omitting directory '14'
cp: -r not specified; omitting directory '15'
cp: -r not specified; omitting directory '16'
cp: -r not specified; omitting directory '17'
cp: -r not specified; omitting directory '18'
cp: -r not specified; omitting directory '19'
cp: -r not specified; omitting directory '2'
cp: -r not specified; omitting directory '20'
cp: -r not specified; omitting directory '21'
cp: -r not specified; omitting directory '22'
cp: -r not specified; omitting directory '23'
cp: -r not specified; omitting directory '24'
cp: -r not specified; omitting directory '25'
cp: -r not specified; omitting directory '26'
cp: -r not specified; omitting directory '27'
cp: -r not specified; omitting directory '28'
cp: -r not specified; omitting directory '29'
cp: -r not specified; omitting directory '3'
cp: -r not specified; omitting directory '30'
cp: -r not specified; omitting directory '31'
cp: -r not specified; omitting directory '32'
cp: -r not specified; omitting directory '33'
cp: -r not specified; omitting directory '34'
cp: -r not specified; omitting directory '35'
cp: -r not specified; omitting directory '36'
cp: -r not specified; omitting directory '37'
cp: -r not specified; omitting directory '38'
cp: -r not specified; omitting directory '39'
cp: -r not specified; omitting directory '4'
cp: -r not specified; omitting directory '40'
cp: -r not specified; omitting directory '41'
cp: -r not specified; omitting directory '42'
cp: -r not specified; omitting directory '43'
cp: -r not specified; omitting directory '44'
cp: -r not specified; omitting directory '45'
cp: -r not specified; omitting directory '46'
cp: -r not specified; omitting directory '47'
cp: -r not specified; omitting directory '48'
cp: -r not specified; omitting directory '49'
cp: -r not specified; omitting directory '5'
cp: -r not specified; omitting directory '50'
cp: -r not specified; omitting directory '51'
cp: -r not specified; omitting directory '52'
cp: -r not specified; omitting directory '53'
cp: -r not specified; omitting directory '54'
cp: -r not specified; omitting directory '55'
cp: -r not specified; omitting directory '56'
cp: -r not specified; omitting directory '57'
cp: -r not specified; omitting directory '58'
cp: -r not specified; omitting directory '59'
cp: -r not specified; omitting directory '6'
cp: -r not specified; omitting directory '60'
cp: -r not specified; omitting directory '61'
cp: -r not specified; omitting directory '62'
cp: -r not specified; omitting directory '63'
cp: -r not specified; omitting directory '64'
cp: -r not specified; omitting directory '65'
cp: -r not specified; omitting directory '66'
cp: -r not specified; omitting directory '67'
cp: -r not specified; omitting directory '68'
cp: -r not specified; omitting directory '69'
cp: -r not specified; omitting directory '7'
cp: -r not specified; omitting directory '70'
cp: -r not specified; omitting directory '8'
cp: -r not specified; omitting directory '9'
sbatch: error: Unable to open file test_3.sh
/software/vmd/1.9.3/linux-rhel8-x86_64/lib/vmd_LINUXAMD64: /lib64/libGL.so.1: no version information available (required by /software/vmd/1.9.3/linux-rhel8-x86_64/lib/vmd_LINUXAMD64)
Info) VMD for LINUXAMD64, version 1.9.3 (November 30, 2016)
Info) http://www.ks.uiuc.edu/Research/vmd/                         
Info) Email questions and bug reports to vmd@ks.uiuc.edu           
Info) Please include this reference in published work using VMD:   
Info)    Humphrey, W., Dalke, A. and Schulten, K., `VMD - Visual   
Info)    Molecular Dynamics', J. Molec. Graphics 1996, 14.1, 33-38.
Info) -------------------------------------------------------------
Info) Multithreading available, 128 CPUs detected.
Info)   CPU features: SSE2 AVX AVX2 FMA 
Info) Free system memory: 806GB (39%)
Info) No CUDA accelerator devices available.
Info) Dynamically loaded 2 plugins in directory:
Info) /software/vmd/1.9.3/linux-rhel8-x86_64/lib/plugins/LINUXAMD64/molfile
71
Info) Using plugin pdb for structure file ./recenter.pdb
Info) Using plugin pdb for coordinates from file ./recenter.pdb
Info) Determining bond structure from distance search ...
Info) Analyzing structure ...
Info)    Atoms: 28820
Info)    Bonds: 23700
Info)    Angles: 0  Dihedrals: 0  Impropers: 0  Cross-terms: 0
Info)    Bondtypes: 0  Angletypes: 0  Dihedraltypes: 0  Impropertypes: 0
Info)    Residues: 5120
Info)    Waters: 5000
Info)    Segments: 3
Info)    Fragments: 5120   Protein: 0   Nucleic: 0
Info) Finished with coordinate file ./recenter.pdb.
0
atomselect0
atomselect1
Info) Opened coordinate file memb.pdb for writing.
Info) Finished with coordinate file memb.pdb.
Info) VMD for LINUXAMD64, version 1.9.3 (November 30, 2016)
Info) Exiting normally.
cp: cannot stat 'recenter.ORCAFF.prms': No such file or directory
cp: -r not specified; omitting directory '1'
cp: -r not specified; omitting directory '10'
cp: -r not specified; omitting directory '11'
cp: -r not specified; omitting directory '12'
cp: -r not specified; omitting directory '13'
cp: -r not specified; omitting directory '14'
cp: -r not specified; omitting directory '15'
cp: -r not specified; omitting directory '16'
cp: -r not specified; omitting directory '17'
cp: -r not specified; omitting directory '18'
cp: -r not specified; omitting directory '19'
cp: -r not specified; omitting directory '2'
cp: -r not specified; omitting directory '20'
cp: -r not specified; omitting directory '21'
cp: -r not specified; omitting directory '22'
cp: -r not specified; omitting directory '23'
cp: -r not specified; omitting directory '24'
cp: -r not specified; omitting directory '25'
cp: -r not specified; omitting directory '26'
cp: -r not specified; omitting directory '27'
cp: -r not specified; omitting directory '28'
cp: -r not specified; omitting directory '29'
cp: -r not specified; omitting directory '3'
cp: -r not specified; omitting directory '30'
cp: -r not specified; omitting directory '31'
cp: -r not specified; omitting directory '32'
cp: -r not specified; omitting directory '33'
cp: -r not specified; omitting directory '34'
cp: -r not specified; omitting directory '35'
cp: -r not specified; omitting directory '36'
cp: -r not specified; omitting directory '37'
cp: -r not specified; omitting directory '38'
cp: -r not specified; omitting directory '39'
cp: -r not specified; omitting directory '4'
cp: -r not specified; omitting directory '40'
cp: -r not specified; omitting directory '41'
cp: -r not specified; omitting directory '42'
cp: -r not specified; omitting directory '43'
cp: -r not specified; omitting directory '44'
cp: -r not specified; omitting directory '45'
cp: -r not specified; omitting directory '46'
cp: -r not specified; omitting directory '47'
cp: -r not specified; omitting directory '48'
cp: -r not specified; omitting directory '49'
cp: -r not specified; omitting directory '5'
cp: -r not specified; omitting directory '50'
cp: -r not specified; omitting directory '51'
cp: -r not specified; omitting directory '52'
cp: -r not specified; omitting directory '53'
cp: -r not specified; omitting directory '54'
cp: -r not specified; omitting directory '55'
cp: -r not specified; omitting directory '56'
cp: -r not specified; omitting directory '57'
cp: -r not specified; omitting directory '58'
cp: -r not specified; omitting directory '59'
cp: -r not specified; omitting directory '6'
cp: -r not specified; omitting directory '60'
cp: -r not specified; omitting directory '61'
cp: -r not specified; omitting directory '62'
cp: -r not specified; omitting directory '63'
cp: -r not specified; omitting directory '64'
cp: -r not specified; omitting directory '65'
cp: -r not specified; omitting directory '66'
cp: -r not specified; omitting directory '67'
cp: -r not specified; omitting directory '68'
cp: -r not specified; omitting directory '69'
cp: -r not specified; omitting directory '7'
cp: -r not specified; omitting directory '70'
cp: -r not specified; omitting directory '71'
cp: -r not specified; omitting directory '8'
cp: -r not specified; omitting directory '9'
sbatch: error: Unable to open file test_3.sh
/software/vmd/1.9.3/linux-rhel8-x86_64/lib/vmd_LINUXAMD64: /lib64/libGL.so.1: no version information available (required by /software/vmd/1.9.3/linux-rhel8-x86_64/lib/vmd_LINUXAMD64)
Info) VMD for LINUXAMD64, version 1.9.3 (November 30, 2016)
Info) http://www.ks.uiuc.edu/Research/vmd/                         
Info) Email questions and bug reports to vmd@ks.uiuc.edu           
Info) Please include this reference in published work using VMD:   
Info)    Humphrey, W., Dalke, A. and Schulten, K., `VMD - Visual   
Info)    Molecular Dynamics', J. Molec. Graphics 1996, 14.1, 33-38.
Info) -------------------------------------------------------------
Info) Multithreading available, 128 CPUs detected.
Info)   CPU features: SSE2 AVX AVX2 FMA 
Info) Free system memory: 806GB (40%)
Info) No CUDA accelerator devices available.
Info) Dynamically loaded 2 plugins in directory:
Info) /software/vmd/1.9.3/linux-rhel8-x86_64/lib/plugins/LINUXAMD64/molfile
72
Info) Using plugin pdb for structure file ./recenter.pdb
Info) Using plugin pdb for coordinates from file ./recenter.pdb
Info) Determining bond structure from distance search ...
Info) Analyzing structure ...
Info)    Atoms: 28820
Info)    Bonds: 23700
Info)    Angles: 0  Dihedrals: 0  Impropers: 0  Cross-terms: 0
Info)    Bondtypes: 0  Angletypes: 0  Dihedraltypes: 0  Impropertypes: 0
Info)    Residues: 5120
Info)    Waters: 5000
Info)    Segments: 3
Info)    Fragments: 5120   Protein: 0   Nucleic: 0
Info) Finished with coordinate file ./recenter.pdb.
0
atomselect0
atomselect1
Info) Opened coordinate file memb.pdb for writing.
Info) Finished with coordinate file memb.pdb.
Info) VMD for LINUXAMD64, version 1.9.3 (November 30, 2016)
Info) Exiting normally.
cp: cannot stat 'recenter.ORCAFF.prms': No such file or directory
cp: -r not specified; omitting directory '1'
cp: -r not specified; omitting directory '10'
cp: -r not specified; omitting directory '11'
cp: -r not specified; omitting directory '12'
cp: -r not specified; omitting directory '13'
cp: -r not specified; omitting directory '14'
cp: -r not specified; omitting directory '15'
cp: -r not specified; omitting directory '16'
cp: -r not specified; omitting directory '17'
cp: -r not specified; omitting directory '18'
cp: -r not specified; omitting directory '19'
cp: -r not specified; omitting directory '2'
cp: -r not specified; omitting directory '20'
cp: -r not specified; omitting directory '21'
cp: -r not specified; omitting directory '22'
cp: -r not specified; omitting directory '23'
cp: -r not specified; omitting directory '24'
cp: -r not specified; omitting directory '25'
cp: -r not specified; omitting directory '26'
cp: -r not specified; omitting directory '27'
cp: -r not specified; omitting directory '28'
cp: -r not specified; omitting directory '29'
cp: -r not specified; omitting directory '3'
cp: -r not specified; omitting directory '30'
cp: -r not specified; omitting directory '31'
cp: -r not specified; omitting directory '32'
cp: -r not specified; omitting directory '33'
cp: -r not specified; omitting directory '34'
cp: -r not specified; omitting directory '35'
cp: -r not specified; omitting directory '36'
cp: -r not specified; omitting directory '37'
cp: -r not specified; omitting directory '38'
cp: -r not specified; omitting directory '39'
cp: -r not specified; omitting directory '4'
cp: -r not specified; omitting directory '40'
cp: -r not specified; omitting directory '41'
cp: -r not specified; omitting directory '42'
cp: -r not specified; omitting directory '43'
cp: -r not specified; omitting directory '44'
cp: -r not specified; omitting directory '45'
cp: -r not specified; omitting directory '46'
cp: -r not specified; omitting directory '47'
cp: -r not specified; omitting directory '48'
cp: -r not specified; omitting directory '49'
cp: -r not specified; omitting directory '5'
cp: -r not specified; omitting directory '50'
cp: -r not specified; omitting directory '51'
cp: -r not specified; omitting directory '52'
cp: -r not specified; omitting directory '53'
cp: -r not specified; omitting directory '54'
cp: -r not specified; omitting directory '55'
cp: -r not specified; omitting directory '56'
cp: -r not specified; omitting directory '57'
cp: -r not specified; omitting directory '58'
cp: -r not specified; omitting directory '59'
cp: -r not specified; omitting directory '6'
cp: -r not specified; omitting directory '60'
cp: -r not specified; omitting directory '61'
cp: -r not specified; omitting directory '62'
cp: -r not specified; omitting directory '63'
cp: -r not specified; omitting directory '64'
cp: -r not specified; omitting directory '65'
cp: -r not specified; omitting directory '66'
cp: -r not specified; omitting directory '67'
cp: -r not specified; omitting directory '68'
cp: -r not specified; omitting directory '69'
cp: -r not specified; omitting directory '7'
cp: -r not specified; omitting directory '70'
cp: -r not specified; omitting directory '71'
cp: -r not specified; omitting directory '72'
cp: -r not specified; omitting directory '8'
cp: -r not specified; omitting directory '9'
sbatch: error: Unable to open file test_3.sh
/software/vmd/1.9.3/linux-rhel8-x86_64/lib/vmd_LINUXAMD64: /lib64/libGL.so.1: no version information available (required by /software/vmd/1.9.3/linux-rhel8-x86_64/lib/vmd_LINUXAMD64)
Info) VMD for LINUXAMD64, version 1.9.3 (November 30, 2016)
Info) http://www.ks.uiuc.edu/Research/vmd/                         
Info) Email questions and bug reports to vmd@ks.uiuc.edu           
Info) Please include this reference in published work using VMD:   
Info)    Humphrey, W., Dalke, A. and Schulten, K., `VMD - Visual   
Info)    Molecular Dynamics', J. Molec. Graphics 1996, 14.1, 33-38.
Info) -------------------------------------------------------------
Info) Multithreading available, 128 CPUs detected.
Info)   CPU features: SSE2 AVX AVX2 FMA 
Info) Free system memory: 806GB (39%)
Info) No CUDA accelerator devices available.
Info) Dynamically loaded 2 plugins in directory:
Info) /software/vmd/1.9.3/linux-rhel8-x86_64/lib/plugins/LINUXAMD64/molfile
73
Info) Using plugin pdb for structure file ./recenter.pdb
Info) Using plugin pdb for coordinates from file ./recenter.pdb
Info) Determining bond structure from distance search ...
Info) Analyzing structure ...
Info)    Atoms: 28820
Info)    Bonds: 23700
Info)    Angles: 0  Dihedrals: 0  Impropers: 0  Cross-terms: 0
Info)    Bondtypes: 0  Angletypes: 0  Dihedraltypes: 0  Impropertypes: 0
Info)    Residues: 5120
Info)    Waters: 5000
Info)    Segments: 3
Info)    Fragments: 5120   Protein: 0   Nucleic: 0
Info) Finished with coordinate file ./recenter.pdb.
0
atomselect0
atomselect1
Info) Opened coordinate file memb.pdb for writing.
Info) Finished with coordinate file memb.pdb.
Info) VMD for LINUXAMD64, version 1.9.3 (November 30, 2016)
Info) Exiting normally.
cp: cannot stat 'recenter.ORCAFF.prms': No such file or directory
cp: -r not specified; omitting directory '1'
cp: -r not specified; omitting directory '10'
cp: -r not specified; omitting directory '11'
cp: -r not specified; omitting directory '12'
cp: -r not specified; omitting directory '13'
cp: -r not specified; omitting directory '14'
cp: -r not specified; omitting directory '15'
cp: -r not specified; omitting directory '16'
cp: -r not specified; omitting directory '17'
cp: -r not specified; omitting directory '18'
cp: -r not specified; omitting directory '19'
cp: -r not specified; omitting directory '2'
cp: -r not specified; omitting directory '20'
cp: -r not specified; omitting directory '21'
cp: -r not specified; omitting directory '22'
cp: -r not specified; omitting directory '23'
cp: -r not specified; omitting directory '24'
cp: -r not specified; omitting directory '25'
cp: -r not specified; omitting directory '26'
cp: -r not specified; omitting directory '27'
cp: -r not specified; omitting directory '28'
cp: -r not specified; omitting directory '29'
cp: -r not specified; omitting directory '3'
cp: -r not specified; omitting directory '30'
cp: -r not specified; omitting directory '31'
cp: -r not specified; omitting directory '32'
cp: -r not specified; omitting directory '33'
cp: -r not specified; omitting directory '34'
cp: -r not specified; omitting directory '35'
cp: -r not specified; omitting directory '36'
cp: -r not specified; omitting directory '37'
cp: -r not specified; omitting directory '38'
cp: -r not specified; omitting directory '39'
cp: -r not specified; omitting directory '4'
cp: -r not specified; omitting directory '40'
cp: -r not specified; omitting directory '41'
cp: -r not specified; omitting directory '42'
cp: -r not specified; omitting directory '43'
cp: -r not specified; omitting directory '44'
cp: -r not specified; omitting directory '45'
cp: -r not specified; omitting directory '46'
cp: -r not specified; omitting directory '47'
cp: -r not specified; omitting directory '48'
cp: -r not specified; omitting directory '49'
cp: -r not specified; omitting directory '5'
cp: -r not specified; omitting directory '50'
cp: -r not specified; omitting directory '51'
cp: -r not specified; omitting directory '52'
cp: -r not specified; omitting directory '53'
cp: -r not specified; omitting directory '54'
cp: -r not specified; omitting directory '55'
cp: -r not specified; omitting directory '56'
cp: -r not specified; omitting directory '57'
cp: -r not specified; omitting directory '58'
cp: -r not specified; omitting directory '59'
cp: -r not specified; omitting directory '6'
cp: -r not specified; omitting directory '60'
cp: -r not specified; omitting directory '61'
cp: -r not specified; omitting directory '62'
cp: -r not specified; omitting directory '63'
cp: -r not specified; omitting directory '64'
cp: -r not specified; omitting directory '65'
cp: -r not specified; omitting directory '66'
cp: -r not specified; omitting directory '67'
cp: -r not specified; omitting directory '68'
cp: -r not specified; omitting directory '69'
cp: -r not specified; omitting directory '7'
cp: -r not specified; omitting directory '70'
cp: -r not specified; omitting directory '71'
cp: -r not specified; omitting directory '72'
cp: -r not specified; omitting directory '73'
cp: -r not specified; omitting directory '8'
cp: -r not specified; omitting directory '9'
sbatch: error: Unable to open file test_3.sh
/software/vmd/1.9.3/linux-rhel8-x86_64/lib/vmd_LINUXAMD64: /lib64/libGL.so.1: no version information available (required by /software/vmd/1.9.3/linux-rhel8-x86_64/lib/vmd_LINUXAMD64)
Info) VMD for LINUXAMD64, version 1.9.3 (November 30, 2016)
Info) http://www.ks.uiuc.edu/Research/vmd/                         
Info) Email questions and bug reports to vmd@ks.uiuc.edu           
Info) Please include this reference in published work using VMD:   
Info)    Humphrey, W., Dalke, A. and Schulten, K., `VMD - Visual   
Info)    Molecular Dynamics', J. Molec. Graphics 1996, 14.1, 33-38.
Info) -------------------------------------------------------------
Info) Multithreading available, 128 CPUs detected.
Info)   CPU features: SSE2 AVX AVX2 FMA 
Info) Free system memory: 806GB (40%)
Info) No CUDA accelerator devices available.
Info) Dynamically loaded 2 plugins in directory:
Info) /software/vmd/1.9.3/linux-rhel8-x86_64/lib/plugins/LINUXAMD64/molfile
74
Info) Using plugin pdb for structure file ./recenter.pdb
Info) Using plugin pdb for coordinates from file ./recenter.pdb
Info) Determining bond structure from distance search ...
Info) Analyzing structure ...
Info)    Atoms: 28820
Info)    Bonds: 23700
Info)    Angles: 0  Dihedrals: 0  Impropers: 0  Cross-terms: 0
Info)    Bondtypes: 0  Angletypes: 0  Dihedraltypes: 0  Impropertypes: 0
Info)    Residues: 5120
Info)    Waters: 5000
Info)    Segments: 3
Info)    Fragments: 5120   Protein: 0   Nucleic: 0
Info) Finished with coordinate file ./recenter.pdb.
0
atomselect0
atomselect1
Info) Opened coordinate file memb.pdb for writing.
Info) Finished with coordinate file memb.pdb.
Info) VMD for LINUXAMD64, version 1.9.3 (November 30, 2016)
Info) Exiting normally.
cp: cannot stat 'recenter.ORCAFF.prms': No such file or directory
cp: -r not specified; omitting directory '1'
cp: -r not specified; omitting directory '10'
cp: -r not specified; omitting directory '11'
cp: -r not specified; omitting directory '12'
cp: -r not specified; omitting directory '13'
cp: -r not specified; omitting directory '14'
cp: -r not specified; omitting directory '15'
cp: -r not specified; omitting directory '16'
cp: -r not specified; omitting directory '17'
cp: -r not specified; omitting directory '18'
cp: -r not specified; omitting directory '19'
cp: -r not specified; omitting directory '2'
cp: -r not specified; omitting directory '20'
cp: -r not specified; omitting directory '21'
cp: -r not specified; omitting directory '22'
cp: -r not specified; omitting directory '23'
cp: -r not specified; omitting directory '24'
cp: -r not specified; omitting directory '25'
cp: -r not specified; omitting directory '26'
cp: -r not specified; omitting directory '27'
cp: -r not specified; omitting directory '28'
cp: -r not specified; omitting directory '29'
cp: -r not specified; omitting directory '3'
cp: -r not specified; omitting directory '30'
cp: -r not specified; omitting directory '31'
cp: -r not specified; omitting directory '32'
cp: -r not specified; omitting directory '33'
cp: -r not specified; omitting directory '34'
cp: -r not specified; omitting directory '35'
cp: -r not specified; omitting directory '36'
cp: -r not specified; omitting directory '37'
cp: -r not specified; omitting directory '38'
cp: -r not specified; omitting directory '39'
cp: -r not specified; omitting directory '4'
cp: -r not specified; omitting directory '40'
cp: -r not specified; omitting directory '41'
cp: -r not specified; omitting directory '42'
cp: -r not specified; omitting directory '43'
cp: -r not specified; omitting directory '44'
cp: -r not specified; omitting directory '45'
cp: -r not specified; omitting directory '46'
cp: -r not specified; omitting directory '47'
cp: -r not specified; omitting directory '48'
cp: -r not specified; omitting directory '49'
cp: -r not specified; omitting directory '5'
cp: -r not specified; omitting directory '50'
cp: -r not specified; omitting directory '51'
cp: -r not specified; omitting directory '52'
cp: -r not specified; omitting directory '53'
cp: -r not specified; omitting directory '54'
cp: -r not specified; omitting directory '55'
cp: -r not specified; omitting directory '56'
cp: -r not specified; omitting directory '57'
cp: -r not specified; omitting directory '58'
cp: -r not specified; omitting directory '59'
cp: -r not specified; omitting directory '6'
cp: -r not specified; omitting directory '60'
cp: -r not specified; omitting directory '61'
cp: -r not specified; omitting directory '62'
cp: -r not specified; omitting directory '63'
cp: -r not specified; omitting directory '64'
cp: -r not specified; omitting directory '65'
cp: -r not specified; omitting directory '66'
cp: -r not specified; omitting directory '67'
cp: -r not specified; omitting directory '68'
cp: -r not specified; omitting directory '69'
cp: -r not specified; omitting directory '7'
cp: -r not specified; omitting directory '70'
cp: -r not specified; omitting directory '71'
cp: -r not specified; omitting directory '72'
cp: -r not specified; omitting directory '73'
cp: -r not specified; omitting directory '74'
cp: -r not specified; omitting directory '8'
cp: -r not specified; omitting directory '9'
sbatch: error: Unable to open file test_3.sh
/software/vmd/1.9.3/linux-rhel8-x86_64/lib/vmd_LINUXAMD64: /lib64/libGL.so.1: no version information available (required by /software/vmd/1.9.3/linux-rhel8-x86_64/lib/vmd_LINUXAMD64)
Info) VMD for LINUXAMD64, version 1.9.3 (November 30, 2016)
Info) http://www.ks.uiuc.edu/Research/vmd/                         
Info) Email questions and bug reports to vmd@ks.uiuc.edu           
Info) Please include this reference in published work using VMD:   
Info)    Humphrey, W., Dalke, A. and Schulten, K., `VMD - Visual   
Info)    Molecular Dynamics', J. Molec. Graphics 1996, 14.1, 33-38.
Info) -------------------------------------------------------------
Info) Multithreading available, 128 CPUs detected.
Info)   CPU features: SSE2 AVX AVX2 FMA 
Info) Free system memory: 807GB (40%)
Info) No CUDA accelerator devices available.
Info) Dynamically loaded 2 plugins in directory:
Info) /software/vmd/1.9.3/linux-rhel8-x86_64/lib/plugins/LINUXAMD64/molfile
75
Info) Using plugin pdb for structure file ./recenter.pdb
Info) Using plugin pdb for coordinates from file ./recenter.pdb
Info) Determining bond structure from distance search ...
Info) Analyzing structure ...
Info)    Atoms: 28820
Info)    Bonds: 23700
Info)    Angles: 0  Dihedrals: 0  Impropers: 0  Cross-terms: 0
Info)    Bondtypes: 0  Angletypes: 0  Dihedraltypes: 0  Impropertypes: 0
Info)    Residues: 5120
Info)    Waters: 5000
Info)    Segments: 3
Info)    Fragments: 5120   Protein: 0   Nucleic: 0
Info) Finished with coordinate file ./recenter.pdb.
0
atomselect0
atomselect1
Info) Opened coordinate file memb.pdb for writing.
Info) Finished with coordinate file memb.pdb.
Info) VMD for LINUXAMD64, version 1.9.3 (November 30, 2016)
Info) Exiting normally.
cp: cannot stat 'recenter.ORCAFF.prms': No such file or directory
cp: -r not specified; omitting directory '1'
cp: -r not specified; omitting directory '10'
cp: -r not specified; omitting directory '11'
cp: -r not specified; omitting directory '12'
cp: -r not specified; omitting directory '13'
cp: -r not specified; omitting directory '14'
cp: -r not specified; omitting directory '15'
cp: -r not specified; omitting directory '16'
cp: -r not specified; omitting directory '17'
cp: -r not specified; omitting directory '18'
cp: -r not specified; omitting directory '19'
cp: -r not specified; omitting directory '2'
cp: -r not specified; omitting directory '20'
cp: -r not specified; omitting directory '21'
cp: -r not specified; omitting directory '22'
cp: -r not specified; omitting directory '23'
cp: -r not specified; omitting directory '24'
cp: -r not specified; omitting directory '25'
cp: -r not specified; omitting directory '26'
cp: -r not specified; omitting directory '27'
cp: -r not specified; omitting directory '28'
cp: -r not specified; omitting directory '29'
cp: -r not specified; omitting directory '3'
cp: -r not specified; omitting directory '30'
cp: -r not specified; omitting directory '31'
cp: -r not specified; omitting directory '32'
cp: -r not specified; omitting directory '33'
cp: -r not specified; omitting directory '34'
cp: -r not specified; omitting directory '35'
cp: -r not specified; omitting directory '36'
cp: -r not specified; omitting directory '37'
cp: -r not specified; omitting directory '38'
cp: -r not specified; omitting directory '39'
cp: -r not specified; omitting directory '4'
cp: -r not specified; omitting directory '40'
cp: -r not specified; omitting directory '41'
cp: -r not specified; omitting directory '42'
cp: -r not specified; omitting directory '43'
cp: -r not specified; omitting directory '44'
cp: -r not specified; omitting directory '45'
cp: -r not specified; omitting directory '46'
cp: -r not specified; omitting directory '47'
cp: -r not specified; omitting directory '48'
cp: -r not specified; omitting directory '49'
cp: -r not specified; omitting directory '5'
cp: -r not specified; omitting directory '50'
cp: -r not specified; omitting directory '51'
cp: -r not specified; omitting directory '52'
cp: -r not specified; omitting directory '53'
cp: -r not specified; omitting directory '54'
cp: -r not specified; omitting directory '55'
cp: -r not specified; omitting directory '56'
cp: -r not specified; omitting directory '57'
cp: -r not specified; omitting directory '58'
cp: -r not specified; omitting directory '59'
cp: -r not specified; omitting directory '6'
cp: -r not specified; omitting directory '60'
cp: -r not specified; omitting directory '61'
cp: -r not specified; omitting directory '62'
cp: -r not specified; omitting directory '63'
cp: -r not specified; omitting directory '64'
cp: -r not specified; omitting directory '65'
cp: -r not specified; omitting directory '66'
cp: -r not specified; omitting directory '67'
cp: -r not specified; omitting directory '68'
cp: -r not specified; omitting directory '69'
cp: -r not specified; omitting directory '7'
cp: -r not specified; omitting directory '70'
cp: -r not specified; omitting directory '71'
cp: -r not specified; omitting directory '72'
cp: -r not specified; omitting directory '73'
cp: -r not specified; omitting directory '74'
cp: -r not specified; omitting directory '75'
cp: -r not specified; omitting directory '8'
cp: -r not specified; omitting directory '9'
sbatch: error: Unable to open file test_3.sh
/software/vmd/1.9.3/linux-rhel8-x86_64/lib/vmd_LINUXAMD64: /lib64/libGL.so.1: no version information available (required by /software/vmd/1.9.3/linux-rhel8-x86_64/lib/vmd_LINUXAMD64)
Info) VMD for LINUXAMD64, version 1.9.3 (November 30, 2016)
Info) http://www.ks.uiuc.edu/Research/vmd/                         
Info) Email questions and bug reports to vmd@ks.uiuc.edu           
Info) Please include this reference in published work using VMD:   
Info)    Humphrey, W., Dalke, A. and Schulten, K., `VMD - Visual   
Info)    Molecular Dynamics', J. Molec. Graphics 1996, 14.1, 33-38.
Info) -------------------------------------------------------------
Info) Multithreading available, 128 CPUs detected.
Info)   CPU features: SSE2 AVX AVX2 FMA 
Info) Free system memory: 807GB (40%)
Info) No CUDA accelerator devices available.
Info) Dynamically loaded 2 plugins in directory:
Info) /software/vmd/1.9.3/linux-rhel8-x86_64/lib/plugins/LINUXAMD64/molfile
76
Info) Using plugin pdb for structure file ./recenter.pdb
Info) Using plugin pdb for coordinates from file ./recenter.pdb
Info) Determining bond structure from distance search ...
Info) Analyzing structure ...
Info)    Atoms: 28820
Info)    Bonds: 23700
Info)    Angles: 0  Dihedrals: 0  Impropers: 0  Cross-terms: 0
Info)    Bondtypes: 0  Angletypes: 0  Dihedraltypes: 0  Impropertypes: 0
Info)    Residues: 5120
Info)    Waters: 5000
Info)    Segments: 3
Info)    Fragments: 5120   Protein: 0   Nucleic: 0
Info) Finished with coordinate file ./recenter.pdb.
0
atomselect0
atomselect1
Info) Opened coordinate file memb.pdb for writing.
Info) Finished with coordinate file memb.pdb.
Info) VMD for LINUXAMD64, version 1.9.3 (November 30, 2016)
Info) Exiting normally.
cp: cannot stat 'recenter.ORCAFF.prms': No such file or directory
cp: -r not specified; omitting directory '1'
cp: -r not specified; omitting directory '10'
cp: -r not specified; omitting directory '11'
cp: -r not specified; omitting directory '12'
cp: -r not specified; omitting directory '13'
cp: -r not specified; omitting directory '14'
cp: -r not specified; omitting directory '15'
cp: -r not specified; omitting directory '16'
cp: -r not specified; omitting directory '17'
cp: -r not specified; omitting directory '18'
cp: -r not specified; omitting directory '19'
cp: -r not specified; omitting directory '2'
cp: -r not specified; omitting directory '20'
cp: -r not specified; omitting directory '21'
cp: -r not specified; omitting directory '22'
cp: -r not specified; omitting directory '23'
cp: -r not specified; omitting directory '24'
cp: -r not specified; omitting directory '25'
cp: -r not specified; omitting directory '26'
cp: -r not specified; omitting directory '27'
cp: -r not specified; omitting directory '28'
cp: -r not specified; omitting directory '29'
cp: -r not specified; omitting directory '3'
cp: -r not specified; omitting directory '30'
cp: -r not specified; omitting directory '31'
cp: -r not specified; omitting directory '32'
cp: -r not specified; omitting directory '33'
cp: -r not specified; omitting directory '34'
cp: -r not specified; omitting directory '35'
cp: -r not specified; omitting directory '36'
cp: -r not specified; omitting directory '37'
cp: -r not specified; omitting directory '38'
cp: -r not specified; omitting directory '39'
cp: -r not specified; omitting directory '4'
cp: -r not specified; omitting directory '40'
cp: -r not specified; omitting directory '41'
cp: -r not specified; omitting directory '42'
cp: -r not specified; omitting directory '43'
cp: -r not specified; omitting directory '44'
cp: -r not specified; omitting directory '45'
cp: -r not specified; omitting directory '46'
cp: -r not specified; omitting directory '47'
cp: -r not specified; omitting directory '48'
cp: -r not specified; omitting directory '49'
cp: -r not specified; omitting directory '5'
cp: -r not specified; omitting directory '50'
cp: -r not specified; omitting directory '51'
cp: -r not specified; omitting directory '52'
cp: -r not specified; omitting directory '53'
cp: -r not specified; omitting directory '54'
cp: -r not specified; omitting directory '55'
cp: -r not specified; omitting directory '56'
cp: -r not specified; omitting directory '57'
cp: -r not specified; omitting directory '58'
cp: -r not specified; omitting directory '59'
cp: -r not specified; omitting directory '6'
cp: -r not specified; omitting directory '60'
cp: -r not specified; omitting directory '61'
cp: -r not specified; omitting directory '62'
cp: -r not specified; omitting directory '63'
cp: -r not specified; omitting directory '64'
cp: -r not specified; omitting directory '65'
cp: -r not specified; omitting directory '66'
cp: -r not specified; omitting directory '67'
cp: -r not specified; omitting directory '68'
cp: -r not specified; omitting directory '69'
cp: -r not specified; omitting directory '7'
cp: -r not specified; omitting directory '70'
cp: -r not specified; omitting directory '71'
cp: -r not specified; omitting directory '72'
cp: -r not specified; omitting directory '73'
cp: -r not specified; omitting directory '74'
cp: -r not specified; omitting directory '75'
cp: -r not specified; omitting directory '76'
cp: -r not specified; omitting directory '8'
cp: -r not specified; omitting directory '9'
sbatch: error: Unable to open file test_3.sh
/software/vmd/1.9.3/linux-rhel8-x86_64/lib/vmd_LINUXAMD64: /lib64/libGL.so.1: no version information available (required by /software/vmd/1.9.3/linux-rhel8-x86_64/lib/vmd_LINUXAMD64)
Info) VMD for LINUXAMD64, version 1.9.3 (November 30, 2016)
Info) http://www.ks.uiuc.edu/Research/vmd/                         
Info) Email questions and bug reports to vmd@ks.uiuc.edu           
Info) Please include this reference in published work using VMD:   
Info)    Humphrey, W., Dalke, A. and Schulten, K., `VMD - Visual   
Info)    Molecular Dynamics', J. Molec. Graphics 1996, 14.1, 33-38.
Info) -------------------------------------------------------------
Info) Multithreading available, 128 CPUs detected.
Info)   CPU features: SSE2 AVX AVX2 FMA 
Info) Free system memory: 807GB (40%)
Info) No CUDA accelerator devices available.
Info) Dynamically loaded 2 plugins in directory:
Info) /software/vmd/1.9.3/linux-rhel8-x86_64/lib/plugins/LINUXAMD64/molfile
77
Info) Using plugin pdb for structure file ./recenter.pdb
Info) Using plugin pdb for coordinates from file ./recenter.pdb
Info) Determining bond structure from distance search ...
Info) Analyzing structure ...
Info)    Atoms: 28820
Info)    Bonds: 23700
Info)    Angles: 0  Dihedrals: 0  Impropers: 0  Cross-terms: 0
Info)    Bondtypes: 0  Angletypes: 0  Dihedraltypes: 0  Impropertypes: 0
Info)    Residues: 5120
Info)    Waters: 5000
Info)    Segments: 3
Info)    Fragments: 5120   Protein: 0   Nucleic: 0
Info) Finished with coordinate file ./recenter.pdb.
0
atomselect0
atomselect1
Info) Opened coordinate file memb.pdb for writing.
Info) Finished with coordinate file memb.pdb.
Info) VMD for LINUXAMD64, version 1.9.3 (November 30, 2016)
Info) Exiting normally.
cp: cannot stat 'recenter.ORCAFF.prms': No such file or directory
cp: -r not specified; omitting directory '1'
cp: -r not specified; omitting directory '10'
cp: -r not specified; omitting directory '11'
cp: -r not specified; omitting directory '12'
cp: -r not specified; omitting directory '13'
cp: -r not specified; omitting directory '14'
cp: -r not specified; omitting directory '15'
cp: -r not specified; omitting directory '16'
cp: -r not specified; omitting directory '17'
cp: -r not specified; omitting directory '18'
cp: -r not specified; omitting directory '19'
cp: -r not specified; omitting directory '2'
cp: -r not specified; omitting directory '20'
cp: -r not specified; omitting directory '21'
cp: -r not specified; omitting directory '22'
cp: -r not specified; omitting directory '23'
cp: -r not specified; omitting directory '24'
cp: -r not specified; omitting directory '25'
cp: -r not specified; omitting directory '26'
cp: -r not specified; omitting directory '27'
cp: -r not specified; omitting directory '28'
cp: -r not specified; omitting directory '29'
cp: -r not specified; omitting directory '3'
cp: -r not specified; omitting directory '30'
cp: -r not specified; omitting directory '31'
cp: -r not specified; omitting directory '32'
cp: -r not specified; omitting directory '33'
cp: -r not specified; omitting directory '34'
cp: -r not specified; omitting directory '35'
cp: -r not specified; omitting directory '36'
cp: -r not specified; omitting directory '37'
cp: -r not specified; omitting directory '38'
cp: -r not specified; omitting directory '39'
cp: -r not specified; omitting directory '4'
cp: -r not specified; omitting directory '40'
cp: -r not specified; omitting directory '41'
cp: -r not specified; omitting directory '42'
cp: -r not specified; omitting directory '43'
cp: -r not specified; omitting directory '44'
cp: -r not specified; omitting directory '45'
cp: -r not specified; omitting directory '46'
cp: -r not specified; omitting directory '47'
cp: -r not specified; omitting directory '48'
cp: -r not specified; omitting directory '49'
cp: -r not specified; omitting directory '5'
cp: -r not specified; omitting directory '50'
cp: -r not specified; omitting directory '51'
cp: -r not specified; omitting directory '52'
cp: -r not specified; omitting directory '53'
cp: -r not specified; omitting directory '54'
cp: -r not specified; omitting directory '55'
cp: -r not specified; omitting directory '56'
cp: -r not specified; omitting directory '57'
cp: -r not specified; omitting directory '58'
cp: -r not specified; omitting directory '59'
cp: -r not specified; omitting directory '6'
cp: -r not specified; omitting directory '60'
cp: -r not specified; omitting directory '61'
cp: -r not specified; omitting directory '62'
cp: -r not specified; omitting directory '63'
cp: -r not specified; omitting directory '64'
cp: -r not specified; omitting directory '65'
cp: -r not specified; omitting directory '66'
cp: -r not specified; omitting directory '67'
cp: -r not specified; omitting directory '68'
cp: -r not specified; omitting directory '69'
cp: -r not specified; omitting directory '7'
cp: -r not specified; omitting directory '70'
cp: -r not specified; omitting directory '71'
cp: -r not specified; omitting directory '72'
cp: -r not specified; omitting directory '73'
cp: -r not specified; omitting directory '74'
cp: -r not specified; omitting directory '75'
cp: -r not specified; omitting directory '76'
cp: -r not specified; omitting directory '77'
cp: -r not specified; omitting directory '8'
cp: -r not specified; omitting directory '9'
sbatch: error: Unable to open file test_3.sh
/software/vmd/1.9.3/linux-rhel8-x86_64/lib/vmd_LINUXAMD64: /lib64/libGL.so.1: no version information available (required by /software/vmd/1.9.3/linux-rhel8-x86_64/lib/vmd_LINUXAMD64)
Info) VMD for LINUXAMD64, version 1.9.3 (November 30, 2016)
Info) http://www.ks.uiuc.edu/Research/vmd/                         
Info) Email questions and bug reports to vmd@ks.uiuc.edu           
Info) Please include this reference in published work using VMD:   
Info)    Humphrey, W., Dalke, A. and Schulten, K., `VMD - Visual   
Info)    Molecular Dynamics', J. Molec. Graphics 1996, 14.1, 33-38.
Info) -------------------------------------------------------------
Info) Multithreading available, 128 CPUs detected.
Info)   CPU features: SSE2 AVX AVX2 FMA 
Info) Free system memory: 806GB (40%)
Info) No CUDA accelerator devices available.
Info) Dynamically loaded 2 plugins in directory:
Info) /software/vmd/1.9.3/linux-rhel8-x86_64/lib/plugins/LINUXAMD64/molfile
78
Info) Using plugin pdb for structure file ./recenter.pdb
Info) Using plugin pdb for coordinates from file ./recenter.pdb
Info) Determining bond structure from distance search ...
Info) Analyzing structure ...
Info)    Atoms: 28820
Info)    Bonds: 23700
Info)    Angles: 0  Dihedrals: 0  Impropers: 0  Cross-terms: 0
Info)    Bondtypes: 0  Angletypes: 0  Dihedraltypes: 0  Impropertypes: 0
Info)    Residues: 5120
Info)    Waters: 5000
Info)    Segments: 3
Info)    Fragments: 5120   Protein: 0   Nucleic: 0
Info) Finished with coordinate file ./recenter.pdb.
0
atomselect0
atomselect1
Info) Opened coordinate file memb.pdb for writing.
Info) Finished with coordinate file memb.pdb.
Info) VMD for LINUXAMD64, version 1.9.3 (November 30, 2016)
Info) Exiting normally.
cp: cannot stat 'recenter.ORCAFF.prms': No such file or directory
cp: -r not specified; omitting directory '1'
cp: -r not specified; omitting directory '10'
cp: -r not specified; omitting directory '11'
cp: -r not specified; omitting directory '12'
cp: -r not specified; omitting directory '13'
cp: -r not specified; omitting directory '14'
cp: -r not specified; omitting directory '15'
cp: -r not specified; omitting directory '16'
cp: -r not specified; omitting directory '17'
cp: -r not specified; omitting directory '18'
cp: -r not specified; omitting directory '19'
cp: -r not specified; omitting directory '2'
cp: -r not specified; omitting directory '20'
cp: -r not specified; omitting directory '21'
cp: -r not specified; omitting directory '22'
cp: -r not specified; omitting directory '23'
cp: -r not specified; omitting directory '24'
cp: -r not specified; omitting directory '25'
cp: -r not specified; omitting directory '26'
cp: -r not specified; omitting directory '27'
cp: -r not specified; omitting directory '28'
cp: -r not specified; omitting directory '29'
cp: -r not specified; omitting directory '3'
cp: -r not specified; omitting directory '30'
cp: -r not specified; omitting directory '31'
cp: -r not specified; omitting directory '32'
cp: -r not specified; omitting directory '33'
cp: -r not specified; omitting directory '34'
cp: -r not specified; omitting directory '35'
cp: -r not specified; omitting directory '36'
cp: -r not specified; omitting directory '37'
cp: -r not specified; omitting directory '38'
cp: -r not specified; omitting directory '39'
cp: -r not specified; omitting directory '4'
cp: -r not specified; omitting directory '40'
cp: -r not specified; omitting directory '41'
cp: -r not specified; omitting directory '42'
cp: -r not specified; omitting directory '43'
cp: -r not specified; omitting directory '44'
cp: -r not specified; omitting directory '45'
cp: -r not specified; omitting directory '46'
cp: -r not specified; omitting directory '47'
cp: -r not specified; omitting directory '48'
cp: -r not specified; omitting directory '49'
cp: -r not specified; omitting directory '5'
cp: -r not specified; omitting directory '50'
cp: -r not specified; omitting directory '51'
cp: -r not specified; omitting directory '52'
cp: -r not specified; omitting directory '53'
cp: -r not specified; omitting directory '54'
cp: -r not specified; omitting directory '55'
cp: -r not specified; omitting directory '56'
cp: -r not specified; omitting directory '57'
cp: -r not specified; omitting directory '58'
cp: -r not specified; omitting directory '59'
cp: -r not specified; omitting directory '6'
cp: -r not specified; omitting directory '60'
cp: -r not specified; omitting directory '61'
cp: -r not specified; omitting directory '62'
cp: -r not specified; omitting directory '63'
cp: -r not specified; omitting directory '64'
cp: -r not specified; omitting directory '65'
cp: -r not specified; omitting directory '66'
cp: -r not specified; omitting directory '67'
cp: -r not specified; omitting directory '68'
cp: -r not specified; omitting directory '69'
cp: -r not specified; omitting directory '7'
cp: -r not specified; omitting directory '70'
cp: -r not specified; omitting directory '71'
cp: -r not specified; omitting directory '72'
cp: -r not specified; omitting directory '73'
cp: -r not specified; omitting directory '74'
cp: -r not specified; omitting directory '75'
cp: -r not specified; omitting directory '76'
cp: -r not specified; omitting directory '77'
cp: -r not specified; omitting directory '78'
cp: -r not specified; omitting directory '8'
cp: -r not specified; omitting directory '9'
sbatch: error: Unable to open file test_3.sh
/software/vmd/1.9.3/linux-rhel8-x86_64/lib/vmd_LINUXAMD64: /lib64/libGL.so.1: no version information available (required by /software/vmd/1.9.3/linux-rhel8-x86_64/lib/vmd_LINUXAMD64)
Info) VMD for LINUXAMD64, version 1.9.3 (November 30, 2016)
Info) http://www.ks.uiuc.edu/Research/vmd/                         
Info) Email questions and bug reports to vmd@ks.uiuc.edu           
Info) Please include this reference in published work using VMD:   
Info)    Humphrey, W., Dalke, A. and Schulten, K., `VMD - Visual   
Info)    Molecular Dynamics', J. Molec. Graphics 1996, 14.1, 33-38.
Info) -------------------------------------------------------------
Info) Multithreading available, 128 CPUs detected.
Info)   CPU features: SSE2 AVX AVX2 FMA 
Info) Free system memory: 807GB (40%)
Info) No CUDA accelerator devices available.
Info) Dynamically loaded 2 plugins in directory:
Info) /software/vmd/1.9.3/linux-rhel8-x86_64/lib/plugins/LINUXAMD64/molfile
79
Info) Using plugin pdb for structure file ./recenter.pdb
Info) Using plugin pdb for coordinates from file ./recenter.pdb
Info) Determining bond structure from distance search ...
Info) Analyzing structure ...
Info)    Atoms: 28820
Info)    Bonds: 23700
Info)    Angles: 0  Dihedrals: 0  Impropers: 0  Cross-terms: 0
Info)    Bondtypes: 0  Angletypes: 0  Dihedraltypes: 0  Impropertypes: 0
Info)    Residues: 5120
Info)    Waters: 5000
Info)    Segments: 3
Info)    Fragments: 5120   Protein: 0   Nucleic: 0
Info) Finished with coordinate file ./recenter.pdb.
0
atomselect0
atomselect1
Info) Opened coordinate file memb.pdb for writing.
Info) Finished with coordinate file memb.pdb.
Info) VMD for LINUXAMD64, version 1.9.3 (November 30, 2016)
Info) Exiting normally.
cp: cannot stat 'recenter.ORCAFF.prms': No such file or directory
cp: -r not specified; omitting directory '1'
cp: -r not specified; omitting directory '10'
cp: -r not specified; omitting directory '11'
cp: -r not specified; omitting directory '12'
cp: -r not specified; omitting directory '13'
cp: -r not specified; omitting directory '14'
cp: -r not specified; omitting directory '15'
cp: -r not specified; omitting directory '16'
cp: -r not specified; omitting directory '17'
cp: -r not specified; omitting directory '18'
cp: -r not specified; omitting directory '19'
cp: -r not specified; omitting directory '2'
cp: -r not specified; omitting directory '20'
cp: -r not specified; omitting directory '21'
cp: -r not specified; omitting directory '22'
cp: -r not specified; omitting directory '23'
cp: -r not specified; omitting directory '24'
cp: -r not specified; omitting directory '25'
cp: -r not specified; omitting directory '26'
cp: -r not specified; omitting directory '27'
cp: -r not specified; omitting directory '28'
cp: -r not specified; omitting directory '29'
cp: -r not specified; omitting directory '3'
cp: -r not specified; omitting directory '30'
cp: -r not specified; omitting directory '31'
cp: -r not specified; omitting directory '32'
cp: -r not specified; omitting directory '33'
cp: -r not specified; omitting directory '34'
cp: -r not specified; omitting directory '35'
cp: -r not specified; omitting directory '36'
cp: -r not specified; omitting directory '37'
cp: -r not specified; omitting directory '38'
cp: -r not specified; omitting directory '39'
cp: -r not specified; omitting directory '4'
cp: -r not specified; omitting directory '40'
cp: -r not specified; omitting directory '41'
cp: -r not specified; omitting directory '42'
cp: -r not specified; omitting directory '43'
cp: -r not specified; omitting directory '44'
cp: -r not specified; omitting directory '45'
cp: -r not specified; omitting directory '46'
cp: -r not specified; omitting directory '47'
cp: -r not specified; omitting directory '48'
cp: -r not specified; omitting directory '49'
cp: -r not specified; omitting directory '5'
cp: -r not specified; omitting directory '50'
cp: -r not specified; omitting directory '51'
cp: -r not specified; omitting directory '52'
cp: -r not specified; omitting directory '53'
cp: -r not specified; omitting directory '54'
cp: -r not specified; omitting directory '55'
cp: -r not specified; omitting directory '56'
cp: -r not specified; omitting directory '57'
cp: -r not specified; omitting directory '58'
cp: -r not specified; omitting directory '59'
cp: -r not specified; omitting directory '6'
cp: -r not specified; omitting directory '60'
cp: -r not specified; omitting directory '61'
cp: -r not specified; omitting directory '62'
cp: -r not specified; omitting directory '63'
cp: -r not specified; omitting directory '64'
cp: -r not specified; omitting directory '65'
cp: -r not specified; omitting directory '66'
cp: -r not specified; omitting directory '67'
cp: -r not specified; omitting directory '68'
cp: -r not specified; omitting directory '69'
cp: -r not specified; omitting directory '7'
cp: -r not specified; omitting directory '70'
cp: -r not specified; omitting directory '71'
cp: -r not specified; omitting directory '72'
cp: -r not specified; omitting directory '73'
cp: -r not specified; omitting directory '74'
cp: -r not specified; omitting directory '75'
cp: -r not specified; omitting directory '76'
cp: -r not specified; omitting directory '77'
cp: -r not specified; omitting directory '78'
cp: -r not specified; omitting directory '79'
cp: -r not specified; omitting directory '8'
cp: -r not specified; omitting directory '9'
sbatch: error: Unable to open file test_3.sh
/software/vmd/1.9.3/linux-rhel8-x86_64/lib/vmd_LINUXAMD64: /lib64/libGL.so.1: no version information available (required by /software/vmd/1.9.3/linux-rhel8-x86_64/lib/vmd_LINUXAMD64)
Info) VMD for LINUXAMD64, version 1.9.3 (November 30, 2016)
Info) http://www.ks.uiuc.edu/Research/vmd/                         
Info) Email questions and bug reports to vmd@ks.uiuc.edu           
Info) Please include this reference in published work using VMD:   
Info)    Humphrey, W., Dalke, A. and Schulten, K., `VMD - Visual   
Info)    Molecular Dynamics', J. Molec. Graphics 1996, 14.1, 33-38.
Info) -------------------------------------------------------------
Info) Multithreading available, 128 CPUs detected.
Info)   CPU features: SSE2 AVX AVX2 FMA 
Info) Free system memory: 806GB (40%)
Info) No CUDA accelerator devices available.
Info) Dynamically loaded 2 plugins in directory:
Info) /software/vmd/1.9.3/linux-rhel8-x86_64/lib/plugins/LINUXAMD64/molfile
80
Info) Using plugin pdb for structure file ./recenter.pdb
Info) Using plugin pdb for coordinates from file ./recenter.pdb
Info) Determining bond structure from distance search ...
Info) Analyzing structure ...
Info)    Atoms: 28820
Info)    Bonds: 23700
Info)    Angles: 0  Dihedrals: 0  Impropers: 0  Cross-terms: 0
Info)    Bondtypes: 0  Angletypes: 0  Dihedraltypes: 0  Impropertypes: 0
Info)    Residues: 5120
Info)    Waters: 5000
Info)    Segments: 3
Info)    Fragments: 5120   Protein: 0   Nucleic: 0
Info) Finished with coordinate file ./recenter.pdb.
0
atomselect0
atomselect1
Info) Opened coordinate file memb.pdb for writing.
Info) Finished with coordinate file memb.pdb.
Info) VMD for LINUXAMD64, version 1.9.3 (November 30, 2016)
Info) Exiting normally.
cp: cannot stat 'recenter.ORCAFF.prms': No such file or directory
cp: -r not specified; omitting directory '1'
cp: -r not specified; omitting directory '10'
cp: -r not specified; omitting directory '11'
cp: -r not specified; omitting directory '12'
cp: -r not specified; omitting directory '13'
cp: -r not specified; omitting directory '14'
cp: -r not specified; omitting directory '15'
cp: -r not specified; omitting directory '16'
cp: -r not specified; omitting directory '17'
cp: -r not specified; omitting directory '18'
cp: -r not specified; omitting directory '19'
cp: -r not specified; omitting directory '2'
cp: -r not specified; omitting directory '20'
cp: -r not specified; omitting directory '21'
cp: -r not specified; omitting directory '22'
cp: -r not specified; omitting directory '23'
cp: -r not specified; omitting directory '24'
cp: -r not specified; omitting directory '25'
cp: -r not specified; omitting directory '26'
cp: -r not specified; omitting directory '27'
cp: -r not specified; omitting directory '28'
cp: -r not specified; omitting directory '29'
cp: -r not specified; omitting directory '3'
cp: -r not specified; omitting directory '30'
cp: -r not specified; omitting directory '31'
cp: -r not specified; omitting directory '32'
cp: -r not specified; omitting directory '33'
cp: -r not specified; omitting directory '34'
cp: -r not specified; omitting directory '35'
cp: -r not specified; omitting directory '36'
cp: -r not specified; omitting directory '37'
cp: -r not specified; omitting directory '38'
cp: -r not specified; omitting directory '39'
cp: -r not specified; omitting directory '4'
cp: -r not specified; omitting directory '40'
cp: -r not specified; omitting directory '41'
cp: -r not specified; omitting directory '42'
cp: -r not specified; omitting directory '43'
cp: -r not specified; omitting directory '44'
cp: -r not specified; omitting directory '45'
cp: -r not specified; omitting directory '46'
cp: -r not specified; omitting directory '47'
cp: -r not specified; omitting directory '48'
cp: -r not specified; omitting directory '49'
cp: -r not specified; omitting directory '5'
cp: -r not specified; omitting directory '50'
cp: -r not specified; omitting directory '51'
cp: -r not specified; omitting directory '52'
cp: -r not specified; omitting directory '53'
cp: -r not specified; omitting directory '54'
cp: -r not specified; omitting directory '55'
cp: -r not specified; omitting directory '56'
cp: -r not specified; omitting directory '57'
cp: -r not specified; omitting directory '58'
cp: -r not specified; omitting directory '59'
cp: -r not specified; omitting directory '6'
cp: -r not specified; omitting directory '60'
cp: -r not specified; omitting directory '61'
cp: -r not specified; omitting directory '62'
cp: -r not specified; omitting directory '63'
cp: -r not specified; omitting directory '64'
cp: -r not specified; omitting directory '65'
cp: -r not specified; omitting directory '66'
cp: -r not specified; omitting directory '67'
cp: -r not specified; omitting directory '68'
cp: -r not specified; omitting directory '69'
cp: -r not specified; omitting directory '7'
cp: -r not specified; omitting directory '70'
cp: -r not specified; omitting directory '71'
cp: -r not specified; omitting directory '72'
cp: -r not specified; omitting directory '73'
cp: -r not specified; omitting directory '74'
cp: -r not specified; omitting directory '75'
cp: -r not specified; omitting directory '76'
cp: -r not specified; omitting directory '77'
cp: -r not specified; omitting directory '78'
cp: -r not specified; omitting directory '79'
cp: -r not specified; omitting directory '8'
cp: -r not specified; omitting directory '80'
cp: -r not specified; omitting directory '9'
sbatch: error: Unable to open file test_3.sh
/software/vmd/1.9.3/linux-rhel8-x86_64/lib/vmd_LINUXAMD64: /lib64/libGL.so.1: no version information available (required by /software/vmd/1.9.3/linux-rhel8-x86_64/lib/vmd_LINUXAMD64)
Info) VMD for LINUXAMD64, version 1.9.3 (November 30, 2016)
Info) http://www.ks.uiuc.edu/Research/vmd/                         
Info) Email questions and bug reports to vmd@ks.uiuc.edu           
Info) Please include this reference in published work using VMD:   
Info)    Humphrey, W., Dalke, A. and Schulten, K., `VMD - Visual   
Info)    Molecular Dynamics', J. Molec. Graphics 1996, 14.1, 33-38.
Info) -------------------------------------------------------------
Info) Multithreading available, 128 CPUs detected.
Info)   CPU features: SSE2 AVX AVX2 FMA 
Info) Free system memory: 804GB (39%)
Info) No CUDA accelerator devices available.
Info) Dynamically loaded 2 plugins in directory:
Info) /software/vmd/1.9.3/linux-rhel8-x86_64/lib/plugins/LINUXAMD64/molfile
81
Info) Using plugin pdb for structure file ./recenter.pdb
Info) Using plugin pdb for coordinates from file ./recenter.pdb
Info) Determining bond structure from distance search ...
Info) Analyzing structure ...
Info)    Atoms: 28820
Info)    Bonds: 23700
Info)    Angles: 0  Dihedrals: 0  Impropers: 0  Cross-terms: 0
Info)    Bondtypes: 0  Angletypes: 0  Dihedraltypes: 0  Impropertypes: 0
Info)    Residues: 5120
Info)    Waters: 5000
Info)    Segments: 3
Info)    Fragments: 5120   Protein: 0   Nucleic: 0
Info) Finished with coordinate file ./recenter.pdb.
0
atomselect0
atomselect1
Info) Opened coordinate file memb.pdb for writing.
Info) Finished with coordinate file memb.pdb.
Info) VMD for LINUXAMD64, version 1.9.3 (November 30, 2016)
Info) Exiting normally.
cp: cannot stat 'recenter.ORCAFF.prms': No such file or directory
cp: -r not specified; omitting directory '1'
cp: -r not specified; omitting directory '10'
cp: -r not specified; omitting directory '11'
cp: -r not specified; omitting directory '12'
cp: -r not specified; omitting directory '13'
cp: -r not specified; omitting directory '14'
cp: -r not specified; omitting directory '15'
cp: -r not specified; omitting directory '16'
cp: -r not specified; omitting directory '17'
cp: -r not specified; omitting directory '18'
cp: -r not specified; omitting directory '19'
cp: -r not specified; omitting directory '2'
cp: -r not specified; omitting directory '20'
cp: -r not specified; omitting directory '21'
cp: -r not specified; omitting directory '22'
cp: -r not specified; omitting directory '23'
cp: -r not specified; omitting directory '24'
cp: -r not specified; omitting directory '25'
cp: -r not specified; omitting directory '26'
cp: -r not specified; omitting directory '27'
cp: -r not specified; omitting directory '28'
cp: -r not specified; omitting directory '29'
cp: -r not specified; omitting directory '3'
cp: -r not specified; omitting directory '30'
cp: -r not specified; omitting directory '31'
cp: -r not specified; omitting directory '32'
cp: -r not specified; omitting directory '33'
cp: -r not specified; omitting directory '34'
cp: -r not specified; omitting directory '35'
cp: -r not specified; omitting directory '36'
cp: -r not specified; omitting directory '37'
cp: -r not specified; omitting directory '38'
cp: -r not specified; omitting directory '39'
cp: -r not specified; omitting directory '4'
cp: -r not specified; omitting directory '40'
cp: -r not specified; omitting directory '41'
cp: -r not specified; omitting directory '42'
cp: -r not specified; omitting directory '43'
cp: -r not specified; omitting directory '44'
cp: -r not specified; omitting directory '45'
cp: -r not specified; omitting directory '46'
cp: -r not specified; omitting directory '47'
cp: -r not specified; omitting directory '48'
cp: -r not specified; omitting directory '49'
cp: -r not specified; omitting directory '5'
cp: -r not specified; omitting directory '50'
cp: -r not specified; omitting directory '51'
cp: -r not specified; omitting directory '52'
cp: -r not specified; omitting directory '53'
cp: -r not specified; omitting directory '54'
cp: -r not specified; omitting directory '55'
cp: -r not specified; omitting directory '56'
cp: -r not specified; omitting directory '57'
cp: -r not specified; omitting directory '58'
cp: -r not specified; omitting directory '59'
cp: -r not specified; omitting directory '6'
cp: -r not specified; omitting directory '60'
cp: -r not specified; omitting directory '61'
cp: -r not specified; omitting directory '62'
cp: -r not specified; omitting directory '63'
cp: -r not specified; omitting directory '64'
cp: -r not specified; omitting directory '65'
cp: -r not specified; omitting directory '66'
cp: -r not specified; omitting directory '67'
cp: -r not specified; omitting directory '68'
cp: -r not specified; omitting directory '69'
cp: -r not specified; omitting directory '7'
cp: -r not specified; omitting directory '70'
cp: -r not specified; omitting directory '71'
cp: -r not specified; omitting directory '72'
cp: -r not specified; omitting directory '73'
cp: -r not specified; omitting directory '74'
cp: -r not specified; omitting directory '75'
cp: -r not specified; omitting directory '76'
cp: -r not specified; omitting directory '77'
cp: -r not specified; omitting directory '78'
cp: -r not specified; omitting directory '79'
cp: -r not specified; omitting directory '8'
cp: -r not specified; omitting directory '80'
cp: -r not specified; omitting directory '81'
cp: -r not specified; omitting directory '9'
sbatch: error: Unable to open file test_3.sh
/software/vmd/1.9.3/linux-rhel8-x86_64/lib/vmd_LINUXAMD64: /lib64/libGL.so.1: no version information available (required by /software/vmd/1.9.3/linux-rhel8-x86_64/lib/vmd_LINUXAMD64)
Info) VMD for LINUXAMD64, version 1.9.3 (November 30, 2016)
Info) http://www.ks.uiuc.edu/Research/vmd/                         
Info) Email questions and bug reports to vmd@ks.uiuc.edu           
Info) Please include this reference in published work using VMD:   
Info)    Humphrey, W., Dalke, A. and Schulten, K., `VMD - Visual   
Info)    Molecular Dynamics', J. Molec. Graphics 1996, 14.1, 33-38.
Info) -------------------------------------------------------------
Info) Multithreading available, 128 CPUs detected.
Info)   CPU features: SSE2 AVX AVX2 FMA 
Info) Free system memory: 803GB (39%)
Info) No CUDA accelerator devices available.
Info) Dynamically loaded 2 plugins in directory:
Info) /software/vmd/1.9.3/linux-rhel8-x86_64/lib/plugins/LINUXAMD64/molfile
82
Info) Using plugin pdb for structure file ./recenter.pdb
Info) Using plugin pdb for coordinates from file ./recenter.pdb
Info) Determining bond structure from distance search ...
Info) Analyzing structure ...
Info)    Atoms: 28820
Info)    Bonds: 23700
Info)    Angles: 0  Dihedrals: 0  Impropers: 0  Cross-terms: 0
Info)    Bondtypes: 0  Angletypes: 0  Dihedraltypes: 0  Impropertypes: 0
Info)    Residues: 5120
Info)    Waters: 5000
Info)    Segments: 3
Info)    Fragments: 5120   Protein: 0   Nucleic: 0
Info) Finished with coordinate file ./recenter.pdb.
0
atomselect0
atomselect1
Info) Opened coordinate file memb.pdb for writing.
Info) Finished with coordinate file memb.pdb.
Info) VMD for LINUXAMD64, version 1.9.3 (November 30, 2016)
Info) Exiting normally.
cp: cannot stat 'recenter.ORCAFF.prms': No such file or directory
cp: -r not specified; omitting directory '1'
cp: -r not specified; omitting directory '10'
cp: -r not specified; omitting directory '11'
cp: -r not specified; omitting directory '12'
cp: -r not specified; omitting directory '13'
cp: -r not specified; omitting directory '14'
cp: -r not specified; omitting directory '15'
cp: -r not specified; omitting directory '16'
cp: -r not specified; omitting directory '17'
cp: -r not specified; omitting directory '18'
cp: -r not specified; omitting directory '19'
cp: -r not specified; omitting directory '2'
cp: -r not specified; omitting directory '20'
cp: -r not specified; omitting directory '21'
cp: -r not specified; omitting directory '22'
cp: -r not specified; omitting directory '23'
cp: -r not specified; omitting directory '24'
cp: -r not specified; omitting directory '25'
cp: -r not specified; omitting directory '26'
cp: -r not specified; omitting directory '27'
cp: -r not specified; omitting directory '28'
cp: -r not specified; omitting directory '29'
cp: -r not specified; omitting directory '3'
cp: -r not specified; omitting directory '30'
cp: -r not specified; omitting directory '31'
cp: -r not specified; omitting directory '32'
cp: -r not specified; omitting directory '33'
cp: -r not specified; omitting directory '34'
cp: -r not specified; omitting directory '35'
cp: -r not specified; omitting directory '36'
cp: -r not specified; omitting directory '37'
cp: -r not specified; omitting directory '38'
cp: -r not specified; omitting directory '39'
cp: -r not specified; omitting directory '4'
cp: -r not specified; omitting directory '40'
cp: -r not specified; omitting directory '41'
cp: -r not specified; omitting directory '42'
cp: -r not specified; omitting directory '43'
cp: -r not specified; omitting directory '44'
cp: -r not specified; omitting directory '45'
cp: -r not specified; omitting directory '46'
cp: -r not specified; omitting directory '47'
cp: -r not specified; omitting directory '48'
cp: -r not specified; omitting directory '49'
cp: -r not specified; omitting directory '5'
cp: -r not specified; omitting directory '50'
cp: -r not specified; omitting directory '51'
cp: -r not specified; omitting directory '52'
cp: -r not specified; omitting directory '53'
cp: -r not specified; omitting directory '54'
cp: -r not specified; omitting directory '55'
cp: -r not specified; omitting directory '56'
cp: -r not specified; omitting directory '57'
cp: -r not specified; omitting directory '58'
cp: -r not specified; omitting directory '59'
cp: -r not specified; omitting directory '6'
cp: -r not specified; omitting directory '60'
cp: -r not specified; omitting directory '61'
cp: -r not specified; omitting directory '62'
cp: -r not specified; omitting directory '63'
cp: -r not specified; omitting directory '64'
cp: -r not specified; omitting directory '65'
cp: -r not specified; omitting directory '66'
cp: -r not specified; omitting directory '67'
cp: -r not specified; omitting directory '68'
cp: -r not specified; omitting directory '69'
cp: -r not specified; omitting directory '7'
cp: -r not specified; omitting directory '70'
cp: -r not specified; omitting directory '71'
cp: -r not specified; omitting directory '72'
cp: -r not specified; omitting directory '73'
cp: -r not specified; omitting directory '74'
cp: -r not specified; omitting directory '75'
cp: -r not specified; omitting directory '76'
cp: -r not specified; omitting directory '77'
cp: -r not specified; omitting directory '78'
cp: -r not specified; omitting directory '79'
cp: -r not specified; omitting directory '8'
cp: -r not specified; omitting directory '80'
cp: -r not specified; omitting directory '81'
cp: -r not specified; omitting directory '82'
cp: -r not specified; omitting directory '9'
sbatch: error: Unable to open file test_3.sh
/software/vmd/1.9.3/linux-rhel8-x86_64/lib/vmd_LINUXAMD64: /lib64/libGL.so.1: no version information available (required by /software/vmd/1.9.3/linux-rhel8-x86_64/lib/vmd_LINUXAMD64)
Info) VMD for LINUXAMD64, version 1.9.3 (November 30, 2016)
Info) http://www.ks.uiuc.edu/Research/vmd/                         
Info) Email questions and bug reports to vmd@ks.uiuc.edu           
Info) Please include this reference in published work using VMD:   
Info)    Humphrey, W., Dalke, A. and Schulten, K., `VMD - Visual   
Info)    Molecular Dynamics', J. Molec. Graphics 1996, 14.1, 33-38.
Info) -------------------------------------------------------------
Info) Multithreading available, 128 CPUs detected.
Info)   CPU features: SSE2 AVX AVX2 FMA 
Info) Free system memory: 806GB (40%)
Info) No CUDA accelerator devices available.
Info) Dynamically loaded 2 plugins in directory:
Info) /software/vmd/1.9.3/linux-rhel8-x86_64/lib/plugins/LINUXAMD64/molfile
83
Info) Using plugin pdb for structure file ./recenter.pdb
Info) Using plugin pdb for coordinates from file ./recenter.pdb
Info) Determining bond structure from distance search ...
Info) Analyzing structure ...
Info)    Atoms: 28820
Info)    Bonds: 23700
Info)    Angles: 0  Dihedrals: 0  Impropers: 0  Cross-terms: 0
Info)    Bondtypes: 0  Angletypes: 0  Dihedraltypes: 0  Impropertypes: 0
Info)    Residues: 5120
Info)    Waters: 5000
Info)    Segments: 3
Info)    Fragments: 5120   Protein: 0   Nucleic: 0
Info) Finished with coordinate file ./recenter.pdb.
0
atomselect0
atomselect1
Info) Opened coordinate file memb.pdb for writing.
Info) Finished with coordinate file memb.pdb.
Info) VMD for LINUXAMD64, version 1.9.3 (November 30, 2016)
Info) Exiting normally.
cp: cannot stat 'recenter.ORCAFF.prms': No such file or directory
cp: -r not specified; omitting directory '1'
cp: -r not specified; omitting directory '10'
cp: -r not specified; omitting directory '11'
cp: -r not specified; omitting directory '12'
cp: -r not specified; omitting directory '13'
cp: -r not specified; omitting directory '14'
cp: -r not specified; omitting directory '15'
cp: -r not specified; omitting directory '16'
cp: -r not specified; omitting directory '17'
cp: -r not specified; omitting directory '18'
cp: -r not specified; omitting directory '19'
cp: -r not specified; omitting directory '2'
cp: -r not specified; omitting directory '20'
cp: -r not specified; omitting directory '21'
cp: -r not specified; omitting directory '22'
cp: -r not specified; omitting directory '23'
cp: -r not specified; omitting directory '24'
cp: -r not specified; omitting directory '25'
cp: -r not specified; omitting directory '26'
cp: -r not specified; omitting directory '27'
cp: -r not specified; omitting directory '28'
cp: -r not specified; omitting directory '29'
cp: -r not specified; omitting directory '3'
cp: -r not specified; omitting directory '30'
cp: -r not specified; omitting directory '31'
cp: -r not specified; omitting directory '32'
cp: -r not specified; omitting directory '33'
cp: -r not specified; omitting directory '34'
cp: -r not specified; omitting directory '35'
cp: -r not specified; omitting directory '36'
cp: -r not specified; omitting directory '37'
cp: -r not specified; omitting directory '38'
cp: -r not specified; omitting directory '39'
cp: -r not specified; omitting directory '4'
cp: -r not specified; omitting directory '40'
cp: -r not specified; omitting directory '41'
cp: -r not specified; omitting directory '42'
cp: -r not specified; omitting directory '43'
cp: -r not specified; omitting directory '44'
cp: -r not specified; omitting directory '45'
cp: -r not specified; omitting directory '46'
cp: -r not specified; omitting directory '47'
cp: -r not specified; omitting directory '48'
cp: -r not specified; omitting directory '49'
cp: -r not specified; omitting directory '5'
cp: -r not specified; omitting directory '50'
cp: -r not specified; omitting directory '51'
cp: -r not specified; omitting directory '52'
cp: -r not specified; omitting directory '53'
cp: -r not specified; omitting directory '54'
cp: -r not specified; omitting directory '55'
cp: -r not specified; omitting directory '56'
cp: -r not specified; omitting directory '57'
cp: -r not specified; omitting directory '58'
cp: -r not specified; omitting directory '59'
cp: -r not specified; omitting directory '6'
cp: -r not specified; omitting directory '60'
cp: -r not specified; omitting directory '61'
cp: -r not specified; omitting directory '62'
cp: -r not specified; omitting directory '63'
cp: -r not specified; omitting directory '64'
cp: -r not specified; omitting directory '65'
cp: -r not specified; omitting directory '66'
cp: -r not specified; omitting directory '67'
cp: -r not specified; omitting directory '68'
cp: -r not specified; omitting directory '69'
cp: -r not specified; omitting directory '7'
cp: -r not specified; omitting directory '70'
cp: -r not specified; omitting directory '71'
cp: -r not specified; omitting directory '72'
cp: -r not specified; omitting directory '73'
cp: -r not specified; omitting directory '74'
cp: -r not specified; omitting directory '75'
cp: -r not specified; omitting directory '76'
cp: -r not specified; omitting directory '77'
cp: -r not specified; omitting directory '78'
cp: -r not specified; omitting directory '79'
cp: -r not specified; omitting directory '8'
cp: -r not specified; omitting directory '80'
cp: -r not specified; omitting directory '81'
cp: -r not specified; omitting directory '82'
cp: -r not specified; omitting directory '83'
cp: -r not specified; omitting directory '9'
sbatch: error: Unable to open file test_3.sh
/software/vmd/1.9.3/linux-rhel8-x86_64/lib/vmd_LINUXAMD64: /lib64/libGL.so.1: no version information available (required by /software/vmd/1.9.3/linux-rhel8-x86_64/lib/vmd_LINUXAMD64)
Info) VMD for LINUXAMD64, version 1.9.3 (November 30, 2016)
Info) http://www.ks.uiuc.edu/Research/vmd/                         
Info) Email questions and bug reports to vmd@ks.uiuc.edu           
Info) Please include this reference in published work using VMD:   
Info)    Humphrey, W., Dalke, A. and Schulten, K., `VMD - Visual   
Info)    Molecular Dynamics', J. Molec. Graphics 1996, 14.1, 33-38.
Info) -------------------------------------------------------------
Info) Multithreading available, 128 CPUs detected.
Info)   CPU features: SSE2 AVX AVX2 FMA 
Info) Free system memory: 806GB (40%)
Info) No CUDA accelerator devices available.
Info) Dynamically loaded 2 plugins in directory:
Info) /software/vmd/1.9.3/linux-rhel8-x86_64/lib/plugins/LINUXAMD64/molfile
84
Info) Using plugin pdb for structure file ./recenter.pdb
Info) Using plugin pdb for coordinates from file ./recenter.pdb
Info) Determining bond structure from distance search ...
Info) Analyzing structure ...
Info)    Atoms: 28820
Info)    Bonds: 23700
Info)    Angles: 0  Dihedrals: 0  Impropers: 0  Cross-terms: 0
Info)    Bondtypes: 0  Angletypes: 0  Dihedraltypes: 0  Impropertypes: 0
Info)    Residues: 5120
Info)    Waters: 5000
Info)    Segments: 3
Info)    Fragments: 5120   Protein: 0   Nucleic: 0
Info) Finished with coordinate file ./recenter.pdb.
0
atomselect0
atomselect1
Info) Opened coordinate file memb.pdb for writing.
Info) Finished with coordinate file memb.pdb.
Info) VMD for LINUXAMD64, version 1.9.3 (November 30, 2016)
Info) Exiting normally.
cp: cannot stat 'recenter.ORCAFF.prms': No such file or directory
cp: -r not specified; omitting directory '1'
cp: -r not specified; omitting directory '10'
cp: -r not specified; omitting directory '11'
cp: -r not specified; omitting directory '12'
cp: -r not specified; omitting directory '13'
cp: -r not specified; omitting directory '14'
cp: -r not specified; omitting directory '15'
cp: -r not specified; omitting directory '16'
cp: -r not specified; omitting directory '17'
cp: -r not specified; omitting directory '18'
cp: -r not specified; omitting directory '19'
cp: -r not specified; omitting directory '2'
cp: -r not specified; omitting directory '20'
cp: -r not specified; omitting directory '21'
cp: -r not specified; omitting directory '22'
cp: -r not specified; omitting directory '23'
cp: -r not specified; omitting directory '24'
cp: -r not specified; omitting directory '25'
cp: -r not specified; omitting directory '26'
cp: -r not specified; omitting directory '27'
cp: -r not specified; omitting directory '28'
cp: -r not specified; omitting directory '29'
cp: -r not specified; omitting directory '3'
cp: -r not specified; omitting directory '30'
cp: -r not specified; omitting directory '31'
cp: -r not specified; omitting directory '32'
cp: -r not specified; omitting directory '33'
cp: -r not specified; omitting directory '34'
cp: -r not specified; omitting directory '35'
cp: -r not specified; omitting directory '36'
cp: -r not specified; omitting directory '37'
cp: -r not specified; omitting directory '38'
cp: -r not specified; omitting directory '39'
cp: -r not specified; omitting directory '4'
cp: -r not specified; omitting directory '40'
cp: -r not specified; omitting directory '41'
cp: -r not specified; omitting directory '42'
cp: -r not specified; omitting directory '43'
cp: -r not specified; omitting directory '44'
cp: -r not specified; omitting directory '45'
cp: -r not specified; omitting directory '46'
cp: -r not specified; omitting directory '47'
cp: -r not specified; omitting directory '48'
cp: -r not specified; omitting directory '49'
cp: -r not specified; omitting directory '5'
cp: -r not specified; omitting directory '50'
cp: -r not specified; omitting directory '51'
cp: -r not specified; omitting directory '52'
cp: -r not specified; omitting directory '53'
cp: -r not specified; omitting directory '54'
cp: -r not specified; omitting directory '55'
cp: -r not specified; omitting directory '56'
cp: -r not specified; omitting directory '57'
cp: -r not specified; omitting directory '58'
cp: -r not specified; omitting directory '59'
cp: -r not specified; omitting directory '6'
cp: -r not specified; omitting directory '60'
cp: -r not specified; omitting directory '61'
cp: -r not specified; omitting directory '62'
cp: -r not specified; omitting directory '63'
cp: -r not specified; omitting directory '64'
cp: -r not specified; omitting directory '65'
cp: -r not specified; omitting directory '66'
cp: -r not specified; omitting directory '67'
cp: -r not specified; omitting directory '68'
cp: -r not specified; omitting directory '69'
cp: -r not specified; omitting directory '7'
cp: -r not specified; omitting directory '70'
cp: -r not specified; omitting directory '71'
cp: -r not specified; omitting directory '72'
cp: -r not specified; omitting directory '73'
cp: -r not specified; omitting directory '74'
cp: -r not specified; omitting directory '75'
cp: -r not specified; omitting directory '76'
cp: -r not specified; omitting directory '77'
cp: -r not specified; omitting directory '78'
cp: -r not specified; omitting directory '79'
cp: -r not specified; omitting directory '8'
cp: -r not specified; omitting directory '80'
cp: -r not specified; omitting directory '81'
cp: -r not specified; omitting directory '82'
cp: -r not specified; omitting directory '83'
cp: -r not specified; omitting directory '84'
cp: -r not specified; omitting directory '9'
sbatch: error: Unable to open file test_3.sh
/software/vmd/1.9.3/linux-rhel8-x86_64/lib/vmd_LINUXAMD64: /lib64/libGL.so.1: no version information available (required by /software/vmd/1.9.3/linux-rhel8-x86_64/lib/vmd_LINUXAMD64)
Info) VMD for LINUXAMD64, version 1.9.3 (November 30, 2016)
Info) http://www.ks.uiuc.edu/Research/vmd/                         
Info) Email questions and bug reports to vmd@ks.uiuc.edu           
Info) Please include this reference in published work using VMD:   
Info)    Humphrey, W., Dalke, A. and Schulten, K., `VMD - Visual   
Info)    Molecular Dynamics', J. Molec. Graphics 1996, 14.1, 33-38.
Info) -------------------------------------------------------------
Info) Multithreading available, 128 CPUs detected.
Info)   CPU features: SSE2 AVX AVX2 FMA 
Info) Free system memory: 807GB (40%)
Info) No CUDA accelerator devices available.
Info) Dynamically loaded 2 plugins in directory:
Info) /software/vmd/1.9.3/linux-rhel8-x86_64/lib/plugins/LINUXAMD64/molfile
85
Info) Using plugin pdb for structure file ./recenter.pdb
Info) Using plugin pdb for coordinates from file ./recenter.pdb
Info) Determining bond structure from distance search ...
Info) Analyzing structure ...
Info)    Atoms: 28820
Info)    Bonds: 23700
Info)    Angles: 0  Dihedrals: 0  Impropers: 0  Cross-terms: 0
Info)    Bondtypes: 0  Angletypes: 0  Dihedraltypes: 0  Impropertypes: 0
Info)    Residues: 5120
Info)    Waters: 5000
Info)    Segments: 3
Info)    Fragments: 5120   Protein: 0   Nucleic: 0
Info) Finished with coordinate file ./recenter.pdb.
0
atomselect0
atomselect1
Info) Opened coordinate file memb.pdb for writing.
Info) Finished with coordinate file memb.pdb.
Info) VMD for LINUXAMD64, version 1.9.3 (November 30, 2016)
Info) Exiting normally.
cp: cannot stat 'recenter.ORCAFF.prms': No such file or directory
cp: -r not specified; omitting directory '1'
cp: -r not specified; omitting directory '10'
cp: -r not specified; omitting directory '11'
cp: -r not specified; omitting directory '12'
cp: -r not specified; omitting directory '13'
cp: -r not specified; omitting directory '14'
cp: -r not specified; omitting directory '15'
cp: -r not specified; omitting directory '16'
cp: -r not specified; omitting directory '17'
cp: -r not specified; omitting directory '18'
cp: -r not specified; omitting directory '19'
cp: -r not specified; omitting directory '2'
cp: -r not specified; omitting directory '20'
cp: -r not specified; omitting directory '21'
cp: -r not specified; omitting directory '22'
cp: -r not specified; omitting directory '23'
cp: -r not specified; omitting directory '24'
cp: -r not specified; omitting directory '25'
cp: -r not specified; omitting directory '26'
cp: -r not specified; omitting directory '27'
cp: -r not specified; omitting directory '28'
cp: -r not specified; omitting directory '29'
cp: -r not specified; omitting directory '3'
cp: -r not specified; omitting directory '30'
cp: -r not specified; omitting directory '31'
cp: -r not specified; omitting directory '32'
cp: -r not specified; omitting directory '33'
cp: -r not specified; omitting directory '34'
cp: -r not specified; omitting directory '35'
cp: -r not specified; omitting directory '36'
cp: -r not specified; omitting directory '37'
cp: -r not specified; omitting directory '38'
cp: -r not specified; omitting directory '39'
cp: -r not specified; omitting directory '4'
cp: -r not specified; omitting directory '40'
cp: -r not specified; omitting directory '41'
cp: -r not specified; omitting directory '42'
cp: -r not specified; omitting directory '43'
cp: -r not specified; omitting directory '44'
cp: -r not specified; omitting directory '45'
cp: -r not specified; omitting directory '46'
cp: -r not specified; omitting directory '47'
cp: -r not specified; omitting directory '48'
cp: -r not specified; omitting directory '49'
cp: -r not specified; omitting directory '5'
cp: -r not specified; omitting directory '50'
cp: -r not specified; omitting directory '51'
cp: -r not specified; omitting directory '52'
cp: -r not specified; omitting directory '53'
cp: -r not specified; omitting directory '54'
cp: -r not specified; omitting directory '55'
cp: -r not specified; omitting directory '56'
cp: -r not specified; omitting directory '57'
cp: -r not specified; omitting directory '58'
cp: -r not specified; omitting directory '59'
cp: -r not specified; omitting directory '6'
cp: -r not specified; omitting directory '60'
cp: -r not specified; omitting directory '61'
cp: -r not specified; omitting directory '62'
cp: -r not specified; omitting directory '63'
cp: -r not specified; omitting directory '64'
cp: -r not specified; omitting directory '65'
cp: -r not specified; omitting directory '66'
cp: -r not specified; omitting directory '67'
cp: -r not specified; omitting directory '68'
cp: -r not specified; omitting directory '69'
cp: -r not specified; omitting directory '7'
cp: -r not specified; omitting directory '70'
cp: -r not specified; omitting directory '71'
cp: -r not specified; omitting directory '72'
cp: -r not specified; omitting directory '73'
cp: -r not specified; omitting directory '74'
cp: -r not specified; omitting directory '75'
cp: -r not specified; omitting directory '76'
cp: -r not specified; omitting directory '77'
cp: -r not specified; omitting directory '78'
cp: -r not specified; omitting directory '79'
cp: -r not specified; omitting directory '8'
cp: -r not specified; omitting directory '80'
cp: -r not specified; omitting directory '81'
cp: -r not specified; omitting directory '82'
cp: -r not specified; omitting directory '83'
cp: -r not specified; omitting directory '84'
cp: -r not specified; omitting directory '85'
cp: -r not specified; omitting directory '9'
sbatch: error: Unable to open file test_3.sh
/software/vmd/1.9.3/linux-rhel8-x86_64/lib/vmd_LINUXAMD64: /lib64/libGL.so.1: no version information available (required by /software/vmd/1.9.3/linux-rhel8-x86_64/lib/vmd_LINUXAMD64)
Info) VMD for LINUXAMD64, version 1.9.3 (November 30, 2016)
Info) http://www.ks.uiuc.edu/Research/vmd/                         
Info) Email questions and bug reports to vmd@ks.uiuc.edu           
Info) Please include this reference in published work using VMD:   
Info)    Humphrey, W., Dalke, A. and Schulten, K., `VMD - Visual   
Info)    Molecular Dynamics', J. Molec. Graphics 1996, 14.1, 33-38.
Info) -------------------------------------------------------------
Info) Multithreading available, 128 CPUs detected.
Info)   CPU features: SSE2 AVX AVX2 FMA 
Info) Free system memory: 808GB (40%)
Info) No CUDA accelerator devices available.
Info) Dynamically loaded 2 plugins in directory:
Info) /software/vmd/1.9.3/linux-rhel8-x86_64/lib/plugins/LINUXAMD64/molfile
86
Info) Using plugin pdb for structure file ./recenter.pdb
Info) Using plugin pdb for coordinates from file ./recenter.pdb
Info) Determining bond structure from distance search ...
Info) Analyzing structure ...
Info)    Atoms: 28820
Info)    Bonds: 23700
Info)    Angles: 0  Dihedrals: 0  Impropers: 0  Cross-terms: 0
Info)    Bondtypes: 0  Angletypes: 0  Dihedraltypes: 0  Impropertypes: 0
Info)    Residues: 5120
Info)    Waters: 5000
Info)    Segments: 3
Info)    Fragments: 5120   Protein: 0   Nucleic: 0
Info) Finished with coordinate file ./recenter.pdb.
0
atomselect0
atomselect1
Info) Opened coordinate file memb.pdb for writing.
Info) Finished with coordinate file memb.pdb.
Info) VMD for LINUXAMD64, version 1.9.3 (November 30, 2016)
Info) Exiting normally.
cp: cannot stat 'recenter.ORCAFF.prms': No such file or directory
cp: -r not specified; omitting directory '1'
cp: -r not specified; omitting directory '10'
cp: -r not specified; omitting directory '11'
cp: -r not specified; omitting directory '12'
cp: -r not specified; omitting directory '13'
cp: -r not specified; omitting directory '14'
cp: -r not specified; omitting directory '15'
cp: -r not specified; omitting directory '16'
cp: -r not specified; omitting directory '17'
cp: -r not specified; omitting directory '18'
cp: -r not specified; omitting directory '19'
cp: -r not specified; omitting directory '2'
cp: -r not specified; omitting directory '20'
cp: -r not specified; omitting directory '21'
cp: -r not specified; omitting directory '22'
cp: -r not specified; omitting directory '23'
cp: -r not specified; omitting directory '24'
cp: -r not specified; omitting directory '25'
cp: -r not specified; omitting directory '26'
cp: -r not specified; omitting directory '27'
cp: -r not specified; omitting directory '28'
cp: -r not specified; omitting directory '29'
cp: -r not specified; omitting directory '3'
cp: -r not specified; omitting directory '30'
cp: -r not specified; omitting directory '31'
cp: -r not specified; omitting directory '32'
cp: -r not specified; omitting directory '33'
cp: -r not specified; omitting directory '34'
cp: -r not specified; omitting directory '35'
cp: -r not specified; omitting directory '36'
cp: -r not specified; omitting directory '37'
cp: -r not specified; omitting directory '38'
cp: -r not specified; omitting directory '39'
cp: -r not specified; omitting directory '4'
cp: -r not specified; omitting directory '40'
cp: -r not specified; omitting directory '41'
cp: -r not specified; omitting directory '42'
cp: -r not specified; omitting directory '43'
cp: -r not specified; omitting directory '44'
cp: -r not specified; omitting directory '45'
cp: -r not specified; omitting directory '46'
cp: -r not specified; omitting directory '47'
cp: -r not specified; omitting directory '48'
cp: -r not specified; omitting directory '49'
cp: -r not specified; omitting directory '5'
cp: -r not specified; omitting directory '50'
cp: -r not specified; omitting directory '51'
cp: -r not specified; omitting directory '52'
cp: -r not specified; omitting directory '53'
cp: -r not specified; omitting directory '54'
cp: -r not specified; omitting directory '55'
cp: -r not specified; omitting directory '56'
cp: -r not specified; omitting directory '57'
cp: -r not specified; omitting directory '58'
cp: -r not specified; omitting directory '59'
cp: -r not specified; omitting directory '6'
cp: -r not specified; omitting directory '60'
cp: -r not specified; omitting directory '61'
cp: -r not specified; omitting directory '62'
cp: -r not specified; omitting directory '63'
cp: -r not specified; omitting directory '64'
cp: -r not specified; omitting directory '65'
cp: -r not specified; omitting directory '66'
cp: -r not specified; omitting directory '67'
cp: -r not specified; omitting directory '68'
cp: -r not specified; omitting directory '69'
cp: -r not specified; omitting directory '7'
cp: -r not specified; omitting directory '70'
cp: -r not specified; omitting directory '71'
cp: -r not specified; omitting directory '72'
cp: -r not specified; omitting directory '73'
cp: -r not specified; omitting directory '74'
cp: -r not specified; omitting directory '75'
cp: -r not specified; omitting directory '76'
cp: -r not specified; omitting directory '77'
cp: -r not specified; omitting directory '78'
cp: -r not specified; omitting directory '79'
cp: -r not specified; omitting directory '8'
cp: -r not specified; omitting directory '80'
cp: -r not specified; omitting directory '81'
cp: -r not specified; omitting directory '82'
cp: -r not specified; omitting directory '83'
cp: -r not specified; omitting directory '84'
cp: -r not specified; omitting directory '85'
cp: -r not specified; omitting directory '86'
cp: -r not specified; omitting directory '9'
sbatch: error: Unable to open file test_3.sh
/software/vmd/1.9.3/linux-rhel8-x86_64/lib/vmd_LINUXAMD64: /lib64/libGL.so.1: no version information available (required by /software/vmd/1.9.3/linux-rhel8-x86_64/lib/vmd_LINUXAMD64)
Info) VMD for LINUXAMD64, version 1.9.3 (November 30, 2016)
Info) http://www.ks.uiuc.edu/Research/vmd/                         
Info) Email questions and bug reports to vmd@ks.uiuc.edu           
Info) Please include this reference in published work using VMD:   
Info)    Humphrey, W., Dalke, A. and Schulten, K., `VMD - Visual   
Info)    Molecular Dynamics', J. Molec. Graphics 1996, 14.1, 33-38.
Info) -------------------------------------------------------------
Info) Multithreading available, 128 CPUs detected.
Info)   CPU features: SSE2 AVX AVX2 FMA 
Info) Free system memory: 805GB (39%)
Info) No CUDA accelerator devices available.
Info) Dynamically loaded 2 plugins in directory:
Info) /software/vmd/1.9.3/linux-rhel8-x86_64/lib/plugins/LINUXAMD64/molfile
87
Info) Using plugin pdb for structure file ./recenter.pdb
Info) Using plugin pdb for coordinates from file ./recenter.pdb
Info) Determining bond structure from distance search ...
Info) Analyzing structure ...
Info)    Atoms: 28820
Info)    Bonds: 23700
Info)    Angles: 0  Dihedrals: 0  Impropers: 0  Cross-terms: 0
Info)    Bondtypes: 0  Angletypes: 0  Dihedraltypes: 0  Impropertypes: 0
Info)    Residues: 5120
Info)    Waters: 5000
Info)    Segments: 3
Info)    Fragments: 5120   Protein: 0   Nucleic: 0
Info) Finished with coordinate file ./recenter.pdb.
0
atomselect0
atomselect1
Info) Opened coordinate file memb.pdb for writing.
Info) Finished with coordinate file memb.pdb.
Info) VMD for LINUXAMD64, version 1.9.3 (November 30, 2016)
Info) Exiting normally.
cp: cannot stat 'recenter.ORCAFF.prms': No such file or directory
cp: -r not specified; omitting directory '1'
cp: -r not specified; omitting directory '10'
cp: -r not specified; omitting directory '11'
cp: -r not specified; omitting directory '12'
cp: -r not specified; omitting directory '13'
cp: -r not specified; omitting directory '14'
cp: -r not specified; omitting directory '15'
cp: -r not specified; omitting directory '16'
cp: -r not specified; omitting directory '17'
cp: -r not specified; omitting directory '18'
cp: -r not specified; omitting directory '19'
cp: -r not specified; omitting directory '2'
cp: -r not specified; omitting directory '20'
cp: -r not specified; omitting directory '21'
cp: -r not specified; omitting directory '22'
cp: -r not specified; omitting directory '23'
cp: -r not specified; omitting directory '24'
cp: -r not specified; omitting directory '25'
cp: -r not specified; omitting directory '26'
cp: -r not specified; omitting directory '27'
cp: -r not specified; omitting directory '28'
cp: -r not specified; omitting directory '29'
cp: -r not specified; omitting directory '3'
cp: -r not specified; omitting directory '30'
cp: -r not specified; omitting directory '31'
cp: -r not specified; omitting directory '32'
cp: -r not specified; omitting directory '33'
cp: -r not specified; omitting directory '34'
cp: -r not specified; omitting directory '35'
cp: -r not specified; omitting directory '36'
cp: -r not specified; omitting directory '37'
cp: -r not specified; omitting directory '38'
cp: -r not specified; omitting directory '39'
cp: -r not specified; omitting directory '4'
cp: -r not specified; omitting directory '40'
cp: -r not specified; omitting directory '41'
cp: -r not specified; omitting directory '42'
cp: -r not specified; omitting directory '43'
cp: -r not specified; omitting directory '44'
cp: -r not specified; omitting directory '45'
cp: -r not specified; omitting directory '46'
cp: -r not specified; omitting directory '47'
cp: -r not specified; omitting directory '48'
cp: -r not specified; omitting directory '49'
cp: -r not specified; omitting directory '5'
cp: -r not specified; omitting directory '50'
cp: -r not specified; omitting directory '51'
cp: -r not specified; omitting directory '52'
cp: -r not specified; omitting directory '53'
cp: -r not specified; omitting directory '54'
cp: -r not specified; omitting directory '55'
cp: -r not specified; omitting directory '56'
cp: -r not specified; omitting directory '57'
cp: -r not specified; omitting directory '58'
cp: -r not specified; omitting directory '59'
cp: -r not specified; omitting directory '6'
cp: -r not specified; omitting directory '60'
cp: -r not specified; omitting directory '61'
cp: -r not specified; omitting directory '62'
cp: -r not specified; omitting directory '63'
cp: -r not specified; omitting directory '64'
cp: -r not specified; omitting directory '65'
cp: -r not specified; omitting directory '66'
cp: -r not specified; omitting directory '67'
cp: -r not specified; omitting directory '68'
cp: -r not specified; omitting directory '69'
cp: -r not specified; omitting directory '7'
cp: -r not specified; omitting directory '70'
cp: -r not specified; omitting directory '71'
cp: -r not specified; omitting directory '72'
cp: -r not specified; omitting directory '73'
cp: -r not specified; omitting directory '74'
cp: -r not specified; omitting directory '75'
cp: -r not specified; omitting directory '76'
cp: -r not specified; omitting directory '77'
cp: -r not specified; omitting directory '78'
cp: -r not specified; omitting directory '79'
cp: -r not specified; omitting directory '8'
cp: -r not specified; omitting directory '80'
cp: -r not specified; omitting directory '81'
cp: -r not specified; omitting directory '82'
cp: -r not specified; omitting directory '83'
cp: -r not specified; omitting directory '84'
cp: -r not specified; omitting directory '85'
cp: -r not specified; omitting directory '86'
cp: -r not specified; omitting directory '87'
cp: -r not specified; omitting directory '9'
sbatch: error: Unable to open file test_3.sh
/software/vmd/1.9.3/linux-rhel8-x86_64/lib/vmd_LINUXAMD64: /lib64/libGL.so.1: no version information available (required by /software/vmd/1.9.3/linux-rhel8-x86_64/lib/vmd_LINUXAMD64)
Info) VMD for LINUXAMD64, version 1.9.3 (November 30, 2016)
Info) http://www.ks.uiuc.edu/Research/vmd/                         
Info) Email questions and bug reports to vmd@ks.uiuc.edu           
Info) Please include this reference in published work using VMD:   
Info)    Humphrey, W., Dalke, A. and Schulten, K., `VMD - Visual   
Info)    Molecular Dynamics', J. Molec. Graphics 1996, 14.1, 33-38.
Info) -------------------------------------------------------------
Info) Multithreading available, 128 CPUs detected.
Info)   CPU features: SSE2 AVX AVX2 FMA 
Info) Free system memory: 805GB (39%)
Info) No CUDA accelerator devices available.
Info) Dynamically loaded 2 plugins in directory:
Info) /software/vmd/1.9.3/linux-rhel8-x86_64/lib/plugins/LINUXAMD64/molfile
88
Info) Using plugin pdb for structure file ./recenter.pdb
Info) Using plugin pdb for coordinates from file ./recenter.pdb
Info) Determining bond structure from distance search ...
Info) Analyzing structure ...
Info)    Atoms: 28820
Info)    Bonds: 23700
Info)    Angles: 0  Dihedrals: 0  Impropers: 0  Cross-terms: 0
Info)    Bondtypes: 0  Angletypes: 0  Dihedraltypes: 0  Impropertypes: 0
Info)    Residues: 5120
Info)    Waters: 5000
Info)    Segments: 3
Info)    Fragments: 5120   Protein: 0   Nucleic: 0
Info) Finished with coordinate file ./recenter.pdb.
0
atomselect0
atomselect1
Info) Opened coordinate file memb.pdb for writing.
Info) Finished with coordinate file memb.pdb.
Info) VMD for LINUXAMD64, version 1.9.3 (November 30, 2016)
Info) Exiting normally.
cp: cannot stat 'recenter.ORCAFF.prms': No such file or directory
cp: -r not specified; omitting directory '1'
cp: -r not specified; omitting directory '10'
cp: -r not specified; omitting directory '11'
cp: -r not specified; omitting directory '12'
cp: -r not specified; omitting directory '13'
cp: -r not specified; omitting directory '14'
cp: -r not specified; omitting directory '15'
cp: -r not specified; omitting directory '16'
cp: -r not specified; omitting directory '17'
cp: -r not specified; omitting directory '18'
cp: -r not specified; omitting directory '19'
cp: -r not specified; omitting directory '2'
cp: -r not specified; omitting directory '20'
cp: -r not specified; omitting directory '21'
cp: -r not specified; omitting directory '22'
cp: -r not specified; omitting directory '23'
cp: -r not specified; omitting directory '24'
cp: -r not specified; omitting directory '25'
cp: -r not specified; omitting directory '26'
cp: -r not specified; omitting directory '27'
cp: -r not specified; omitting directory '28'
cp: -r not specified; omitting directory '29'
cp: -r not specified; omitting directory '3'
cp: -r not specified; omitting directory '30'
cp: -r not specified; omitting directory '31'
cp: -r not specified; omitting directory '32'
cp: -r not specified; omitting directory '33'
cp: -r not specified; omitting directory '34'
cp: -r not specified; omitting directory '35'
cp: -r not specified; omitting directory '36'
cp: -r not specified; omitting directory '37'
cp: -r not specified; omitting directory '38'
cp: -r not specified; omitting directory '39'
cp: -r not specified; omitting directory '4'
cp: -r not specified; omitting directory '40'
cp: -r not specified; omitting directory '41'
cp: -r not specified; omitting directory '42'
cp: -r not specified; omitting directory '43'
cp: -r not specified; omitting directory '44'
cp: -r not specified; omitting directory '45'
cp: -r not specified; omitting directory '46'
cp: -r not specified; omitting directory '47'
cp: -r not specified; omitting directory '48'
cp: -r not specified; omitting directory '49'
cp: -r not specified; omitting directory '5'
cp: -r not specified; omitting directory '50'
cp: -r not specified; omitting directory '51'
cp: -r not specified; omitting directory '52'
cp: -r not specified; omitting directory '53'
cp: -r not specified; omitting directory '54'
cp: -r not specified; omitting directory '55'
cp: -r not specified; omitting directory '56'
cp: -r not specified; omitting directory '57'
cp: -r not specified; omitting directory '58'
cp: -r not specified; omitting directory '59'
cp: -r not specified; omitting directory '6'
cp: -r not specified; omitting directory '60'
cp: -r not specified; omitting directory '61'
cp: -r not specified; omitting directory '62'
cp: -r not specified; omitting directory '63'
cp: -r not specified; omitting directory '64'
cp: -r not specified; omitting directory '65'
cp: -r not specified; omitting directory '66'
cp: -r not specified; omitting directory '67'
cp: -r not specified; omitting directory '68'
cp: -r not specified; omitting directory '69'
cp: -r not specified; omitting directory '7'
cp: -r not specified; omitting directory '70'
cp: -r not specified; omitting directory '71'
cp: -r not specified; omitting directory '72'
cp: -r not specified; omitting directory '73'
cp: -r not specified; omitting directory '74'
cp: -r not specified; omitting directory '75'
cp: -r not specified; omitting directory '76'
cp: -r not specified; omitting directory '77'
cp: -r not specified; omitting directory '78'
cp: -r not specified; omitting directory '79'
cp: -r not specified; omitting directory '8'
cp: -r not specified; omitting directory '80'
cp: -r not specified; omitting directory '81'
cp: -r not specified; omitting directory '82'
cp: -r not specified; omitting directory '83'
cp: -r not specified; omitting directory '84'
cp: -r not specified; omitting directory '85'
cp: -r not specified; omitting directory '86'
cp: -r not specified; omitting directory '87'
cp: -r not specified; omitting directory '88'
cp: -r not specified; omitting directory '9'
sbatch: error: Unable to open file test_3.sh
/software/vmd/1.9.3/linux-rhel8-x86_64/lib/vmd_LINUXAMD64: /lib64/libGL.so.1: no version information available (required by /software/vmd/1.9.3/linux-rhel8-x86_64/lib/vmd_LINUXAMD64)
Info) VMD for LINUXAMD64, version 1.9.3 (November 30, 2016)
Info) http://www.ks.uiuc.edu/Research/vmd/                         
Info) Email questions and bug reports to vmd@ks.uiuc.edu           
Info) Please include this reference in published work using VMD:   
Info)    Humphrey, W., Dalke, A. and Schulten, K., `VMD - Visual   
Info)    Molecular Dynamics', J. Molec. Graphics 1996, 14.1, 33-38.
Info) -------------------------------------------------------------
Info) Multithreading available, 128 CPUs detected.
Info)   CPU features: SSE2 AVX AVX2 FMA 
Info) Free system memory: 805GB (39%)
Info) No CUDA accelerator devices available.
Info) Dynamically loaded 2 plugins in directory:
Info) /software/vmd/1.9.3/linux-rhel8-x86_64/lib/plugins/LINUXAMD64/molfile
89
Info) Using plugin pdb for structure file ./recenter.pdb
Info) Using plugin pdb for coordinates from file ./recenter.pdb
Info) Determining bond structure from distance search ...
Info) Analyzing structure ...
Info)    Atoms: 28820
Info)    Bonds: 23700
Info)    Angles: 0  Dihedrals: 0  Impropers: 0  Cross-terms: 0
Info)    Bondtypes: 0  Angletypes: 0  Dihedraltypes: 0  Impropertypes: 0
Info)    Residues: 5120
Info)    Waters: 5000
Info)    Segments: 3
Info)    Fragments: 5120   Protein: 0   Nucleic: 0
Info) Finished with coordinate file ./recenter.pdb.
0
atomselect0
atomselect1
Info) Opened coordinate file memb.pdb for writing.
Info) Finished with coordinate file memb.pdb.
Info) VMD for LINUXAMD64, version 1.9.3 (November 30, 2016)
Info) Exiting normally.
cp: cannot stat 'recenter.ORCAFF.prms': No such file or directory
cp: -r not specified; omitting directory '1'
cp: -r not specified; omitting directory '10'
cp: -r not specified; omitting directory '11'
cp: -r not specified; omitting directory '12'
cp: -r not specified; omitting directory '13'
cp: -r not specified; omitting directory '14'
cp: -r not specified; omitting directory '15'
cp: -r not specified; omitting directory '16'
cp: -r not specified; omitting directory '17'
cp: -r not specified; omitting directory '18'
cp: -r not specified; omitting directory '19'
cp: -r not specified; omitting directory '2'
cp: -r not specified; omitting directory '20'
cp: -r not specified; omitting directory '21'
cp: -r not specified; omitting directory '22'
cp: -r not specified; omitting directory '23'
cp: -r not specified; omitting directory '24'
cp: -r not specified; omitting directory '25'
cp: -r not specified; omitting directory '26'
cp: -r not specified; omitting directory '27'
cp: -r not specified; omitting directory '28'
cp: -r not specified; omitting directory '29'
cp: -r not specified; omitting directory '3'
cp: -r not specified; omitting directory '30'
cp: -r not specified; omitting directory '31'
cp: -r not specified; omitting directory '32'
cp: -r not specified; omitting directory '33'
cp: -r not specified; omitting directory '34'
cp: -r not specified; omitting directory '35'
cp: -r not specified; omitting directory '36'
cp: -r not specified; omitting directory '37'
cp: -r not specified; omitting directory '38'
cp: -r not specified; omitting directory '39'
cp: -r not specified; omitting directory '4'
cp: -r not specified; omitting directory '40'
cp: -r not specified; omitting directory '41'
cp: -r not specified; omitting directory '42'
cp: -r not specified; omitting directory '43'
cp: -r not specified; omitting directory '44'
cp: -r not specified; omitting directory '45'
cp: -r not specified; omitting directory '46'
cp: -r not specified; omitting directory '47'
cp: -r not specified; omitting directory '48'
cp: -r not specified; omitting directory '49'
cp: -r not specified; omitting directory '5'
cp: -r not specified; omitting directory '50'
cp: -r not specified; omitting directory '51'
cp: -r not specified; omitting directory '52'
cp: -r not specified; omitting directory '53'
cp: -r not specified; omitting directory '54'
cp: -r not specified; omitting directory '55'
cp: -r not specified; omitting directory '56'
cp: -r not specified; omitting directory '57'
cp: -r not specified; omitting directory '58'
cp: -r not specified; omitting directory '59'
cp: -r not specified; omitting directory '6'
cp: -r not specified; omitting directory '60'
cp: -r not specified; omitting directory '61'
cp: -r not specified; omitting directory '62'
cp: -r not specified; omitting directory '63'
cp: -r not specified; omitting directory '64'
cp: -r not specified; omitting directory '65'
cp: -r not specified; omitting directory '66'
cp: -r not specified; omitting directory '67'
cp: -r not specified; omitting directory '68'
cp: -r not specified; omitting directory '69'
cp: -r not specified; omitting directory '7'
cp: -r not specified; omitting directory '70'
cp: -r not specified; omitting directory '71'
cp: -r not specified; omitting directory '72'
cp: -r not specified; omitting directory '73'
cp: -r not specified; omitting directory '74'
cp: -r not specified; omitting directory '75'
cp: -r not specified; omitting directory '76'
cp: -r not specified; omitting directory '77'
cp: -r not specified; omitting directory '78'
cp: -r not specified; omitting directory '79'
cp: -r not specified; omitting directory '8'
cp: -r not specified; omitting directory '80'
cp: -r not specified; omitting directory '81'
cp: -r not specified; omitting directory '82'
cp: -r not specified; omitting directory '83'
cp: -r not specified; omitting directory '84'
cp: -r not specified; omitting directory '85'
cp: -r not specified; omitting directory '86'
cp: -r not specified; omitting directory '87'
cp: -r not specified; omitting directory '88'
cp: -r not specified; omitting directory '89'
cp: -r not specified; omitting directory '9'
sbatch: error: Unable to open file test_3.sh
/software/vmd/1.9.3/linux-rhel8-x86_64/lib/vmd_LINUXAMD64: /lib64/libGL.so.1: no version information available (required by /software/vmd/1.9.3/linux-rhel8-x86_64/lib/vmd_LINUXAMD64)
Info) VMD for LINUXAMD64, version 1.9.3 (November 30, 2016)
Info) http://www.ks.uiuc.edu/Research/vmd/                         
Info) Email questions and bug reports to vmd@ks.uiuc.edu           
Info) Please include this reference in published work using VMD:   
Info)    Humphrey, W., Dalke, A. and Schulten, K., `VMD - Visual   
Info)    Molecular Dynamics', J. Molec. Graphics 1996, 14.1, 33-38.
Info) -------------------------------------------------------------
Info) Multithreading available, 128 CPUs detected.
Info)   CPU features: SSE2 AVX AVX2 FMA 
Info) Free system memory: 808GB (40%)
Info) No CUDA accelerator devices available.
Info) Dynamically loaded 2 plugins in directory:
Info) /software/vmd/1.9.3/linux-rhel8-x86_64/lib/plugins/LINUXAMD64/molfile
90
Info) Using plugin pdb for structure file ./recenter.pdb
Info) Using plugin pdb for coordinates from file ./recenter.pdb
Info) Determining bond structure from distance search ...
Info) Analyzing structure ...
Info)    Atoms: 28820
Info)    Bonds: 23700
Info)    Angles: 0  Dihedrals: 0  Impropers: 0  Cross-terms: 0
Info)    Bondtypes: 0  Angletypes: 0  Dihedraltypes: 0  Impropertypes: 0
Info)    Residues: 5120
Info)    Waters: 5000
Info)    Segments: 3
Info)    Fragments: 5120   Protein: 0   Nucleic: 0
Info) Finished with coordinate file ./recenter.pdb.
0
atomselect0
atomselect1
Info) Opened coordinate file memb.pdb for writing.
Info) Finished with coordinate file memb.pdb.
Info) VMD for LINUXAMD64, version 1.9.3 (November 30, 2016)
Info) Exiting normally.
cp: cannot stat 'recenter.ORCAFF.prms': No such file or directory
cp: -r not specified; omitting directory '1'
cp: -r not specified; omitting directory '10'
cp: -r not specified; omitting directory '11'
cp: -r not specified; omitting directory '12'
cp: -r not specified; omitting directory '13'
cp: -r not specified; omitting directory '14'
cp: -r not specified; omitting directory '15'
cp: -r not specified; omitting directory '16'
cp: -r not specified; omitting directory '17'
cp: -r not specified; omitting directory '18'
cp: -r not specified; omitting directory '19'
cp: -r not specified; omitting directory '2'
cp: -r not specified; omitting directory '20'
cp: -r not specified; omitting directory '21'
cp: -r not specified; omitting directory '22'
cp: -r not specified; omitting directory '23'
cp: -r not specified; omitting directory '24'
cp: -r not specified; omitting directory '25'
cp: -r not specified; omitting directory '26'
cp: -r not specified; omitting directory '27'
cp: -r not specified; omitting directory '28'
cp: -r not specified; omitting directory '29'
cp: -r not specified; omitting directory '3'
cp: -r not specified; omitting directory '30'
cp: -r not specified; omitting directory '31'
cp: -r not specified; omitting directory '32'
cp: -r not specified; omitting directory '33'
cp: -r not specified; omitting directory '34'
cp: -r not specified; omitting directory '35'
cp: -r not specified; omitting directory '36'
cp: -r not specified; omitting directory '37'
cp: -r not specified; omitting directory '38'
cp: -r not specified; omitting directory '39'
cp: -r not specified; omitting directory '4'
cp: -r not specified; omitting directory '40'
cp: -r not specified; omitting directory '41'
cp: -r not specified; omitting directory '42'
cp: -r not specified; omitting directory '43'
cp: -r not specified; omitting directory '44'
cp: -r not specified; omitting directory '45'
cp: -r not specified; omitting directory '46'
cp: -r not specified; omitting directory '47'
cp: -r not specified; omitting directory '48'
cp: -r not specified; omitting directory '49'
cp: -r not specified; omitting directory '5'
cp: -r not specified; omitting directory '50'
cp: -r not specified; omitting directory '51'
cp: -r not specified; omitting directory '52'
cp: -r not specified; omitting directory '53'
cp: -r not specified; omitting directory '54'
cp: -r not specified; omitting directory '55'
cp: -r not specified; omitting directory '56'
cp: -r not specified; omitting directory '57'
cp: -r not specified; omitting directory '58'
cp: -r not specified; omitting directory '59'
cp: -r not specified; omitting directory '6'
cp: -r not specified; omitting directory '60'
cp: -r not specified; omitting directory '61'
cp: -r not specified; omitting directory '62'
cp: -r not specified; omitting directory '63'
cp: -r not specified; omitting directory '64'
cp: -r not specified; omitting directory '65'
cp: -r not specified; omitting directory '66'
cp: -r not specified; omitting directory '67'
cp: -r not specified; omitting directory '68'
cp: -r not specified; omitting directory '69'
cp: -r not specified; omitting directory '7'
cp: -r not specified; omitting directory '70'
cp: -r not specified; omitting directory '71'
cp: -r not specified; omitting directory '72'
cp: -r not specified; omitting directory '73'
cp: -r not specified; omitting directory '74'
cp: -r not specified; omitting directory '75'
cp: -r not specified; omitting directory '76'
cp: -r not specified; omitting directory '77'
cp: -r not specified; omitting directory '78'
cp: -r not specified; omitting directory '79'
cp: -r not specified; omitting directory '8'
cp: -r not specified; omitting directory '80'
cp: -r not specified; omitting directory '81'
cp: -r not specified; omitting directory '82'
cp: -r not specified; omitting directory '83'
cp: -r not specified; omitting directory '84'
cp: -r not specified; omitting directory '85'
cp: -r not specified; omitting directory '86'
cp: -r not specified; omitting directory '87'
cp: -r not specified; omitting directory '88'
cp: -r not specified; omitting directory '89'
cp: -r not specified; omitting directory '9'
cp: -r not specified; omitting directory '90'
sbatch: error: Unable to open file test_3.sh
/software/vmd/1.9.3/linux-rhel8-x86_64/lib/vmd_LINUXAMD64: /lib64/libGL.so.1: no version information available (required by /software/vmd/1.9.3/linux-rhel8-x86_64/lib/vmd_LINUXAMD64)
Info) VMD for LINUXAMD64, version 1.9.3 (November 30, 2016)
Info) http://www.ks.uiuc.edu/Research/vmd/                         
Info) Email questions and bug reports to vmd@ks.uiuc.edu           
Info) Please include this reference in published work using VMD:   
Info)    Humphrey, W., Dalke, A. and Schulten, K., `VMD - Visual   
Info)    Molecular Dynamics', J. Molec. Graphics 1996, 14.1, 33-38.
Info) -------------------------------------------------------------
Info) Multithreading available, 128 CPUs detected.
Info)   CPU features: SSE2 AVX AVX2 FMA 
Info) Free system memory: 805GB (39%)
Info) No CUDA accelerator devices available.
Info) Dynamically loaded 2 plugins in directory:
Info) /software/vmd/1.9.3/linux-rhel8-x86_64/lib/plugins/LINUXAMD64/molfile
91
Info) Using plugin pdb for structure file ./recenter.pdb
Info) Using plugin pdb for coordinates from file ./recenter.pdb
Info) Determining bond structure from distance search ...
Info) Analyzing structure ...
Info)    Atoms: 28820
Info)    Bonds: 23700
Info)    Angles: 0  Dihedrals: 0  Impropers: 0  Cross-terms: 0
Info)    Bondtypes: 0  Angletypes: 0  Dihedraltypes: 0  Impropertypes: 0
Info)    Residues: 5120
Info)    Waters: 5000
Info)    Segments: 3
Info)    Fragments: 5120   Protein: 0   Nucleic: 0
Info) Finished with coordinate file ./recenter.pdb.
0
atomselect0
atomselect1
Info) Opened coordinate file memb.pdb for writing.
Info) Finished with coordinate file memb.pdb.
Info) VMD for LINUXAMD64, version 1.9.3 (November 30, 2016)
Info) Exiting normally.
cp: cannot stat 'recenter.ORCAFF.prms': No such file or directory
cp: -r not specified; omitting directory '1'
cp: -r not specified; omitting directory '10'
cp: -r not specified; omitting directory '11'
cp: -r not specified; omitting directory '12'
cp: -r not specified; omitting directory '13'
cp: -r not specified; omitting directory '14'
cp: -r not specified; omitting directory '15'
cp: -r not specified; omitting directory '16'
cp: -r not specified; omitting directory '17'
cp: -r not specified; omitting directory '18'
cp: -r not specified; omitting directory '19'
cp: -r not specified; omitting directory '2'
cp: -r not specified; omitting directory '20'
cp: -r not specified; omitting directory '21'
cp: -r not specified; omitting directory '22'
cp: -r not specified; omitting directory '23'
cp: -r not specified; omitting directory '24'
cp: -r not specified; omitting directory '25'
cp: -r not specified; omitting directory '26'
cp: -r not specified; omitting directory '27'
cp: -r not specified; omitting directory '28'
cp: -r not specified; omitting directory '29'
cp: -r not specified; omitting directory '3'
cp: -r not specified; omitting directory '30'
cp: -r not specified; omitting directory '31'
cp: -r not specified; omitting directory '32'
cp: -r not specified; omitting directory '33'
cp: -r not specified; omitting directory '34'
cp: -r not specified; omitting directory '35'
cp: -r not specified; omitting directory '36'
cp: -r not specified; omitting directory '37'
cp: -r not specified; omitting directory '38'
cp: -r not specified; omitting directory '39'
cp: -r not specified; omitting directory '4'
cp: -r not specified; omitting directory '40'
cp: -r not specified; omitting directory '41'
cp: -r not specified; omitting directory '42'
cp: -r not specified; omitting directory '43'
cp: -r not specified; omitting directory '44'
cp: -r not specified; omitting directory '45'
cp: -r not specified; omitting directory '46'
cp: -r not specified; omitting directory '47'
cp: -r not specified; omitting directory '48'
cp: -r not specified; omitting directory '49'
cp: -r not specified; omitting directory '5'
cp: -r not specified; omitting directory '50'
cp: -r not specified; omitting directory '51'
cp: -r not specified; omitting directory '52'
cp: -r not specified; omitting directory '53'
cp: -r not specified; omitting directory '54'
cp: -r not specified; omitting directory '55'
cp: -r not specified; omitting directory '56'
cp: -r not specified; omitting directory '57'
cp: -r not specified; omitting directory '58'
cp: -r not specified; omitting directory '59'
cp: -r not specified; omitting directory '6'
cp: -r not specified; omitting directory '60'
cp: -r not specified; omitting directory '61'
cp: -r not specified; omitting directory '62'
cp: -r not specified; omitting directory '63'
cp: -r not specified; omitting directory '64'
cp: -r not specified; omitting directory '65'
cp: -r not specified; omitting directory '66'
cp: -r not specified; omitting directory '67'
cp: -r not specified; omitting directory '68'
cp: -r not specified; omitting directory '69'
cp: -r not specified; omitting directory '7'
cp: -r not specified; omitting directory '70'
cp: -r not specified; omitting directory '71'
cp: -r not specified; omitting directory '72'
cp: -r not specified; omitting directory '73'
cp: -r not specified; omitting directory '74'
cp: -r not specified; omitting directory '75'
cp: -r not specified; omitting directory '76'
cp: -r not specified; omitting directory '77'
cp: -r not specified; omitting directory '78'
cp: -r not specified; omitting directory '79'
cp: -r not specified; omitting directory '8'
cp: -r not specified; omitting directory '80'
cp: -r not specified; omitting directory '81'
cp: -r not specified; omitting directory '82'
cp: -r not specified; omitting directory '83'
cp: -r not specified; omitting directory '84'
cp: -r not specified; omitting directory '85'
cp: -r not specified; omitting directory '86'
cp: -r not specified; omitting directory '87'
cp: -r not specified; omitting directory '88'
cp: -r not specified; omitting directory '89'
cp: -r not specified; omitting directory '9'
cp: -r not specified; omitting directory '90'
cp: -r not specified; omitting directory '91'
sbatch: error: Unable to open file test_3.sh
/software/vmd/1.9.3/linux-rhel8-x86_64/lib/vmd_LINUXAMD64: /lib64/libGL.so.1: no version information available (required by /software/vmd/1.9.3/linux-rhel8-x86_64/lib/vmd_LINUXAMD64)
Info) VMD for LINUXAMD64, version 1.9.3 (November 30, 2016)
Info) http://www.ks.uiuc.edu/Research/vmd/                         
Info) Email questions and bug reports to vmd@ks.uiuc.edu           
Info) Please include this reference in published work using VMD:   
Info)    Humphrey, W., Dalke, A. and Schulten, K., `VMD - Visual   
Info)    Molecular Dynamics', J. Molec. Graphics 1996, 14.1, 33-38.
Info) -------------------------------------------------------------
Info) Multithreading available, 128 CPUs detected.
Info)   CPU features: SSE2 AVX AVX2 FMA 
Info) Free system memory: 805GB (39%)
Info) No CUDA accelerator devices available.
Info) Dynamically loaded 2 plugins in directory:
Info) /software/vmd/1.9.3/linux-rhel8-x86_64/lib/plugins/LINUXAMD64/molfile
92
Info) Using plugin pdb for structure file ./recenter.pdb
Info) Using plugin pdb for coordinates from file ./recenter.pdb
Info) Determining bond structure from distance search ...
Info) Analyzing structure ...
Info)    Atoms: 28820
Info)    Bonds: 23700
Info)    Angles: 0  Dihedrals: 0  Impropers: 0  Cross-terms: 0
Info)    Bondtypes: 0  Angletypes: 0  Dihedraltypes: 0  Impropertypes: 0
Info)    Residues: 5120
Info)    Waters: 5000
Info)    Segments: 3
Info)    Fragments: 5120   Protein: 0   Nucleic: 0
Info) Finished with coordinate file ./recenter.pdb.
0
atomselect0
atomselect1
Info) Opened coordinate file memb.pdb for writing.
Info) Finished with coordinate file memb.pdb.
Info) VMD for LINUXAMD64, version 1.9.3 (November 30, 2016)
Info) Exiting normally.
cp: cannot stat 'recenter.ORCAFF.prms': No such file or directory
cp: -r not specified; omitting directory '1'
cp: -r not specified; omitting directory '10'
cp: -r not specified; omitting directory '11'
cp: -r not specified; omitting directory '12'
cp: -r not specified; omitting directory '13'
cp: -r not specified; omitting directory '14'
cp: -r not specified; omitting directory '15'
cp: -r not specified; omitting directory '16'
cp: -r not specified; omitting directory '17'
cp: -r not specified; omitting directory '18'
cp: -r not specified; omitting directory '19'
cp: -r not specified; omitting directory '2'
cp: -r not specified; omitting directory '20'
cp: -r not specified; omitting directory '21'
cp: -r not specified; omitting directory '22'
cp: -r not specified; omitting directory '23'
cp: -r not specified; omitting directory '24'
cp: -r not specified; omitting directory '25'
cp: -r not specified; omitting directory '26'
cp: -r not specified; omitting directory '27'
cp: -r not specified; omitting directory '28'
cp: -r not specified; omitting directory '29'
cp: -r not specified; omitting directory '3'
cp: -r not specified; omitting directory '30'
cp: -r not specified; omitting directory '31'
cp: -r not specified; omitting directory '32'
cp: -r not specified; omitting directory '33'
cp: -r not specified; omitting directory '34'
cp: -r not specified; omitting directory '35'
cp: -r not specified; omitting directory '36'
cp: -r not specified; omitting directory '37'
cp: -r not specified; omitting directory '38'
cp: -r not specified; omitting directory '39'
cp: -r not specified; omitting directory '4'
cp: -r not specified; omitting directory '40'
cp: -r not specified; omitting directory '41'
cp: -r not specified; omitting directory '42'
cp: -r not specified; omitting directory '43'
cp: -r not specified; omitting directory '44'
cp: -r not specified; omitting directory '45'
cp: -r not specified; omitting directory '46'
cp: -r not specified; omitting directory '47'
cp: -r not specified; omitting directory '48'
cp: -r not specified; omitting directory '49'
cp: -r not specified; omitting directory '5'
cp: -r not specified; omitting directory '50'
cp: -r not specified; omitting directory '51'
cp: -r not specified; omitting directory '52'
cp: -r not specified; omitting directory '53'
cp: -r not specified; omitting directory '54'
cp: -r not specified; omitting directory '55'
cp: -r not specified; omitting directory '56'
cp: -r not specified; omitting directory '57'
cp: -r not specified; omitting directory '58'
cp: -r not specified; omitting directory '59'
cp: -r not specified; omitting directory '6'
cp: -r not specified; omitting directory '60'
cp: -r not specified; omitting directory '61'
cp: -r not specified; omitting directory '62'
cp: -r not specified; omitting directory '63'
cp: -r not specified; omitting directory '64'
cp: -r not specified; omitting directory '65'
cp: -r not specified; omitting directory '66'
cp: -r not specified; omitting directory '67'
cp: -r not specified; omitting directory '68'
cp: -r not specified; omitting directory '69'
cp: -r not specified; omitting directory '7'
cp: -r not specified; omitting directory '70'
cp: -r not specified; omitting directory '71'
cp: -r not specified; omitting directory '72'
cp: -r not specified; omitting directory '73'
cp: -r not specified; omitting directory '74'
cp: -r not specified; omitting directory '75'
cp: -r not specified; omitting directory '76'
cp: -r not specified; omitting directory '77'
cp: -r not specified; omitting directory '78'
cp: -r not specified; omitting directory '79'
cp: -r not specified; omitting directory '8'
cp: -r not specified; omitting directory '80'
cp: -r not specified; omitting directory '81'
cp: -r not specified; omitting directory '82'
cp: -r not specified; omitting directory '83'
cp: -r not specified; omitting directory '84'
cp: -r not specified; omitting directory '85'
cp: -r not specified; omitting directory '86'
cp: -r not specified; omitting directory '87'
cp: -r not specified; omitting directory '88'
cp: -r not specified; omitting directory '89'
cp: -r not specified; omitting directory '9'
cp: -r not specified; omitting directory '90'
cp: -r not specified; omitting directory '91'
cp: -r not specified; omitting directory '92'
sbatch: error: Unable to open file test_3.sh
/software/vmd/1.9.3/linux-rhel8-x86_64/lib/vmd_LINUXAMD64: /lib64/libGL.so.1: no version information available (required by /software/vmd/1.9.3/linux-rhel8-x86_64/lib/vmd_LINUXAMD64)
Info) VMD for LINUXAMD64, version 1.9.3 (November 30, 2016)
Info) http://www.ks.uiuc.edu/Research/vmd/                         
Info) Email questions and bug reports to vmd@ks.uiuc.edu           
Info) Please include this reference in published work using VMD:   
Info)    Humphrey, W., Dalke, A. and Schulten, K., `VMD - Visual   
Info)    Molecular Dynamics', J. Molec. Graphics 1996, 14.1, 33-38.
Info) -------------------------------------------------------------
Info) Multithreading available, 128 CPUs detected.
Info)   CPU features: SSE2 AVX AVX2 FMA 
Info) Free system memory: 805GB (39%)
Info) No CUDA accelerator devices available.
Info) Dynamically loaded 2 plugins in directory:
Info) /software/vmd/1.9.3/linux-rhel8-x86_64/lib/plugins/LINUXAMD64/molfile
93
Info) Using plugin pdb for structure file ./recenter.pdb
Info) Using plugin pdb for coordinates from file ./recenter.pdb
Info) Determining bond structure from distance search ...
Info) Analyzing structure ...
Info)    Atoms: 28820
Info)    Bonds: 23700
Info)    Angles: 0  Dihedrals: 0  Impropers: 0  Cross-terms: 0
Info)    Bondtypes: 0  Angletypes: 0  Dihedraltypes: 0  Impropertypes: 0
Info)    Residues: 5120
Info)    Waters: 5000
Info)    Segments: 3
Info)    Fragments: 5120   Protein: 0   Nucleic: 0
Info) Finished with coordinate file ./recenter.pdb.
0
atomselect0
atomselect1
Info) Opened coordinate file memb.pdb for writing.
Info) Finished with coordinate file memb.pdb.
Info) VMD for LINUXAMD64, version 1.9.3 (November 30, 2016)
Info) Exiting normally.
cp: cannot stat 'recenter.ORCAFF.prms': No such file or directory
cp: -r not specified; omitting directory '1'
cp: -r not specified; omitting directory '10'
cp: -r not specified; omitting directory '11'
cp: -r not specified; omitting directory '12'
cp: -r not specified; omitting directory '13'
cp: -r not specified; omitting directory '14'
cp: -r not specified; omitting directory '15'
cp: -r not specified; omitting directory '16'
cp: -r not specified; omitting directory '17'
cp: -r not specified; omitting directory '18'
cp: -r not specified; omitting directory '19'
cp: -r not specified; omitting directory '2'
cp: -r not specified; omitting directory '20'
cp: -r not specified; omitting directory '21'
cp: -r not specified; omitting directory '22'
cp: -r not specified; omitting directory '23'
cp: -r not specified; omitting directory '24'
cp: -r not specified; omitting directory '25'
cp: -r not specified; omitting directory '26'
cp: -r not specified; omitting directory '27'
cp: -r not specified; omitting directory '28'
cp: -r not specified; omitting directory '29'
cp: -r not specified; omitting directory '3'
cp: -r not specified; omitting directory '30'
cp: -r not specified; omitting directory '31'
cp: -r not specified; omitting directory '32'
cp: -r not specified; omitting directory '33'
cp: -r not specified; omitting directory '34'
cp: -r not specified; omitting directory '35'
cp: -r not specified; omitting directory '36'
cp: -r not specified; omitting directory '37'
cp: -r not specified; omitting directory '38'
cp: -r not specified; omitting directory '39'
cp: -r not specified; omitting directory '4'
cp: -r not specified; omitting directory '40'
cp: -r not specified; omitting directory '41'
cp: -r not specified; omitting directory '42'
cp: -r not specified; omitting directory '43'
cp: -r not specified; omitting directory '44'
cp: -r not specified; omitting directory '45'
cp: -r not specified; omitting directory '46'
cp: -r not specified; omitting directory '47'
cp: -r not specified; omitting directory '48'
cp: -r not specified; omitting directory '49'
cp: -r not specified; omitting directory '5'
cp: -r not specified; omitting directory '50'
cp: -r not specified; omitting directory '51'
cp: -r not specified; omitting directory '52'
cp: -r not specified; omitting directory '53'
cp: -r not specified; omitting directory '54'
cp: -r not specified; omitting directory '55'
cp: -r not specified; omitting directory '56'
cp: -r not specified; omitting directory '57'
cp: -r not specified; omitting directory '58'
cp: -r not specified; omitting directory '59'
cp: -r not specified; omitting directory '6'
cp: -r not specified; omitting directory '60'
cp: -r not specified; omitting directory '61'
cp: -r not specified; omitting directory '62'
cp: -r not specified; omitting directory '63'
cp: -r not specified; omitting directory '64'
cp: -r not specified; omitting directory '65'
cp: -r not specified; omitting directory '66'
cp: -r not specified; omitting directory '67'
cp: -r not specified; omitting directory '68'
cp: -r not specified; omitting directory '69'
cp: -r not specified; omitting directory '7'
cp: -r not specified; omitting directory '70'
cp: -r not specified; omitting directory '71'
cp: -r not specified; omitting directory '72'
cp: -r not specified; omitting directory '73'
cp: -r not specified; omitting directory '74'
cp: -r not specified; omitting directory '75'
cp: -r not specified; omitting directory '76'
cp: -r not specified; omitting directory '77'
cp: -r not specified; omitting directory '78'
cp: -r not specified; omitting directory '79'
cp: -r not specified; omitting directory '8'
cp: -r not specified; omitting directory '80'
cp: -r not specified; omitting directory '81'
cp: -r not specified; omitting directory '82'
cp: -r not specified; omitting directory '83'
cp: -r not specified; omitting directory '84'
cp: -r not specified; omitting directory '85'
cp: -r not specified; omitting directory '86'
cp: -r not specified; omitting directory '87'
cp: -r not specified; omitting directory '88'
cp: -r not specified; omitting directory '89'
cp: -r not specified; omitting directory '9'
cp: -r not specified; omitting directory '90'
cp: -r not specified; omitting directory '91'
cp: -r not specified; omitting directory '92'
cp: -r not specified; omitting directory '93'
sbatch: error: Unable to open file test_3.sh
/software/vmd/1.9.3/linux-rhel8-x86_64/lib/vmd_LINUXAMD64: /lib64/libGL.so.1: no version information available (required by /software/vmd/1.9.3/linux-rhel8-x86_64/lib/vmd_LINUXAMD64)
Info) VMD for LINUXAMD64, version 1.9.3 (November 30, 2016)
Info) http://www.ks.uiuc.edu/Research/vmd/                         
Info) Email questions and bug reports to vmd@ks.uiuc.edu           
Info) Please include this reference in published work using VMD:   
Info)    Humphrey, W., Dalke, A. and Schulten, K., `VMD - Visual   
Info)    Molecular Dynamics', J. Molec. Graphics 1996, 14.1, 33-38.
Info) -------------------------------------------------------------
Info) Multithreading available, 128 CPUs detected.
Info)   CPU features: SSE2 AVX AVX2 FMA 
Info) Free system memory: 806GB (39%)
Info) No CUDA accelerator devices available.
Info) Dynamically loaded 2 plugins in directory:
Info) /software/vmd/1.9.3/linux-rhel8-x86_64/lib/plugins/LINUXAMD64/molfile
94
Info) Using plugin pdb for structure file ./recenter.pdb
Info) Using plugin pdb for coordinates from file ./recenter.pdb
Info) Determining bond structure from distance search ...
Info) Analyzing structure ...
Info)    Atoms: 28820
Info)    Bonds: 23700
Info)    Angles: 0  Dihedrals: 0  Impropers: 0  Cross-terms: 0
Info)    Bondtypes: 0  Angletypes: 0  Dihedraltypes: 0  Impropertypes: 0
Info)    Residues: 5120
Info)    Waters: 5000
Info)    Segments: 3
Info)    Fragments: 5120   Protein: 0   Nucleic: 0
Info) Finished with coordinate file ./recenter.pdb.
0
atomselect0
atomselect1
Info) Opened coordinate file memb.pdb for writing.
Info) Finished with coordinate file memb.pdb.
Info) VMD for LINUXAMD64, version 1.9.3 (November 30, 2016)
Info) Exiting normally.
cp: cannot stat 'recenter.ORCAFF.prms': No such file or directory
cp: -r not specified; omitting directory '1'
cp: -r not specified; omitting directory '10'
cp: -r not specified; omitting directory '11'
cp: -r not specified; omitting directory '12'
cp: -r not specified; omitting directory '13'
cp: -r not specified; omitting directory '14'
cp: -r not specified; omitting directory '15'
cp: -r not specified; omitting directory '16'
cp: -r not specified; omitting directory '17'
cp: -r not specified; omitting directory '18'
cp: -r not specified; omitting directory '19'
cp: -r not specified; omitting directory '2'
cp: -r not specified; omitting directory '20'
cp: -r not specified; omitting directory '21'
cp: -r not specified; omitting directory '22'
cp: -r not specified; omitting directory '23'
cp: -r not specified; omitting directory '24'
cp: -r not specified; omitting directory '25'
cp: -r not specified; omitting directory '26'
cp: -r not specified; omitting directory '27'
cp: -r not specified; omitting directory '28'
cp: -r not specified; omitting directory '29'
cp: -r not specified; omitting directory '3'
cp: -r not specified; omitting directory '30'
cp: -r not specified; omitting directory '31'
cp: -r not specified; omitting directory '32'
cp: -r not specified; omitting directory '33'
cp: -r not specified; omitting directory '34'
cp: -r not specified; omitting directory '35'
cp: -r not specified; omitting directory '36'
cp: -r not specified; omitting directory '37'
cp: -r not specified; omitting directory '38'
cp: -r not specified; omitting directory '39'
cp: -r not specified; omitting directory '4'
cp: -r not specified; omitting directory '40'
cp: -r not specified; omitting directory '41'
cp: -r not specified; omitting directory '42'
cp: -r not specified; omitting directory '43'
cp: -r not specified; omitting directory '44'
cp: -r not specified; omitting directory '45'
cp: -r not specified; omitting directory '46'
cp: -r not specified; omitting directory '47'
cp: -r not specified; omitting directory '48'
cp: -r not specified; omitting directory '49'
cp: -r not specified; omitting directory '5'
cp: -r not specified; omitting directory '50'
cp: -r not specified; omitting directory '51'
cp: -r not specified; omitting directory '52'
cp: -r not specified; omitting directory '53'
cp: -r not specified; omitting directory '54'
cp: -r not specified; omitting directory '55'
cp: -r not specified; omitting directory '56'
cp: -r not specified; omitting directory '57'
cp: -r not specified; omitting directory '58'
cp: -r not specified; omitting directory '59'
cp: -r not specified; omitting directory '6'
cp: -r not specified; omitting directory '60'
cp: -r not specified; omitting directory '61'
cp: -r not specified; omitting directory '62'
cp: -r not specified; omitting directory '63'
cp: -r not specified; omitting directory '64'
cp: -r not specified; omitting directory '65'
cp: -r not specified; omitting directory '66'
cp: -r not specified; omitting directory '67'
cp: -r not specified; omitting directory '68'
cp: -r not specified; omitting directory '69'
cp: -r not specified; omitting directory '7'
cp: -r not specified; omitting directory '70'
cp: -r not specified; omitting directory '71'
cp: -r not specified; omitting directory '72'
cp: -r not specified; omitting directory '73'
cp: -r not specified; omitting directory '74'
cp: -r not specified; omitting directory '75'
cp: -r not specified; omitting directory '76'
cp: -r not specified; omitting directory '77'
cp: -r not specified; omitting directory '78'
cp: -r not specified; omitting directory '79'
cp: -r not specified; omitting directory '8'
cp: -r not specified; omitting directory '80'
cp: -r not specified; omitting directory '81'
cp: -r not specified; omitting directory '82'
cp: -r not specified; omitting directory '83'
cp: -r not specified; omitting directory '84'
cp: -r not specified; omitting directory '85'
cp: -r not specified; omitting directory '86'
cp: -r not specified; omitting directory '87'
cp: -r not specified; omitting directory '88'
cp: -r not specified; omitting directory '89'
cp: -r not specified; omitting directory '9'
cp: -r not specified; omitting directory '90'
cp: -r not specified; omitting directory '91'
cp: -r not specified; omitting directory '92'
cp: -r not specified; omitting directory '93'
cp: -r not specified; omitting directory '94'
sbatch: error: Unable to open file test_3.sh
/software/vmd/1.9.3/linux-rhel8-x86_64/lib/vmd_LINUXAMD64: /lib64/libGL.so.1: no version information available (required by /software/vmd/1.9.3/linux-rhel8-x86_64/lib/vmd_LINUXAMD64)
Info) VMD for LINUXAMD64, version 1.9.3 (November 30, 2016)
Info) http://www.ks.uiuc.edu/Research/vmd/                         
Info) Email questions and bug reports to vmd@ks.uiuc.edu           
Info) Please include this reference in published work using VMD:   
Info)    Humphrey, W., Dalke, A. and Schulten, K., `VMD - Visual   
Info)    Molecular Dynamics', J. Molec. Graphics 1996, 14.1, 33-38.
Info) -------------------------------------------------------------
Info) Multithreading available, 128 CPUs detected.
Info)   CPU features: SSE2 AVX AVX2 FMA 
Info) Free system memory: 808GB (40%)
Info) No CUDA accelerator devices available.
Info) Dynamically loaded 2 plugins in directory:
Info) /software/vmd/1.9.3/linux-rhel8-x86_64/lib/plugins/LINUXAMD64/molfile
95
Info) Using plugin pdb for structure file ./recenter.pdb
Info) Using plugin pdb for coordinates from file ./recenter.pdb
Info) Determining bond structure from distance search ...
Info) Analyzing structure ...
Info)    Atoms: 28820
Info)    Bonds: 23700
Info)    Angles: 0  Dihedrals: 0  Impropers: 0  Cross-terms: 0
Info)    Bondtypes: 0  Angletypes: 0  Dihedraltypes: 0  Impropertypes: 0
Info)    Residues: 5120
Info)    Waters: 5000
Info)    Segments: 3
Info)    Fragments: 5120   Protein: 0   Nucleic: 0
Info) Finished with coordinate file ./recenter.pdb.
0
atomselect0
atomselect1
Info) Opened coordinate file memb.pdb for writing.
Info) Finished with coordinate file memb.pdb.
Info) VMD for LINUXAMD64, version 1.9.3 (November 30, 2016)
Info) Exiting normally.
cp: cannot stat 'recenter.ORCAFF.prms': No such file or directory
cp: -r not specified; omitting directory '1'
cp: -r not specified; omitting directory '10'
cp: -r not specified; omitting directory '11'
cp: -r not specified; omitting directory '12'
cp: -r not specified; omitting directory '13'
cp: -r not specified; omitting directory '14'
cp: -r not specified; omitting directory '15'
cp: -r not specified; omitting directory '16'
cp: -r not specified; omitting directory '17'
cp: -r not specified; omitting directory '18'
cp: -r not specified; omitting directory '19'
cp: -r not specified; omitting directory '2'
cp: -r not specified; omitting directory '20'
cp: -r not specified; omitting directory '21'
cp: -r not specified; omitting directory '22'
cp: -r not specified; omitting directory '23'
cp: -r not specified; omitting directory '24'
cp: -r not specified; omitting directory '25'
cp: -r not specified; omitting directory '26'
cp: -r not specified; omitting directory '27'
cp: -r not specified; omitting directory '28'
cp: -r not specified; omitting directory '29'
cp: -r not specified; omitting directory '3'
cp: -r not specified; omitting directory '30'
cp: -r not specified; omitting directory '31'
cp: -r not specified; omitting directory '32'
cp: -r not specified; omitting directory '33'
cp: -r not specified; omitting directory '34'
cp: -r not specified; omitting directory '35'
cp: -r not specified; omitting directory '36'
cp: -r not specified; omitting directory '37'
cp: -r not specified; omitting directory '38'
cp: -r not specified; omitting directory '39'
cp: -r not specified; omitting directory '4'
cp: -r not specified; omitting directory '40'
cp: -r not specified; omitting directory '41'
cp: -r not specified; omitting directory '42'
cp: -r not specified; omitting directory '43'
cp: -r not specified; omitting directory '44'
cp: -r not specified; omitting directory '45'
cp: -r not specified; omitting directory '46'
cp: -r not specified; omitting directory '47'
cp: -r not specified; omitting directory '48'
cp: -r not specified; omitting directory '49'
cp: -r not specified; omitting directory '5'
cp: -r not specified; omitting directory '50'
cp: -r not specified; omitting directory '51'
cp: -r not specified; omitting directory '52'
cp: -r not specified; omitting directory '53'
cp: -r not specified; omitting directory '54'
cp: -r not specified; omitting directory '55'
cp: -r not specified; omitting directory '56'
cp: -r not specified; omitting directory '57'
cp: -r not specified; omitting directory '58'
cp: -r not specified; omitting directory '59'
cp: -r not specified; omitting directory '6'
cp: -r not specified; omitting directory '60'
cp: -r not specified; omitting directory '61'
cp: -r not specified; omitting directory '62'
cp: -r not specified; omitting directory '63'
cp: -r not specified; omitting directory '64'
cp: -r not specified; omitting directory '65'
cp: -r not specified; omitting directory '66'
cp: -r not specified; omitting directory '67'
cp: -r not specified; omitting directory '68'
cp: -r not specified; omitting directory '69'
cp: -r not specified; omitting directory '7'
cp: -r not specified; omitting directory '70'
cp: -r not specified; omitting directory '71'
cp: -r not specified; omitting directory '72'
cp: -r not specified; omitting directory '73'
cp: -r not specified; omitting directory '74'
cp: -r not specified; omitting directory '75'
cp: -r not specified; omitting directory '76'
cp: -r not specified; omitting directory '77'
cp: -r not specified; omitting directory '78'
cp: -r not specified; omitting directory '79'
cp: -r not specified; omitting directory '8'
cp: -r not specified; omitting directory '80'
cp: -r not specified; omitting directory '81'
cp: -r not specified; omitting directory '82'
cp: -r not specified; omitting directory '83'
cp: -r not specified; omitting directory '84'
cp: -r not specified; omitting directory '85'
cp: -r not specified; omitting directory '86'
cp: -r not specified; omitting directory '87'
cp: -r not specified; omitting directory '88'
cp: -r not specified; omitting directory '89'
cp: -r not specified; omitting directory '9'
cp: -r not specified; omitting directory '90'
cp: -r not specified; omitting directory '91'
cp: -r not specified; omitting directory '92'
cp: -r not specified; omitting directory '93'
cp: -r not specified; omitting directory '94'
cp: -r not specified; omitting directory '95'
sbatch: error: Unable to open file test_3.sh
/software/vmd/1.9.3/linux-rhel8-x86_64/lib/vmd_LINUXAMD64: /lib64/libGL.so.1: no version information available (required by /software/vmd/1.9.3/linux-rhel8-x86_64/lib/vmd_LINUXAMD64)
Info) VMD for LINUXAMD64, version 1.9.3 (November 30, 2016)
Info) http://www.ks.uiuc.edu/Research/vmd/                         
Info) Email questions and bug reports to vmd@ks.uiuc.edu           
Info) Please include this reference in published work using VMD:   
Info)    Humphrey, W., Dalke, A. and Schulten, K., `VMD - Visual   
Info)    Molecular Dynamics', J. Molec. Graphics 1996, 14.1, 33-38.
Info) -------------------------------------------------------------
Info) Multithreading available, 128 CPUs detected.
Info)   CPU features: SSE2 AVX AVX2 FMA 
Info) Free system memory: 808GB (40%)
Info) No CUDA accelerator devices available.
Info) Dynamically loaded 2 plugins in directory:
Info) /software/vmd/1.9.3/linux-rhel8-x86_64/lib/plugins/LINUXAMD64/molfile
96
Info) Using plugin pdb for structure file ./recenter.pdb
Info) Using plugin pdb for coordinates from file ./recenter.pdb
Info) Determining bond structure from distance search ...
Info) Analyzing structure ...
Info)    Atoms: 28820
Info)    Bonds: 23700
Info)    Angles: 0  Dihedrals: 0  Impropers: 0  Cross-terms: 0
Info)    Bondtypes: 0  Angletypes: 0  Dihedraltypes: 0  Impropertypes: 0
Info)    Residues: 5120
Info)    Waters: 5000
Info)    Segments: 3
Info)    Fragments: 5120   Protein: 0   Nucleic: 0
Info) Finished with coordinate file ./recenter.pdb.
0
atomselect0
atomselect1
Info) Opened coordinate file memb.pdb for writing.
Info) Finished with coordinate file memb.pdb.
Info) VMD for LINUXAMD64, version 1.9.3 (November 30, 2016)
Info) Exiting normally.
cp: cannot stat 'recenter.ORCAFF.prms': No such file or directory
cp: -r not specified; omitting directory '1'
cp: -r not specified; omitting directory '10'
cp: -r not specified; omitting directory '11'
cp: -r not specified; omitting directory '12'
cp: -r not specified; omitting directory '13'
cp: -r not specified; omitting directory '14'
cp: -r not specified; omitting directory '15'
cp: -r not specified; omitting directory '16'
cp: -r not specified; omitting directory '17'
cp: -r not specified; omitting directory '18'
cp: -r not specified; omitting directory '19'
cp: -r not specified; omitting directory '2'
cp: -r not specified; omitting directory '20'
cp: -r not specified; omitting directory '21'
cp: -r not specified; omitting directory '22'
cp: -r not specified; omitting directory '23'
cp: -r not specified; omitting directory '24'
cp: -r not specified; omitting directory '25'
cp: -r not specified; omitting directory '26'
cp: -r not specified; omitting directory '27'
cp: -r not specified; omitting directory '28'
cp: -r not specified; omitting directory '29'
cp: -r not specified; omitting directory '3'
cp: -r not specified; omitting directory '30'
cp: -r not specified; omitting directory '31'
cp: -r not specified; omitting directory '32'
cp: -r not specified; omitting directory '33'
cp: -r not specified; omitting directory '34'
cp: -r not specified; omitting directory '35'
cp: -r not specified; omitting directory '36'
cp: -r not specified; omitting directory '37'
cp: -r not specified; omitting directory '38'
cp: -r not specified; omitting directory '39'
cp: -r not specified; omitting directory '4'
cp: -r not specified; omitting directory '40'
cp: -r not specified; omitting directory '41'
cp: -r not specified; omitting directory '42'
cp: -r not specified; omitting directory '43'
cp: -r not specified; omitting directory '44'
cp: -r not specified; omitting directory '45'
cp: -r not specified; omitting directory '46'
cp: -r not specified; omitting directory '47'
cp: -r not specified; omitting directory '48'
cp: -r not specified; omitting directory '49'
cp: -r not specified; omitting directory '5'
cp: -r not specified; omitting directory '50'
cp: -r not specified; omitting directory '51'
cp: -r not specified; omitting directory '52'
cp: -r not specified; omitting directory '53'
cp: -r not specified; omitting directory '54'
cp: -r not specified; omitting directory '55'
cp: -r not specified; omitting directory '56'
cp: -r not specified; omitting directory '57'
cp: -r not specified; omitting directory '58'
cp: -r not specified; omitting directory '59'
cp: -r not specified; omitting directory '6'
cp: -r not specified; omitting directory '60'
cp: -r not specified; omitting directory '61'
cp: -r not specified; omitting directory '62'
cp: -r not specified; omitting directory '63'
cp: -r not specified; omitting directory '64'
cp: -r not specified; omitting directory '65'
cp: -r not specified; omitting directory '66'
cp: -r not specified; omitting directory '67'
cp: -r not specified; omitting directory '68'
cp: -r not specified; omitting directory '69'
cp: -r not specified; omitting directory '7'
cp: -r not specified; omitting directory '70'
cp: -r not specified; omitting directory '71'
cp: -r not specified; omitting directory '72'
cp: -r not specified; omitting directory '73'
cp: -r not specified; omitting directory '74'
cp: -r not specified; omitting directory '75'
cp: -r not specified; omitting directory '76'
cp: -r not specified; omitting directory '77'
cp: -r not specified; omitting directory '78'
cp: -r not specified; omitting directory '79'
cp: -r not specified; omitting directory '8'
cp: -r not specified; omitting directory '80'
cp: -r not specified; omitting directory '81'
cp: -r not specified; omitting directory '82'
cp: -r not specified; omitting directory '83'
cp: -r not specified; omitting directory '84'
cp: -r not specified; omitting directory '85'
cp: -r not specified; omitting directory '86'
cp: -r not specified; omitting directory '87'
cp: -r not specified; omitting directory '88'
cp: -r not specified; omitting directory '89'
cp: -r not specified; omitting directory '9'
cp: -r not specified; omitting directory '90'
cp: -r not specified; omitting directory '91'
cp: -r not specified; omitting directory '92'
cp: -r not specified; omitting directory '93'
cp: -r not specified; omitting directory '94'
cp: -r not specified; omitting directory '95'
cp: -r not specified; omitting directory '96'
sbatch: error: Unable to open file test_3.sh
/software/vmd/1.9.3/linux-rhel8-x86_64/lib/vmd_LINUXAMD64: /lib64/libGL.so.1: no version information available (required by /software/vmd/1.9.3/linux-rhel8-x86_64/lib/vmd_LINUXAMD64)
Info) VMD for LINUXAMD64, version 1.9.3 (November 30, 2016)
Info) http://www.ks.uiuc.edu/Research/vmd/                         
Info) Email questions and bug reports to vmd@ks.uiuc.edu           
Info) Please include this reference in published work using VMD:   
Info)    Humphrey, W., Dalke, A. and Schulten, K., `VMD - Visual   
Info)    Molecular Dynamics', J. Molec. Graphics 1996, 14.1, 33-38.
Info) -------------------------------------------------------------
Info) Multithreading available, 128 CPUs detected.
Info)   CPU features: SSE2 AVX AVX2 FMA 
Info) Free system memory: 805GB (39%)
Info) No CUDA accelerator devices available.
Info) Dynamically loaded 2 plugins in directory:
Info) /software/vmd/1.9.3/linux-rhel8-x86_64/lib/plugins/LINUXAMD64/molfile
97
Info) Using plugin pdb for structure file ./recenter.pdb
Info) Using plugin pdb for coordinates from file ./recenter.pdb
Info) Determining bond structure from distance search ...
Info) Analyzing structure ...
Info)    Atoms: 28820
Info)    Bonds: 23700
Info)    Angles: 0  Dihedrals: 0  Impropers: 0  Cross-terms: 0
Info)    Bondtypes: 0  Angletypes: 0  Dihedraltypes: 0  Impropertypes: 0
Info)    Residues: 5120
Info)    Waters: 5000
Info)    Segments: 3
Info)    Fragments: 5120   Protein: 0   Nucleic: 0
Info) Finished with coordinate file ./recenter.pdb.
0
atomselect0
atomselect1
Info) Opened coordinate file memb.pdb for writing.
Info) Finished with coordinate file memb.pdb.
Info) VMD for LINUXAMD64, version 1.9.3 (November 30, 2016)
Info) Exiting normally.
cp: cannot stat 'recenter.ORCAFF.prms': No such file or directory
cp: -r not specified; omitting directory '1'
cp: -r not specified; omitting directory '10'
cp: -r not specified; omitting directory '11'
cp: -r not specified; omitting directory '12'
cp: -r not specified; omitting directory '13'
cp: -r not specified; omitting directory '14'
cp: -r not specified; omitting directory '15'
cp: -r not specified; omitting directory '16'
cp: -r not specified; omitting directory '17'
cp: -r not specified; omitting directory '18'
cp: -r not specified; omitting directory '19'
cp: -r not specified; omitting directory '2'
cp: -r not specified; omitting directory '20'
cp: -r not specified; omitting directory '21'
cp: -r not specified; omitting directory '22'
cp: -r not specified; omitting directory '23'
cp: -r not specified; omitting directory '24'
cp: -r not specified; omitting directory '25'
cp: -r not specified; omitting directory '26'
cp: -r not specified; omitting directory '27'
cp: -r not specified; omitting directory '28'
cp: -r not specified; omitting directory '29'
cp: -r not specified; omitting directory '3'
cp: -r not specified; omitting directory '30'
cp: -r not specified; omitting directory '31'
cp: -r not specified; omitting directory '32'
cp: -r not specified; omitting directory '33'
cp: -r not specified; omitting directory '34'
cp: -r not specified; omitting directory '35'
cp: -r not specified; omitting directory '36'
cp: -r not specified; omitting directory '37'
cp: -r not specified; omitting directory '38'
cp: -r not specified; omitting directory '39'
cp: -r not specified; omitting directory '4'
cp: -r not specified; omitting directory '40'
cp: -r not specified; omitting directory '41'
cp: -r not specified; omitting directory '42'
cp: -r not specified; omitting directory '43'
cp: -r not specified; omitting directory '44'
cp: -r not specified; omitting directory '45'
cp: -r not specified; omitting directory '46'
cp: -r not specified; omitting directory '47'
cp: -r not specified; omitting directory '48'
cp: -r not specified; omitting directory '49'
cp: -r not specified; omitting directory '5'
cp: -r not specified; omitting directory '50'
cp: -r not specified; omitting directory '51'
cp: -r not specified; omitting directory '52'
cp: -r not specified; omitting directory '53'
cp: -r not specified; omitting directory '54'
cp: -r not specified; omitting directory '55'
cp: -r not specified; omitting directory '56'
cp: -r not specified; omitting directory '57'
cp: -r not specified; omitting directory '58'
cp: -r not specified; omitting directory '59'
cp: -r not specified; omitting directory '6'
cp: -r not specified; omitting directory '60'
cp: -r not specified; omitting directory '61'
cp: -r not specified; omitting directory '62'
cp: -r not specified; omitting directory '63'
cp: -r not specified; omitting directory '64'
cp: -r not specified; omitting directory '65'
cp: -r not specified; omitting directory '66'
cp: -r not specified; omitting directory '67'
cp: -r not specified; omitting directory '68'
cp: -r not specified; omitting directory '69'
cp: -r not specified; omitting directory '7'
cp: -r not specified; omitting directory '70'
cp: -r not specified; omitting directory '71'
cp: -r not specified; omitting directory '72'
cp: -r not specified; omitting directory '73'
cp: -r not specified; omitting directory '74'
cp: -r not specified; omitting directory '75'
cp: -r not specified; omitting directory '76'
cp: -r not specified; omitting directory '77'
cp: -r not specified; omitting directory '78'
cp: -r not specified; omitting directory '79'
cp: -r not specified; omitting directory '8'
cp: -r not specified; omitting directory '80'
cp: -r not specified; omitting directory '81'
cp: -r not specified; omitting directory '82'
cp: -r not specified; omitting directory '83'
cp: -r not specified; omitting directory '84'
cp: -r not specified; omitting directory '85'
cp: -r not specified; omitting directory '86'
cp: -r not specified; omitting directory '87'
cp: -r not specified; omitting directory '88'
cp: -r not specified; omitting directory '89'
cp: -r not specified; omitting directory '9'
cp: -r not specified; omitting directory '90'
cp: -r not specified; omitting directory '91'
cp: -r not specified; omitting directory '92'
cp: -r not specified; omitting directory '93'
cp: -r not specified; omitting directory '94'
cp: -r not specified; omitting directory '95'
cp: -r not specified; omitting directory '96'
cp: -r not specified; omitting directory '97'
sbatch: error: Unable to open file test_3.sh
/software/vmd/1.9.3/linux-rhel8-x86_64/lib/vmd_LINUXAMD64: /lib64/libGL.so.1: no version information available (required by /software/vmd/1.9.3/linux-rhel8-x86_64/lib/vmd_LINUXAMD64)
Info) VMD for LINUXAMD64, version 1.9.3 (November 30, 2016)
Info) http://www.ks.uiuc.edu/Research/vmd/                         
Info) Email questions and bug reports to vmd@ks.uiuc.edu           
Info) Please include this reference in published work using VMD:   
Info)    Humphrey, W., Dalke, A. and Schulten, K., `VMD - Visual   
Info)    Molecular Dynamics', J. Molec. Graphics 1996, 14.1, 33-38.
Info) -------------------------------------------------------------
Info) Multithreading available, 128 CPUs detected.
Info)   CPU features: SSE2 AVX AVX2 FMA 
Info) Free system memory: 805GB (39%)
Info) No CUDA accelerator devices available.
Info) Dynamically loaded 2 plugins in directory:
Info) /software/vmd/1.9.3/linux-rhel8-x86_64/lib/plugins/LINUXAMD64/molfile
98
Info) Using plugin pdb for structure file ./recenter.pdb
Info) Using plugin pdb for coordinates from file ./recenter.pdb
Info) Determining bond structure from distance search ...
Info) Analyzing structure ...
Info)    Atoms: 28820
Info)    Bonds: 23700
Info)    Angles: 0  Dihedrals: 0  Impropers: 0  Cross-terms: 0
Info)    Bondtypes: 0  Angletypes: 0  Dihedraltypes: 0  Impropertypes: 0
Info)    Residues: 5120
Info)    Waters: 5000
Info)    Segments: 3
Info)    Fragments: 5120   Protein: 0   Nucleic: 0
Info) Finished with coordinate file ./recenter.pdb.
0
atomselect0
atomselect1
Info) Opened coordinate file memb.pdb for writing.
Info) Finished with coordinate file memb.pdb.
Info) VMD for LINUXAMD64, version 1.9.3 (November 30, 2016)
Info) Exiting normally.
cp: cannot stat 'recenter.ORCAFF.prms': No such file or directory
cp: -r not specified; omitting directory '1'
cp: -r not specified; omitting directory '10'
cp: -r not specified; omitting directory '11'
cp: -r not specified; omitting directory '12'
cp: -r not specified; omitting directory '13'
cp: -r not specified; omitting directory '14'
cp: -r not specified; omitting directory '15'
cp: -r not specified; omitting directory '16'
cp: -r not specified; omitting directory '17'
cp: -r not specified; omitting directory '18'
cp: -r not specified; omitting directory '19'
cp: -r not specified; omitting directory '2'
cp: -r not specified; omitting directory '20'
cp: -r not specified; omitting directory '21'
cp: -r not specified; omitting directory '22'
cp: -r not specified; omitting directory '23'
cp: -r not specified; omitting directory '24'
cp: -r not specified; omitting directory '25'
cp: -r not specified; omitting directory '26'
cp: -r not specified; omitting directory '27'
cp: -r not specified; omitting directory '28'
cp: -r not specified; omitting directory '29'
cp: -r not specified; omitting directory '3'
cp: -r not specified; omitting directory '30'
cp: -r not specified; omitting directory '31'
cp: -r not specified; omitting directory '32'
cp: -r not specified; omitting directory '33'
cp: -r not specified; omitting directory '34'
cp: -r not specified; omitting directory '35'
cp: -r not specified; omitting directory '36'
cp: -r not specified; omitting directory '37'
cp: -r not specified; omitting directory '38'
cp: -r not specified; omitting directory '39'
cp: -r not specified; omitting directory '4'
cp: -r not specified; omitting directory '40'
cp: -r not specified; omitting directory '41'
cp: -r not specified; omitting directory '42'
cp: -r not specified; omitting directory '43'
cp: -r not specified; omitting directory '44'
cp: -r not specified; omitting directory '45'
cp: -r not specified; omitting directory '46'
cp: -r not specified; omitting directory '47'
cp: -r not specified; omitting directory '48'
cp: -r not specified; omitting directory '49'
cp: -r not specified; omitting directory '5'
cp: -r not specified; omitting directory '50'
cp: -r not specified; omitting directory '51'
cp: -r not specified; omitting directory '52'
cp: -r not specified; omitting directory '53'
cp: -r not specified; omitting directory '54'
cp: -r not specified; omitting directory '55'
cp: -r not specified; omitting directory '56'
cp: -r not specified; omitting directory '57'
cp: -r not specified; omitting directory '58'
cp: -r not specified; omitting directory '59'
cp: -r not specified; omitting directory '6'
cp: -r not specified; omitting directory '60'
cp: -r not specified; omitting directory '61'
cp: -r not specified; omitting directory '62'
cp: -r not specified; omitting directory '63'
cp: -r not specified; omitting directory '64'
cp: -r not specified; omitting directory '65'
cp: -r not specified; omitting directory '66'
cp: -r not specified; omitting directory '67'
cp: -r not specified; omitting directory '68'
cp: -r not specified; omitting directory '69'
cp: -r not specified; omitting directory '7'
cp: -r not specified; omitting directory '70'
cp: -r not specified; omitting directory '71'
cp: -r not specified; omitting directory '72'
cp: -r not specified; omitting directory '73'
cp: -r not specified; omitting directory '74'
cp: -r not specified; omitting directory '75'
cp: -r not specified; omitting directory '76'
cp: -r not specified; omitting directory '77'
cp: -r not specified; omitting directory '78'
cp: -r not specified; omitting directory '79'
cp: -r not specified; omitting directory '8'
cp: -r not specified; omitting directory '80'
cp: -r not specified; omitting directory '81'
cp: -r not specified; omitting directory '82'
cp: -r not specified; omitting directory '83'
cp: -r not specified; omitting directory '84'
cp: -r not specified; omitting directory '85'
cp: -r not specified; omitting directory '86'
cp: -r not specified; omitting directory '87'
cp: -r not specified; omitting directory '88'
cp: -r not specified; omitting directory '89'
cp: -r not specified; omitting directory '9'
cp: -r not specified; omitting directory '90'
cp: -r not specified; omitting directory '91'
cp: -r not specified; omitting directory '92'
cp: -r not specified; omitting directory '93'
cp: -r not specified; omitting directory '94'
cp: -r not specified; omitting directory '95'
cp: -r not specified; omitting directory '96'
cp: -r not specified; omitting directory '97'
cp: -r not specified; omitting directory '98'
sbatch: error: Unable to open file test_3.sh
/software/vmd/1.9.3/linux-rhel8-x86_64/lib/vmd_LINUXAMD64: /lib64/libGL.so.1: no version information available (required by /software/vmd/1.9.3/linux-rhel8-x86_64/lib/vmd_LINUXAMD64)
Info) VMD for LINUXAMD64, version 1.9.3 (November 30, 2016)
Info) http://www.ks.uiuc.edu/Research/vmd/                         
Info) Email questions and bug reports to vmd@ks.uiuc.edu           
Info) Please include this reference in published work using VMD:   
Info)    Humphrey, W., Dalke, A. and Schulten, K., `VMD - Visual   
Info)    Molecular Dynamics', J. Molec. Graphics 1996, 14.1, 33-38.
Info) -------------------------------------------------------------
Info) Multithreading available, 128 CPUs detected.
Info)   CPU features: SSE2 AVX AVX2 FMA 
Info) Free system memory: 808GB (40%)
Info) No CUDA accelerator devices available.
Info) Dynamically loaded 2 plugins in directory:
Info) /software/vmd/1.9.3/linux-rhel8-x86_64/lib/plugins/LINUXAMD64/molfile
99
Info) Using plugin pdb for structure file ./recenter.pdb
Info) Using plugin pdb for coordinates from file ./recenter.pdb
Info) Determining bond structure from distance search ...
Info) Analyzing structure ...
Info)    Atoms: 28820
Info)    Bonds: 23700
Info)    Angles: 0  Dihedrals: 0  Impropers: 0  Cross-terms: 0
Info)    Bondtypes: 0  Angletypes: 0  Dihedraltypes: 0  Impropertypes: 0
Info)    Residues: 5120
Info)    Waters: 5000
Info)    Segments: 3
Info)    Fragments: 5120   Protein: 0   Nucleic: 0
Info) Finished with coordinate file ./recenter.pdb.
0
atomselect0
atomselect1
Info) Opened coordinate file memb.pdb for writing.
Info) Finished with coordinate file memb.pdb.
Info) VMD for LINUXAMD64, version 1.9.3 (November 30, 2016)
Info) Exiting normally.
cp: cannot stat 'recenter.ORCAFF.prms': No such file or directory
cp: -r not specified; omitting directory '1'
cp: -r not specified; omitting directory '10'
cp: -r not specified; omitting directory '11'
cp: -r not specified; omitting directory '12'
cp: -r not specified; omitting directory '13'
cp: -r not specified; omitting directory '14'
cp: -r not specified; omitting directory '15'
cp: -r not specified; omitting directory '16'
cp: -r not specified; omitting directory '17'
cp: -r not specified; omitting directory '18'
cp: -r not specified; omitting directory '19'
cp: -r not specified; omitting directory '2'
cp: -r not specified; omitting directory '20'
cp: -r not specified; omitting directory '21'
cp: -r not specified; omitting directory '22'
cp: -r not specified; omitting directory '23'
cp: -r not specified; omitting directory '24'
cp: -r not specified; omitting directory '25'
cp: -r not specified; omitting directory '26'
cp: -r not specified; omitting directory '27'
cp: -r not specified; omitting directory '28'
cp: -r not specified; omitting directory '29'
cp: -r not specified; omitting directory '3'
cp: -r not specified; omitting directory '30'
cp: -r not specified; omitting directory '31'
cp: -r not specified; omitting directory '32'
cp: -r not specified; omitting directory '33'
cp: -r not specified; omitting directory '34'
cp: -r not specified; omitting directory '35'
cp: -r not specified; omitting directory '36'
cp: -r not specified; omitting directory '37'
cp: -r not specified; omitting directory '38'
cp: -r not specified; omitting directory '39'
cp: -r not specified; omitting directory '4'
cp: -r not specified; omitting directory '40'
cp: -r not specified; omitting directory '41'
cp: -r not specified; omitting directory '42'
cp: -r not specified; omitting directory '43'
cp: -r not specified; omitting directory '44'
cp: -r not specified; omitting directory '45'
cp: -r not specified; omitting directory '46'
cp: -r not specified; omitting directory '47'
cp: -r not specified; omitting directory '48'
cp: -r not specified; omitting directory '49'
cp: -r not specified; omitting directory '5'
cp: -r not specified; omitting directory '50'
cp: -r not specified; omitting directory '51'
cp: -r not specified; omitting directory '52'
cp: -r not specified; omitting directory '53'
cp: -r not specified; omitting directory '54'
cp: -r not specified; omitting directory '55'
cp: -r not specified; omitting directory '56'
cp: -r not specified; omitting directory '57'
cp: -r not specified; omitting directory '58'
cp: -r not specified; omitting directory '59'
cp: -r not specified; omitting directory '6'
cp: -r not specified; omitting directory '60'
cp: -r not specified; omitting directory '61'
cp: -r not specified; omitting directory '62'
cp: -r not specified; omitting directory '63'
cp: -r not specified; omitting directory '64'
cp: -r not specified; omitting directory '65'
cp: -r not specified; omitting directory '66'
cp: -r not specified; omitting directory '67'
cp: -r not specified; omitting directory '68'
cp: -r not specified; omitting directory '69'
cp: -r not specified; omitting directory '7'
cp: -r not specified; omitting directory '70'
cp: -r not specified; omitting directory '71'
cp: -r not specified; omitting directory '72'
cp: -r not specified; omitting directory '73'
cp: -r not specified; omitting directory '74'
cp: -r not specified; omitting directory '75'
cp: -r not specified; omitting directory '76'
cp: -r not specified; omitting directory '77'
cp: -r not specified; omitting directory '78'
cp: -r not specified; omitting directory '79'
cp: -r not specified; omitting directory '8'
cp: -r not specified; omitting directory '80'
cp: -r not specified; omitting directory '81'
cp: -r not specified; omitting directory '82'
cp: -r not specified; omitting directory '83'
cp: -r not specified; omitting directory '84'
cp: -r not specified; omitting directory '85'
cp: -r not specified; omitting directory '86'
cp: -r not specified; omitting directory '87'
cp: -r not specified; omitting directory '88'
cp: -r not specified; omitting directory '89'
cp: -r not specified; omitting directory '9'
cp: -r not specified; omitting directory '90'
cp: -r not specified; omitting directory '91'
cp: -r not specified; omitting directory '92'
cp: -r not specified; omitting directory '93'
cp: -r not specified; omitting directory '94'
cp: -r not specified; omitting directory '95'
cp: -r not specified; omitting directory '96'
cp: -r not specified; omitting directory '97'
cp: -r not specified; omitting directory '98'
cp: -r not specified; omitting directory '99'
sbatch: error: Unable to open file test_3.sh
/software/vmd/1.9.3/linux-rhel8-x86_64/lib/vmd_LINUXAMD64: /lib64/libGL.so.1: no version information available (required by /software/vmd/1.9.3/linux-rhel8-x86_64/lib/vmd_LINUXAMD64)
Info) VMD for LINUXAMD64, version 1.9.3 (November 30, 2016)
Info) http://www.ks.uiuc.edu/Research/vmd/                         
Info) Email questions and bug reports to vmd@ks.uiuc.edu           
Info) Please include this reference in published work using VMD:   
Info)    Humphrey, W., Dalke, A. and Schulten, K., `VMD - Visual   
Info)    Molecular Dynamics', J. Molec. Graphics 1996, 14.1, 33-38.
Info) -------------------------------------------------------------
Info) Multithreading available, 128 CPUs detected.
Info)   CPU features: SSE2 AVX AVX2 FMA 
Info) Free system memory: 806GB (39%)
Info) No CUDA accelerator devices available.
Info) Dynamically loaded 2 plugins in directory:
Info) /software/vmd/1.9.3/linux-rhel8-x86_64/lib/plugins/LINUXAMD64/molfile
100
Info) Using plugin pdb for structure file ./recenter.pdb
Info) Using plugin pdb for coordinates from file ./recenter.pdb
Info) Determining bond structure from distance search ...
Info) Analyzing structure ...
Info)    Atoms: 28820
Info)    Bonds: 23700
Info)    Angles: 0  Dihedrals: 0  Impropers: 0  Cross-terms: 0
Info)    Bondtypes: 0  Angletypes: 0  Dihedraltypes: 0  Impropertypes: 0
Info)    Residues: 5120
Info)    Waters: 5000
Info)    Segments: 3
Info)    Fragments: 5120   Protein: 0   Nucleic: 0
Info) Finished with coordinate file ./recenter.pdb.
0
atomselect0
atomselect1
Info) Opened coordinate file memb.pdb for writing.
Info) Finished with coordinate file memb.pdb.
Info) VMD for LINUXAMD64, version 1.9.3 (November 30, 2016)
Info) Exiting normally.
cp: cannot stat 'recenter.ORCAFF.prms': No such file or directory
cp: -r not specified; omitting directory '1'
cp: -r not specified; omitting directory '10'
cp: -r not specified; omitting directory '100'
cp: -r not specified; omitting directory '11'
cp: -r not specified; omitting directory '12'
cp: -r not specified; omitting directory '13'
cp: -r not specified; omitting directory '14'
cp: -r not specified; omitting directory '15'
cp: -r not specified; omitting directory '16'
cp: -r not specified; omitting directory '17'
cp: -r not specified; omitting directory '18'
cp: -r not specified; omitting directory '19'
cp: -r not specified; omitting directory '2'
cp: -r not specified; omitting directory '20'
cp: -r not specified; omitting directory '21'
cp: -r not specified; omitting directory '22'
cp: -r not specified; omitting directory '23'
cp: -r not specified; omitting directory '24'
cp: -r not specified; omitting directory '25'
cp: -r not specified; omitting directory '26'
cp: -r not specified; omitting directory '27'
cp: -r not specified; omitting directory '28'
cp: -r not specified; omitting directory '29'
cp: -r not specified; omitting directory '3'
cp: -r not specified; omitting directory '30'
cp: -r not specified; omitting directory '31'
cp: -r not specified; omitting directory '32'
cp: -r not specified; omitting directory '33'
cp: -r not specified; omitting directory '34'
cp: -r not specified; omitting directory '35'
cp: -r not specified; omitting directory '36'
cp: -r not specified; omitting directory '37'
cp: -r not specified; omitting directory '38'
cp: -r not specified; omitting directory '39'
cp: -r not specified; omitting directory '4'
cp: -r not specified; omitting directory '40'
cp: -r not specified; omitting directory '41'
cp: -r not specified; omitting directory '42'
cp: -r not specified; omitting directory '43'
cp: -r not specified; omitting directory '44'
cp: -r not specified; omitting directory '45'
cp: -r not specified; omitting directory '46'
cp: -r not specified; omitting directory '47'
cp: -r not specified; omitting directory '48'
cp: -r not specified; omitting directory '49'
cp: -r not specified; omitting directory '5'
cp: -r not specified; omitting directory '50'
cp: -r not specified; omitting directory '51'
cp: -r not specified; omitting directory '52'
cp: -r not specified; omitting directory '53'
cp: -r not specified; omitting directory '54'
cp: -r not specified; omitting directory '55'
cp: -r not specified; omitting directory '56'
cp: -r not specified; omitting directory '57'
cp: -r not specified; omitting directory '58'
cp: -r not specified; omitting directory '59'
cp: -r not specified; omitting directory '6'
cp: -r not specified; omitting directory '60'
cp: -r not specified; omitting directory '61'
cp: -r not specified; omitting directory '62'
cp: -r not specified; omitting directory '63'
cp: -r not specified; omitting directory '64'
cp: -r not specified; omitting directory '65'
cp: -r not specified; omitting directory '66'
cp: -r not specified; omitting directory '67'
cp: -r not specified; omitting directory '68'
cp: -r not specified; omitting directory '69'
cp: -r not specified; omitting directory '7'
cp: -r not specified; omitting directory '70'
cp: -r not specified; omitting directory '71'
cp: -r not specified; omitting directory '72'
cp: -r not specified; omitting directory '73'
cp: -r not specified; omitting directory '74'
cp: -r not specified; omitting directory '75'
cp: -r not specified; omitting directory '76'
cp: -r not specified; omitting directory '77'
cp: -r not specified; omitting directory '78'
cp: -r not specified; omitting directory '79'
cp: -r not specified; omitting directory '8'
cp: -r not specified; omitting directory '80'
cp: -r not specified; omitting directory '81'
cp: -r not specified; omitting directory '82'
cp: -r not specified; omitting directory '83'
cp: -r not specified; omitting directory '84'
cp: -r not specified; omitting directory '85'
cp: -r not specified; omitting directory '86'
cp: -r not specified; omitting directory '87'
cp: -r not specified; omitting directory '88'
cp: -r not specified; omitting directory '89'
cp: -r not specified; omitting directory '9'
cp: -r not specified; omitting directory '90'
cp: -r not specified; omitting directory '91'
cp: -r not specified; omitting directory '92'
cp: -r not specified; omitting directory '93'
cp: -r not specified; omitting directory '94'
cp: -r not specified; omitting directory '95'
cp: -r not specified; omitting directory '96'
cp: -r not specified; omitting directory '97'
cp: -r not specified; omitting directory '98'
cp: -r not specified; omitting directory '99'
sbatch: error: Unable to open file test_3.sh
