9.929
8.769
7.863
8.961
9.734
8.864
10.512
9.787
11.241
11.537
11.274
11.980
9.952
10.238
8.937
10.552
8.429
7.460
8.295
9.826
9.894
11.040
9.518
8.590
8.316
8.253
9.122
7.003
6.962
6.008
5.157
5.260
3.898
4.151
3.775
6.846
7.221
7.505
5.446
5.138
5.942
3.603
3.093
3.584
2.512
2.384
2.624
1.322
0.385
1.574
0.890
1.770
0.510
-0.224
0.195
-0.340
-1.583
-1.902
-1.361
-2.613
-2.230
-2.703
-3.924
-3.811
-5.137
-6.007
-5.436
-6.134
-4.535
-5.994
-6.225
-5.237
-7.341
-7.167
-8.190
-7.760
-7.802
-7.028
-9.160
-9.370
-9.804
-9.654
-10.667
-9.710
-8.727
-7.647
-8.845
-9.020
-8.446
-10.083
-8.813
3.029
2.953
3.687
1.623
1.614
1.401
0.406
0.746
-0.212
-0.404
0.002
-0.520
-1.814
-2.434
-1.716
-2.547
-1.991
-3.390
-3.072
-2.503
-4.245
-4.531
-5.112
-4.493
-5.679
-6.167
-5.652
-6.706
-7.321
-6.823
-7.781
-8.347
-9.135
-8.832
-7.904
-7.339
-8.870
-7.173
-6.248
-7.563
-6.731
-7.691
-6.123
-6.187
-5.141
-6.961
-6.158
13.294
13.051
13.849
12.860
14.647
14.824
14.722
15.491
13.140
13.659
12.106
13.698
12.241
11.250
12.010
12.722
11.808
11.971
11.714
10.445
10.576
11.316
10.626
8.905
8.374
8.973
8.289
6.879
6.263
6.987
5.873
4.907
6.017
6.632
6.721
6.411
7.149
6.539
5.110
4.086
4.217
2.884
3.027
2.905
4.700
5.107
4.010
3.917
3.616
4.611
2.735
3.001
2.049
2.018
1.475
2.726
1.078
1.496
0.938
-0.282
-0.195
-0.804
-1.108
-0.984
-1.676
-2.319
-1.817
-1.029
-1.687
-3.215
-4.065
-3.433
-3.301
-4.242
-2.428
-3.481
-3.566
-2.620
-4.823
-4.651
-5.394
-5.696
-6.031
-5.210
-6.851
-6.382
-7.113
-8.093
-8.772
-8.564
-7.853
1.515
1.402
0.672
1.314
1.738
1.927
-0.225
-0.420
-0.680
-0.539
-0.154
-0.120
-2.005
-2.161
-2.371
-2.801
-2.404
-2.973
-4.191
-4.221
-5.391
-6.168
-5.597
-4.669
-5.937
-6.853
-6.761
-7.765
-6.913
-7.382
-7.707
-5.717
-5.287
-4.900
-5.888
-5.040
-6.817
-6.211
-5.405
-7.203
-6.049
-5.044
-5.931
-7.057
-6.732
-8.126
-7.011
12.997
12.075
11.050
12.139
12.623
13.445
11.680
12.566
12.945
11.931
13.414
13.407
14.398
15.139
14.553
14.673
12.234
13.271
11.549
10.706
10.690
10.320
12.121
9.772
8.411
7.829
8.335
7.784
8.503
7.546
7.092
7.127
6.645
7.415
5.722
6.543
6.824
6.161
5.438
4.630
4.835
3.508
3.827
2.623
6.329
5.357
7.059
6.280
5.847
7.336
5.559
6.136
5.559
4.082
3.581
4.086
3.292
3.679
3.322
1.747
1.230
1.415
1.275
2.023
0.007
-0.153
-1.271
-1.508
-1.037
-2.494
-2.645
-3.436
-2.540
-2.133
-1.813
-4.010
-4.584
-4.000
-4.642
-4.095
-4.725
-6.084
-6.680
-6.038
-6.875
-7.088
-7.889
-6.303
-6.712
-6.546
-5.203
3.129
4.026
2.504
2.174
2.473
2.109
0.788
0.398
0.816
-0.346
-0.477
-0.167
-1.730
-1.841
-1.805
-2.788
-2.642
-3.781
-2.622
-1.902
-3.433
-3.242
-4.675
-5.444
-5.175
-4.348
-3.741
-3.800
-5.658
-6.191
-5.414
-6.547
-5.965
-7.107
-7.638
-7.201
-8.233
-8.554
-7.913
-9.230
-9.386
-10.183
-9.920
-8.523
-9.118
-8.116
-7.713
12.784
11.750
11.874
11.936
12.419
13.163
11.393
12.268
12.548
12.959
11.484
13.018
14.191
14.235
14.382
14.904
10.210
9.758
9.938
10.026
10.851
10.539
9.952
8.488
7.695
6.907
8.299
6.942
7.738
6.272
5.962
6.465
4.998
5.578
4.795
5.987
5.371
6.725
5.179
5.708
6.669
4.883
4.316
5.524
3.639
3.573
3.261
2.544
2.546
2.962
1.218
1.205
0.877
0.155
-0.124
0.577
-1.127
-0.967
-1.389
-2.380
-3.307
-2.489
-2.127
-1.282
-2.967
-2.650
-4.265
-4.279
-4.471
-5.327
-5.110
-5.225
-6.739
-7.013
-6.635
-7.781
-7.256
-7.971
-9.063
-8.822
-9.705
-10.035
-10.115
-9.505
-11.510
-11.482
-11.931
-12.511
-13.567
-12.492
-12.174
3.835
4.239
3.600
2.468
2.172
2.614
1.404
1.564
1.526
0.026
-0.164
-0.049
-1.063
-0.943
-1.990
-1.372
-2.144
-0.482
-1.818
-1.088
-3.087
-3.158
-4.357
-4.804
-4.017
-5.303
-4.783
-5.588
-6.626
-6.401
-6.994
-7.790
-7.520
-8.580
-8.384
-7.689
-8.974
-9.540
-9.218
-10.439
-9.896
-10.585
-8.989
-10.718
-11.143
-10.100
-11.498
13.491
12.316
11.457
12.426
13.643
13.464
14.574
12.826
13.419
12.449
14.161
13.588
14.701
14.799
15.632
14.681
12.007
12.916
11.265
10.090
9.745
9.734
11.613
9.484
8.630
9.174
8.334
7.274
6.782
6.554
5.872
5.861
5.001
4.208
5.661
7.431
8.138
7.968
6.167
5.563
6.005
4.387
4.344
4.710
4.249
4.959
3.430
3.712
2.901
4.543
2.994
2.697
3.666
1.911
2.366
1.405
0.876
-0.054
0.541
1.236
2.157
1.395
0.043
0.191
-1.114
-1.912
-1.581
-2.110
-0.656
-2.540
-2.628
-2.120
-4.002
-3.911
-4.305
-5.134
-5.171
-4.822
-6.507
-6.598
-6.766
-7.580
-7.368
-7.644
-9.012
-9.075
-9.049
-10.039
-11.078
-9.935
-9.755
3.036
2.634
3.176
1.847
2.094
1.951
0.456
0.499
-0.239
-0.087
0.744
-0.127
-1.445
-1.651
-1.368
-2.590
-2.263
-2.665
-3.878
-3.887
-5.045
-5.937
-5.296
-5.781
-4.366
-6.113
-6.015
-5.737
-7.611
-8.014
-7.835
-8.422
-8.271
-9.476
-8.254
-7.305
-8.171
-9.405
-9.855
-10.162
-8.901
-7.946
-9.606
-8.617
-8.798
-9.475
-7.625
10.033
9.796
10.684
9.087
10.755
10.182
10.937
11.756
10.938
10.881
10.569
11.983
8.724
8.110
8.876
8.203
9.025
7.958
9.051
10.748
11.750
11.206
9.525
10.151
9.190
9.209
9.488
7.695
7.646
7.345
6.268
5.687
5.980
5.255
6.963
6.829
6.876
7.252
5.391
5.056
5.920
3.563
3.356
3.136
5.349
5.363
5.913
3.925
3.940
3.366
3.218
3.198
3.941
1.820
1.343
2.040
0.829
1.126
0.771
-0.587
-0.953
-0.715
-1.530
-1.152
-2.678
-3.262
-3.098
-2.632
-4.174
-3.001
-3.245
-3.673
-1.512
-0.961
-1.008
-1.281
-0.178
-1.831
-1.736
-1.680
-2.712
-0.893
-0.526
-0.138
-1.886
-2.636
-2.401
-1.225
-0.825
-1.870
-0.351
2.987
3.605
3.118
1.481
1.458
1.138
0.466
0.521
0.753
-1.018
-1.323
-1.076
-1.929
-1.380
-1.855
-3.375
-3.500
-3.949
-3.932
-3.178
-5.157
-5.381
-6.289
-6.012
-7.110
-6.762
-7.307
-5.869
-7.632
-8.479
-7.129
-8.390
-7.859
-8.453
-9.828
-10.353
-10.309
-9.804
-9.242
-9.245
-11.168
-11.026
-11.866
-11.823
-11.013
-12.703
-12.116
11.272
10.615
10.730
11.135
11.528
10.640
11.788
12.269
12.637
12.464
13.331
13.123
10.561
10.398
9.587
11.121
9.123
8.687
8.589
9.428
10.818
9.254
9.066
8.421
7.007
6.922
6.788
6.077
6.174
6.447
6.384
6.138
6.540
6.471
7.549
4.579
4.353
4.294
3.801
3.308
3.482
2.489
2.673
2.773
5.372
5.787
5.366
3.983
3.619
4.144
2.956
3.160
3.070
1.493
1.422
1.281
0.402
0.852
0.252
-0.940
-0.802
-1.490
-1.798
-1.193
-3.112
-3.550
-4.032
-3.464
-4.762
-4.839
-5.160
-4.167
-6.040
-6.386
-5.779
-7.269
-7.058
-7.495
-8.380
-8.557
-8.054
-9.712
-9.584
-10.008
-10.587
-10.458
-10.216
-12.040
-12.724
-12.326
-12.237
1.044
1.041
0.425
0.329
0.507
0.891
-1.076
-1.022
-1.777
-1.552
-0.875
-1.491
-3.011
-3.617
-3.120
-3.647
-3.599
-2.925
-5.023
-5.070
-6.101
-7.055
-6.304
-5.430
-6.927
-7.098
-6.538
-7.159
-8.550
-8.621
-8.930
-9.449
-9.405
-8.949
-10.898
-10.880
-11.332
-11.637
-12.600
-11.257
-11.862
-10.876
-12.303
-12.735
-13.746
-12.116
-12.998
8.044
7.018
6.153
7.449
9.356
10.057
9.825
9.071
8.246
8.729
7.398
8.766
7.518
8.286
6.612
7.248
6.518
5.528
6.435
7.812
9.031
7.907
7.508
6.563
5.936
5.366
6.545
4.823
5.258
3.739
3.391
3.798
2.320
2.533
1.397
4.104
3.765
4.778
2.958
2.220
2.637
0.975
1.263
0.345
2.088
2.244
2.978
0.888
0.745
0.048
0.948
1.896
0.060
0.635
-0.289
1.419
0.633
1.111
1.294
-0.800
-0.699
-1.279
-1.645
-1.243
-2.792
-3.144
-3.530
-2.893
-4.224
-4.303
-3.532
-4.934
-5.209
-5.716
-4.771
-6.298
-5.819
-6.791
-7.509
-8.305
-7.841
-7.277
-6.550
-8.166
-6.907
-7.787
-6.158
-6.263
-5.329
-7.017
-5.804
0.027
-0.886
0.515
-0.535
0.230
-1.063
-1.515
-2.385
-0.984
-1.881
-1.040
-2.081
-3.155
-3.854
-2.859
-3.611
-4.563
-3.696
-2.491
-1.983
-2.151
-1.297
-2.653
-2.983
-3.399
-1.523
-0.965
-0.768
-2.068
-2.517
-2.859
-0.998
-1.428
-0.555
0.059
-0.471
0.472
1.213
0.794
1.409
2.541
3.019
3.113
2.357
2.346
3.147
1.375
6.501
6.268
5.429
7.163
7.749
7.776
8.645
7.818
6.601
5.700
7.511
6.696
5.420
4.510
5.200
5.504
6.263
5.872
5.565
8.673
8.845
9.789
7.506
8.157
8.258
8.101
9.298
7.318
7.589
5.978
5.048
5.198
3.681
3.572
3.729
7.376
8.453
6.775
7.012
5.890
5.352
5.377
6.033
5.362
2.601
2.853
2.331
1.320
1.045
1.556
0.213
0.658
-0.132
-0.924
-1.613
-0.506
-1.881
-1.183
-2.393
-2.857
-3.625
-2.321
-3.655
-3.154
-5.009
-5.466
-5.994
-5.461
-6.492
-7.087
-6.500
-7.668
-8.197
-8.806
-7.599
-9.153
-9.491
-8.600
-10.393
-10.203
-10.914
-11.325
-11.301
-10.921
-12.823
-13.293
-12.823
-13.594
-13.207
-13.339
-14.683
4.017
4.012
3.449
3.295
3.999
2.748
2.266
1.442
2.669
1.502
2.216
0.671
0.937
0.415
1.677
-0.101
-0.763
-0.690
0.445
0.489
0.882
1.291
0.984
1.911
0.972
-0.287
-0.376
-1.182
-0.237
0.728
-0.213
-1.305
-1.378
-2.287
-1.161
-0.106
-1.353
-1.893
-1.592
-1.593
-3.437
-3.800
-3.664
-4.227
-3.807
-5.333
-4.076
14.317
13.273
12.328
13.084
14.551
14.675
13.686
15.422
15.597
16.125
16.273
15.442
13.887
13.074
14.622
13.415
13.650
14.669
13.006
12.247
12.022
12.074
13.618
11.163
9.785
9.105
9.635
9.173
9.978
8.663
7.908
7.751
7.239
8.104
6.689
8.033
8.390
7.834
6.743
6.589
7.390
5.117
4.532
4.875
6.441
6.981
6.392
5.016
4.981
4.557
4.035
4.237
4.281
2.559
2.413
2.305
1.713
1.869
2.060
0.300
-0.239
0.433
-0.487
0.126
-1.822
-2.209
-2.791
-2.361
-3.234
-3.976
-3.832
-4.670
-4.660
-4.664
-4.048
-6.173
-6.852
-6.625
-6.236
-5.588
-7.283
-5.851
-4.803
-5.896
-6.692
-7.753
-6.435
-6.461
-7.010
-5.373
-6.821
4.603
4.916
5.012
3.061
2.635
2.791
2.418
2.994
2.659
0.940
0.630
0.307
0.630
0.991
1.174
-0.900
-1.404
-1.311
-1.386
-0.907
-2.012
-2.085
-2.540
-1.987
-2.472
-4.025
-4.319
-4.262
-5.026
-5.223
-4.613
-6.368
-6.295
-6.545
-7.470
-7.218
-7.499
-8.800
-9.186
-9.544
-8.817
-8.136
-8.401
-10.209
-10.136
-10.660
-10.727
6.327
7.518
8.325
7.990
6.770
6.034
7.673
6.979
5.755
5.516
6.570
5.065
5.227
4.691
5.565
4.567
7.500
8.582
7.013
7.894
9.174
7.871
7.014
7.048
6.061
6.423
6.002
4.695
4.671
3.750
3.671
3.960
3.151
3.274
3.835
4.175
4.284
4.754
2.767
1.981
2.345
0.692
0.768
0.512
1.598
1.674
1.461
0.597
0.637
0.963
-0.753
-0.680
-1.074
-1.937
-2.074
-1.450
-3.241
-3.169
-3.705
-4.061
-4.265
-3.475
-5.304
-5.059
-6.563
-7.292
-6.979
-6.322
-6.953
-8.445
-9.162
-8.614
-8.619
-8.030
-8.170
-10.106
-10.240
-10.696
-10.555
-10.195
-10.060
-12.014
-12.244
-12.613
-12.481
-13.543
-12.391
-11.911
-10.819
-12.121
-12.291
-0.431
-0.455
-1.369
-0.455
-0.372
0.390
-1.831
-1.690
-2.193
-2.968
-2.797
-3.025
-4.315
-4.422
-4.371
-5.565
-5.676
-5.327
-6.802
-6.787
-7.682
-8.498
-7.811
-7.461
-8.873
-6.947
-7.122
-5.876
-7.271
-8.373
-6.838
-6.643
-7.086
-6.925
-5.063
-4.792
-4.670
-4.384
-4.926
-4.667
-2.945
-2.248
-2.902
-2.470
-1.394
-2.960
-2.678
7.175
5.934
5.275
5.315
8.213
7.720
8.411
9.043
6.820
7.622
6.158
6.403
7.889
8.609
7.113
8.360
6.191
6.694
5.173
6.567
5.996
7.725
7.013
5.342
4.662
4.669
5.132
3.169
3.096
2.532
2.884
3.492
2.136
2.422
1.049
2.339
2.799
1.308
2.448
1.359
0.368
1.552
1.657
2.354
2.354
3.376
1.994
1.562
0.499
2.081
1.541
2.508
0.795
1.108
0.033
1.718
1.670
2.765
1.182
1.311
0.215
1.906
1.693
2.054
1.758
2.030
1.400
1.309
2.119
0.039
0.228
-0.118
-1.170
-1.242
-0.978
-2.541
-2.531
-2.825
-3.754
-3.552
-4.519
-4.223
-3.300
-4.888
-4.986
-5.468
-4.263
-6.113
-6.770
-6.622
-5.753
0.321
-0.611
0.326
0.163
1.138
-0.003
-1.115
-1.040
-0.906
-2.440
-2.487
-2.527
-3.775
-3.810
-4.664
-3.990
-3.105
-3.825
-5.269
-5.207
-6.473
-7.316
-6.795
-5.968
-7.666
-7.263
-7.786
-6.363
-8.341
-9.110
-7.793
-9.050
-9.248
-8.301
-10.394
-10.990
-10.978
-10.231
-9.388
-9.797
-11.580
-11.253
-12.398
-11.940
-12.359
-11.039
-12.704
12.719
13.236
14.076
13.672
13.783
14.414
13.401
14.376
12.046
12.802
11.683
11.193
11.693
10.951
12.158
11.291
12.246
12.731
11.868
9.871
9.204
10.267
11.182
8.930
8.930
9.752
9.295
7.502
7.585
6.399
6.165
6.531
5.336
6.085
4.541
7.359
7.654
8.209
6.117
5.056
5.022
3.913
3.775
4.128
4.677
3.995
5.525
3.939
4.692
3.145
3.385
3.068
4.200
2.161
2.322
1.318
1.779
1.627
2.668
0.430
0.356
0.432
-0.870
-0.723
-2.156
-3.035
-2.520
-1.733
-2.842
-3.771
-4.065
-4.520
-3.684
-3.290
-2.985
-5.045
-5.440
-5.707
-5.054
-4.693
-4.200
-6.352
-6.173
-6.553
-7.509
-8.153
-7.109
-8.329
-9.382
-7.928
-8.224
2.531
2.631
1.840
1.863
2.330
0.833
1.770
1.761
2.702
0.568
0.384
-0.426
0.851
1.150
1.834
-0.231
-0.563
0.254
-1.354
-0.980
-2.595
-3.352
-3.312
-3.806
-2.571
-4.321
-5.149
-4.827
-3.783
-3.255
-2.981
-4.877
-5.757
-4.440
-5.302
-5.319
-4.564
-6.627
-6.607
-6.699
-7.944
-8.068
-7.689
-9.187
-9.142
-9.268
-10.060
12.038
10.658
10.434
10.686
12.510
11.908
13.510
12.549
13.005
12.744
12.935
14.025
12.170
12.124
11.394
13.110
9.560
9.620
8.575
9.648
10.409
10.192
9.411
8.198
7.074
7.180
6.237
6.568
7.265
5.256
5.275
6.197
3.779
3.399
3.261
6.473
5.754
7.487
6.040
5.288
5.340
4.409
3.684
5.189
3.622
4.055
4.282
2.125
1.735
1.531
2.091
2.109
2.953
0.790
1.030
-0.070
0.496
0.693
1.243
-0.888
-1.058
-1.672
-1.021
-0.676
-1.619
-1.642
-2.169
-2.160
-1.661
-3.683
-3.889
-3.738
-4.634
-4.274
-4.559
-6.081
-6.460
-6.037
-6.981
-6.557
-6.972
-8.384
-8.963
-8.810
-8.558
-7.997
-8.204
-10.030
-10.248
-10.137
-10.697
3.612
2.706
4.290
3.133
4.078
2.568
2.223
1.261
2.632
2.214
1.881
3.274
1.194
1.260
0.197
1.510
2.620
1.272
1.020
1.901
-0.219
-0.416
-1.433
-2.231
-1.223
-2.032
-1.212
-2.263
-3.335
-4.016
-3.792
-2.889
-1.988
-2.512
-3.995
-4.764
-4.573
-3.471
-4.383
-3.119
-2.403
-1.433
-2.684
-2.286
-1.723
-1.573
-3.248
12.894
12.160
11.356
11.741
11.797
12.063
10.955
11.543
13.356
13.426
14.301
12.684
14.088
14.720
13.744
14.630
13.061
12.447
13.687
13.429
14.455
13.039
13.931
12.183
11.129
10.944
11.349
9.708
9.908
9.257
8.346
7.933
7.878
8.804
7.283
8.640
9.076
7.671
8.414
7.417
6.448
7.457
7.958
8.134
6.755
6.950
6.639
5.401
5.546
4.728
4.761
4.952
5.192
3.258
2.843
2.944
2.736
3.161
2.902
1.216
0.773
0.974
0.693
1.573
-0.533
-0.706
-1.691
-1.298
-1.998
-2.820
-2.345
-3.386
-3.813
-4.280
-3.177
-4.991
-4.663
-5.711
-5.682
-6.344
-4.920
-6.503
-5.994
-7.459
-6.894
-7.396
-5.940
-7.669
-8.771
-7.441
-7.434
6.105
5.580
6.348
5.119
5.633
5.224
3.664
3.260
3.731
2.741
2.813
2.946
1.237
1.223
1.016
0.233
0.345
0.409
-1.155
-1.383
-2.043
-3.082
-1.864
-1.067
-1.720
-3.169
-3.507
-2.889
-4.227
-4.551
-3.745
-5.510
-5.256
-5.858
-6.623
-6.243
-6.956
-7.858
-7.571
-8.051
-9.212
-9.321
-9.195
-10.499
-10.850
-11.291
-10.267
9.158
8.248
7.420
8.920
10.132
10.905
10.517
9.556
8.207
8.884
7.552
7.560
9.825
10.565
10.284
9.082
7.679
8.486
7.241
6.757
6.615
7.902
6.743
5.478
4.323
4.030
4.586
3.278
3.683
2.997
2.295
2.009
1.777
1.931
2.362
1.998
1.186
1.546
2.415
2.515
2.038
3.284
3.978
3.757
0.325
0.240
0.169
-0.651
-1.618
-0.406
-0.785
0.185
-1.099
-1.785
-1.428
-1.743
-3.122
-3.305
-3.275
-4.103
-4.924
-3.620
-4.595
-3.812
-5.859
-6.007
-7.089
-6.693
-7.773
-7.941
-7.333
-8.500
-8.907
-9.483
-8.451
-9.766
-9.180
-10.437
-10.876
-11.379
-10.441
-11.925
-12.708
-12.403
-11.408
-10.644
-10.879
-12.334
-11.866
-13.090
-12.847
2.222
2.833
1.579
1.426
0.683
2.030
0.571
0.166
1.353
-0.609
-1.353
-0.432
-1.477
-0.639
-1.934
-2.411
-3.075
-1.725
-3.259
-2.608
-4.571
-4.881
-5.525
-5.910
-5.024
-6.722
-7.139
-7.545
-6.429
-5.491
-6.235
-7.551
-7.697
-7.241
-8.878
-9.260
-8.675
-10.060
-10.196
-9.891
-11.411
-11.513
-12.292
-11.507
-11.294
-10.862
-12.551
14.304
14.475
15.428
14.528
14.245
13.376
15.165
14.016
13.111
12.189
13.034
13.340
15.512
16.456
15.441
15.728
13.255
13.641
13.308
10.739
10.670
10.921
11.951
9.501
9.060
9.403
9.607
7.471
7.398
6.741
6.559
6.917
5.623
5.910
4.579
6.879
6.970
7.547
5.536
5.430
6.299
3.994
3.774
3.366
5.735
5.396
6.791
5.014
5.449
3.975
5.070
6.009
5.128
3.884
3.712
4.013
2.588
2.870
2.305
1.560
1.828
0.683
1.100
1.699
-0.059
-0.205
-1.217
-2.077
-1.559
-0.657
-1.514
0.056
-0.192
0.550
-0.888
0.595
0.055
1.529
0.925
1.557
1.553
-0.192
0.211
-0.753
-1.316
-1.998
-0.791
-2.287
-2.794
-3.096
-1.657
3.693
4.506
3.664
2.383
1.560
2.423
1.928
2.747
1.899
0.649
0.584
-0.240
0.391
0.854
0.715
-1.114
-1.120
-1.628
-1.993
-1.452
-3.367
-3.776
-4.262
-5.192
-3.797
-4.901
-5.215
-5.741
-3.923
-3.124
-3.406
-4.506
-5.052
-5.267
-3.528
-2.764
-3.115
-4.344
-4.893
-5.134
-3.367
-3.036
-2.440
-3.951
-3.458
-3.968
-4.934
12.665
12.582
13.350
11.699
12.905
13.072
13.829
12.048
13.754
14.675
13.716
13.796
11.411
10.594
11.426
11.176
12.671
12.618
13.591
10.087
10.168
9.769
11.494
9.058
8.349
8.936
8.147
6.911
7.117
6.023
6.160
7.045
4.914
5.167
4.953
6.126
5.914
6.555
4.740
4.556
5.423
3.128
3.027
2.525
3.654
3.618
3.793
2.342
2.384
2.055
1.181
1.224
1.457
-0.166
-0.102
-0.344
-1.310
-1.208
-1.114
-2.705
-3.481
-3.007
-2.893
-2.738
-3.202
-3.314
-3.489
-4.559
-2.943
-3.260
-3.157
-2.306
-4.374
-4.780
-5.229
-4.035
-3.677
-3.244
-5.212
-5.717
-6.038
-4.832
-4.463
-4.100
-6.007
-6.366
-6.885
-5.666
-5.302
-4.805
-6.583
2.629
2.764
3.046
1.118
0.936
1.053
0.178
0.246
0.718
-1.265
-1.748
-1.319
-2.040
-1.512
-2.129
-3.433
-3.817
-3.361
-4.379
-4.196
-5.478
-6.121
-6.092
-5.864
-5.648
-7.610
-7.734
-8.025
-8.386
-9.482
-8.001
-8.129
-8.709
-7.043
-8.595
-9.666
-8.077
-8.372
-7.311
-8.445
-9.288
-10.356
-9.107
-9.008
-9.146
-9.700
-7.971
11.990
11.543
12.461
10.841
10.894
10.441
11.405
10.193
12.519
11.764
12.831
13.397
12.990
12.650
13.122
13.982
10.982
10.027
10.707
12.880
13.916
13.365
11.805
11.975
11.834
12.084
12.378
10.352
10.251
10.061
9.295
8.911
8.872
9.074
9.500
9.286
9.174
9.791
8.026
8.090
9.047
6.690
6.798
5.911
7.433
7.218
7.327
6.415
5.988
6.859
5.262
5.657
4.904
4.031
3.819
4.495
2.886
3.268
2.344
1.699
0.780
1.540
1.962
3.000
1.056
1.410
-0.391
-0.869
-0.659
-0.981
-0.454
-0.783
-2.487
-2.846
-2.650
-3.015
-2.659
-2.629
-4.489
-4.946
-4.704
-5.028
-4.968
-4.244
-6.392
-6.575
-6.280
-7.553
-7.522
-7.268
-8.519
6.198
6.990
5.813
4.987
4.319
5.249
4.145
4.907
3.558
3.168
3.029
3.843
1.827
1.311
1.987
0.942
0.727
1.468
-0.298
-0.776
-0.866
-1.735
-0.417
0.678
-0.443
-1.268
-1.095
-2.334
-1.115
-0.037
-1.449
-1.835
-1.605
-1.515
-3.330
-3.864
-3.600
-4.127
-3.740
-5.227
-3.909
-4.040
-2.873
-4.890
-5.938
-4.657
-4.810
9.984
8.428
7.997
8.179
10.391
9.741
10.271
11.394
10.311
9.821
9.856
11.363
10.680
10.533
11.742
10.230
7.725
6.616
7.966
7.670
7.835
8.437
8.127
6.150
5.645
6.450
5.060
4.782
4.208
4.049
2.831
2.357
2.150
2.270
2.510
5.761
6.402
6.385
4.968
5.187
6.039
4.092
3.091
4.383
0.625
0.454
0.411
-0.315
-0.225
-0.177
-1.748
-1.972
-2.125
-2.787
-2.775
-2.343
-4.081
-3.908
-4.483
-5.132
-4.702
-5.899
-5.758
-5.099
-6.991
-7.287
-7.981
-8.515
-7.465
-9.085
-9.598
-9.854
-8.450
-8.037
-7.687
-9.355
-9.892
-10.174
-8.816
-8.162
-8.286
-9.975
-10.723
-9.626
-10.604
-9.772
-11.306
-11.415
-10.672
-11.968
-11.976
3.784
4.742
3.205
3.245
3.984
3.315
1.807
1.695
1.516
0.679
0.943
0.634
-0.654
-1.105
-0.508
-1.779
-1.447
-2.645
-2.001
-1.244
-3.096
-3.171
-4.324
-4.215
-4.509
-5.597
-5.811
-5.440
-6.898
-7.626
-7.306
-6.603
-6.033
-5.910
-7.815
-7.987
-7.542
-9.043
-9.431
-8.818
-10.100
-9.817
-10.448
-11.349
-12.187
-11.682
-10.931
13.731
12.488
11.792
12.046
14.743
15.637
14.383
15.024
13.439
14.335
12.728
13.103
14.389
13.666
14.775
15.186
12.624
13.348
11.652
11.934
11.213
12.643
13.022
10.866
10.564
10.847
11.159
9.024
8.755
8.469
8.859
9.401
8.554
9.448
7.939
8.310
8.446
8.929
6.940
6.400
7.031
4.916
4.397
4.657
7.847
8.452
7.819
6.325
6.294
5.977
5.366
5.460
5.686
3.929
3.237
4.041
3.271
3.598
3.543
1.759
1.123
1.547
1.376
2.196
0.166
-0.199
-0.988
-1.171
-0.905
-2.262
-2.472
-3.182
-2.192
-1.293
-3.073
-2.338
-1.440
-2.213
-3.711
-4.418
-3.787
-4.207
-3.563
-4.034
-5.724
-5.831
-6.334
-6.016
-5.284
-7.059
-5.925
4.252
4.675
4.755
2.718
2.271
2.264
2.201
2.653
2.331
0.659
0.273
0.489
-0.236
0.108
-0.151
-1.610
-1.595
-1.918
-2.540
-2.226
-3.658
-4.252
-4.252
-3.631
-4.596
-5.524
-5.806
-6.405
-5.271
-4.237
-5.955
-5.505
-4.995
-5.048
-7.024
-7.373
-7.546
-7.391
-6.868
-7.044
-8.899
-9.349
-9.417
-9.274
-8.811
-10.364
-8.916
10.331
9.156
8.382
9.532
9.859
10.779
9.295
9.169
11.412
11.953
10.991
12.143
10.780
11.503
11.235
9.922
8.412
7.580
7.892
9.189
9.463
10.168
9.140
7.719
7.171
7.632
7.457
5.654
5.616
5.110
5.157
5.526
4.817
4.947
5.642
5.078
5.508
5.515
3.622
3.057
3.569
1.536
1.398
1.314
3.398
3.221
3.331
2.179
2.494
1.833
1.050
1.397
0.273
0.459
0.250
1.168
-0.769
-1.161
-0.418
-1.959
-2.500
-1.717
-2.680
-2.000
-3.926
-4.243
-4.927
-4.716
-5.669
-5.397
-5.239
-4.707
-6.923
-7.415
-7.437
-7.235
-6.574
-6.990
-8.698
-9.026
-8.766
-9.744
-9.839
-9.532
-11.208
-11.153
-11.377
-12.286
-12.099
-13.313
-12.185
0.657
0.943
1.031
-0.852
-1.061
-1.148
-1.835
-1.581
-1.630
-3.276
-3.449
-3.557
-4.379
-4.406
-5.351
-4.162
-4.874
-3.169
-4.290
-3.333
-5.344
-5.279
-6.724
-6.727
-7.478
-7.134
-7.070
-6.436
-8.620
-8.749
-9.324
-8.949
-8.456
-8.485
-10.451
-10.699
-10.971
-11.212
-12.202
-10.862
-11.605
-10.831
-11.636
-12.889
-12.882
-12.983
-13.769
12.781
11.367
11.097
11.561
13.804
13.810
13.728
14.813
12.831
12.558
13.787
12.091
13.017
12.814
14.007
12.299
10.218
9.209
10.159
9.872
10.558
10.127
10.348
8.303
7.513
7.892
7.495
6.099
6.261
5.203
4.625
5.044
3.289
3.439
2.811
5.639
5.898
6.189
4.182
3.836
4.580
2.344
2.096
1.720
2.239
1.950
2.776
1.103
1.607
0.612
0.106
0.002
0.662
-1.101
-1.409
-0.863
-2.431
-2.132
-2.597
-3.736
-4.639
-3.651
-3.825
-2.809
-4.880
-4.897
-6.265
-6.761
-6.188
-6.996
-6.516
-6.817
-8.526
-8.996
-8.657
-9.206
-8.639
-9.446
-10.607
-11.227
-11.100
-10.343
-9.882
-9.547
-11.636
-11.343
-12.388
-12.216
-12.759
-11.347
-12.891
2.092
2.883
2.080
0.727
0.478
0.645
-0.385
-0.310
-0.224
-1.816
-2.489
-2.174
-1.986
-1.307
-1.636
-3.472
-4.141
-3.649
-3.868
-3.205
-4.911
-4.911
-5.898
-5.864
-6.920
-5.730
-6.128
-4.665
-6.426
-7.458
-5.849
-6.483
-7.007
-6.957
-5.044
-5.205
-4.409
-4.196
-4.698
-4.114
-2.773
-1.957
-2.662
-2.546
-1.511
-3.231
-2.830
10.390
9.324
8.424
9.534
10.110
9.092
10.693
10.432
11.707
12.390
12.196
11.519
10.435
9.472
10.936
10.988
8.868
8.230
8.230
10.207
10.577
11.228
9.938
8.814
8.422
9.113
8.465
6.981
6.566
6.127
5.771
5.936
5.199
6.135
4.650
6.936
7.678
7.291
5.636
5.132
5.842
3.651
3.401
3.470
4.388
4.892
4.370
2.997
2.475
3.138
2.077
2.213
0.996
2.361
2.685
3.117
1.086
0.753
0.315
1.367
2.113
0.424
2.003
3.028
1.504
2.226
0.215
0.454
-0.161
-0.852
-0.750
-0.542
-2.277
-2.847
-2.294
-2.998
-4.025
-2.633
-2.884
-3.113
-1.795
-3.702
-3.793
-3.253
-5.137
-5.179
-5.576
-5.980
-7.034
-5.786
-5.537
2.781
2.992
3.026
1.319
1.100
1.042
0.334
0.491
-0.644
0.305
1.291
-0.011
-0.548
-0.109
-0.495
-2.004
-2.564
-1.977
-2.665
-2.207
-3.842
-4.295
-4.679
-4.375
-4.511
-6.181
-6.707
-6.253
-7.019
-6.682
-6.842
-8.550
-8.636
-8.990
-9.298
-8.967
-10.404
-9.059
-7.975
-9.597
-9.398
-8.557
-9.452
-10.697
-10.504
-11.156
-11.478
8.938
9.232
10.265
9.172
10.166
9.990
11.048
10.427
8.734
7.786
9.540
8.819
7.770
7.777
7.632
6.902
8.349
7.297
8.676
9.340
10.101
10.070
8.330
8.449
7.939
8.180
8.324
6.378
6.077
6.017
6.064
6.156
5.918
6.897
5.643
5.857
6.378
5.986
4.396
4.103
4.864
2.579
2.320
2.038
4.736
5.017
4.770
3.352
3.177
3.299
2.239
1.264
2.489
2.202
3.080
2.353
0.925
0.172
0.800
0.812
0.478
-0.045
2.096
2.992
2.240
3.117
1.202
0.374
1.697
0.611
1.363
0.013
-0.367
-1.169
0.127
-1.142
-0.547
-1.714
-2.260
-2.778
-1.756
-3.327
-2.780
-4.078
-4.072
-4.935
-4.558
-3.165
-3.822
-2.513
-2.572
1.893
2.364
2.180
0.334
-0.140
0.023
-0.399
0.070
-0.295
-1.953
-2.045
-2.300
-2.883
-3.094
-2.386
-4.193
-3.976
-4.722
-5.101
-4.762
-6.273
-6.828
-6.984
-6.886
-6.465
-8.514
-8.426
-9.002
-9.254
-8.620
-9.342
-10.649
-10.683
-11.153
-11.547
-11.457
-11.336
-13.073
-13.147
-13.299
-14.036
-13.740
-13.755
-15.529
-15.965
-15.714
-16.082
12.241
10.999
11.215
10.256
12.131
11.931
13.021
11.220
12.415
13.147
12.501
11.569
13.478
13.277
14.421
13.646
10.419
9.671
11.165
10.176
10.809
10.846
9.951
8.705
7.664
7.266
7.998
6.450
6.861
5.775
5.950
6.766
5.031
4.371
4.435
5.394
4.774
5.980
4.496
3.964
4.155
3.076
3.644
2.044
5.892
6.205
6.771
4.918
5.501
4.177
4.194
3.466
4.903
3.405
4.206
2.909
2.517
3.146
2.178
1.320
0.642
1.429
0.500
0.930
-0.528
-0.902
-1.184
-0.893
-2.255
-0.791
0.305
-1.238
-1.045
-1.995
-1.051
0.066
0.356
-0.053
1.389
1.506
1.524
2.543
2.444
2.374
3.857
4.607
3.989
4.334
4.380
5.375
3.664
2.953
2.398
3.998
2.191
2.882
1.286
1.749
0.802
2.455
1.374
2.234
1.148
0.202
-0.686
0.402
-0.047
0.864
-0.224
-1.106
-0.877
-2.367
-3.143
-2.861
-3.431
-2.065
-3.764
-4.093
-3.088
-5.001
-5.575
-4.768
-5.944
-5.319
-6.441
-7.055
-6.600
-7.554
-8.032
-8.768
-8.638
-7.371
-6.797
-8.230
-6.476
-7.072
-5.592
-6.320
12.090
11.962
11.911
12.881
13.279
13.417
13.147
14.163
10.864
10.419
11.123
10.100
12.280
13.304
11.991
11.600
10.710
10.421
9.878
11.904
13.285
11.801
11.013
11.221
10.350
10.164
10.819
8.981
9.289
8.581
7.725
7.514
7.198
7.790
7.361
7.955
7.703
8.371
6.774
6.994
8.095
5.628
5.711
4.986
5.749
5.508
5.260
4.898
5.038
5.090
3.361
2.884
3.220
2.745
3.215
2.866
1.322
0.763
1.337
0.667
-0.359
1.322
0.743
1.668
-0.359
-0.225
-1.735
-2.145
-1.777
-2.475
-1.934
-2.801
-3.870
-4.273
-3.699
-5.039
-5.944
-4.721
-5.392
-6.138
-4.613
-5.803
-4.976
-6.746
-6.139
-5.246
-6.606
-7.247
-8.230
-6.867
-7.386
4.875
5.567
4.302
3.958
3.136
4.497
3.524
4.220
3.532
2.200
1.402
1.824
2.065
2.855
2.248
0.817
0.999
-0.079
0.675
1.252
0.105
0.092
-0.525
-0.584
0.111
-1.938
-1.935
-2.525
-2.481
-1.792
-2.499
-3.833
-4.552
-3.730
-4.438
-3.699
-5.407
-4.617
-3.727
-5.438
-5.072
-5.853
-4.317
-5.519
-4.690
-6.303
-5.896
8.967
9.503
10.245
10.085
10.069
10.668
10.734
9.638
8.225
7.548
8.933
7.500
7.930
7.734
7.043
8.180
8.431
7.681
8.980
8.529
8.377
9.923
7.737
7.781
6.586
6.420
6.587
5.344
5.690
4.952
4.540
4.608
3.987
3.296
4.814
4.097
3.890
4.400
2.897
3.002
3.955
1.620
0.884
1.766
3.304
4.059
2.542
2.579
3.446
2.188
1.470
1.856
1.083
0.277
0.771
-0.455
-0.589
0.006
-1.192
-1.459
-1.805
-0.818
-2.594
-2.253
-3.896
-4.647
-4.568
-3.995
-5.356
-5.336
-5.601
-6.312
-4.538
-4.376
-3.603
-5.180
-4.443
-5.198
-6.453
-7.095
-6.310
-7.140
-6.402
-7.381
-8.345
-9.152
-8.767
-8.108
-8.162
-8.799
-7.103
0.904
1.700
0.235
0.149
-0.303
-0.666
1.027
1.363
1.963
0.305
0.053
1.114
-0.811
-0.585
-1.662
-1.110
-1.089
-2.127
0.047
1.024
-0.117
0.700
-1.428
-2.022
-1.186
-2.251
-1.509
-2.698
-3.348
-3.031
-4.021
-4.221
-4.195
-3.767
-5.699
-6.101
-5.656
-6.522
-6.062
-7.491
-6.960
-7.670
-6.060
-7.792
-7.236
-8.755
-7.981
12.956
12.320
12.545
12.754
12.706
13.320
11.654
12.908
14.473
14.886
14.964
14.563
12.550
13.062
12.708
11.490
10.793
10.374
10.422
10.529
11.983
9.731
10.360
9.793
8.365
7.997
8.211
7.541
7.972
7.600
7.231
6.869
7.320
7.692
8.057
6.079
5.695
6.105
5.090
4.820
5.243
3.911
3.028
4.517
5.929
6.199
5.420
4.821
4.571
5.224
3.566
3.652
3.424
2.262
2.049
2.370
1.107
1.477
0.810
-0.203
-0.032
-0.870
-1.105
-0.579
-2.454
-2.982
-3.326
-3.988
-2.729
-4.426
-3.934
-4.897
-5.596
-6.041
-5.079
-6.759
-6.374
-7.476
-7.482
-6.817
-8.125
-8.352
-9.084
-7.609
-8.991
-8.194
-9.570
-9.992
-10.381
-10.853
-9.528
3.482
4.293
3.340
2.148
2.238
1.994
0.978
0.980
1.109
-0.378
-0.314
-0.700
-1.507
-1.470
-1.335
-2.899
-2.888
-2.762
-4.075
-4.186
-4.935
-5.926
-4.742
-4.862
-3.696
-5.689
-5.726
-5.390
-7.176
-7.268
-7.265
-8.104
-7.535
-8.262
-9.486
-9.787
-9.279
-10.448
-10.475
-10.066
-11.861
-11.942
-12.018
-12.970
-12.790
-13.005
-14.000
10.314
9.055
8.481
8.496
11.167
11.373
10.607
12.065
11.141
11.263
12.041
10.703
9.989
10.864
9.784
9.168
9.090
8.082
9.804
8.616
7.958
9.447
9.578
7.771
6.361
5.968
5.798
6.050
4.963
6.287
5.454
4.574
5.847
6.450
6.345
6.771
7.838
6.650
6.273
5.653
5.271
5.402
5.500
6.122
4.550
3.818
4.787
4.009
3.252
4.790
3.588
4.354
2.882
2.699
2.006
3.282
1.811
2.397
1.108
1.069
1.805
0.435
0.211
0.772
-1.163
-1.655
-2.082
-2.656
-1.526
-2.964
-3.519
-2.386
-3.899
-3.257
-4.048
-5.237
-5.714
-5.294
-6.226
-7.143
-5.763
-6.643
-5.806
-7.136
-7.725
-7.979
-8.570
-7.208
-7.773
-7.376
-6.120
4.031
3.950
3.990
2.849
3.082
2.616
1.596
1.275
1.750
0.377
0.373
0.496
-0.842
-0.588
-1.055
-2.146
-1.835
-2.153
-3.460
-3.402
-4.574
-5.513
-4.677
-4.391
-3.923
-5.979
-6.884
-5.929
-6.239
-6.414
-5.369
-7.517
-7.495
-7.619
-8.743
-8.828
-8.675
-10.011
-10.136
-10.084
-10.995
-10.714
-10.939
-12.401
-12.655
-12.564
-13.067
10.281
11.264
11.999
11.868
9.595
10.069
8.563
9.492
9.225
9.600
8.372
8.826
10.864
10.127
11.404
11.630
10.780
9.941
11.547
9.897
9.836
10.865
10.227
8.434
7.324
7.662
6.552
6.746
7.472
5.522
5.565
6.544
4.036
3.707
3.441
6.542
7.527
6.098
5.583
4.375
3.935
3.458
3.541
3.893
3.780
4.342
4.219
2.285
1.898
2.182
1.364
1.727
1.387
-0.093
-0.400
-0.132
-1.170
-0.974
-1.061
-2.642
-3.117
-2.491
-3.283
-2.775
-4.426
-4.835
-5.246
-4.774
-6.288
-5.447
-5.709
-4.450
-6.505
-6.353
-7.440
-6.659
-7.234
-5.709
-7.376
-8.222
-7.736
-6.418
-6.638
-5.425
-6.519
-6.326
-7.582
-5.774
-5.669
-6.120
-4.708
1.992
1.321
1.678
1.784
2.599
1.783
0.499
0.379
-0.363
0.250
1.170
-0.134
-0.828
-1.750
-0.504
-0.880
-1.175
0.180
-1.723
-1.031
-3.002
-3.539
-3.971
-3.460
-4.339
-5.123
-5.853
-4.858
-6.015
-6.375
-5.372
-7.294
-7.058
-7.837
-8.428
-8.537
-9.378
-8.266
-7.299
-8.156
-9.321
-10.264
-9.526
-8.980
-8.031
-9.001
-9.855
14.698
13.468
13.348
13.641
14.449
15.332
13.653
14.268
14.990
15.318
14.160
15.744
15.898
15.681
16.710
16.138
12.050
11.278
11.763
11.886
12.723
12.176
12.265
10.321
9.553
9.863
9.689
8.061
7.597
7.533
7.547
7.979
6.746
7.512
6.133
7.661
8.102
8.184
6.233
5.462
5.773
4.042
3.727
4.127
5.838
5.062
6.467
5.159
5.742
4.573
4.264
3.657
4.939
3.295
3.848
2.547
2.491
3.106
2.175
1.351
0.586
1.829
0.579
0.860
-0.326
-0.861
-0.730
-1.763
-0.023
-0.457
0.497
-1.227
-0.728
-1.608
0.152
-0.805
-0.078
-1.802
-0.474
-1.226
-0.472
0.827
1.770
0.733
1.266
0.675
1.232
2.681
2.989
3.368
2.836
2.975
2.993
3.079
1.525
1.350
1.407
0.500
0.895
0.459
-0.956
-0.941
-1.369
-1.756
-1.583
-1.371
-3.303
-3.456
-3.895
-3.821
-3.106
-5.094
-5.373
-6.198
-5.918
-7.120
-6.483
-5.623
-7.250
-6.943
-6.157
-7.905
-7.009
-7.663
-5.936
-7.404
-8.382
-6.606
-7.497
-8.286
-6.514
-8.107
-7.566
-9.194
-7.814
-8.332
-6.749
-8.172
13.571
12.513
12.874
12.371
12.967
13.627
12.899
12.038
14.785
14.542
15.752
15.066
13.887
12.943
14.459
14.425
11.075
10.589
10.370
11.167
11.717
11.808
11.085
9.608
8.674
8.451
9.086
7.302
7.541
6.843
6.179
5.854
5.931
6.857
5.848
6.326
6.439
6.673
4.951
4.678
5.492
3.182
3.139
2.827
4.617
4.782
4.696
3.293
3.548
2.987
2.170
2.013
2.416
0.831
0.917
0.220
-0.043
0.619
-0.850
-0.615
-1.237
0.312
-1.382
-2.112
-1.115
-1.790
-0.225
-0.589
0.847
-0.396
0.599
-0.277
-1.538
-1.515
-2.494
-1.370
-1.160
-0.448
-2.532
-3.491
-2.350
-2.588
-3.134
-3.191
-1.255
-0.495
-1.379
-0.741
0.177
-1.503
-0.228
2.395
2.532
2.750
0.873
0.659
0.562
0.081
0.518
0.313
-1.487
-1.808
-1.763
-2.161
-2.993
-1.433
-2.601
-3.453
-1.768
-3.036
-2.708
-3.621
-3.838
-4.066
-3.898
-3.579
-5.580
-5.783
-6.103
-6.075
-6.132
-7.160
-5.259
-4.197
-5.707
-5.206
-4.336
-6.149
-4.987
-4.795
-4.083
-6.195
-6.334
-7.112
-6.126
-5.420
-7.125
-5.894
9.476
8.024
7.910
7.446
10.221
10.292
11.184
9.733
9.669
10.674
8.923
9.487
10.017
9.801
11.085
9.560
7.313
6.373
7.799
7.611
7.449
8.963
7.029
6.590
5.198
5.088
4.882
4.320
3.288
4.295
3.641
2.916
3.898
4.757
4.273
4.813
5.776
5.089
3.750
3.835
4.781
2.545
1.746
2.682
2.631
1.767
2.319
2.805
3.423
3.351
1.413
1.579
0.626
0.864
0.678
1.739
-0.442
-0.245
-1.041
-1.147
-0.563
-1.962
-1.613
-0.895
-2.801
-3.059
-3.949
-3.661
-4.028
-5.168
-5.593
-4.801
-6.309
-5.798
-6.515
-7.579
-8.373
-8.018
-7.381
-6.331
-7.385
-8.291
-9.318
-8.151
-8.167
-7.096
-8.604
-8.862
-9.909
-8.348
-9.036
2.204
2.972
1.310
2.011
1.247
2.982
1.767
1.700
2.583
0.542
0.741
0.404
-0.749
-0.634
-1.506
-1.221
-0.398
-1.530
-2.501
-2.729
-3.457
-4.408
-3.343
-2.380
-4.116
-3.572
-2.839
-3.555
-4.953
-5.187
-4.855
-6.213
-6.104
-6.393
-7.466
-7.157
-7.862
-8.677
-8.945
-9.527
-8.407
-8.298
-7.489
-9.454
-9.044
-9.795
-10.330
16.253
15.003
14.565
15.291
17.115
17.186
18.127
16.657
15.841
15.306
15.090
16.686
16.994
17.517
17.588
16.353
13.810
12.936
13.293
13.656
13.847
14.303
14.176
12.118
11.292
11.765
11.025
9.920
9.301
9.249
8.357
8.234
7.465
8.019
6.812
10.141
11.007
10.588
8.930
8.185
8.353
7.049
7.488
6.762
6.741
5.825
7.354
6.456
7.327
5.725
5.944
6.752
5.662
4.776
4.132
5.151
3.860
4.429
3.344
2.605
2.162
2.962
1.734
2.206
0.407
-0.169
-0.413
-1.174
0.177
-1.316
-1.093
-1.051
-2.786
-2.951
-3.048
-3.696
-3.799
-3.314
-5.074
-4.967
-5.592
-6.043
-5.774
-6.770
-6.607
-6.732
-5.855
-7.955
-7.900
-8.658
-8.456
5.837
5.422
6.009
4.732
5.204
4.387
3.455
3.664
3.013
2.534
3.053
2.253
1.230
0.633
1.576
0.333
0.906
0.125
-0.923
-0.753
-2.211
-2.919
-2.837
-3.685
-2.080
-3.268
-2.508
-4.158
-3.742
-4.273
-2.784
-4.685
-5.445
-4.010
-5.136
-4.222
-5.757
-5.794
-4.935
-6.487
-6.397
-7.263
-5.697
-6.860
-7.298
-5.940
-7.473
11.047
10.504
9.906
9.848
11.580
10.766
12.296
11.950
9.916
9.552
9.111
10.224
12.089
11.580
12.649
12.766
11.524
12.287
10.855
12.828
13.471
13.679
12.273
11.442
10.570
10.951
10.466
9.150
8.724
9.298
8.513
7.881
8.615
9.346
9.114
8.333
8.850
8.496
6.934
6.123
6.425
4.796
4.621
4.863
7.230
6.808
7.326
6.218
6.476
6.375
4.775
4.438
4.664
3.726
4.098
3.611
2.364
2.025
2.470
1.339
1.850
1.073
0.146
-0.404
-0.062
-0.710
0.609
1.687
0.520
0.070
-0.125
0.852
-1.230
-0.912
-1.922
-1.887
-1.102
-2.733
-2.570
-3.333
-1.832
-3.245
-2.451
-3.692
-4.331
-5.061
-4.900
-3.984
-3.238
-4.844
-3.507
3.724
3.787
3.750
2.274
2.203
2.060
1.240
1.071
1.549
-0.123
-0.637
0.014
-1.031
-0.653
-1.009
-2.527
-2.662
-2.842
-3.355
-3.078
-4.588
-5.095
-5.397
-4.991
-6.466
-5.487
-6.375
-5.653
-4.290
-3.351
-4.300
-4.260
-5.215
-4.171
-3.133
-3.449
-2.911
-1.806
-1.835
-1.764
-0.523
-0.640
-0.504
0.740
1.593
1.007
0.536
13.849
12.670
11.829
12.816
13.512
12.685
14.441
13.045
15.018
15.935
15.119
14.686
14.550
14.889
13.848
15.372
12.077
11.076
11.871
12.832
12.786
13.898
12.882
11.396
11.054
10.622
11.920
9.814
10.304
8.907
8.498
8.693
7.747
7.812
8.098
9.095
8.709
9.865
8.031
8.301
9.465
6.984
6.090
6.862
6.241
5.854
6.022
5.523
5.765
5.845
3.953
3.650
3.554
3.385
3.557
3.941
1.894
1.532
1.894
0.970
0.053
1.509
0.933
1.860
-0.202
-0.085
-1.530
-1.507
-1.687
-2.726
-2.584
-3.506
-3.189
-3.231
-2.425
-4.534
-4.525
-5.221
-4.813
-4.031
-5.742
-4.724
-5.394
-3.791
-4.884
-4.796
-4.057
-6.149
-6.130
-6.975
-6.240
7.095
8.122
6.412
6.826
7.699
6.742
5.571
5.688
5.438
4.276
3.489
4.256
4.057
4.081
4.833
2.683
2.571
2.510
1.457
1.791
0.212
-0.526
-0.364
0.285
-0.603
-1.777
-2.390
-1.599
-2.445
-2.627
-1.673
-3.696
-3.399
-4.453
-4.325
-3.522
-4.915
-5.337
-4.918
-6.079
-6.131
-6.468
-5.466
-7.341
-8.023
-7.935
-7.033
11.615
12.056
12.993
12.194
12.595
12.253
13.491
12.703
11.561
11.648
10.592
12.328
10.288
9.820
9.726
10.340
11.311
11.878
11.452
9.561
9.891
10.182
9.939
7.955
7.356
7.782
7.726
5.802
5.409
5.404
5.176
5.153
4.887
5.857
4.395
5.227
5.808
5.529
3.748
3.435
4.138
2.084
2.153
1.284
3.729
3.098
4.234
2.859
3.478
2.658
1.598
1.022
1.818
0.742
0.877
-0.322
1.234
1.231
2.267
0.377
0.985
0.372
-0.989
-1.168
-2.105
-3.020
-2.167
-1.376
-2.066
-3.514
-3.553
-3.432
-4.768
-4.899
-4.725
-6.007
-6.949
-6.062
-6.108
-5.295
-6.021
-7.487
-8.136
-7.788
-7.446
-6.954
-6.781
-8.817
-8.805
-9.267
-9.453
1.797
2.577
1.848
0.417
-0.334
0.314
0.156
0.733
0.635
-1.300
-1.618
-1.910
-1.563
-1.356
-0.844
-2.987
-3.594
-3.379
-3.233
-2.698
-3.940
-3.993
-4.675
-3.986
-5.433
-5.378
-6.284
-5.716
-4.490
-4.087
-3.523
-5.183
-5.315
-6.172
-4.422
-3.527
-4.139
-5.199
-5.518
-6.171
-4.405
-4.107
-3.556
-5.157
-5.736
-4.467
-5.902
10.176
9.226
8.944
9.779
9.511
9.178
10.215
8.663
10.352
10.941
9.412
10.813
11.580
12.158
11.530
12.081
7.870
7.148
7.417
6.644
6.564
6.471
7.947
5.461
4.259
4.097
4.263
3.085
3.155
3.033
2.491
2.487
1.995
2.918
1.685
1.710
1.816
0.929
1.415
0.491
-0.291
0.367
-0.059
1.368
0.774
1.184
0.501
-0.428
-0.774
-0.147
-1.551
-1.174
-1.612
-2.899
-3.274
-2.723
-4.110
-3.841
-4.400
-5.388
-5.723
-5.041
-6.472
-6.480
-7.344
-8.059
-7.320
-8.335
-7.131
-6.303
-5.311
-6.543
-6.047
-6.765
-5.914
-4.708
-3.853
-4.739
-4.555
-5.161
-4.949
-3.091
-2.778
-3.031
-2.075
-2.431
-1.913
-0.706
-0.693
0.045
-0.361
-0.656
-0.929
-1.562
-0.117
0.448
0.702
-1.084
-0.444
-1.665
-1.891
-1.079
-2.433
-2.760
-3.454
-2.144
-3.491
-2.755
-3.913
-4.516
-4.408
-5.734
-6.418
-6.081
-5.251
-6.272
-7.450
-7.378
-7.654
-8.590
-8.240
-8.918
-9.819
-10.407
-10.327
-9.700
-8.941
-9.242
-11.020
-11.398
-11.704
-10.819
-10.399
-10.165
-12.221
-12.261
-12.921
-12.812
11.581
10.552
10.217
10.959
11.015
10.154
10.902
11.750
12.069
12.688
12.543
11.177
12.712
12.256
13.543
12.964
9.202
9.384
8.717
7.530
7.162
8.126
8.516
6.179
5.907
6.553
6.135
4.502
4.248
3.473
3.502
4.165
2.458
2.288
2.845
4.390
4.561
5.250
3.094
2.958
3.935
1.435
1.193
1.056
1.056
0.455
1.053
0.249
0.758
0.229
-1.203
-1.591
-1.835
-1.377
-1.121
-0.749
-2.821
-3.086
-3.485
-3.151
-2.922
-4.255
-2.572
-1.475
-3.172
-2.568
-4.639
-5.197
-5.301
-4.702
-4.337
-3.904
-6.082
-6.458
-6.648
-6.190
-5.203
-6.373
-7.335
-8.240
-7.146
-7.683
-6.703
-8.293
-8.350
-7.893
-8.127
-9.900
-10.144
-10.289
-10.471
0.723
1.011
-0.373
1.094
0.964
2.160
0.132
0.561
0.325
-1.346
-1.526
-1.676
-2.243
-2.506
-1.688
-3.615
-4.242
-3.466
-4.306
-4.784
-4.558
-5.074
-4.220
-5.205
-3.521
-3.592
-2.932
-3.005
-4.658
-5.297
-5.358
-4.048
-4.709
-3.245
-3.549
-3.047
-2.762
-4.642
-4.214
-5.417
-5.503
-6.349
-6.111
-4.634
-3.994
-5.247
-3.938
13.310
11.885
11.578
11.831
13.678
13.530
13.047
14.735
14.292
15.294
14.060
14.269
13.402
13.064
12.683
14.368
10.772
11.143
9.810
10.279
10.604
10.646
10.724
8.682
7.806
6.991
8.256
7.304
8.153
6.404
6.925
8.060
5.812
5.915
4.837
6.531
5.685
7.296
5.966
6.722
7.793
6.010
5.025
5.667
5.886
6.914
5.224
5.371
5.480
6.072
3.890
3.330
3.433
3.590
3.933
4.259
2.128
1.810
1.414
2.199
2.502
3.102
1.014
0.846
0.194
-0.536
0.170
-0.865
0.804
0.548
-0.223
0.716
1.874
2.677
1.821
2.350
1.679
2.264
3.737
4.478
3.696
4.100
3.169
4.418
5.193
5.158
5.018
6.568
6.582
7.303
6.919
6.837
7.897
6.698
6.464
6.716
5.360
6.978
6.520
8.082
6.344
6.484
5.246
6.920
6.630
8.026
6.387
6.668
5.276
6.926
8.008
6.215
6.719
4.742
4.630
4.557
3.621
2.628
3.624
3.691
3.439
4.749
2.641
2.878
1.666
2.608
1.958
3.592
2.212
1.161
2.810
2.310
2.066
3.301
1.410
0.359
1.439
1.835
12.825
11.993
12.499
12.214
14.238
14.322
14.922
14.595
12.651
12.912
13.206
11.637
12.476
13.058
11.447
12.679
10.468
9.913
10.108
10.253
10.441
11.281
10.121
8.851
8.265
8.855
8.285
6.829
6.352
6.046
5.596
5.702
4.885
5.697
4.241
6.767
7.284
7.480
5.450
5.077
5.761
3.643
2.999
2.996
3.918
4.482
3.470
2.690
2.372
2.960
1.517
2.043
1.107
0.427
-0.286
0.794
-0.547
0.144
-0.916
-1.757
-2.302
-1.408
-2.612
-2.140
-3.866
-4.412
-4.781
-4.324
-4.917
-6.083
-6.569
-6.621
-6.103
-5.610
-5.420
-7.448
-7.355
-7.886
-8.496
-9.449
-8.646
-8.121
-9.076
-7.446
-7.607
-7.873
-8.057
-6.109
-5.678
-5.817
-5.885
3.613
2.560
4.282
4.139
4.151
5.203
3.107
3.223
2.087
3.056
3.982
3.179
1.789
0.903
1.600
1.869
2.299
0.795
2.282
3.375
1.489
1.996
0.002
-0.425
-0.467
-0.574
-0.146
-1.668
-0.367
-0.754
0.721
-1.283
-0.959
-2.305
-0.939
0.086
-0.889
-1.942
-1.986
-2.987
-1.548
-1.581
-0.513
-2.529
-3.040
-3.364
-2.093
7.064
6.867
5.845
7.355
8.467
8.687
8.657
9.240
6.860
7.015
5.880
7.590
6.093
6.340
6.189
5.064
7.331
8.406
6.809
8.263
8.651
9.374
7.195
7.336
6.954
7.871
6.404
6.121
5.713
4.994
3.911
3.877
2.644
2.572
2.813
6.958
7.500
7.814
6.247
5.758
5.719
5.106
4.548
5.993
1.324
1.187
0.436
1.077
1.238
1.975
-0.147
-0.310
-1.100
0.148
1.101
-0.645
0.331
-0.643
1.210
0.479
1.397
-0.481
0.628
1.232
0.127
0.211
-0.776
-0.281
-1.643
-1.456
-0.651
-2.029
-2.394
-3.047
-1.643
-3.192
-2.483
-3.722
-4.267
-4.836
-4.979
-3.505
-2.631
-3.176
-4.334
-4.684
-3.655
-5.631
-5.766
-6.559
-5.597
3.970
3.358
3.284
4.496
4.985
5.279
3.272
2.459
3.499
2.808
3.586
1.912
2.499
1.685
3.403
2.051
2.861
1.934
0.710
0.757
-0.524
-1.411
-0.842
-1.345
-0.008
-1.830
-1.445
-2.717
-2.137
-1.365
-2.043
-3.534
-3.825
-3.572
-4.570
-4.609
-4.230
-6.006
-6.461
-5.764
-6.780
-7.419
-6.081
-7.573
-7.072
-8.002
-8.500
12.533
11.127
11.241
10.889
13.566
14.510
13.641
13.352
12.794
11.949
13.156
13.563
12.572
13.552
11.794
12.302
9.869
9.009
10.107
8.881
8.715
9.557
9.646
7.440
6.324
6.263
5.447
6.138
7.159
5.159
5.439
6.271
4.416
4.634
4.545
5.974
6.930
5.977
4.868
3.762
3.449
2.781
3.265
2.745
2.967
2.766
2.740
1.936
2.166
2.175
0.494
0.182
-0.150
0.052
0.185
0.779
-1.398
-1.503
-2.153
-1.676
-0.859
-2.611
-1.666
-0.633
-2.640
-2.561
-4.059
-3.984
-4.415
-5.123
-5.230
-5.092
-6.449
-6.570
-6.477
-7.629
-8.622
-7.427
-7.747
-8.685
-6.798
-8.045
-8.185
-7.184
-9.269
-8.972
-9.973
-10.076
-10.692
-9.495
-10.663
1.413
1.400
1.081
0.434
-0.603
0.501
0.725
1.731
0.576
-0.243
0.063
-1.280
-0.279
-0.872
0.761
-0.919
-0.131
-1.051
-2.216
-2.164
-3.393
-4.236
-3.658
-3.248
-3.229
-5.160
-5.667
-5.422
-5.840
-5.991
-4.990
-7.255
-7.471
-7.127
-8.304
-8.487
-7.833
-9.628
-10.095
-9.552
-10.477
-10.522
-11.433
-9.969
-8.910
-10.537
-10.055
12.264
13.247
14.244
13.339
12.108
11.701
12.988
11.426
10.855
11.003
10.391
10.249
12.675
11.786
12.929
13.504
12.848
13.789
12.626
10.901
11.459
10.968
11.765
9.470
8.844
9.237
9.032
7.286
6.826
6.696
5.397
4.831
4.808
5.231
4.953
6.947
7.578
7.335
5.488
4.695
4.915
3.419
3.621
3.446
3.283
2.975
2.834
2.737
2.911
3.272
1.226
1.000
0.724
0.693
0.623
1.387
-0.748
-0.791
-1.326
-1.326
-2.421
-0.928
-0.820
0.193
-1.551
-1.094
-2.999
-3.638
-3.369
-3.218
-2.454
-3.007
-4.694
-5.314
-5.112
-4.712
-3.974
-4.332
-6.086
-6.625
-6.647
-6.264
-5.906
-5.724
-7.704
-8.133
-8.222
-7.939
-7.352
-7.706
-9.026
2.053
1.866
2.105
0.948
1.319
0.814
-0.406
-0.669
-0.348
-1.491
-2.337
-1.835
-1.020
-0.193
-0.546
-2.148
-2.490
-2.953
-1.735
-0.649
-2.491
-1.992
-3.885
-4.338
-3.922
-4.859
-5.852
-4.605
-5.017
-4.024
-5.526
-5.860
-6.898
-5.534
-6.044
-6.427
-4.991
-7.040
-8.057
-6.617
-7.091
-6.069
-7.299
-8.007
-8.093
-8.987
-7.671
12.303
11.628
10.930
12.370
13.381
13.828
14.172
12.934
13.052
12.364
13.660
13.637
11.307
11.672
10.576
10.633
10.832
10.585
9.800
12.305
13.089
13.195
11.467
11.350
10.179
10.159
10.343
8.827
8.789
8.981
8.324
7.710
8.455
8.139
9.546
7.552
7.779
7.514
6.280
5.550
5.932
4.120
3.643
4.178
7.610
7.964
7.886
6.134
5.854
6.011
5.261
5.333
5.728
3.776
3.628
3.247
3.028
3.356
3.418
1.502
1.172
1.021
0.997
1.040
0.758
0.561
0.556
1.384
0.770
-0.817
-0.961
-0.864
-1.836
-1.357
-1.824
-3.241
-3.935
-3.557
-3.406
-2.986
-2.963
-4.935
-5.359
-5.575
-5.080
-4.647
-4.542
-6.509
-6.770
-7.211
-6.678
3.421
3.599
3.607
1.854
1.631
1.507
1.077
1.330
1.293
-0.411
-0.923
-0.621
-1.091
-0.364
-1.223
-2.424
-2.784
-2.529
-3.460
-3.118
-4.739
-5.292
-5.539
-5.818
-4.890
-6.875
-6.679
-7.358
-7.671
-7.848
-8.678
-7.033
-6.647
-6.173
-7.984
-8.492
-7.363
-8.975
-9.838
-9.450
-8.237
-7.577
-7.698
-9.112
-9.714
-8.379
-9.885
9.111
8.815
7.822
8.792
8.975
9.352
9.552
7.963
10.519
10.729
10.520
11.280
8.197
7.216
8.392
8.183
9.772
10.812
9.443
8.579
8.736
8.403
9.742
7.347
6.108
5.482
6.218
5.207
5.803
4.407
3.813
3.811
2.789
2.006
3.301
4.273
4.931
3.816
3.295
2.452
2.585
1.314
1.500
1.403
2.144
2.794
1.522
1.187
1.775
0.977
-0.077
0.241
-0.481
-1.132
-1.597
-0.666
-2.225
-2.078
-2.125
-3.685
-4.284
-3.942
-4.035
-3.755
-4.746
-4.978
-5.355
-4.755
-5.433
-6.839
-6.941
-7.143
-7.716
-7.787
-7.311
-9.191
-9.267
-9.659
-9.931
-9.833
-9.493
-11.439
-11.584
-11.979
-12.024
-11.987
-11.566
-13.533
-14.033
-13.897
-13.604
-0.060
0.094
-0.167
-1.206
-1.382
-0.944
-2.506
-2.283
-2.866
-3.546
-3.289
-3.519
-4.964
-5.155
-4.920
-6.069
-6.992
-6.372
-5.689
-4.788
-6.236
-5.794
-7.463
-7.601
-7.301
-8.803
-9.026
-9.455
-8.773
-8.367
-8.082
-10.135
-9.934
-10.333
-11.404
-11.439
-12.295
-11.439
-10.516
-11.405
-12.669
-13.520
-12.550
-12.835
-11.936
-13.060
-13.704
7.597
6.595
5.851
6.055
8.436
7.896
8.950
9.099
6.883
6.427
6.094
7.662
8.526
9.069
9.215
7.999
7.018
6.100
7.393
8.243
9.673
7.720
7.944
7.472
6.825
6.975
7.399
5.245
5.113
4.625
3.680
3.430
3.078
2.882
3.797
4.593
4.859
4.985
3.118
2.518
3.117
1.018
0.710
0.737
1.804
2.090
0.993
1.389
1.247
2.199
0.098
-0.242
0.239
-1.128
-1.980
-0.870
-1.704
-0.777
-2.193
-2.561
-2.086
-2.658
-3.881
-4.151
-4.654
-5.589
-4.484
-3.481
-5.208
-4.703
-5.776
-4.215
-4.300
-3.219
-4.701
-4.471
-5.192
-4.853
-3.170
-2.468
-2.818
-3.529
-4.273
-3.854
-2.294
-1.502
-1.853
-2.682
-2.881
-1.867
-3.640
0.351
0.793
0.729
-1.189
-1.359
-1.639
-2.029
-1.704
-2.930
-2.490
-2.984
-3.163
-1.322
-0.917
-0.537
-1.834
-2.153
-2.707
-0.768
0.189
-0.820
0.132
-1.983
-2.952
-1.854
-2.052
-0.995
-2.385
-2.846
-2.595
-2.698
-4.368
-4.639
-4.629
-5.175
-4.895
-4.890
-6.655
-6.878
-6.929
-7.570
-7.611
-7.168
-8.991
-9.668
-8.969
-9.484
13.132
11.979
11.165
12.263
13.471
13.747
14.220
12.562
12.666
13.395
12.639
11.803
14.320
15.105
14.205
14.733
11.248
10.992
12.005
9.736
10.738
9.583
10.084
8.333
7.516
7.325
7.902
6.062
6.172
5.555
5.596
6.377
4.528
4.852
4.179
5.127
4.906
5.656
3.829
3.434
4.055
2.213
1.688
1.576
3.306
2.813
3.611
2.359
2.974
2.005
1.090
0.601
1.522
0.127
0.657
-0.281
-0.996
-1.378
-0.518
-2.071
-2.873
-1.708
-2.637
-1.938
-3.936
-4.340
-5.119
-4.874
-5.355
-6.395
-7.270
-6.655
-6.230
-5.426
-6.087
-7.473
-7.624
-7.250
-8.724
-8.509
-8.782
-9.969
-9.759
-10.885
-10.270
-9.894
-9.681
-11.783
-11.918
-12.212
-12.448
2.520
3.072
3.167
1.234
1.521
0.962
0.118
-0.331
0.279
-1.078
-1.134
-0.715
-2.428
-2.313
-2.679
-3.564
-4.413
-3.201
-3.967
-3.278
-4.888
-5.043
-5.797
-5.906
-5.305
-7.258
-7.671
-7.713
-7.367
-6.863
-6.919
-8.899
-9.482
-9.255
-9.296
-10.383
-9.156
-8.585
-8.640
-7.491
-9.222
-8.553
-9.468
-10.539
-11.339
-10.531
-10.961
13.294
12.692
12.935
13.153
13.000
13.552
11.981
13.329
14.803
15.291
15.219
15.139
12.790
13.369
12.974
11.732
11.171
11.132
10.566
10.466
11.539
10.267
10.651
9.101
7.990
7.794
8.016
6.651
5.872
6.600
6.659
6.514
6.783
7.738
6.929
6.552
7.291
6.856
5.275
4.274
4.492
2.923
3.283
2.597
5.727
5.563
6.205
4.399
3.831
3.784
4.466
3.547
5.405
4.354
5.100
3.345
4.607
4.019
5.652
4.427
5.023
3.365
4.865
5.847
4.278
4.918
2.841
2.326
2.326
2.840
3.631
1.834
3.215
2.581
4.207
3.404
4.021
4.049
2.157
1.477
1.552
2.428
2.977
3.177
1.207
0.884
0.416
1.427
2.175
0.473
1.801
1.906
2.411
1.435
0.665
0.383
0.965
-0.439
-0.631
-1.357
-0.130
0.802
0.073
-1.160
-2.175
-1.342
-0.583
-0.712
0.476
-1.415
-2.482
-0.969
-1.698
0.449
0.865
0.389
1.347
0.866
1.399
2.693
2.570
3.117
3.774
3.448
4.814
3.902
2.965
4.088
5.073
5.963
5.172
4.977
4.992
5.942
3.757
3.601
2.808
3.855
-26.826
-26.552
-26.634
-25.586
-27.980
-28.141
-28.806
-28.004
-26.896
-27.108
-26.002
-27.543
-25.662
-24.841
-25.472
-25.744
-27.471
-28.523
-27.506
-25.687
-24.995
-25.763
-27.150
-24.942
-23.576
-23.219
-23.733
-22.441
-22.149
-21.281
-20.619
-20.807
-19.515
-19.998
-19.025
-22.886
-23.244
-23.727
-21.725
-21.458
-22.052
-20.300
-20.198
-20.550
-18.564
-19.101
-18.071
-17.609
-16.637
-17.931
-17.422
-18.338
-17.075
-16.301
-15.288
-16.564
-16.357
-17.340
-15.959
-15.403
-15.790
-14.421
-15.332
-16.228
-14.141
-14.267
-12.718
-12.325
-12.658
-11.827
-12.304
-11.860
-10.451
-10.115
-10.340
-9.436
-9.723
-9.530
-7.993
-7.402
-7.529
-7.826
-6.762
-7.996
-8.714
-9.806
-8.436
-8.505
-7.410
-8.905
-8.858
-19.030
-19.049
-18.187
-18.597
-18.438
-19.410
-17.192
-17.178
-16.425
-16.903
-17.734
-17.004
-15.534
-15.424
-15.466
-14.451
-14.471
-14.641
-13.088
-13.042
-11.968
-11.125
-11.858
-12.506
-10.826
-12.434
-13.528
-12.057
-12.058
-12.235
-10.991
-12.970
-12.852
-14.040
-12.534
-12.986
-11.436
-13.115
-14.226
-12.873
-12.601
-11.560
-12.405
-13.406
-12.939
-14.412
-13.554
-31.428
-31.598
-32.622
-31.176
-32.398
-32.302
-32.131
-33.426
-30.020
-29.624
-29.950
-29.330
-31.798
-32.648
-31.990
-30.956
-30.938
-31.367
-31.046
-28.948
-29.382
-29.223
-29.557
-27.422
-26.481
-26.768
-26.410
-25.026
-24.388
-24.626
-24.235
-24.091
-23.974
-24.171
-24.797
-25.026
-25.832
-25.304
-23.730
-23.529
-24.356
-22.074
-21.969
-21.469
-22.570
-22.559
-22.270
-21.479
-21.848
-20.586
-20.799
-20.335
-21.495
-19.809
-20.341
-19.185
-18.918
-19.560
-18.199
-18.133
-17.638
-18.802
-16.993
-16.334
-16.548
-15.687
-17.184
-17.969
-17.725
-16.132
-15.598
-16.608
-15.269
-15.946
-14.476
-14.740
-14.350
-15.548
-13.495
-13.376
-13.643
-12.217
-12.258
-12.245
-10.857
-10.068
-10.876
-10.674
-9.812
-11.494
-10.423
-21.695
-22.294
-22.001
-20.288
-20.076
-20.176
-19.447
-19.564
-19.884
-17.864
-17.483
-17.383
-17.670
-17.954
-18.383
-16.208
-15.744
-15.622
-16.093
-16.259
-15.882
-15.777
-15.979
-16.149
-16.830
-14.714
-13.824
-14.654
-14.581
-14.588
-15.589
-13.472
-13.492
-13.606
-12.104
-11.867
-11.289
-11.823
-10.761
-12.450
-12.035
-12.201
-12.904
-10.805
-10.373
-10.030
-10.945
-31.399
-30.901
-30.176
-31.593
-30.230
-30.605
-29.889
-29.361
-32.544
-33.244
-32.277
-33.177
-31.855
-30.968
-32.196
-32.520
-30.428
-30.102
-29.550
-31.235
-30.034
-32.460
-31.469
-30.916
-29.931
-29.526
-30.401
-28.709
-29.079
-27.975
-27.290
-27.206
-26.408
-26.984
-26.202
-27.878
-28.538
-27.103
-27.432
-26.135
-25.365
-25.684
-25.519
-26.596
-25.070
-24.575
-25.251
-24.083
-24.563
-24.179
-22.599
-22.337
-22.548
-21.642
-21.950
-21.727
-20.259
-19.986
-20.234
-19.160
-19.379
-19.046
-17.822
-17.101
-17.507
-16.518
-18.427
-19.506
-18.320
-18.057
-18.153
-18.748
-16.708
-16.400
-15.928
-16.689
-16.876
-17.423
-15.264
-15.216
-14.615
-14.948
-14.515
-15.887
-13.958
-14.301
-13.030
-13.517
-13.131
-14.276
-12.661
-24.542
-24.894
-24.333
-23.221
-23.084
-23.317
-22.072
-22.241
-22.165
-20.644
-20.499
-20.461
-19.440
-19.357
-18.524
-19.630
-20.408
-19.942
-18.245
-17.996
-17.371
-16.390
-17.643
-18.723
-17.110
-17.296
-17.886
-17.473
-15.786
-15.621
-15.494
-14.746
-14.836
-15.007
-13.336
-12.610
-13.284
-12.974
-12.800
-13.827
-11.728
-12.050
-10.778
-11.445
-10.520
-11.287
-12.170
-29.008
-29.469
-28.722
-30.290
-29.984
-29.395
-30.773
-30.419
-28.604
-29.305
-28.461
-27.707
-27.742
-27.934
-27.357
-26.976
-29.612
-29.970
-28.623
-30.481
-30.929
-31.251
-30.553
-28.932
-28.264
-28.798
-28.205
-26.773
-26.318
-26.129
-25.907
-26.081
-25.462
-25.095
-26.428
-26.528
-26.757
-27.326
-25.236
-24.345
-24.597
-22.939
-22.390
-22.952
-24.389
-24.582
-24.538
-22.907
-22.890
-22.360
-22.380
-22.444
-23.090
-20.931
-20.311
-20.772
-20.636
-21.189
-19.575
-20.818
-19.993
-20.592
-22.215
-22.469
-23.076
-24.023
-22.810
-23.533
-21.765
-22.900
-22.147
-23.928
-22.633
-23.091
-23.167
-21.173
-20.556
-20.692
-20.890
-21.622
-21.033
-19.468
-18.646
-19.330
-19.175
-19.856
-19.430
-17.731
-17.093
-17.512
-17.321
-22.083
-22.182
-22.538
-20.585
-20.116
-20.464
-19.721
-20.197
-19.504
-18.219
-17.646
-18.328
-17.343
-17.749
-17.533
-15.831
-15.594
-15.249
-15.439
-15.673
-14.926
-14.578
-14.505
-14.394
-15.336
-13.208
-12.930
-13.422
-11.990
-11.844
-12.013
-10.684
-10.470
-10.776
-9.535
-9.504
-9.782
-8.274
-8.095
-8.384
-7.124
-7.406
-7.145
-5.704
-5.194
-5.668
-5.002
-36.632
-36.218
-36.191
-37.008
-36.661
-37.273
-35.683
-36.879
-38.015
-38.276
-37.959
-38.749
-35.571
-35.706
-35.555
-34.605
-34.863
-35.031
-34.708
-33.262
-33.361
-34.026
-33.730
-31.777
-30.981
-31.210
-31.374
-29.463
-28.847
-29.333
-28.067
-27.258
-27.750
-27.831
-28.511
-29.057
-29.615
-29.467
-27.629
-27.017
-27.539
-25.525
-25.195
-25.287
-26.402
-26.074
-25.621
-26.381
-27.080
-25.359
-26.419
-25.742
-27.445
-26.052
-26.788
-25.078
-26.143
-25.924
-27.196
-25.020
-25.173
-24.061
-25.218
-26.246
-24.447
-24.696
-23.080
-22.734
-23.101
-21.952
-22.260
-21.985
-20.543
-20.315
-20.280
-19.537
-19.488
-19.952
-18.164
-18.358
-17.917
-17.070
-16.047
-17.241
-17.000
-18.019
-16.641
-15.988
-16.451
-15.759
-15.020
-24.710
-24.934
-25.008
-23.212
-22.673
-23.094
-22.572
-22.752
-22.834
-21.076
-20.744
-20.799
-20.283
-20.507
-20.426
-18.722
-18.468
-18.112
-18.064
-18.368
-17.442
-16.910
-16.898
-17.568
-16.754
-15.479
-15.510
-15.396
-14.355
-14.416
-14.461
-12.994
-12.869
-12.890
-11.878
-11.847
-12.057
-10.484
-10.396
-9.942
-9.601
-10.028
-9.616
-8.173
-8.176
-7.807
-7.532
-26.455
-25.720
-25.327
-26.443
-25.569
-24.737
-25.259
-26.084
-27.075
-27.867
-26.363
-27.427
-27.457
-26.875
-28.063
-28.132
-24.570
-24.221
-23.628
-24.402
-24.563
-25.115
-25.033
-22.876
-21.890
-21.084
-22.245
-21.149
-21.808
-20.785
-21.227
-22.108
-20.342
-20.881
-19.286
-19.867
-19.496
-20.251
-18.930
-17.891
-17.695
-17.017
-17.682
-16.307
-20.424
-21.462
-20.081
-19.468
-19.467
-19.825
-17.973
-17.941
-17.466
-17.266
-17.284
-17.673
-15.822
-15.720
-15.436
-14.995
-15.355
-13.926
-15.181
-16.229
-14.280
-14.564
-12.892
-12.670
-12.079
-12.686
-13.487
-11.827
-12.483
-11.460
-13.241
-12.759
-12.680
-13.800
-11.644
-11.430
-10.686
-12.033
-12.641
-12.643
-10.872
-10.026
-10.628
-11.251
-10.312
-11.835
-11.798
-16.314
-15.843
-16.982
-15.187
-15.627
-14.557
-14.337
-14.093
-14.958
-13.045
-12.273
-12.629
-13.213
-14.018
-13.737
-12.000
-11.258
-12.307
-11.395
-12.007
-10.273
-10.015
-9.408
-9.321
-9.942
-8.051
-8.070
-7.430
-7.224
-7.681
-7.271
-5.748
-5.064
-5.954
-4.987
-5.029
-5.699
-3.651
-3.633
-3.223
-2.694
-2.947
-3.006
-1.199
-0.972
-0.531
-0.882
-31.668
-30.257
-30.270
-29.642
-32.609
-32.237
-32.824
-33.501
-31.540
-30.751
-31.331
-32.432
-32.158
-32.139
-33.164
-31.488
-29.566
-28.543
-30.017
-30.294
-30.548
-31.507
-29.571
-29.213
-28.262
-27.928
-28.572
-26.944
-27.232
-26.469
-25.739
-25.651
-25.190
-25.382
-25.753
-25.940
-26.519
-25.075
-25.604
-24.544
-23.934
-24.026
-24.730
-23.006
-23.650
-23.062
-23.292
-23.303
-23.933
-23.623
-21.821
-21.192
-21.615
-21.562
-22.384
-21.627
-20.322
-19.410
-20.404
-20.165
-20.997
-20.281
-18.867
-18.768
-17.911
-16.949
-18.009
-18.636
-18.517
-16.550
-16.651
-15.791
-15.932
-15.915
-16.561
-14.506
-14.582
-13.973
-13.635
-13.605
-14.055
-12.151
-12.166
-11.653
-11.326
-11.337
-12.025
-9.930
-9.764
-9.538
-9.259
-23.869
-24.822
-23.351
-23.033
-22.195
-23.540
-22.713
-22.258
-23.679
-21.929
-22.580
-21.649
-20.645
-20.009
-20.820
-19.952
-20.757
-19.113
-19.373
-20.028
-18.196
-17.936
-17.358
-17.895
-17.209
-16.019
-16.234
-15.767
-14.952
-15.336
-14.650
-13.729
-13.523
-13.925
-12.452
-12.198
-12.579
-11.227
-11.707
-10.403
-10.684
-10.339
-11.435
-9.578
-8.865
-9.032
-9.957
-31.018
-30.465
-30.926
-30.649
-32.454
-33.060
-32.589
-32.877
-31.007
-31.199
-30.087
-31.716
-30.292
-30.504
-30.630
-29.260
-29.005
-28.544
-28.689
-28.766
-28.370
-30.018
-28.806
-27.656
-26.392
-25.838
-26.443
-25.468
-25.977
-25.333
-24.869
-24.792
-24.318
-24.268
-25.018
-24.071
-23.477
-24.052
-23.370
-23.794
-24.633
-23.164
-23.011
-23.771
-22.920
-22.730
-23.014
-21.875
-22.263
-21.867
-20.567
-20.179
-20.729
-19.663
-19.883
-19.958
-18.140
-17.698
-17.721
-17.669
-17.977
-18.142
-16.144
-15.697
-15.303
-14.238
-15.757
-16.779
-15.097
-15.834
-16.531
-16.089
-14.431
-13.753
-14.049
-14.344
-14.937
-14.880
-12.952
-12.352
-13.049
-12.324
-13.068
-11.908
-11.164
-10.367
-11.485
-10.546
-9.750
-11.447
-10.133
-21.735
-21.784
-21.572
-20.582
-20.596
-20.467
-19.299
-19.247
-19.269
-18.152
-18.196
-18.362
-16.747
-16.975
-16.337
-15.614
-15.354
-14.717
-15.923
-16.449
-15.319
-15.588
-14.529
-14.887
-14.677
-13.137
-12.955
-13.040
-11.931
-12.029
-11.944
-10.537
-10.489
-9.841
-9.987
-10.254
-10.309
-8.422
-8.094
-8.098
-7.895
-8.424
-7.912
-6.357
-6.103
-6.046
-5.862
-34.418
-33.496
-33.407
-33.911
-33.752
-32.861
-33.447
-34.546
-34.639
-33.718
-35.381
-34.938
-35.796
-35.741
-36.364
-36.209
-32.062
-31.615
-31.650
-31.211
-31.035
-31.847
-32.031
-29.862
-28.768
-28.615
-28.778
-27.458
-27.507
-26.171
-25.208
-25.226
-23.991
-23.973
-24.176
-27.416
-27.183
-28.425
-26.392
-26.806
-27.989
-25.572
-24.620
-25.412
-22.627
-22.744
-22.510
-21.448
-21.319
-21.779
-20.066
-20.045
-19.728
-18.914
-17.918
-18.837
-19.063
-20.048
-18.965
-18.037
-17.912
-17.019
-18.370
-19.414
-17.414
-17.750
-15.909
-15.672
-15.537
-15.059
-14.878
-15.643
-13.746
-13.818
-13.137
-12.801
-13.265
-11.796
-12.700
-13.669
-12.149
-11.901
-10.923
-12.413
-11.877
-11.357
-12.881
-11.176
-11.853
-10.314
-10.670
-25.894
-26.789
-25.022
-26.066
-25.360
-27.101
-25.888
-26.434
-26.412
-24.397
-24.037
-23.814
-24.384
-25.112
-24.701
-22.977
-22.299
-23.138
-22.491
-21.874
-22.627
-22.241
-23.214
-23.993
-23.753
-22.193
-21.642
-22.727
-21.355
-21.886
-21.263
-19.954
-20.019
-19.529
-19.034
-18.232
-19.630
-18.383
-19.165
-18.019
-17.258
-17.584
-16.814
-16.188
-15.764
-16.617
-15.416
-35.429
-34.452
-34.288
-34.915
-35.826
-36.543
-36.265
-35.030
-36.628
-37.057
-37.334
-36.310
-34.753
-34.722
-33.737
-35.363
-33.029
-32.376
-32.493
-32.208
-32.698
-31.920
-33.076
-30.819
-30.813
-29.982
-31.688
-30.754
-31.543
-29.525
-29.471
-30.355
-28.070
-27.836
-27.471
-30.913
-31.837
-30.916
-29.836
-28.727
-28.545
-27.499
-27.736
-27.364
-27.950
-28.058
-28.699
-26.639
-26.524
-25.899
-26.132
-25.857
-26.937
-24.857
-24.964
-24.039
-24.404
-24.331
-25.160
-22.972
-22.752
-22.227
-22.828
-23.583
-22.112
-22.333
-21.182
-20.285
-20.745
-21.751
-22.093
-20.972
-22.942
-22.557
-23.875
-23.060
-22.090
-23.730
-23.558
-24.428
-22.856
-24.013
-24.879
-24.184
-22.963
-22.800
-23.342
-21.698
-20.907
-21.903
-21.241
-26.180
-26.230
-26.097
-24.931
-25.057
-24.016
-24.568
-25.403
-23.644
-24.380
-24.387
-25.230
-23.025
-23.065
-22.213
-22.479
-22.602
-21.399
-23.191
-24.048
-22.829
-23.563
-21.566
-20.648
-21.278
-21.745
-22.608
-21.993
-20.488
-20.256
-19.560
-20.824
-20.839
-21.776
-19.729
-19.903
-18.781
-19.744
-20.750
-19.489
-18.753
-17.777
-19.064
-18.554
-18.231
-17.762
-19.494
-34.190
-33.074
-32.362
-32.399
-33.679
-32.841
-34.343
-33.272
-35.359
-35.147
-36.240
-35.517
-34.805
-35.690
-35.071
-34.075
-33.372
-32.497
-33.837
-33.840
-34.721
-33.837
-34.275
-32.375
-32.107
-31.459
-33.053
-31.329
-31.990
-30.189
-29.615
-29.798
-28.702
-29.320
-28.111
-31.001
-31.913
-30.469
-30.150
-28.829
-28.260
-28.159
-28.283
-28.678
-27.722
-28.279
-27.185
-26.629
-27.186
-26.081
-25.565
-25.250
-25.973
-24.405
-24.440
-24.145
-23.060
-22.934
-23.248
-21.945
-22.383
-21.563
-20.831
-21.119
-19.599
-18.796
-19.017
-19.714
-18.787
-17.820
-18.196
-17.487
-16.631
-16.227
-16.734
-15.422
-15.428
-15.393
-14.069
-13.848
-13.996
-13.037
-13.172
-13.037
-11.522
-11.432
-11.003
-11.042
-10.871
-11.841
-10.136
-26.699
-26.263
-26.603
-25.959
-26.332
-26.126
-24.468
-24.155
-24.437
-23.574
-24.015
-23.666
-22.133
-21.620
-22.035
-21.387
-21.954
-20.416
-21.115
-22.050
-19.937
-19.748
-18.571
-18.524
-18.402
-17.421
-17.343
-17.744
-16.039
-15.669
-16.070
-15.021
-15.392
-14.829
-13.538
-13.449
-13.338
-12.444
-12.452
-12.561
-11.024
-10.387
-10.973
-10.618
-9.534
-11.189
-10.798
-29.909
-30.480
-31.034
-29.629
-31.043
-30.709
-31.893
-31.539
-29.229
-29.946
-28.892
-28.343
-28.900
-28.497
-28.042
-29.276
-31.439
-32.018
-32.223
-29.750
-28.732
-30.506
-30.756
-29.106
-28.523
-27.785
-29.264
-27.822
-28.410
-26.466
-26.287
-27.103
-24.895
-25.162
-24.274
-27.473
-27.068
-28.409
-26.614
-25.421
-24.905
-24.557
-25.100
-24.417
-24.085
-24.041
-24.564
-22.679
-22.301
-22.654
-21.734
-22.051
-21.794
-20.256
-19.800
-20.300
-19.341
-19.769
-19.104
-17.917
-17.151
-17.555
-17.896
-18.794
-16.852
-16.909
-15.489
-15.557
-15.305
-14.404
-14.294
-14.668
-13.027
-13.063
-12.828
-11.848
-10.896
-11.725
-11.927
-12.584
-10.942
-12.569
-12.286
-13.668
-12.313
-13.095
-12.464
-10.931
-10.983
-10.089
-10.783
-23.137
-23.127
-22.441
-22.313
-22.123
-22.944
-20.960
-21.018
-20.321
-20.207
-20.874
-20.040
-18.840
-18.264
-19.001
-18.154
-18.536
-18.404
-16.639
-16.238
-15.759
-14.731
-16.037
-16.691
-16.668
-14.967
-15.456
-14.145
-14.032
-14.543
-13.610
-12.735
-12.066
-13.128
-11.832
-11.399
-12.433
-10.587
-9.922
-9.981
-10.918
-11.601
-11.539
-9.739
-9.297
-9.931
-8.944
-29.347
-28.777
-28.411
-29.528
-30.638
-31.448
-30.942
-30.649
-28.382
-27.426
-28.235
-28.744
-29.572
-29.939
-28.664
-30.126
-27.613
-27.046
-27.011
-28.728
-28.051
-30.172
-28.098
-28.573
-27.645
-27.982
-27.631
-26.273
-25.740
-25.669
-25.287
-25.507
-24.268
-23.967
-24.913
-26.294
-26.639
-26.935
-25.004
-24.220
-24.516
-22.956
-23.215
-22.265
-22.979
-22.565
-23.326
-22.064
-22.562
-21.912
-20.712
-20.176
-20.951
-19.927
-19.065
-20.617
-19.602
-20.401
-18.970
-18.700
-17.885
-19.337
-18.216
-18.831
-17.132
-16.958
-16.150
-15.757
-16.606
-14.987
-15.456
-14.391
-13.980
-13.539
-14.429
-12.628
-12.841
-12.206
-11.840
-10.749
-12.041
-12.355
-13.360
-12.460
-11.479
-10.466
-11.387
-12.152
-13.101
-12.431
-11.603
-22.476
-23.152
-22.637
-20.965
-20.772
-20.197
-20.845
-21.114
-21.435
-19.403
-18.884
-19.002
-19.145
-19.780
-19.454
-17.664
-17.054
-17.591
-17.205
-18.022
-15.895
-15.725
-14.716
-15.038
-14.444
-13.593
-12.833
-13.190
-13.950
-14.798
-13.002
-14.452
-13.713
-14.495
-15.872
-15.879
-16.531
-16.455
-16.511
-17.452
-15.669
-15.756
-14.592
-16.173
-15.778
-15.942
-17.282
-31.387
-30.207
-30.284
-30.146
-31.321
-31.373
-32.170
-30.481
-31.447
-31.780
-30.466
-32.242
-32.664
-33.505
-32.776
-32.697
-28.813
-27.990
-28.863
-27.833
-28.002
-28.525
-28.348
-26.350
-25.794
-26.505
-24.899
-25.293
-26.094
-24.720
-25.512
-26.714
-24.740
-25.339
-24.783
-24.251
-23.542
-24.819
-23.555
-22.691
-22.361
-21.985
-21.519
-22.736
-23.268
-22.760
-23.178
-22.308
-21.978
-21.346
-22.891
-23.249
-23.732
-21.872
-21.389
-21.235
-22.457
-22.921
-23.311
-21.280
-20.558
-21.618
-20.757
-21.446
-19.451
-19.140
-18.251
-17.894
-18.610
-16.998
-16.454
-17.368
-16.138
-16.611
-16.197
-14.717
-14.302
-14.649
-13.766
-13.891
-14.010
-12.313
-12.020
-12.109
-11.471
-10.404
-11.960
-11.443
-12.408
-10.931
-10.774
-20.943
-21.279
-20.610
-19.650
-20.011
-19.045
-18.839
-19.475
-17.882
-18.401
-17.805
-19.298
-17.577
-18.409
-16.815
-16.736
-16.430
-17.205
-15.514
-15.610
-14.287
-13.420
-13.928
-14.660
-13.175
-13.331
-13.960
-13.373
-11.858
-11.887
-11.304
-11.175
-11.872
-10.242
-10.788
-11.675
-10.067
-10.254
-11.024
-9.331
-9.921
-9.038
-10.788
-9.631
-10.286
-8.598
-9.539
-24.527
-23.573
-23.842
-22.543
-23.981
-24.659
-23.066
-23.949
-24.758
-25.614
-24.796
-23.883
-25.836
-25.670
-26.475
-26.371
-23.386
-22.528
-24.262
-23.830
-23.717
-25.149
-23.044
-22.937
-21.509
-20.953
-21.195
-20.868
-21.392
-20.894
-21.296
-21.533
-21.373
-22.433
-20.638
-19.390
-18.971
-18.826
-19.094
-19.086
-19.292
-18.724
-19.691
-18.095
-21.022
-21.651
-21.307
-19.475
-19.089
-19.017
-19.186
-19.700
-19.627
-17.653
-17.523
-17.397
-16.691
-16.550
-17.143
-15.274
-15.502
-14.732
-14.451
-14.899
-13.211
-12.755
-12.490
-13.119
-11.896
-11.659
-10.952
-12.368
-10.952
-11.755
-10.410
-10.156
-9.664
-10.870
-8.943
-9.124
-8.287
-8.074
-8.799
-7.664
-7.019
-7.468
-6.726
-5.710
-5.189
-5.921
-5.018
-17.959
-18.445
-16.903
-18.036
-19.092
-17.559
-17.554
-16.473
-18.070
-17.794
-18.881
-17.590
-17.074
-16.002
-17.419
-17.139
-16.557
-16.605
-18.560
-19.224
-19.013
-20.056
-18.323
-17.216
-18.672
-18.769
-18.390
-19.841
-18.561
-18.777
-19.334
-17.101
-17.142
-16.480
-16.846
-17.682
-16.721
-15.494
-15.472
-15.395
-14.361
-14.544
-14.358
-13.017
-12.165
-13.065
-12.852
-31.278
-30.079
-30.411
-29.961
-32.559
-32.428
-33.368
-32.840
-31.611
-30.953
-31.661
-32.557
-31.047
-30.728
-31.970
-30.208
-28.794
-27.974
-28.866
-27.799
-27.281
-28.869
-28.380
-26.580
-25.655
-25.242
-26.180
-24.498
-24.886
-23.748
-23.078
-23.045
-22.370
-22.532
-22.798
-23.578
-24.172
-23.101
-22.389
-22.450
-23.465
-21.180
-21.414
-20.387
-20.882
-20.425
-20.384
-20.674
-21.364
-20.931
-19.272
-18.572
-19.224
-18.842
-19.399
-19.018
-17.282
-16.807
-16.673
-17.156
-17.246
-18.015
-15.825
-15.715
-14.703
-13.749
-14.558
-15.641
-13.945
-14.000
-12.909
-14.353
-14.521
-14.589
-15.535
-13.595
-13.551
-12.519
-14.104
-14.161
-15.181
-13.466
-13.836
-13.673
-11.930
-11.516
-11.550
-11.341
-11.358
-10.267
-11.702
-20.699
-19.758
-21.501
-20.260
-21.150
-19.378
-19.854
-20.781
-19.377
-19.048
-19.691
-18.320
-18.276
-17.690
-19.035
-17.423
-17.947
-17.462
-16.005
-15.324
-15.406
-14.408
-16.039
-17.138
-15.813
-15.668
-16.141
-14.592
-16.192
-17.298
-15.687
-15.826
-16.269
-14.758
-16.489
-17.499
-15.976
-16.726
-17.352
-17.280
-15.490
-15.765
-14.804
-14.683
-13.888
-14.181
-15.128
-31.878
-30.585
-30.611
-30.728
-33.041
-32.891
-33.180
-33.916
-32.088
-32.047
-33.065
-31.325
-31.959
-31.151
-31.857
-32.803
-29.199
-29.128
-28.359
-28.709
-29.629
-28.864
-29.120
-27.218
-26.832
-27.599
-26.408
-25.821
-25.744
-24.542
-23.952
-24.387
-22.828
-23.284
-22.216
-26.240
-26.404
-27.232
-25.317
-25.697
-26.809
-24.573
-24.011
-24.949
-21.916
-22.588
-21.400
-20.916
-21.406
-20.568
-19.737
-20.069
-19.110
-18.783
-18.382
-19.371
-17.553
-17.190
-17.972
-16.457
-16.927
-16.172
-15.143
-15.305
-13.924
-13.133
-13.533
-14.474
-12.897
-12.858
-13.463
-12.806
-11.467
-10.889
-11.520
-10.531
-10.377
-9.555
-11.128
-10.430
-12.011
-11.549
-12.305
-10.635
-12.113
-11.299
-12.955
-12.657
-11.766
-12.977
-13.459
-23.607
-22.626
-23.219
-24.353
-25.293
-24.755
-23.646
-23.329
-24.279
-22.571
-21.684
-22.757
-22.117
-22.918
-22.052
-20.800
-20.123
-20.468
-20.632
-21.357
-19.917
-20.171
-19.124
-19.273
-19.349
-17.640
-17.425
-17.658
-16.664
-16.773
-16.885
-15.194
-15.163
-14.894
-14.129
-14.104
-13.131
-14.243
-15.180
-14.453
-13.070
-12.213
-12.779
-13.357
-14.106
-13.726
-12.383
-30.985
-30.135
-30.663
-30.116
-32.335
-32.185
-32.931
-32.819
-31.232
-32.077
-30.417
-31.332
-30.376
-29.508
-30.063
-31.096
-28.726
-28.170
-28.176
-28.755
-28.854
-29.691
-28.829
-27.255
-26.199
-26.466
-26.346
-24.792
-24.148
-24.454
-24.078
-23.901
-23.646
-24.359
-23.749
-24.694
-25.422
-24.924
-23.398
-23.117
-23.886
-21.645
-21.415
-21.030
-22.188
-22.069
-21.956
-21.118
-20.098
-21.181
-20.993
-21.755
-21.039
-19.624
-18.799
-19.497
-19.420
-20.070
-19.825
-17.943
-17.527
-17.511
-17.720
-17.917
-17.338
-17.193
-17.208
-17.365
-18.008
-15.882
-15.699
-15.023
-15.831
-14.812
-16.139
-16.736
-17.779
-16.477
-16.872
-17.380
-17.655
-15.653
-15.594
-14.762
-15.896
-15.871
-16.939
-14.995
-15.076
-13.919
-15.257
-21.509
-20.456
-22.264
-21.794
-22.011
-22.767
-20.620
-20.386
-19.743
-20.887
-20.042
-21.796
-21.144
-22.029
-20.217
-21.382
-22.489
-20.973
-20.906
-21.618
-19.707
-19.376
-18.569
-18.360
-18.892
-17.236
-17.455
-16.836
-16.065
-15.137
-16.205
-15.901
-15.163
-16.834
-15.412
-14.543
-16.186
-14.989
-14.417
-14.336
-16.152
-15.721
-16.621
-17.283
-17.907
-17.702
-16.763
-29.775
-30.107
-31.005
-29.343
-29.779
-28.939
-29.544
-30.678
-30.595
-30.696
-31.621
-30.269
-28.325
-27.651
-27.990
-28.300
-30.434
-30.455
-31.411
-29.752
-29.862
-30.929
-29.467
-28.412
-27.254
-27.420
-27.066
-25.971
-25.040
-25.922
-25.376
-24.954
-25.230
-26.236
-24.877
-26.061
-27.058
-25.894
-25.055
-25.265
-26.285
-24.009
-23.153
-24.023
-23.988
-23.034
-24.193
-23.720
-24.585
-23.578
-22.492
-22.551
-22.446
-21.128
-20.893
-21.150
-19.956
-19.764
-20.322
-18.553
-18.134
-17.844
-18.530
-19.305
-17.756
-17.806
-16.704
-16.951
-16.581
-15.385
-15.155
-15.415
-14.264
-14.713
-13.839
-13.138
-12.621
-13.625
-12.118
-12.625
-11.486
-11.146
-10.418
-10.654
-11.769
-12.264
-12.490
-10.738
-11.071
-10.497
-9.820
-23.881
-24.720
-22.942
-23.922
-24.967
-23.653
-22.870
-22.948
-22.963
-21.458
-21.388
-21.386
-20.230
-19.544
-20.683
-19.469
-18.724
-18.926
-20.370
-20.715
-20.626
-21.259
-20.066
-19.815
-19.160
-21.095
-21.651
-21.808
-20.432
-19.740
-19.843
-21.520
-22.297
-22.065
-20.817
-21.651
-20.369
-19.823
-20.045
-18.795
-19.963
-21.028
-19.377
-19.677
-19.447
-18.742
-20.587
-29.143
-27.948
-28.251
-27.319
-29.820
-29.038
-30.693
-30.196
-30.135
-30.621
-30.910
-29.672
-28.783
-27.867
-29.506
-28.437
-27.121
-26.601
-27.834
-25.121
-25.728
-24.313
-26.274
-24.220
-23.654
-24.099
-23.866
-22.095
-21.779
-21.518
-21.265
-21.494
-20.714
-21.391
-20.714
-21.680
-21.903
-22.334
-20.230
-19.812
-20.591
-18.253
-17.951
-17.896
-19.273
-18.847
-18.707
-19.006
-17.922
-19.588
-19.435
-20.532
-18.915
-19.180
-19.534
-18.071
-19.754
-19.527
-20.838
-19.247
-19.944
-18.289
-18.865
-17.995
-19.521
-19.154
-20.791
-21.156
-21.521
-20.307
-21.237
-19.655
-19.691
-18.954
-20.489
-18.951
-18.787
-19.521
-17.608
-17.717
-16.915
-16.948
-17.421
-17.200
-15.402
-15.067
-14.983
-14.918
-15.418
-15.324
-13.830
-17.936
-18.477
-16.866
-18.439
-17.887
-19.515
-18.172
-18.821
-18.473
-16.690
-16.372
-15.990
-16.354
-16.215
-17.094
-14.974
-14.222
-14.978
-14.576
-14.422
-14.635
-14.546
-15.090
-15.581
-15.768
-13.878
-13.167
-14.078
-13.151
-12.789
-13.855
-11.938
-12.207
-11.157
-11.466
-12.303
-11.127
-10.355
-10.519
-9.516
-9.877
-8.976
-9.491
-10.856
-11.723
-11.208
-10.304
-30.612
-30.614
-31.346
-29.624
-32.056
-32.603
-32.004
-32.482
-29.921
-30.441
-29.971
-28.933
-29.996
-30.444
-30.256
-28.928
-31.123
-31.288
-32.125
-28.979
-28.953
-28.722
-30.347
-27.909
-27.069
-26.610
-27.614
-25.895
-26.205
-24.773
-23.879
-23.911
-22.707
-22.929
-22.870
-25.355
-26.162
-24.548
-24.854
-24.246
-24.074
-23.611
-22.827
-24.452
-21.323
-20.512
-21.314
-20.951
-21.585
-21.067
-19.526
-19.492
-18.869
-18.860
-18.569
-19.585
-17.574
-17.736
-16.978
-16.859
-17.537
-15.959
-16.418
-17.283
-15.213
-15.053
-13.870
-13.182
-14.173
-13.143
-13.663
-13.438
-11.649
-11.395
-11.359
-10.810
-11.144
-10.965
-9.355
-8.946
-9.016
-8.437
-8.455
-7.398
-8.700
-9.609
-7.785
-8.713
-9.509
-8.876
-7.727
-22.915
-23.565
-22.851
-21.561
-20.853
-21.581
-21.013
-20.052
-21.655
-20.817
-21.827
-20.393
-19.962
-19.242
-20.664
-19.279
-20.061
-18.986
-18.136
-18.387
-16.904
-16.131
-16.519
-16.437
-17.145
-15.089
-14.906
-15.126
-13.915
-13.877
-14.161
-12.624
-11.941
-12.761
-12.106
-12.121
-12.716
-10.641
-9.961
-10.615
-10.037
-10.156
-8.949
-10.560
-10.322
-11.632
-10.029
-30.722
-29.641
-30.110
-29.223
-31.566
-32.331
-32.028
-31.069
-31.563
-32.494
-31.164
-31.971
-30.094
-30.836
-29.453
-29.396
-28.529
-27.888
-29.011
-27.132
-26.187
-28.194
-27.640
-26.405
-25.329
-25.634
-25.124
-23.984
-24.057
-22.981
-23.110
-23.924
-21.897
-21.826
-22.304
-23.601
-24.391
-22.685
-23.548
-22.551
-21.776
-22.615
-21.769
-23.552
-20.630
-20.799
-20.305
-19.420
-19.328
-19.688
-18.279
-18.457
-18.144
-16.994
-16.873
-16.865
-15.775
-15.932
-15.696
-14.488
-14.247
-14.563
-13.394
-13.673
-12.089
-11.444
-11.514
-10.646
-12.247
-11.034
-10.565
-10.215
-12.070
-12.407
-12.893
-11.436
-11.212
-10.526
-12.459
-13.455
-12.134
-12.489
-11.454
-13.020
-13.039
-13.165
-14.006
-12.108
-12.503
-11.890
-11.220
-22.383
-21.457
-23.270
-22.006
-21.008
-22.037
-23.110
-23.975
-23.317
-22.587
-23.472
-22.229
-21.534
-21.230
-20.681
-22.088
-22.920
-22.498
-21.034
-20.704
-20.487
-19.723
-20.822
-21.036
-21.782
-19.711
-18.767
-20.057
-19.299
-18.951
-20.123
-18.107
-18.271
-17.191
-17.877
-17.254
-18.822
-17.165
-16.306
-17.831
-16.824
-17.772
-16.352
-15.680
-15.554
-14.721
-15.894
-28.221
-28.103
-27.797
-27.371
-29.226
-29.129
-30.216
-29.046
-28.487
-29.340
-28.583
-27.701
-26.851
-26.094
-26.534
-26.851
-29.401
-29.163
-30.148
-29.300
-29.317
-30.053
-29.939
-27.842
-26.791
-26.680
-26.958
-25.323
-24.712
-25.326
-25.316
-25.100
-25.518
-26.534
-25.634
-24.691
-25.397
-24.736
-23.333
-22.315
-22.428
-21.017
-20.745
-21.182
-24.439
-24.340
-24.826
-23.154
-23.354
-22.740
-22.150
-22.735
-21.566
-21.194
-20.381
-21.825
-20.525
-21.426
-20.089
-19.415
-19.835
-19.202
-18.132
-18.235
-17.044
-16.261
-16.916
-16.572
-17.837
-15.676
-15.627
-15.869
-14.407
-14.406
-14.367
-13.196
-13.084
-13.468
-11.829
-11.426
-11.052
-11.957
-12.429
-12.753
-10.648
-10.256
-9.917
-10.570
-10.813
-11.293
-9.570
-19.911
-18.969
-19.784
-20.148
-20.956
-20.403
-18.992
-19.005
-19.259
-17.654
-17.340
-17.668
-16.517
-16.873
-16.492
-15.117
-15.265
-14.628
-14.231
-14.235
-13.515
-12.825
-13.439
-13.860
-12.382
-14.326
-13.918
-14.268
-15.732
-15.815
-16.182
-16.595
-16.596
-16.086
-18.031
-18.650
-18.480
-18.274
-17.994
-17.649
-19.783
-20.293
-20.085
-20.259
-20.623
-21.128
-19.486
-30.216
-29.319
-28.368
-29.259
-30.336
-29.387
-31.084
-30.535
-31.530
-32.290
-31.650
-31.921
-29.662
-30.221
-29.581
-28.707
-29.594
-30.664
-29.042
-27.691
-27.758
-27.275
-29.126
-26.674
-25.980
-26.608
-25.646
-24.690
-24.890
-23.750
-24.029
-24.967
-22.827
-23.250
-22.652
-23.960
-23.809
-24.551
-22.619
-22.617
-23.567
-21.197
-20.966
-20.587
-21.487
-21.399
-21.561
-20.212
-20.313
-20.168
-18.960
-19.152
-18.305
-18.460
-19.118
-17.478
-18.174
-17.298
-18.947
-17.723
-16.836
-17.500
-18.784
-19.684
-18.693
-19.575
-17.546
-17.947
-16.943
-16.531
-15.638
-16.222
-16.963
-17.806
-17.264
-15.653
-15.071
-15.184
-15.960
-16.604
-14.988
-16.533
-17.550
-16.621
-15.650
-14.672
-15.509
-16.219
-17.251
-16.236
-15.668
-20.704
-21.303
-20.845
-19.267
-18.640
-19.154
-18.752
-19.274
-18.981
-17.232
-16.697
-16.925
-16.816
-16.928
-17.446
-15.302
-15.005
-14.644
-14.922
-15.783
-13.795
-13.872
-12.509
-11.681
-12.580
-11.796
-11.625
-10.865
-12.823
-13.746
-13.010
-12.377
-11.640
-11.882
-13.564
-14.342
-13.504
-14.412
-15.035
-15.123
-13.475
-12.814
-12.772
-14.340
-15.028
-15.061
-13.731
-29.649
-28.445
-27.962
-27.773
-30.420
-29.889
-31.304
-30.626
-30.586
-30.083
-30.895
-31.457
-29.194
-28.617
-28.540
-29.968
-28.630
-29.330
-27.666
-28.277
-27.308
-29.300
-29.090
-27.417
-26.067
-26.218
-25.820
-24.885
-25.096
-23.728
-22.875
-23.163
-21.568
-21.839
-21.345
-24.683
-24.590
-25.555
-23.486
-23.533
-24.534
-22.188
-22.079
-21.362
-20.492
-20.339
-20.855
-19.225
-19.604
-18.745
-18.331
-17.766
-18.890
-17.199
-17.558
-16.582
-16.297
-16.987
-15.887
-15.071
-15.402
-14.551
-14.094
-14.612
-12.707
-12.175
-12.016
-11.273
-12.723
-11.129
-10.523
-10.464
-11.914
-12.511
-12.608
-11.126
-10.437
-10.433
-11.915
-12.563
-12.646
-11.052
-11.793
-10.620
-9.977
-9.335
-10.526
-8.982
-9.618
-8.399
-8.444
-21.792
-22.655
-21.838
-20.393
-20.359
-19.550
-20.108
-19.839
-20.996
-18.802
-17.965
-19.037
-18.425
-19.288
-18.269
-17.203
-16.973
-17.425
-16.014
-15.691
-15.366
-14.490
-15.606
-16.239
-14.572
-16.449
-15.745
-17.198
-17.117
-16.312
-17.955
-17.626
-18.477
-16.785
-18.124
-18.848
-17.169
-18.815
-19.907
-18.560
-18.283
-18.508
-18.878
-16.794
-16.369
-16.286
-16.505
-32.681
-33.061
-33.172
-34.019
-32.558
-32.335
-33.528
-31.692
-33.793
-33.565
-34.379
-34.617
-31.419
-31.440
-30.715
-31.130
-32.106
-31.474
-32.671
-30.119
-29.779
-30.468
-31.318
-28.978
-28.259
-28.162
-28.874
-26.908
-27.154
-26.186
-25.703
-25.889
-25.149
-25.947
-24.819
-26.061
-26.007
-26.609
-24.782
-23.954
-24.150
-22.654
-22.769
-22.392
-23.980
-24.315
-23.586
-22.839
-22.634
-23.074
-21.579
-21.776
-21.279
-20.387
-20.148
-20.737
-19.176
-18.418
-19.552
-18.565
-19.251
-18.436
-17.270
-16.347
-17.051
-16.006
-18.128
-17.796
-19.082
-18.637
-19.190
-17.760
-19.751
-20.076
-19.363
-20.978
-20.739
-21.562
-22.000
-22.331
-21.410
-23.280
-23.904
-23.972
-23.037
-22.619
-24.034
-22.112
-22.458
-21.044
-22.073
-21.597
-21.921
-21.374
-20.305
-19.810
-20.500
-19.410
-19.821
-19.379
-17.925
-17.514
-17.255
-17.761
-18.129
-18.301
-16.293
-16.345
-15.744
-15.600
-15.592
-15.068
-14.489
-14.970
-15.036
-15.761
-13.733
-12.829
-13.613
-13.607
-13.528
-14.618
-12.430
-12.451
-11.581
-12.215
-13.031
-12.327
-10.880
-10.838
-10.125
-10.445
-10.688
-11.068
-9.040
-8.749
-8.325
-8.966
-33.252
-31.773
-31.146
-31.639
-33.715
-33.774
-32.940
-34.727
-34.105
-35.167
-33.987
-33.669
-33.569
-33.303
-32.960
-34.597
-31.153
-30.047
-31.447
-31.005
-31.564
-31.249
-31.582
-29.430
-28.673
-29.153
-28.369
-27.413
-26.889
-26.496
-25.858
-25.791
-25.154
-24.962
-25.803
-27.891
-28.380
-28.661
-26.897
-26.807
-27.599
-25.407
-24.770
-25.616
-23.818
-23.459
-24.045
-22.817
-23.098
-22.601
-21.413
-21.110
-21.640
-20.456
-21.044
-19.883
-19.497
-20.126
-18.757
-18.660
-18.390
-19.202
-17.598
-17.830
-16.325
-15.509
-15.811
-15.133
-16.670
-14.899
-14.733
-15.419
-13.545
-13.088
-13.622
-12.614
-13.194
-11.961
-11.879
-12.699
-11.242
-11.000
-9.981
-11.292
-10.925
-10.705
-10.159
-12.196
-12.332
-13.091
-12.146
-24.623
-25.345
-23.818
-24.053
-23.537
-24.728
-23.015
-23.537
-22.287
-22.368
-23.288
-21.802
-21.518
-20.849
-22.095
-20.694
-20.027
-21.345
-19.953
-20.614
-18.609
-18.287
-17.610
-18.053
-16.970
-16.684
-16.342
-17.245
-15.496
-15.148
-15.900
-14.290
-13.705
-13.530
-14.689
-13.746
-15.598
-14.909
-14.164
-15.848
-14.746
-15.498
-15.093
-13.261
-12.941
-13.117
-12.524
-30.710
-29.282
-29.207
-29.119
-30.842
-31.790
-30.149
-30.598
-30.742
-31.415
-30.850
-29.782
-31.787
-32.770
-31.719
-31.613
-27.923
-27.066
-28.078
-27.035
-27.506
-27.159
-27.745
-25.524
-24.668
-25.088
-24.491
-23.369
-22.742
-22.641
-22.061
-22.105
-21.205
-21.665
-21.118
-23.854
-24.454
-24.549
-22.730
-22.257
-22.544
-21.161
-20.815
-21.500
-19.692
-19.109
-19.669
-19.014
-19.274
-19.543
-17.533
-17.239
-17.017
-17.012
-16.951
-17.714
-15.620
-15.435
-15.619
-14.463
-13.544
-14.674
-14.273
-14.492
-13.963
-13.907
-13.692
-12.729
-14.470
-13.498
-14.423
-12.760
-12.931
-11.858
-13.474
-13.175
-14.234
-12.719
-12.670
-12.933
-11.562
-13.312
-12.704
-14.299
-13.477
-14.303
-12.491
-13.986
-14.283
-13.268
-14.895
-19.849
-20.303
-19.421
-18.901
-18.615
-19.243
-17.556
-17.592
-17.135
-16.559
-17.089
-16.326
-15.249
-15.476
-14.896
-14.052
-13.653
-13.281
-14.335
-15.059
-13.980
-14.359
-13.044
-13.412
-12.034
-12.975
-12.221
-13.967
-12.341
-11.259
-12.755
-12.654
-12.046
-13.727
-12.261
-11.287
-12.976
-12.267
-11.835
-13.306
-11.602
-11.817
-11.999
-10.049
-9.622
-9.621
-9.582
-23.628
-23.479
-22.714
-23.152
-23.711
-22.831
-23.706
-24.586
-24.781
-24.641
-25.702
-25.014
-22.356
-22.270
-22.225
-21.545
-24.796
-25.067
-25.573
-24.640
-25.671
-24.630
-24.469
-23.281
-22.586
-22.776
-22.874
-21.116
-20.905
-20.818
-19.833
-19.157
-19.317
-18.507
-20.098
-20.252
-20.501
-20.665
-18.880
-18.422
-18.995
-16.904
-16.523
-16.892
-18.732
-18.652
-19.530
-17.361
-16.878
-17.481
-16.286
-16.573
-16.121
-14.922
-14.435
-15.102
-14.094
-14.614
-14.121
-12.674
-12.329
-12.782
-11.716
-12.219
-10.419
-9.962
-9.470
-8.861
-9.911
-8.372
-8.872
-7.877
-7.265
-7.828
-6.630
-6.464
-6.157
-7.016
-5.264
-5.701
-4.821
-4.155
-3.951
-4.602
-2.879
-3.015
-2.500
-1.762
-0.953
-1.345
-2.134
-16.133
-16.359
-16.486
-14.688
-14.466
-14.215
-14.009
-13.972
-14.610
-12.507
-12.516
-12.186
-11.600
-11.292
-12.194
-10.330
-10.754
-9.663
-9.531
-10.020
-8.390
-7.924
-7.692
-6.636
-8.125
-7.691
-7.309
-7.033
-9.037
-9.662
-9.557
-9.167
-8.922
-10.224
-8.066
-8.232
-7.019
-8.358
-8.773
-7.493
-9.456
-9.000
-10.305
-9.848
-9.790
-9.136
-10.861
-26.210
-25.597
-26.198
-25.705
-25.284
-24.915
-24.319
-25.918
-27.617
-28.246
-27.675
-28.085
-26.325
-27.040
-25.394
-26.669
-24.135
-23.422
-23.917
-24.190
-23.357
-25.664
-23.810
-23.823
-22.543
-22.711
-21.999
-21.771
-21.038
-21.054
-19.950
-19.469
-19.350
-19.530
-19.872
-22.710
-23.526
-23.377
-21.985
-21.809
-22.257
-21.100
-21.713
-20.574
-17.812
-17.610
-17.256
-17.216
-17.492
-17.613
-15.667
-15.283
-15.330
-14.851
-15.190
-14.975
-13.341
-12.878
-13.164
-12.629
-11.882
-13.357
-12.063
-12.595
-10.888
-10.685
-9.846
-9.617
-10.234
-8.505
-8.768
-8.234
-7.380
-7.295
-7.608
-5.930
-5.582
-5.278
-5.784
-6.331
-6.366
-4.354
-3.841
-4.383
-3.377
-3.405
-2.323
-3.657
-2.782
-3.953
-4.491
-20.196
-19.579
-20.718
-19.007
-19.368
-18.395
-17.968
-18.431
-17.333
-16.959
-17.473
-16.239
-16.047
-15.467
-16.644
-15.122
-14.529
-15.808
-14.328
-14.981
-13.049
-12.711
-12.014
-11.023
-12.208
-11.876
-11.289
-12.897
-11.426
-11.946
-11.673
-9.936
-9.625
-9.654
-9.051
-9.083
-9.514
-7.642
-7.334
-7.689
-6.594
-5.788
-7.171
-6.133
-7.064
-5.604
-5.480
-30.613
-29.662
-28.679
-29.584
-31.999
-32.074
-32.289
-32.682
-30.367
-29.337
-30.531
-30.969
-30.424
-30.548
-31.270
-29.490
-29.839
-30.847
-29.155
-28.352
-28.391
-28.063
-29.679
-27.286
-25.984
-25.505
-26.092
-24.970
-25.548
-24.489
-24.112
-24.312
-23.452
-24.283
-23.172
-23.832
-23.326
-24.161
-22.732
-21.785
-21.658
-20.811
-20.308
-21.444
-22.277
-22.588
-22.212
-20.936
-20.599
-20.948
-19.936
-20.492
-19.775
-18.525
-18.070
-18.655
-17.624
-17.646
-16.595
-18.004
-17.167
-18.273
-19.105
-20.065
-19.063
-19.957
-17.805
-17.930
-17.065
-17.215
-16.273
-17.115
-18.035
-17.569
-19.050
-18.248
-18.706
-18.902
-16.905
-16.679
-16.248
-17.049
-17.477
-17.864
-15.895
-15.197
-16.205
-15.253
-15.921
-14.347
-14.858
-19.937
-19.376
-20.681
-19.018
-19.643
-18.583
-17.878
-17.508
-18.374
-16.687
-17.129
-16.125
-15.782
-15.223
-16.454
-14.845
-14.235
-15.521
-14.005
-14.610
-12.750
-12.284
-11.768
-11.079
-12.300
-10.848
-10.494
-11.450
-9.549
-9.095
-10.031
-8.567
-8.959
-7.519
-8.440
-7.756
-9.418
-7.993
-8.840
-7.949
-6.589
-6.524
-6.292
-5.552
-4.494
-5.656
-5.759
-32.544
-31.138
-31.194
-30.460
-33.540
-34.549
-33.251
-33.524
-32.630
-32.052
-32.127
-33.680
-32.949
-32.881
-34.009
-32.320
-30.372
-29.362
-30.841
-29.066
-28.226
-29.549
-30.357
-28.268
-28.092
-27.885
-29.021
-26.864
-27.051
-25.696
-24.517
-24.341
-23.535
-23.261
-23.934
-26.726
-27.660
-25.967
-26.597
-26.489
-26.610
-26.057
-26.817
-26.108
-22.309
-22.524
-21.844
-21.282
-21.089
-21.704
-19.972
-20.357
-19.450
-19.046
-18.490
-19.656
-17.917
-18.433
-17.465
-16.778
-15.988
-17.241
-16.119
-16.447
-14.968
-14.616
-14.415
-15.068
-14.219
-13.077
-13.344
-12.607
-12.016
-11.801
-12.507
-10.690
-10.903
-10.264
-9.738
-9.876
-10.033
-8.307
-7.761
-8.223
-7.478
-8.023
-7.492
-6.014
-6.065
-5.572
-5.495
-24.621
-24.671
-24.394
-23.564
-23.304
-23.962
-22.302
-22.445
-21.887
-21.290
-21.773
-21.021
-19.924
-19.462
-20.150
-18.792
-19.233
-18.143
-18.018
-18.646
-16.724
-16.358
-15.683
-15.368
-16.217
-14.425
-14.651
-13.980
-13.317
-13.754
-12.921
-12.179
-11.760
-12.641
-11.039
-11.449
-10.270
-10.431
-9.699
-11.231
-9.691
-9.782
-10.094
-8.190
-7.635
-7.727
-8.047
-28.533
-27.187
-26.928
-27.298
-29.474
-29.013
-29.513
-30.510
-28.397
-27.841
-27.829
-29.369
-29.089
-28.310
-29.284
-29.886
-26.041
-25.073
-26.009
-25.768
-26.184
-26.272
-26.242
-24.150
-23.520
-22.567
-24.111
-23.127
-24.072
-22.693
-22.922
-23.585
-22.261
-22.799
-21.188
-22.008
-22.397
-21.738
-20.849
-19.771
-19.776
-18.616
-18.569
-17.746
-22.532
-23.488
-22.693
-21.448
-21.293
-21.806
-20.229
-20.531
-19.926
-18.921
-18.556
-19.104
-17.738
-18.161
-17.409
-16.516
-16.988
-15.780
-15.758
-16.229
-14.599
-14.301
-13.623
-14.175
-12.937
-12.777
-12.288
-13.446
-11.647
-12.065
-11.087
-10.640
-10.636
-11.127
-9.189
-9.170
-8.443
-8.703
-7.643
-8.710
-9.454
-10.508
-9.065
-9.477
-9.818
-8.432
-9.993
-18.391
-19.138
-18.717
-16.976
-16.182
-16.625
-17.052
-17.422
-17.738
-15.781
-15.473
-16.062
-14.717
-15.128
-14.376
-13.398
-13.610
-12.905
-12.500
-12.998
-11.200
-10.631
-10.491
-11.284
-9.798
-9.631
-8.922
-9.035
-10.412
-11.146
-10.978
-9.475
-8.925
-8.739
-10.174
-10.958
-10.706
-9.264
-8.430
-9.854
-8.830
-9.613
-7.957
-8.481
-8.220
-7.661
-9.239
-33.776
-32.415
-31.799
-31.990
-34.734
-34.392
-34.743
-35.783
-33.643
-32.926
-33.179
-34.518
-34.376
-35.356
-33.723
-34.573
-32.316
-32.963
-32.766
-30.323
-31.183
-30.272
-30.897
-28.824
-28.043
-28.682
-27.343
-27.051
-27.652
-26.148
-26.858
-27.941
-25.908
-25.379
-26.423
-26.161
-25.833
-26.749
-24.967
-25.128
-26.211
-23.791
-24.204
-23.472
-24.943
-25.408
-24.269
-24.077
-24.768
-23.557
-23.068
-23.553
-22.390
-22.185
-21.694
-22.791
-21.274
-20.754
-21.981
-20.188
-20.784
-19.573
-19.417
-19.872
-18.405
-17.992
-17.700
-18.187
-17.739
-16.224
-15.749
-15.748
-15.831
-16.452
-16.182
-14.308
-14.319
-13.838
-13.585
-13.578
-14.313
-12.222
-12.396
-11.545
-11.507
-10.820
-12.149
-10.658
-10.310
-11.220
-9.753
-22.527
-22.624
-22.672
-21.151
-20.420
-20.869
-20.664
-21.343
-20.787
-19.249
-19.288
-18.651
-18.716
-18.454
-19.516
-17.543
-17.817
-17.328
-16.489
-16.686
-15.445
-14.906
-15.120
-15.876
-15.154
-13.653
-13.515
-12.869
-13.554
-14.524
-13.506
-12.390
-12.786
-12.289
-11.076
-10.962
-10.779
-10.038
-10.323
-10.223
-8.594
-8.379
-8.384
-7.621
-7.518
-6.612
-7.998
-30.700
-29.283
-29.379
-28.715
-31.433
-32.466
-31.172
-31.395
-30.798
-30.133
-31.801
-30.581
-31.470
-32.498
-31.008
-31.564
-28.264
-27.329
-28.643
-27.595
-27.234
-28.639
-27.965
-26.320
-25.247
-24.962
-25.507
-23.993
-24.433
-23.606
-22.978
-22.751
-22.367
-23.125
-21.591
-22.889
-22.514
-23.275
-21.732
-21.470
-22.149
-20.184
-20.397
-20.031
-21.925
-21.096
-22.790
-21.320
-20.923
-22.226
-20.346
-20.789
-19.507
-19.843
-19.683
-20.657
-18.549
-18.794
-17.780
-18.180
-18.917
-17.376
-17.750
-18.546
-16.441
-16.128
-15.295
-15.468
-15.018
-13.959
-14.087
-13.084
-13.547
-13.921
-13.963
-11.966
-11.577
-11.531
-11.293
-10.210
-11.561
-11.604
-12.056
-12.426
-10.440
-10.830
-10.141
-9.147
-8.432
-9.449
-8.456
-18.937
-19.097
-18.909
-17.532
-16.743
-17.590
-16.936
-16.546
-16.152
-17.899
-18.556
-18.479
-17.224
-18.026
-16.479
-16.494
-17.245
-15.737
-15.986
-16.813
-14.744
-14.595
-13.625
-13.969
-12.872
-12.972
-12.768
-13.615
-11.671
-11.087
-12.010
-10.763
-11.248
-10.531
-9.343
-9.471
-8.978
-8.296
-8.706
-8.428
-6.851
-6.642
-6.270
-6.346
-6.454
-6.884
-5.316
-33.013
-32.939
-33.906
-32.913
-31.684
-31.574
-30.980
-31.222
-33.488
-32.983
-33.414
-34.541
-33.920
-33.664
-33.856
-34.919
-31.769
-31.997
-31.780
-30.202
-31.374
-29.644
-30.463
-29.128
-28.167
-28.525
-27.883
-26.920
-26.896
-27.024
-26.396
-26.115
-26.212
-27.185
-25.540
-25.608
-25.732
-25.630
-24.403
-23.981
-24.739
-22.596
-22.120
-22.056
-25.650
-24.759
-26.374
-25.132
-25.919
-24.391
-24.476
-23.706
-24.023
-25.511
-26.243
-25.981
-24.864
-24.280
-25.622
-23.843
-24.239
-22.947
-23.598
-24.263
-22.631
-22.334
-21.624
-21.973
-21.582
-20.185
-20.262
-19.486
-19.521
-19.529
-19.964
-18.048
-17.409
-17.674
-17.824
-17.863
-18.533
-16.378
-16.543
-15.522
-15.860
-15.768
-16.548
-14.450
-13.700
-14.167
-14.358
-22.673
-23.226
-23.233
-21.268
-20.688
-20.642
-21.520
-21.792
-22.313
-20.305
-19.515
-19.880
-20.519
-21.328
-20.827
-19.207
-18.522
-19.331
-18.527
-19.111
-17.486
-17.042
-16.653
-16.251
-17.252
-15.509
-16.039
-15.209
-14.312
-13.771
-14.736
-13.438
-13.885
-13.400
-12.044
-12.114
-11.294
-11.480
-12.115
-11.450
-10.012
-9.301
-10.050
-9.485
-9.655
-8.433
-10.176
-26.008
-24.779
-24.905
-23.898
-25.978
-26.839
-25.156
-25.837
-26.240
-25.294
-27.106
-26.488
-27.180
-28.101
-27.320
-27.054
-24.255
-24.133
-23.228
-25.191
-25.718
-25.680
-25.203
-23.566
-22.832
-23.001
-23.005
-21.313
-21.168
-20.903
-20.378
-20.204
-20.061
-20.705
-20.292
-20.492
-20.863
-20.720
-19.127
-18.567
-19.168
-17.141
-16.568
-16.729
-18.571
-17.932
-18.370
-18.090
-18.851
-17.886
-16.809
-15.996
-16.950
-16.332
-17.114
-16.064
-15.111
-14.366
-15.379
-14.587
-14.812
-15.194
-13.061
-12.576
-12.372
-11.283
-12.892
-12.746
-13.998
-12.126
-12.531
-12.490
-10.659
-10.038
-10.541
-10.074
-10.748
-9.899
-8.705
-8.848
-8.406
-7.678
-7.554
-8.109
-6.281
-5.799
-5.636
-6.257
-6.693
-6.700
-5.235
-16.882
-17.097
-17.668
-15.506
-15.178
-14.700
-15.269
-16.199
-14.350
-15.327
-16.166
-14.411
-15.277
-14.366
-16.065
-15.245
-14.468
-16.225
-14.867
-15.618
-14.045
-13.990
-13.235
-12.444
-13.791
-12.610
-12.281
-11.784
-13.711
-14.463
-14.257
-13.270
-12.521
-12.616
-14.203
-14.770
-13.494
-15.229
-15.842
-14.682
-16.006
-15.340
-16.882
-16.684
-17.178
-17.522
-15.898
-31.975
-30.557
-30.628
-30.247
-32.371
-32.368
-33.342
-31.662
-32.119
-33.118
-31.918
-31.369
-32.876
-32.403
-33.024
-33.782
-29.574
-29.605
-28.554
-29.468
-29.695
-30.179
-29.784
-27.922
-27.078
-27.574
-26.805
-25.808
-26.022
-24.915
-24.967
-25.785
-23.711
-23.864
-22.847
-25.209
-24.869
-26.027
-24.126
-24.487
-25.617
-23.266
-23.389
-22.344
-23.662
-23.559
-24.595
-22.419
-22.543
-21.531
-21.944
-21.302
-22.786
-20.945
-20.796
-21.472
-19.629
-19.214
-19.985
-18.556
-19.101
-18.093
-17.484
-17.956
-16.163
-15.569
-15.441
-16.053
-14.574
-14.869
-15.691
-14.428
-13.772
-13.074
-14.107
-12.858
-12.420
-13.600
-11.891
-11.315
-12.475
-10.942
-10.547
-11.405
-9.659
-10.026
-8.877
-8.877
-7.999
-8.438
-9.495
-23.147
-23.527
-23.780
-21.647
-21.280
-21.055
-21.413
-21.207
-22.261
-20.247
-20.413
-20.050
-18.951
-18.606
-19.088
-17.761
-18.073
-17.054
-16.996
-17.559
-15.655
-15.196
-14.740
-13.837
-15.218
-14.194
-13.808
-15.093
-13.253
-12.323
-13.602
-12.860
-13.745
-12.529
-11.760
-12.128
-10.913
-11.200
-11.997
-10.648
-10.283
-9.370
-10.663
-9.891
-9.231
-10.779
-9.216
-32.927
-33.833
-34.497
-34.407
-32.418
-33.190
-32.034
-31.650
-33.611
-34.379
-32.857
-33.953
-31.734
-31.008
-31.941
-31.322
-33.203
-32.182
-33.834
-32.803
-32.702
-33.932
-32.992
-31.473
-30.328
-30.527
-29.957
-29.179
-29.631
-28.123
-27.622
-27.917
-26.571
-26.937
-26.239
-28.634
-28.137
-29.540
-27.699
-28.199
-29.352
-27.134
-27.670
-26.752
-25.279
-24.630
-25.664
-24.271
-24.713
-23.770
-23.200
-22.684
-23.609
-22.108
-22.514
-21.454
-21.244
-20.657
-21.917
-20.263
-19.903
-20.754
-19.021
-18.641
-18.366
-17.352
-18.778
-19.718
-18.954
-17.667
-18.057
-16.720
-17.251
-16.724
-18.155
-16.255
-16.800
-15.513
-15.458
-14.893
-16.150
-14.511
-13.862
-15.186
-13.433
-13.927
-12.923
-12.381
-11.540
-11.886
-12.799
-25.848
-26.121
-25.368
-24.749
-24.061
-25.139
-23.830
-24.454
-23.248
-22.713
-22.123
-23.116
-21.589
-22.072
-21.287
-20.394
-20.732
-19.912
-19.452
-19.974
-18.116
-17.521
-17.469
-17.742
-17.773
-15.940
-15.572
-15.618
-15.156
-15.530
-15.268
-13.626
-13.128
-13.149
-13.334
-13.818
-13.790
-11.873
-11.372
-11.366
-11.467
-12.129
-11.798
-9.999
-10.099
-9.300
-9.776
-31.570
-30.188
-29.747
-29.521
-31.395
-32.365
-31.148
-30.683
-32.426
-32.473
-32.023
-33.423
-32.268
-32.316
-31.734
-33.240
-30.226
-31.083
-30.341
-28.859
-28.887
-29.791
-28.978
-27.390
-26.485
-26.668
-26.681
-24.972
-24.508
-24.881
-24.898
-24.832
-24.866
-25.945
-24.528
-24.132
-24.591
-24.179
-22.772
-21.983
-22.309
-20.626
-19.893
-20.860
-24.168
-24.497
-24.539
-22.639
-22.398
-22.361
-21.863
-21.930
-22.384
-20.407
-19.824
-20.369
-19.736
-20.339
-19.571
-18.411
-18.509
-18.265
-17.246
-17.370
-16.013
-15.266
-15.319
-16.110
-14.526
-14.653
-13.968
-15.449
-13.856
-14.454
-13.031
-13.219
-14.031
-12.917
-12.113
-12.752
-11.950
-10.900
-10.971
-10.490
-9.768
-9.390
-9.941
-8.433
-8.193
-7.587
-8.607
-19.976
-20.677
-19.176
-19.237
-18.548
-19.975
-18.365
-18.973
-17.593
-17.505
-18.137
-17.015
-16.426
-15.548
-16.852
-15.763
-16.506
-15.096
-14.983
-15.085
-14.172
-13.623
-13.841
-13.527
-14.726
-12.694
-12.923
-11.742
-12.546
-13.554
-12.044
-11.670
-12.206
-11.539
-10.253
-10.369
-9.745
-9.362
-8.433
-9.800
-8.988
-9.723
-8.385
-8.114
-8.594
-7.960
-7.081
-28.373
-29.344
-29.680
-28.773
-29.110
-29.792
-28.411
-29.679
-27.800
-28.685
-27.317
-27.202
-27.281
-27.778
-26.526
-26.826
-30.514
-31.397
-30.986
-29.989
-29.230
-31.334
-30.144
-29.086
-29.620
-30.257
-30.168
-28.455
-28.866
-27.306
-26.465
-26.637
-25.205
-25.584
-24.514
-28.045
-28.839
-27.176
-27.750
-26.419
-25.639
-26.109
-27.005
-25.687
-24.529
-24.343
-25.176
-23.111
-23.239
-22.509
-22.234
-22.068
-22.934
-20.973
-21.213
-20.309
-20.237
-19.764
-20.952
-19.197
-19.692
-18.609
-18.222
-18.670
-16.879
-16.292
-16.029
-16.706
-15.172
-15.189
-14.796
-14.277
-16.095
-16.274
-17.092
-15.460
-14.435
-16.109
-15.349
-14.556
-14.937
-16.704
-17.452
-17.085
-16.710
-16.336
-17.766
-15.990
-16.664
-15.009
-15.756
-25.064
-25.703
-24.538
-24.075
-24.513
-23.495
-23.092
-23.569
-22.375
-22.475
-23.208
-21.709
-21.682
-20.772
-21.306
-22.380
-23.405
-21.743
-22.653
-23.485
-22.056
-22.209
-20.978
-20.968
-19.984
-21.198
-22.183
-20.398
-21.064
-21.814
-20.025
-21.221
-20.431
-22.199
-21.172
-20.480
-22.144
-20.863
-20.084
-21.750
-20.363
-21.154
-19.422
-20.177
-19.734
-21.136
-19.421
-26.968
-26.225
-25.690
-25.484
-28.034
-28.724
-27.671
-28.636
-26.021
-25.556
-26.517
-25.335
-27.708
-28.450
-28.113
-27.133
-27.022
-27.566
-26.237
-27.449
-27.698
-28.104
-27.859
-25.961
-25.097
-25.407
-25.130
-23.668
-23.422
-23.709
-23.074
-22.693
-22.910
-23.981
-22.505
-22.511
-22.924
-22.417
-21.306
-20.472
-20.474
-19.335
-19.267
-19.793
-22.005
-20.958
-22.291
-22.077
-23.111
-21.754
-21.133
-21.336
-21.346
-19.612
-19.370
-19.558
-18.871
-19.283
-19.004
-17.314
-16.922
-16.800
-16.885
-16.798
-16.599
-16.288
-16.549
-17.060
-17.216
-15.121
-14.639
-14.586
-14.881
-13.823
-15.465
-15.389
-16.499
-14.841
-15.070
-14.094
-15.879
-15.154
-14.377
-14.969
-16.575
-17.156
-16.980
-16.614
-17.632
-16.006
-15.977
-17.943
-17.622
-18.099
-16.840
-17.191
-16.585
-15.638
-15.237
-16.067
-14.544
-14.244
-14.929
-13.341
-13.239
-12.452
-13.617
-12.840
-14.614
-13.398
-14.202
-12.505
-12.704
-11.431
-10.444
-11.438
-11.651
-10.933
-12.654
-11.215
-10.267
-11.924
-10.814
-11.751
-10.150
-9.944
-10.623
-9.262
-9.147
-8.243
-8.909
-9.959
-10.323
-9.202
-11.093
-11.574
-10.691
-11.801
-35.962
-34.504
-34.505
-33.861
-36.865
-36.942
-37.892
-36.569
-35.916
-35.498
-36.953
-35.378
-36.495
-37.534
-35.951
-36.555
-33.860
-33.780
-32.770
-34.340
-34.754
-34.958
-34.512
-32.837
-32.188
-31.556
-32.932
-31.168
-30.673
-30.157
-28.935
-28.470
-28.068
-28.615
-27.847
-31.953
-32.673
-32.567
-31.084
-30.415
-30.367
-29.694
-29.713
-30.339
-26.775
-26.249
-27.056
-25.836
-26.307
-25.622
-24.463
-24.052
-24.716
-23.452
-22.606
-24.014
-22.857
-23.653
-22.314
-21.822
-21.034
-22.336
-21.351
-22.089
-20.089
-19.975
-18.851
-17.985
-18.792
-18.601
-19.352
-18.431
-17.312
-16.793
-17.621
-16.399
-15.683
-17.000
-15.631
-16.277
-15.348
-14.445
-13.757
-14.572
-13.933
-14.847
-13.490
-13.047
-12.021
-13.446
-12.957
-28.327
-28.386
-27.941
-27.240
-27.230
-27.622
-25.891
-25.947
-25.584
-24.891
-25.568
-24.556
-23.772
-24.236
-23.188
-22.934
-22.167
-23.569
-22.348
-23.006
-21.255
-20.961
-20.274
-19.406
-20.660
-19.562
-20.230
-19.140
-18.280
-18.288
-17.437
-18.049
-17.750
-19.009
-16.926
-15.963
-17.104
-16.980
-17.882
-16.104
-17.079
-16.285
-17.988
-17.144
-17.240
-18.049
-16.261
-30.106
-28.665
-28.849
-28.095
-30.737
-31.776
-30.755
-30.251
-30.866
-31.910
-30.432
-30.796
-30.043
-29.595
-30.976
-29.414
-27.791
-27.883
-26.765
-28.553
-29.782
-28.411
-28.361
-27.317
-26.208
-26.002
-26.371
-24.928
-24.113
-24.868
-24.602
-24.403
-24.591
-24.102
-25.633
-24.679
-25.340
-25.018
-23.205
-22.814
-23.633
-21.291
-20.872
-20.965
-23.737
-23.930
-23.918
-22.254
-21.884
-21.963
-21.519
-22.016
-21.465
-20.142
-19.425
-20.107
-19.411
-18.518
-20.086
-19.037
-20.092
-18.525
-18.224
-18.639
-17.103
-16.701
-16.277
-16.358
-16.795
-14.844
-14.855
-14.283
-13.990
-14.355
-12.906
-14.070
-13.727
-15.061
-13.035
-12.095
-13.100
-13.192
-14.147
-13.355
-12.145
-11.074
-12.159
-12.516
-13.565
-12.349
-11.819
-20.671
-21.021
-20.960
-19.134
-18.814
-18.663
-18.455
-18.936
-18.709
-16.946
-16.497
-16.444
-16.742
-17.484
-15.693
-16.832
-17.862
-16.208
-16.326
-15.235
-16.999
-16.461
-18.464
-18.920
-19.108
-18.913
-20.015
-18.499
-18.753
-19.267
-17.650
-19.483
-19.082
-20.574
-19.375
-18.292
-19.784
-20.304
-21.275
-19.864
-20.559
-19.694
-21.378
-21.020
-20.854
-22.092
-20.441
-35.248
-34.559
-33.988
-35.306
-36.303
-37.090
-36.721
-35.799
-34.281
-34.844
-33.447
-33.766
-35.886
-36.732
-36.268
-35.195
-33.545
-34.154
-33.217
-31.291
-30.657
-31.789
-32.465
-30.312
-28.905
-28.591
-28.579
-28.120
-28.543
-28.440
-28.081
-27.813
-28.163
-29.237
-27.920
-26.608
-26.149
-26.219
-26.206
-26.326
-26.621
-25.999
-26.769
-26.159
-27.253
-26.919
-27.698
-25.896
-25.531
-25.107
-25.986
-26.276
-26.744
-24.695
-24.396
-23.959
-24.900
-25.366
-25.578
-23.653
-22.975
-23.963
-22.990
-23.654
-21.739
-21.356
-20.775
-21.293
-20.135
-19.836
-20.432
-19.289
-18.685
-19.110
-18.270
-17.597
-17.273
-17.859
-16.304
-16.636
-15.896
-15.251
-15.121
-15.541
-13.970
-13.404
-14.170
-13.117
-12.099
-13.534
-12.979
-24.561
-24.508
-23.910
-24.112
-24.513
-24.656
-22.568
-22.188
-21.996
-22.098
-22.517
-22.543
-20.552
-20.102
-20.117
-20.255
-19.173
-20.757
-20.861
-21.905
-20.263
-20.707
-18.747
-18.591
-18.056
-18.568
-18.898
-19.164
-17.126
-16.525
-16.724
-16.763
-17.485
-16.959
-15.265
-15.028
-14.584
-14.938
-15.632
-15.157
-13.459
-12.825
-13.153
-12.968
-13.440
-13.385
-11.883
-26.411
-26.134
-25.202
-26.959
-27.721
-28.233
-28.409
-27.728
-26.608
-27.194
-27.006
-25.707
-25.355
-25.792
-24.526
-24.910
-25.705
-25.390
-24.769
-26.214
-26.983
-26.430
-26.694
-24.678
-24.082
-23.318
-24.893
-23.392
-24.209
-22.827
-21.909
-21.320
-21.894
-21.508
-22.956
-22.402
-21.726
-22.861
-21.597
-22.051
-23.040
-21.230
-21.195
-21.590
-21.101
-21.374
-20.061
-21.196
-20.466
-22.275
-20.743
-21.390
-20.862
-19.228
-18.663
-19.100
-18.719
-19.007
-19.149
-17.173
-16.999
-16.655
-16.531
-16.999
-15.364
-15.035
-14.404
-14.116
-14.826
-13.051
-12.559
-12.363
-13.070
-13.244
-13.929
-11.751
-11.727
-11.808
-10.483
-9.590
-10.592
-10.287
-11.258
-10.187
-9.121
-9.006
-8.256
-9.065
-8.196
-8.878
-10.016
-19.817
-19.392
-19.919
-18.997
-19.552
-19.066
-17.518
-16.944
-17.285
-17.169
-17.388
-17.807
-15.707
-15.574
-15.626
-14.689
-14.756
-14.887
-13.280
-13.133
-12.222
-11.229
-12.197
-13.192
-11.375
-12.143
-12.896
-12.367
-10.747
-10.448
-10.079
-10.561
-11.287
-9.518
-10.767
-11.771
-10.098
-10.578
-10.625
-11.360
-9.258
-9.501
-8.389
-9.158
-9.006
-10.088
-8.356
-28.458
-27.568
-26.550
-27.726
-28.268
-28.459
-27.271
-28.910
-29.861
-30.001
-30.521
-29.955
-28.157
-28.911
-27.900
-27.228
-27.750
-28.717
-26.917
-28.439
-29.696
-28.677
-27.708
-27.494
-26.192
-25.995
-26.251
-25.047
-25.080
-25.106
-24.742
-24.484
-24.574
-25.551
-23.904
-23.760
-23.760
-23.708
-22.481
-21.834
-22.265
-20.472
-20.623
-19.947
-24.080
-24.722
-24.147
-22.587
-22.652
-22.306
-21.616
-21.797
-21.753
-20.159
-19.487
-19.957
-19.691
-20.393
-19.662
-18.287
-18.081
-17.516
-18.003
-18.706
-17.094
-17.019
-16.098
-16.229
-16.458
-14.683
-14.681
-14.504
-13.557
-13.406
-14.013
-12.202
-11.427
-12.302
-11.498
-12.162
-11.221
-10.199
-9.614
-10.526
-9.264
-9.942
-8.634
-8.271
-7.543
-7.910
-8.886
-19.618
-19.977
-19.595
-18.177
-17.793
-18.216
-17.353
-17.654
-17.274
-15.862
-15.809
-15.474
-14.928
-15.375
-15.028
-13.491
-13.519
-13.202
-12.584
-12.572
-11.853
-11.306
-11.907
-12.865
-11.019
-11.672
-10.756
-12.611
-11.429
-10.656
-12.294
-11.064
-11.663
-9.996
-11.215
-10.777
-12.254
-10.435
-10.206
-9.397
-10.858
-10.110
-10.903
-12.232
-12.948
-12.391
-12.602
-21.222
-20.857
-20.049
-20.445
-22.352
-22.018
-23.063
-22.824
-20.030
-20.380
-19.183
-19.663
-21.622
-21.794
-20.910
-22.564
-21.956
-22.619
-21.405
-22.410
-23.632
-21.739
-22.696
-21.320
-20.474
-20.403
-20.789
-19.080
-19.346
-18.398
-17.973
-18.471
-16.956
-17.478
-16.282
-18.191
-17.729
-18.761
-17.061
-17.400
-18.516
-16.166
-15.323
-16.125
-16.194
-16.990
-15.696
-15.163
-14.443
-15.633
-14.329
-13.885
-14.935
-13.128
-13.462
-12.530
-12.187
-11.993
-12.828
-10.940
-10.658
-11.294
-9.756
-9.377
-9.122
-8.227
-9.333
-8.551
-10.327
-9.205
-8.194
-9.262
-10.208
-10.383
-9.985
-11.694
-11.610
-12.245
-12.494
-12.879
-11.980
-13.841
-13.563
-14.478
-14.537
-13.865
-15.490
-14.867
-15.730
-14.004
-14.985
-16.098
-16.759
-16.531
-14.694
-14.766
-14.045
-13.970
-12.873
-14.112
-14.519
-14.151
-15.629
-14.078
-14.323
-12.987
-14.666
-14.168
-15.671
-14.600
-13.674
-15.589
-15.288
-17.076
-17.468
-17.263
-17.931
-17.675
-19.015
-17.650
-16.571
-17.851
-18.584
-18.293
-19.611
-18.765
-19.242
-19.515
-17.451
-17.645
-16.805
-16.740
-16.590
-17.355
-15.386
-14.743
-14.803
-15.617
-30.085
-28.695
-27.987
-28.482
-30.502
-31.574
-30.273
-30.006
-31.052
-32.046
-30.782
-31.049
-30.241
-30.301
-29.415
-31.091
-28.242
-27.184
-28.226
-29.521
-30.795
-29.481
-28.985
-28.506
-27.086
-26.813
-26.834
-26.387
-26.826
-24.951
-24.540
-25.217
-23.052
-22.813
-22.572
-26.583
-26.564
-27.601
-25.596
-25.745
-26.529
-24.797
-25.127
-24.915
-22.296
-22.435
-22.606
-20.781
-20.495
-20.374
-19.970
-20.223
-20.194
-18.505
-18.199
-18.431
-17.625
-17.967
-17.919
-16.109
-16.008
-15.909
-15.217
-15.246
-14.387
-13.851
-14.078
-14.888
-13.859
-12.733
-12.543
-11.861
-12.804
-12.704
-13.829
-11.732
-12.048
-10.751
-11.880
-11.721
-12.907
-10.842
-11.115
-10.940
-9.350
-8.864
-9.258
-8.651
-7.739
-9.281
-8.393
-23.322
-22.683
-23.279
-22.712
-23.263
-22.664
-21.208
-20.757
-20.967
-20.700
-20.709
-21.472
-19.382
-19.329
-18.628
-18.942
-19.043
-17.853
-19.822
-20.826
-19.707
-20.402
-18.419
-17.815
-18.639
-17.468
-17.767
-17.250
-16.118
-16.417
-15.479
-15.061
-15.639
-14.455
-14.197
-14.975
-13.489
-13.484
-14.203
-12.754
-12.769
-12.458
-11.895
-13.674
-13.244
-13.771
-14.682
-30.419
-29.211
-29.323
-28.419
-31.629
-31.346
-32.074
-32.383
-30.028
-29.217
-29.670
-30.860
-30.750
-31.744
-30.014
-30.708
-28.687
-28.510
-27.652
-29.532
-30.241
-29.916
-29.447
-28.024
-27.514
-26.785
-28.254
-26.794
-27.535
-25.936
-25.869
-26.586
-24.488
-24.553
-23.717
-25.991
-25.293
-26.613
-25.417
-25.683
-26.373
-25.037
-25.696
-25.083
-24.037
-23.805
-24.773
-22.739
-22.632
-22.767
-21.367
-21.298
-21.195
-20.139
-19.738
-20.377
-18.963
-19.176
-18.659
-17.783
-17.728
-18.119
-16.445
-16.521
-15.256
-14.356
-14.876
-14.433
-15.700
-13.743
-14.153
-12.791
-13.419
-12.937
-14.309
-12.426
-12.763
-11.481
-12.101
-13.062
-11.613
-11.097
-10.131
-11.479
-11.077
-10.744
-10.338
-12.398
-13.062
-12.317
-12.788
-23.628
-23.711
-22.931
-23.109
-22.749
-23.901
-21.998
-22.470
-21.219
-21.312
-21.972
-21.084
-20.081
-19.561
-20.568
-19.079
-19.098
-19.678
-17.743
-17.831
-16.525
-15.634
-16.247
-15.485
-17.095
-15.613
-14.724
-15.381
-16.667
-16.895
-17.527
-16.113
-15.921
-15.104
-17.117
-16.804
-18.122
-16.902
-15.902
-16.793
-18.003
-18.851
-18.147
-17.925
-18.800
-17.108
-17.680
