8.038
6.879
5.972
7.071
7.843
6.973
8.622
7.896
9.350
9.647
9.384
10.090
8.062
8.348
7.047
8.661
6.539
5.569
6.405
7.936
8.004
9.150
7.628
6.699
6.425
6.362
7.231
5.113
5.072
4.117
3.267
3.370
2.007
2.261
1.884
4.956
5.331
5.615
3.556
3.247
4.052
1.712
1.202
1.693
0.621
0.494
0.734
-0.569
-1.506
-0.317
-1.001
-0.120
-1.381
-2.115
-1.696
-2.230
-3.473
-3.792
-3.251
-4.503
-4.120
-4.594
-5.815
-5.702
-7.027
-7.898
-7.327
-8.024
-6.425
-7.884
-8.115
-7.128
-9.231
-9.057
-10.080
-9.651
-9.692
-8.918
-11.051
-11.261
-11.695
-11.544
-12.558
-11.600
-10.617
-9.538
-10.736
-10.911
-10.337
-11.974
-10.704
1.138
1.062
1.796
-0.268
-0.277
-0.490
-1.484
-1.145
-2.103
-2.294
-1.888
-2.411
-3.705
-4.325
-3.607
-4.437
-3.881
-5.280
-4.962
-4.394
-6.135
-6.421
-7.002
-6.383
-7.569
-8.058
-7.543
-8.596
-9.212
-8.713
-9.671
-10.237
-11.026
-10.722
-9.795
-9.229
-10.761
-9.063
-8.139
-9.454
-8.621
-9.582
-8.013
-8.077
-7.032
-8.851
-8.048
11.404
11.161
11.958
10.969
12.757
12.933
12.832
13.601
11.250
11.769
10.216
11.807
10.350
9.359
10.119
10.831
9.918
10.080
9.823
8.555
8.685
9.426
8.735
7.015
6.484
7.082
6.398
4.988
4.372
5.097
3.983
3.017
4.127
4.742
4.831
4.521
5.259
4.648
3.220
2.196
2.326
0.993
1.136
1.015
2.809
3.217
2.120
2.027
1.726
2.721
0.844
1.110
0.159
0.127
-0.416
0.836
-0.813
-0.395
-0.952
-2.173
-2.086
-2.694
-2.999
-2.874
-3.567
-4.209
-3.708
-2.919
-3.578
-5.106
-5.956
-5.324
-5.191
-6.133
-4.318
-5.372
-5.457
-4.511
-6.714
-6.541
-7.285
-7.586
-7.921
-7.101
-8.742
-8.272
-9.004
-9.983
-10.662
-10.454
-9.743
-0.375
-0.488
-1.218
-0.577
-0.152
0.036
-2.116
-2.311
-2.570
-2.429
-2.044
-2.010
-3.896
-4.052
-4.261
-4.691
-4.294
-4.863
-6.082
-6.112
-7.282
-8.059
-7.487
-6.559
-7.828
-8.743
-8.651
-9.656
-8.803
-9.273
-9.597
-7.608
-7.178
-6.791
-7.778
-6.930
-8.708
-8.101
-7.295
-9.094
-7.940
-6.934
-7.821
-8.948
-8.623
-10.016
-8.902
11.107
10.184
9.159
10.249
10.732
11.554
9.789
10.676
11.055
10.041
11.523
11.516
12.508
13.249
12.662
12.782
10.344
11.380
9.658
8.816
8.800
8.430
10.230
7.882
6.521
5.939
6.445
5.893
6.612
5.656
5.201
5.236
4.754
5.524
3.831
4.652
4.934
4.270
3.547
2.740
2.944
1.618
1.937
0.732
4.438
3.466
5.169
4.390
3.957
5.446
3.669
4.246
3.669
2.191
1.691
2.196
1.401
1.788
1.431
-0.143
-0.660
-0.475
-0.616
0.133
-1.884
-2.043
-3.161
-3.398
-2.927
-4.384
-4.535
-5.326
-4.431
-4.024
-3.704
-5.901
-6.474
-5.891
-6.532
-5.985
-6.616
-7.974
-8.571
-7.929
-8.766
-8.979
-9.780
-8.193
-8.602
-8.436
-7.094
1.239
2.136
0.613
0.283
0.583
0.218
-1.103
-1.492
-1.074
-2.236
-2.368
-2.057
-3.620
-3.731
-3.696
-4.678
-4.532
-5.672
-4.513
-3.793
-5.324
-5.132
-6.566
-7.335
-7.065
-6.239
-5.631
-5.691
-7.549
-8.081
-7.305
-8.438
-7.856
-8.998
-9.529
-9.091
-10.123
-10.444
-9.804
-11.121
-11.276
-12.073
-11.810
-10.414
-11.009
-10.006
-9.604
10.894
9.859
9.983
10.046
10.528
11.273
9.503
10.378
10.658
11.069
9.593
11.127
12.300
12.344
12.491
13.013
8.319
7.868
8.047
8.135
8.960
8.648
8.061
6.598
5.804
5.017
6.409
5.051
5.847
4.381
4.071
4.575
3.107
3.688
2.904
4.097
3.481
4.835
3.288
3.818
4.778
2.992
2.425
3.634
1.748
1.682
1.370
0.654
0.656
1.072
-0.673
-0.686
-1.013
-1.735
-2.015
-1.314
-3.018
-2.857
-3.279
-4.271
-5.198
-4.379
-4.018
-3.172
-4.858
-4.540
-6.156
-6.169
-6.361
-7.218
-7.001
-7.115
-8.630
-8.904
-8.525
-9.671
-9.147
-9.861
-10.954
-10.713
-11.596
-11.925
-12.006
-11.395
-13.400
-13.372
-13.821
-14.401
-15.458
-14.383
-14.065
1.944
2.349
1.710
0.578
0.281
0.723
-0.486
-0.327
-0.365
-1.864
-2.055
-1.939
-2.954
-2.833
-3.881
-3.263
-4.034
-2.372
-3.709
-2.978
-4.978
-5.049
-6.248
-6.694
-5.908
-7.193
-6.674
-7.478
-8.517
-8.291
-8.885
-9.681
-9.411
-10.470
-10.274
-9.580
-10.864
-11.431
-11.108
-12.330
-11.786
-12.476
-10.879
-12.608
-13.034
-11.991
-13.389
11.600
10.425
9.567
10.535
11.752
11.573
12.683
10.935
11.528
10.558
12.271
11.697
12.810
12.909
13.741
12.791
10.116
11.026
9.374
8.199
7.855
7.843
9.723
7.594
6.740
7.283
6.443
5.384
4.891
4.664
3.982
3.971
3.110
2.318
3.770
5.540
6.247
6.078
4.276
3.673
4.114
2.496
2.454
2.820
2.359
3.068
1.540
1.821
1.011
2.652
1.104
0.806
1.775
0.021
0.476
-0.486
-1.015
-1.945
-1.350
-0.654
0.267
-0.496
-1.848
-1.699
-3.005
-3.802
-3.471
-4.001
-2.547
-4.431
-4.519
-4.011
-5.892
-5.801
-6.195
-7.024
-7.062
-6.712
-8.398
-8.488
-8.656
-9.471
-9.259
-9.535
-10.902
-10.966
-10.939
-11.930
-12.968
-11.826
-11.645
1.146
0.744
1.285
-0.044
0.203
0.061
-1.435
-1.391
-2.129
-1.977
-1.146
-2.018
-3.336
-3.541
-3.258
-4.481
-4.153
-4.555
-5.768
-5.778
-6.936
-7.827
-7.187
-7.672
-6.256
-8.004
-7.906
-7.628
-9.502
-9.905
-9.726
-10.312
-10.161
-11.367
-10.145
-9.196
-10.061
-11.296
-11.745
-12.052
-10.791
-9.836
-11.497
-10.508
-10.689
-11.366
-9.516
8.143
7.906
8.794
7.197
8.865
8.292
9.046
9.865
9.048
8.991
8.678
10.092
6.834
6.220
6.986
6.313
7.135
6.068
7.160
8.857
9.860
9.316
7.635
8.260
7.300
7.319
7.598
5.805
5.756
5.455
4.377
3.796
4.089
3.364
5.073
4.938
4.986
5.361
3.500
3.166
4.030
1.673
1.465
1.246
3.458
3.472
4.023
2.034
2.049
1.475
1.327
1.307
2.050
-0.071
-0.548
0.150
-1.061
-0.765
-1.120
-2.477
-2.844
-2.606
-3.421
-3.043
-4.568
-5.152
-4.988
-4.522
-6.065
-4.891
-5.136
-5.564
-3.403
-2.852
-2.898
-3.171
-2.069
-3.721
-3.626
-3.570
-4.603
-2.784
-2.417
-2.028
-3.777
-4.526
-4.292
-3.115
-2.716
-3.760
-2.242
1.096
1.714
1.228
-0.409
-0.432
-0.752
-1.425
-1.370
-1.138
-2.908
-3.214
-2.966
-3.820
-3.271
-3.745
-5.266
-5.390
-5.840
-5.823
-5.068
-7.047
-7.272
-8.179
-7.903
-9.000
-8.653
-9.197
-7.759
-9.523
-10.370
-9.020
-10.280
-9.749
-10.343
-11.719
-12.244
-12.199
-11.694
-11.133
-11.136
-13.059
-12.916
-13.756
-13.713
-12.904
-14.594
-14.007
9.382
8.724
8.839
9.245
9.638
8.749
9.897
10.379
10.747
10.574
11.441
11.233
8.671
8.507
7.696
9.231
7.232
6.796
6.698
7.538
8.928
7.363
7.176
6.530
5.117
5.031
4.897
4.187
4.284
4.556
4.494
4.247
4.650
4.580
5.659
2.689
2.462
2.404
1.910
1.418
1.591
0.598
0.783
0.882
3.481
3.896
3.476
2.093
1.729
2.254
1.066
1.269
1.180
-0.397
-0.468
-0.609
-1.489
-1.039
-1.638
-2.830
-2.692
-3.380
-3.688
-3.084
-5.002
-5.440
-5.922
-5.354
-6.653
-6.729
-7.050
-6.058
-7.930
-8.276
-7.670
-9.160
-8.948
-9.385
-10.271
-10.447
-9.944
-11.603
-11.474
-11.899
-12.477
-12.349
-12.107
-13.930
-14.615
-14.217
-14.128
-0.846
-0.849
-1.465
-1.562
-1.384
-1.000
-2.966
-2.912
-3.667
-3.442
-2.766
-3.382
-4.902
-5.507
-5.011
-5.538
-5.489
-4.815
-6.913
-6.960
-7.992
-8.945
-8.194
-7.320
-8.817
-8.988
-8.429
-9.050
-10.441
-10.511
-10.821
-11.339
-11.295
-10.840
-12.789
-12.770
-13.222
-13.528
-14.491
-13.147
-13.752
-12.766
-14.193
-14.626
-15.636
-14.006
-14.889
6.153
5.127
4.263
5.559
7.466
8.167
7.935
7.180
6.355
6.839
5.507
6.876
5.627
6.396
4.721
5.357
4.627
3.638
4.544
5.922
7.141
6.016
5.618
4.672
4.045
3.475
4.654
2.932
3.368
1.849
1.500
1.907
0.429
0.642
-0.493
2.213
1.874
2.888
1.067
0.329
0.747
-0.915
-0.627
-1.546
0.198
0.353
1.088
-1.003
-1.145
-1.843
-0.943
0.006
-1.830
-1.255
-2.179
-0.472
-1.257
-0.780
-0.597
-2.691
-2.590
-3.170
-3.536
-3.133
-4.682
-5.034
-5.421
-4.783
-6.114
-6.194
-5.423
-6.824
-7.100
-7.607
-6.661
-8.188
-7.709
-8.682
-9.400
-10.196
-9.732
-9.167
-8.441
-10.057
-8.798
-9.678
-8.049
-8.153
-7.220
-8.907
-7.694
-1.864
-2.776
-1.376
-2.426
-1.660
-2.954
-3.406
-4.275
-2.875
-3.771
-2.930
-3.971
-5.046
-5.745
-4.749
-5.502
-6.454
-5.586
-4.382
-3.874
-4.042
-3.188
-4.543
-4.873
-5.290
-3.413
-2.856
-2.658
-3.958
-4.407
-4.750
-2.889
-3.318
-2.445
-1.831
-2.361
-1.418
-0.678
-1.096
-0.482
0.651
1.128
1.223
0.467
0.456
1.257
-0.516
4.611
4.378
3.539
5.272
5.859
5.885
6.755
5.928
4.711
3.810
5.620
4.805
3.529
2.619
3.309
3.613
4.373
3.981
3.675
6.783
6.955
7.898
5.616
6.266
6.367
6.211
7.408
5.428
5.699
4.087
3.158
3.308
1.791
1.681
1.839
5.486
6.562
4.885
5.121
3.999
3.462
3.486
4.143
3.471
0.711
0.962
0.441
-0.570
-0.845
-0.335
-1.678
-1.232
-2.023
-2.815
-3.503
-2.397
-3.771
-3.073
-4.283
-4.748
-5.516
-4.211
-5.545
-5.044
-6.900
-7.356
-7.884
-7.352
-8.382
-8.977
-8.391
-9.559
-10.087
-10.696
-9.490
-11.043
-11.382
-10.490
-12.284
-12.093
-12.805
-13.215
-13.191
-12.811
-14.714
-15.183
-14.713
-15.484
-15.098
-15.229
-16.573
2.126
2.121
1.558
1.404
2.108
0.857
0.376
-0.449
0.778
-0.389
0.326
-1.220
-0.954
-1.476
-0.214
-1.992
-2.654
-2.580
-1.446
-1.402
-1.009
-0.599
-0.907
0.021
-0.919
-2.178
-2.267
-3.073
-2.127
-1.162
-2.104
-3.196
-3.269
-4.177
-3.052
-1.996
-3.244
-3.783
-3.482
-3.483
-5.327
-5.691
-5.554
-6.117
-5.698
-7.224
-5.966
12.427
11.383
10.438
11.193
12.661
12.784
11.796
13.531
13.706
14.235
14.382
13.552
11.997
11.183
12.731
11.525
11.759
12.779
11.116
10.357
10.132
10.184
11.727
9.272
7.894
7.215
7.744
7.282
8.088
6.773
6.017
5.860
5.348
6.213
4.799
6.143
6.500
5.944
4.853
4.698
5.500
3.227
2.641
2.985
4.550
5.090
4.501
3.125
3.090
2.667
2.145
2.347
2.390
0.668
0.522
0.414
-0.178
-0.021
0.170
-1.590
-2.129
-1.458
-2.377
-1.764
-3.712
-4.100
-4.681
-4.251
-5.125
-5.866
-5.722
-6.561
-6.550
-6.555
-5.938
-8.063
-8.742
-8.516
-8.126
-7.478
-9.174
-7.742
-6.693
-7.786
-8.582
-9.643
-8.326
-8.352
-8.900
-7.263
-8.711
2.713
3.025
3.121
1.170
0.744
0.900
0.527
1.103
0.768
-0.951
-1.260
-1.583
-1.260
-0.899
-0.717
-2.790
-3.295
-3.202
-3.277
-2.797
-3.903
-3.975
-4.430
-3.877
-4.362
-5.916
-6.210
-6.153
-6.916
-7.113
-6.504
-8.258
-8.186
-8.435
-9.360
-9.108
-9.389
-10.691
-11.076
-11.435
-10.708
-10.026
-10.292
-12.100
-12.027
-12.551
-12.617
4.436
5.627
6.434
6.100
4.879
4.143
5.783
5.088
3.864
3.625
4.679
3.174
3.337
2.800
3.675
2.676
5.609
6.692
5.122
6.004
7.283
5.981
5.124
5.158
4.171
4.533
4.111
2.804
2.781
1.860
1.781
2.070
1.261
1.384
1.945
2.284
2.393
2.863
0.877
0.090
0.454
-1.198
-1.123
-1.379
-0.292
-0.216
-0.429
-1.294
-1.253
-0.928
-2.643
-2.571
-2.964
-3.828
-3.964
-3.340
-5.132
-5.060
-5.596
-5.951
-6.156
-5.366
-7.195
-6.949
-8.454
-9.182
-8.869
-8.213
-8.843
-10.336
-11.053
-10.504
-10.509
-9.921
-10.060
-11.996
-12.131
-12.586
-12.446
-12.085
-11.950
-13.904
-14.134
-14.504
-14.372
-15.434
-14.281
-13.802
-12.710
-14.011
-14.182
-2.321
-2.345
-3.260
-2.345
-2.263
-1.500
-3.721
-3.581
-4.084
-4.859
-4.687
-4.916
-6.206
-6.313
-6.262
-7.456
-7.566
-7.218
-8.693
-8.677
-9.572
-10.388
-9.702
-9.352
-10.764
-8.838
-9.012
-7.767
-9.161
-10.263
-8.728
-8.533
-8.976
-8.816
-6.953
-6.683
-6.560
-6.275
-6.816
-6.558
-4.835
-4.138
-4.793
-4.360
-3.284
-4.850
-4.568
5.284
4.044
3.385
3.425
6.323
5.829
6.520
7.153
4.930
5.732
4.268
4.512
5.998
6.718
5.222
6.469
4.300
4.803
3.282
4.676
4.106
5.835
5.123
3.451
2.771
2.779
3.242
1.278
1.206
0.641
0.993
1.602
0.246
0.532
-0.841
0.448
0.908
-0.582
0.558
-0.531
-1.523
-0.339
-0.233
0.463
0.463
1.486
0.104
-0.329
-1.392
0.190
-0.350
0.618
-1.096
-0.783
-1.858
-0.173
-0.220
0.875
-0.708
-0.579
-1.676
0.016
-0.198
0.164
-0.133
0.139
-0.491
-0.582
0.228
-1.852
-1.663
-2.008
-3.060
-3.132
-2.869
-4.432
-4.421
-4.716
-5.645
-5.442
-6.409
-6.113
-5.190
-6.778
-6.877
-7.359
-6.153
-8.003
-8.660
-8.513
-7.644
-1.570
-2.502
-1.565
-1.727
-0.753
-1.894
-3.005
-2.930
-2.797
-4.330
-4.378
-4.418
-5.665
-5.700
-6.554
-5.881
-4.996
-5.716
-7.160
-7.097
-8.364
-9.206
-8.686
-7.859
-9.557
-9.153
-9.677
-8.254
-10.231
-11.001
-9.683
-10.941
-11.138
-10.192
-12.285
-12.880
-12.868
-12.121
-11.279
-11.688
-13.471
-13.143
-14.289
-13.830
-14.250
-12.929
-14.594
10.829
11.346
12.185
11.781
11.892
12.524
11.511
12.485
10.155
10.911
9.792
9.302
9.803
9.060
10.268
9.401
10.356
10.840
9.977
7.980
7.313
8.376
9.292
7.040
7.039
7.861
7.405
5.611
5.695
4.509
4.275
4.641
3.446
4.194
2.651
5.468
5.763
6.318
4.226
3.165
3.131
2.023
1.885
2.237
2.786
2.104
3.635
2.048
2.802
1.255
1.495
1.177
2.310
0.270
0.432
-0.573
-0.112
-0.263
0.777
-1.461
-1.535
-1.458
-2.760
-2.614
-4.047
-4.926
-4.411
-3.623
-4.732
-5.662
-5.955
-6.410
-5.574
-5.181
-4.875
-6.935
-7.330
-7.597
-6.945
-6.583
-6.091
-8.242
-8.063
-8.443
-9.399
-10.044
-9.000
-10.220
-11.272
-9.818
-10.115
0.640
0.741
-0.050
-0.028
0.439
-1.058
-0.120
-0.129
0.811
-1.322
-1.506
-2.317
-1.040
-0.741
-0.057
-2.122
-2.454
-1.637
-3.244
-2.871
-4.485
-5.242
-5.203
-5.696
-4.461
-6.212
-7.040
-6.718
-5.673
-5.145
-4.872
-6.767
-7.647
-6.331
-7.193
-7.210
-6.454
-8.517
-8.497
-8.589
-9.834
-9.958
-9.580
-11.077
-11.033
-11.159
-11.951
10.147
8.768
8.543
8.795
10.620
10.018
11.620
10.658
11.114
10.854
11.045
12.135
10.280
10.233
9.503
11.220
7.669
7.730
6.685
7.758
8.518
8.302
7.521
6.308
5.183
5.290
4.346
4.677
5.374
3.365
3.384
4.306
1.888
1.508
1.370
4.583
3.863
5.596
4.149
3.397
3.450
2.519
1.793
3.299
1.731
2.164
2.391
0.235
-0.156
-0.359
0.201
0.218
1.062
-1.101
-0.861
-1.960
-1.395
-1.198
-0.647
-2.779
-2.949
-3.562
-2.912
-2.567
-3.509
-3.533
-4.060
-4.050
-3.552
-5.573
-5.780
-5.628
-6.525
-6.165
-6.450
-7.972
-8.351
-7.927
-8.872
-8.448
-8.863
-10.274
-10.853
-10.701
-10.449
-9.888
-10.095
-11.920
-12.139
-12.027
-12.587
1.722
0.816
2.400
1.242
2.187
0.678
0.333
-0.629
0.742
0.323
-0.010
1.384
-0.697
-0.630
-1.694
-0.381
0.730
-0.619
-0.871
0.010
-2.110
-2.306
-3.323
-4.121
-3.114
-3.923
-3.103
-4.153
-5.226
-5.906
-5.683
-4.779
-3.878
-4.403
-5.886
-6.655
-6.463
-5.361
-6.274
-5.010
-4.293
-3.323
-4.574
-4.177
-3.613
-3.464
-5.138
11.004
10.270
9.466
9.851
9.906
10.172
9.064
9.653
11.466
11.536
12.411
10.793
12.197
12.829
11.853
12.740
11.170
10.556
11.797
11.538
12.564
11.148
12.041
10.292
9.239
9.054
9.458
7.818
8.018
7.366
6.455
6.043
5.987
6.914
5.392
6.750
7.186
5.781
6.524
5.526
4.558
5.567
6.068
6.244
4.865
5.060
4.748
3.511
3.655
2.837
2.871
3.061
3.302
1.367
0.953
1.053
0.845
1.271
1.012
-0.674
-1.118
-0.916
-1.197
-0.318
-2.424
-2.596
-3.582
-3.188
-3.888
-4.711
-4.235
-5.277
-5.703
-6.170
-5.068
-6.882
-6.553
-7.601
-7.572
-8.234
-6.810
-8.393
-7.884
-9.350
-8.785
-9.287
-7.830
-9.559
-10.662
-9.332
-9.325
4.215
3.690
4.458
3.228
3.743
3.334
1.774
1.369
1.840
0.851
0.923
1.056
-0.653
-0.667
-0.875
-1.658
-1.545
-1.482
-3.046
-3.274
-3.934
-4.973
-3.754
-2.957
-3.611
-5.060
-5.398
-4.779
-6.118
-6.442
-5.636
-7.401
-7.147
-7.748
-8.514
-8.133
-8.846
-9.749
-9.462
-9.941
-11.103
-11.212
-11.085
-12.389
-12.741
-13.182
-12.158
7.267
6.358
5.529
7.029
8.242
9.014
8.626
7.665
6.316
6.993
5.661
5.670
7.934
8.674
8.393
7.191
5.788
6.596
5.351
4.867
4.724
6.011
4.853
3.587
2.433
2.140
2.695
1.387
1.793
1.107
0.405
0.119
-0.114
0.041
0.472
0.107
-0.705
-0.345
0.525
0.625
0.148
1.393
2.087
1.866
-1.566
-1.650
-1.721
-2.541
-3.509
-2.296
-2.676
-1.706
-2.990
-3.675
-3.318
-3.633
-5.013
-5.195
-5.166
-5.994
-6.814
-5.511
-6.486
-5.702
-7.750
-7.897
-8.980
-8.584
-9.664
-9.832
-9.224
-10.390
-10.798
-11.374
-10.342
-11.656
-11.071
-12.328
-12.766
-13.270
-12.331
-13.816
-14.598
-14.293
-13.299
-12.534
-12.770
-14.225
-13.757
-14.981
-14.737
0.332
0.943
-0.311
-0.465
-1.208
0.140
-1.320
-1.724
-0.537
-2.499
-3.243
-2.322
-3.368
-2.530
-3.824
-4.301
-4.965
-3.615
-5.149
-4.498
-6.461
-6.771
-7.416
-7.800
-6.915
-8.613
-9.030
-9.435
-8.320
-7.381
-8.125
-9.442
-9.588
-9.132
-10.769
-11.151
-10.566
-11.951
-12.086
-11.781
-13.301
-13.403
-14.183
-13.398
-13.185
-12.752
-14.442
12.413
12.585
13.538
12.637
12.354
11.485
13.275
12.125
11.221
10.299
11.144
11.450
13.622
14.566
13.551
13.838
11.365
11.750
11.418
8.848
8.779
9.031
10.060
7.610
7.170
7.513
7.716
5.580
5.507
4.851
4.668
5.026
3.732
4.019
2.689
4.988
5.079
5.656
3.645
3.539
4.409
2.103
1.884
1.475
3.845
3.506
4.901
3.123
3.559
2.085
3.180
4.119
3.237
1.994
1.821
2.122
0.698
0.980
0.414
-0.331
-0.063
-1.208
-0.790
-0.191
-1.950
-2.096
-3.108
-3.968
-3.449
-2.547
-3.404
-1.835
-2.083
-1.340
-2.778
-1.295
-1.835
-0.362
-0.966
-0.334
-0.338
-2.083
-1.680
-2.644
-3.207
-3.889
-2.681
-4.177
-4.684
-4.987
-3.547
1.802
2.616
1.773
0.493
-0.330
0.533
0.038
0.856
0.008
-1.242
-1.306
-2.131
-1.499
-1.036
-1.176
-3.005
-3.011
-3.518
-3.884
-3.342
-5.258
-5.667
-6.153
-7.082
-5.687
-6.791
-7.106
-7.632
-5.813
-5.015
-5.297
-6.397
-6.942
-7.157
-5.418
-4.655
-5.006
-6.234
-6.783
-7.025
-5.258
-4.927
-4.330
-5.841
-5.348
-5.858
-6.825
10.775
10.692
11.459
9.809
11.015
11.181
11.939
10.157
11.863
12.785
11.826
11.905
9.520
8.703
9.536
9.286
10.780
10.728
11.701
8.197
8.278
7.878
9.603
7.168
6.458
7.045
6.257
5.020
5.226
4.132
4.269
5.154
3.023
3.277
3.062
4.236
4.023
4.665
2.849
2.666
3.533
1.237
1.136
0.635
1.763
1.728
1.903
0.451
0.493
0.164
-0.709
-0.666
-0.434
-2.057
-1.993
-2.234
-3.200
-3.099
-3.004
-4.596
-5.372
-4.897
-4.783
-4.628
-5.092
-5.204
-5.379
-6.450
-4.834
-5.151
-5.048
-4.196
-6.265
-6.671
-7.119
-5.926
-5.568
-5.135
-7.103
-7.608
-7.928
-6.723
-6.354
-5.990
-7.898
-8.256
-8.775
-7.557
-7.193
-6.695
-8.474
0.738
0.874
1.156
-0.772
-0.954
-0.837
-1.712
-1.644
-1.172
-3.156
-3.638
-3.209
-3.930
-3.402
-4.020
-5.324
-5.708
-5.252
-6.269
-6.087
-7.369
-8.012
-7.982
-7.755
-7.538
-9.501
-9.625
-9.915
-10.276
-11.373
-9.892
-10.019
-10.599
-8.934
-10.486
-11.556
-9.967
-10.263
-9.202
-10.336
-11.179
-12.247
-10.997
-10.898
-11.036
-11.590
-9.861
10.100
9.652
10.571
8.950
9.004
8.550
9.515
8.302
10.629
9.873
10.940
11.506
11.100
10.759
11.231
12.092
9.091
8.136
8.816
10.989
12.025
11.475
9.914
10.084
9.943
10.193
10.488
8.461
8.360
8.170
7.404
7.020
6.982
7.184
7.609
7.395
7.284
7.901
6.136
6.199
7.156
4.800
4.908
4.020
5.543
5.327
5.437
4.525
4.097
4.968
3.371
3.767
3.014
2.141
1.929
2.604
0.996
1.378
0.453
-0.192
-1.111
-0.351
0.071
1.110
-0.835
-0.481
-2.281
-2.759
-2.550
-2.871
-2.345
-2.673
-4.378
-4.736
-4.540
-4.906
-4.549
-4.519
-6.380
-6.836
-6.595
-6.919
-6.859
-6.135
-8.283
-8.465
-8.171
-9.443
-9.412
-9.158
-10.409
4.308
5.100
3.923
3.096
2.428
3.358
2.254
3.016
1.667
1.277
1.138
1.952
-0.064
-0.580
0.096
-0.948
-1.163
-0.422
-2.188
-2.666
-2.756
-3.626
-2.308
-1.213
-2.333
-3.158
-2.985
-4.225
-3.005
-1.928
-3.339
-3.725
-3.496
-3.406
-5.220
-5.754
-5.490
-6.018
-5.631
-7.118
-5.800
-5.931
-4.764
-6.781
-7.828
-6.547
-6.701
8.093
6.537
6.106
6.288
8.500
7.850
8.381
9.503
8.421
7.931
7.965
9.473
8.790
8.642
9.852
8.339
5.835
4.725
6.076
5.780
5.944
6.546
6.236
4.259
3.754
4.559
3.170
2.892
2.318
2.159
0.940
0.467
0.259
0.379
0.619
3.871
4.511
4.495
3.078
3.297
4.149
2.202
1.201
2.492
-1.265
-1.437
-1.479
-2.205
-2.116
-2.067
-3.638
-3.862
-4.016
-4.678
-4.666
-4.233
-5.972
-5.799
-6.374
-7.023
-6.592
-7.790
-7.648
-6.990
-8.881
-9.178
-9.872
-10.405
-9.356
-10.976
-11.488
-11.745
-10.341
-9.927
-9.577
-11.245
-11.782
-12.065
-10.706
-10.052
-10.176
-11.865
-12.613
-11.516
-12.495
-11.663
-13.197
-13.305
-12.563
-13.859
-13.866
1.893
2.852
1.315
1.354
2.094
1.424
-0.084
-0.195
-0.374
-1.212
-0.947
-1.256
-2.545
-2.996
-2.398
-3.669
-3.337
-4.536
-3.892
-3.135
-4.986
-5.062
-6.214
-6.105
-6.399
-7.488
-7.702
-7.331
-8.788
-9.517
-9.196
-8.493
-7.923
-7.801
-9.706
-9.877
-9.432
-10.934
-11.321
-10.709
-11.991
-11.707
-12.338
-13.240
-14.078
-13.573
-12.821
11.840
10.597
9.902
10.155
12.853
13.746
12.493
13.133
11.548
12.445
10.838
11.213
12.499
11.776
12.884
13.296
10.733
11.457
9.761
10.043
9.323
10.753
11.131
8.975
8.674
8.957
9.269
7.134
6.865
6.578
6.968
7.510
6.664
7.557
6.049
6.420
6.556
7.038
5.050
4.510
5.140
3.026
2.506
2.766
5.956
6.561
5.928
4.435
4.403
4.086
3.475
3.570
3.795
2.038
1.347
2.151
1.381
1.708
1.652
-0.132
-0.767
-0.343
-0.514
0.305
-1.724
-2.089
-2.879
-3.062
-2.796
-4.152
-4.362
-5.072
-4.082
-3.183
-4.963
-4.228
-3.330
-4.104
-5.602
-6.308
-5.678
-6.098
-5.454
-5.924
-7.615
-7.722
-8.225
-7.907
-7.174
-8.950
-7.816
2.362
2.784
2.864
0.828
0.380
0.374
0.310
0.763
0.441
-1.231
-1.618
-1.401
-2.126
-1.783
-2.041
-3.501
-3.486
-3.808
-4.430
-4.117
-5.548
-6.142
-6.142
-5.521
-6.486
-7.414
-7.696
-8.296
-7.161
-6.127
-7.845
-7.396
-6.885
-6.939
-8.915
-9.263
-9.437
-9.282
-8.759
-8.934
-10.789
-11.240
-11.307
-11.164
-10.702
-12.255
-10.807
8.441
7.266
6.492
7.641
7.968
8.888
7.405
7.279
9.522
10.063
9.101
10.253
8.890
9.613
9.344
8.032
6.521
5.689
6.002
7.298
7.572
8.278
7.249
5.829
5.281
5.741
5.566
3.764
3.725
3.219
3.267
3.636
2.927
3.056
3.751
3.188
3.618
3.624
1.732
1.167
1.679
-0.354
-0.492
-0.576
1.507
1.331
1.441
0.288
0.603
-0.058
-0.840
-0.493
-1.618
-1.432
-1.641
-0.723
-2.659
-3.051
-2.309
-3.850
-4.390
-3.607
-4.571
-3.891
-5.817
-6.133
-6.818
-6.607
-7.559
-7.288
-7.129
-6.597
-8.813
-9.305
-9.327
-9.125
-8.465
-8.881
-10.588
-10.916
-10.656
-11.634
-11.729
-11.423
-13.099
-13.044
-13.267
-14.176
-13.990
-15.203
-14.076
-1.234
-0.947
-0.860
-2.742
-2.952
-3.038
-3.725
-3.471
-3.521
-5.167
-5.340
-5.448
-6.270
-6.297
-7.242
-6.053
-6.764
-5.060
-6.181
-5.224
-7.234
-7.169
-8.614
-8.617
-9.368
-9.025
-8.960
-8.327
-10.510
-10.640
-11.215
-10.840
-10.346
-10.375
-12.342
-12.590
-12.861
-13.103
-14.092
-12.753
-13.496
-12.721
-13.526
-14.780
-14.773
-14.874
-15.659
10.890
9.476
9.206
9.670
11.914
11.919
11.838
12.923
10.941
10.668
11.896
10.200
11.126
10.924
12.116
10.408
8.327
7.319
8.269
7.982
8.668
8.236
8.458
6.412
5.623
6.002
5.604
4.208
4.370
3.313
2.734
3.153
1.399
1.549
0.920
3.749
4.008
4.299
2.291
1.945
2.689
0.454
0.205
-0.171
0.348
0.060
0.885
-0.788
-0.284
-1.278
-1.784
-1.889
-1.229
-2.992
-3.300
-2.754
-4.321
-4.023
-4.487
-5.626
-6.529
-5.541
-5.715
-4.699
-6.770
-6.787
-8.156
-8.652
-8.079
-8.887
-8.407
-8.708
-10.416
-10.887
-10.547
-11.096
-10.529
-11.337
-12.498
-13.117
-12.990
-12.233
-11.773
-11.437
-13.526
-13.233
-14.279
-14.106
-14.650
-13.238
-14.781
0.201
0.993
0.190
-1.163
-1.413
-1.245
-2.275
-2.200
-2.115
-3.706
-4.379
-4.065
-3.877
-3.198
-3.527
-5.362
-6.032
-5.539
-5.759
-5.095
-6.801
-6.802
-7.789
-7.754
-8.811
-7.620
-8.018
-6.555
-8.316
-9.348
-7.739
-8.373
-8.898
-8.848
-6.934
-7.096
-6.300
-6.087
-6.589
-6.004
-4.664
-3.848
-4.553
-4.436
-3.401
-5.121
-4.721
8.500
7.433
6.534
7.643
8.219
7.202
8.803
8.541
9.816
10.499
10.306
9.628
8.545
7.581
9.046
9.098
6.978
6.339
6.339
8.317
8.687
9.337
8.048
6.924
6.532
7.223
6.574
5.091
4.676
4.237
3.880
4.045
3.309
4.245
2.760
5.046
5.788
5.401
3.745
3.241
3.951
1.761
1.510
1.579
2.497
3.001
2.480
1.107
0.584
1.247
0.187
0.323
-0.894
0.471
0.795
1.227
-0.804
-1.137
-1.575
-0.523
0.223
-1.466
0.113
1.138
-0.387
0.336
-1.676
-1.437
-2.052
-2.742
-2.640
-2.433
-4.168
-4.738
-4.184
-4.888
-5.916
-4.523
-4.774
-5.004
-3.686
-5.592
-5.684
-5.144
-7.027
-7.070
-7.467
-7.870
-8.924
-7.676
-7.427
0.890
1.101
1.136
-0.572
-0.791
-0.848
-1.556
-1.400
-2.534
-1.585
-0.599
-1.901
-2.438
-1.999
-2.386
-3.895
-4.454
-3.867
-4.555
-4.097
-5.733
-6.185
-6.570
-6.265
-6.402
-8.072
-8.598
-8.144
-8.910
-8.573
-8.733
-10.440
-10.527
-10.880
-11.189
-10.857
-12.294
-10.950
-9.865
-11.487
-11.288
-10.448
-11.343
-12.588
-12.395
-13.046
-13.368
7.048
7.341
8.374
7.282
8.275
8.100
9.157
8.536
6.843
5.896
7.649
6.929
5.880
5.887
5.741
5.011
6.459
5.406
6.786
7.450
8.211
8.179
6.439
6.559
6.049
6.289
6.434
4.488
4.187
4.127
4.174
4.265
4.027
5.006
3.752
3.967
4.487
4.096
2.506
2.212
2.973
0.689
0.430
0.147
2.845
3.126
2.879
1.462
1.286
1.409
0.349
-0.626
0.598
0.312
1.190
0.462
-0.965
-1.718
-1.090
-1.078
-1.413
-1.936
0.205
1.101
0.350
1.226
-0.689
-1.516
-0.194
-1.279
-0.527
-1.878
-2.257
-3.060
-1.764
-3.032
-2.438
-3.605
-4.150
-4.668
-3.646
-5.217
-4.670
-5.968
-5.963
-6.826
-6.448
-5.055
-5.712
-4.404
-4.463
0.002
0.474
0.289
-1.557
-2.031
-1.867
-2.290
-1.820
-2.185
-3.843
-3.936
-4.190
-4.774
-4.985
-4.276
-6.083
-5.867
-6.613
-6.992
-6.652
-8.163
-8.719
-8.874
-8.777
-8.356
-10.405
-10.316
-10.892
-11.145
-10.510
-11.232
-12.540
-12.574
-13.044
-13.438
-13.348
-13.226
-14.963
-15.037
-15.190
-15.927
-15.630
-15.645
-17.420
-17.855
-17.605
-17.972
10.350
9.108
9.325
8.365
10.241
10.040
11.131
9.329
10.524
11.256
10.610
9.679
11.588
11.387
12.531
11.755
8.529
7.780
9.274
8.285
8.918
8.955
8.060
6.814
5.774
5.375
6.107
4.559
4.970
3.884
4.059
4.875
3.140
2.481
2.544
3.503
2.884
4.089
2.606
2.074
2.264
1.186
1.754
0.153
4.001
4.315
4.880
3.028
3.611
2.286
2.303
1.576
3.012
1.515
2.316
1.019
0.626
1.256
0.287
-0.570
-1.249
-0.462
-1.390
-0.960
-2.419
-2.793
-3.074
-2.783
-4.146
-2.682
-1.586
-3.128
-2.936
-3.885
-2.942
-1.825
-1.535
-1.943
-0.502
-0.385
-0.366
0.653
0.553
0.483
1.967
2.716
2.098
2.443
2.489
3.485
1.773
1.063
0.507
2.107
0.301
0.991
-0.605
-0.141
-1.089
0.565
-0.517
0.344
-0.743
-1.689
-2.576
-1.488
-1.938
-1.026
-2.114
-2.996
-2.767
-4.257
-5.033
-4.751
-5.322
-3.956
-5.654
-5.983
-4.978
-6.891
-7.465
-6.659
-7.835
-7.210
-8.332
-8.946
-8.491
-9.444
-9.923
-10.658
-10.528
-9.262
-8.688
-10.121
-8.367
-8.962
-7.482
-8.210
10.199
10.071
10.021
10.990
11.389
11.526
11.257
12.273
8.974
8.529
9.233
8.210
10.390
11.414
10.101
9.710
8.819
8.530
7.988
10.014
11.395
9.910
9.122
9.331
8.459
8.273
8.928
7.090
7.399
6.691
5.835
5.624
5.307
5.900
5.470
6.065
5.813
6.481
4.884
5.103
6.204
3.738
3.820
3.096
3.858
3.618
3.369
3.007
3.147
3.200
1.471
0.994
1.329
0.854
1.324
0.975
-0.568
-1.128
-0.553
-1.223
-2.250
-0.569
-1.148
-0.223
-2.249
-2.116
-3.625
-4.035
-3.667
-4.365
-3.825
-4.691
-5.761
-6.163
-5.589
-6.929
-7.835
-6.612
-7.283
-8.028
-6.504
-7.693
-6.866
-8.637
-8.029
-7.136
-8.496
-9.138
-10.120
-8.758
-9.277
2.985
3.676
2.412
2.068
1.246
2.606
1.634
2.329
1.641
0.310
-0.489
-0.067
0.175
0.964
0.357
-1.074
-0.891
-1.970
-1.216
-0.638
-1.786
-1.799
-2.415
-2.474
-1.780
-3.828
-3.826
-4.416
-4.371
-3.683
-4.390
-5.723
-6.443
-5.621
-6.329
-5.590
-7.297
-6.507
-5.617
-7.328
-6.962
-7.744
-6.207
-7.409
-6.581
-8.193
-7.786
7.077
7.612
8.355
8.195
8.178
8.778
8.844
7.748
6.334
5.657
7.042
5.609
6.039
5.844
5.153
6.290
6.540
5.790
7.089
6.638
6.487
8.032
5.846
5.891
4.695
4.529
4.697
3.454
3.799
3.062
2.649
2.717
2.096
1.406
2.923
2.206
2.000
2.509
1.006
1.112
2.065
-0.270
-1.007
-0.125
1.413
2.168
0.651
0.689
1.555
0.298
-0.421
-0.035
-0.808
-1.614
-1.119
-2.346
-2.479
-1.884
-3.082
-3.350
-3.696
-2.708
-4.484
-4.144
-5.787
-6.537
-6.459
-5.886
-7.247
-7.227
-7.491
-8.202
-6.428
-6.267
-5.493
-7.070
-6.334
-7.089
-8.344
-8.985
-8.201
-9.030
-8.293
-9.272
-10.235
-11.043
-10.658
-9.999
-10.052
-10.689
-8.993
-0.987
-0.190
-1.656
-1.741
-2.194
-2.557
-0.863
-0.527
0.073
-1.586
-1.838
-0.777
-2.701
-2.475
-3.552
-3.000
-2.979
-4.017
-1.843
-0.866
-2.008
-1.190
-3.318
-3.912
-3.076
-4.142
-3.400
-4.588
-5.238
-4.922
-5.912
-6.112
-6.086
-5.657
-7.589
-7.992
-7.547
-8.412
-7.952
-9.381
-8.850
-9.561
-7.951
-9.682
-9.126
-10.646
-9.871
11.065
10.429
10.655
10.863
10.816
11.430
9.763
11.017
12.583
12.995
13.074
12.672
10.659
11.171
10.817
9.600
8.902
8.483
8.532
8.639
10.093
7.841
8.469
7.903
6.474
6.107
6.321
5.651
6.082
5.710
5.341
4.978
5.430
5.802
6.166
4.189
3.804
4.215
3.199
2.930
3.353
2.021
1.138
2.626
4.038
4.309
3.529
2.930
2.681
3.333
1.675
1.762
1.534
0.372
0.158
0.479
-0.784
-0.414
-1.081
-2.093
-1.923
-2.761
-2.995
-2.469
-4.345
-4.873
-5.217
-5.878
-4.620
-6.316
-5.824
-6.788
-7.487
-7.931
-6.970
-8.650
-8.264
-9.366
-9.372
-8.707
-10.015
-10.242
-10.975
-9.499
-10.881
-10.084
-11.461
-11.883
-12.271
-12.743
-11.418
1.592
2.403
1.449
0.257
0.347
0.104
-0.912
-0.911
-0.781
-2.268
-2.205
-2.591
-3.398
-3.360
-3.225
-4.790
-4.778
-4.652
-5.966
-6.077
-6.825
-7.816
-6.632
-6.752
-5.587
-7.580
-7.616
-7.281
-9.066
-9.159
-9.156
-9.995
-9.425
-10.152
-11.376
-11.678
-11.169
-12.339
-12.365
-11.957
-13.751
-13.833
-13.908
-14.860
-14.681
-14.895
-15.890
8.423
7.164
6.590
6.606
9.277
9.483
8.717
10.175
9.250
9.372
10.151
8.813
8.099
8.973
7.893
7.278
7.200
6.191
7.913
6.725
6.067
7.557
7.688
5.880
4.470
4.077
3.907
4.159
3.073
4.396
3.564
2.684
3.957
4.560
4.455
4.880
5.947
4.759
4.382
3.763
3.381
3.511
3.610
4.231
2.659
1.927
2.896
2.119
1.361
2.899
1.698
2.463
0.992
0.808
0.116
1.392
-0.079
0.507
-0.783
-0.821
-0.085
-1.456
-1.680
-1.119
-3.053
-3.546
-3.973
-4.547
-3.416
-4.854
-5.409
-4.277
-5.790
-5.147
-5.939
-7.128
-7.604
-7.185
-8.117
-9.034
-7.653
-8.534
-7.697
-9.026
-9.615
-9.870
-10.460
-9.099
-9.664
-9.266
-8.010
2.141
2.060
2.100
0.959
1.192
0.726
-0.294
-0.615
-0.140
-1.513
-1.517
-1.394
-2.732
-2.479
-2.946
-4.037
-3.725
-4.043
-5.350
-5.292
-6.465
-7.404
-6.567
-6.281
-5.813
-7.869
-8.774
-7.820
-8.129
-8.305
-7.260
-9.408
-9.385
-9.510
-10.633
-10.718
-10.565
-11.901
-12.027
-11.975
-12.885
-12.605
-12.829
-14.291
-14.546
-14.455
-14.957
8.390
9.373
10.109
9.978
7.705
8.179
6.673
7.601
7.335
7.710
6.482
6.935
8.973
8.237
9.514
9.740
8.889
8.051
9.656
8.007
7.945
8.975
8.336
6.543
5.433
5.771
4.661
4.856
5.581
3.632
3.674
4.653
2.145
1.817
1.550
4.651
5.636
4.207
3.693
2.485
2.045
1.568
1.650
2.002
1.890
2.452
2.329
0.395
0.008
0.291
-0.527
-0.163
-0.503
-1.984
-2.291
-2.022
-3.060
-2.865
-2.951
-4.532
-5.008
-4.382
-5.174
-4.666
-6.316
-6.726
-7.137
-6.664
-8.179
-7.338
-7.599
-6.341
-8.396
-8.243
-9.330
-8.549
-9.124
-7.600
-9.267
-10.113
-9.626
-8.308
-8.528
-7.316
-8.409
-8.216
-9.473
-7.664
-7.560
-8.010
-6.599
0.102
-0.569
-0.212
-0.106
0.708
-0.108
-1.391
-1.511
-2.253
-1.641
-0.721
-2.025
-2.719
-3.640
-2.394
-2.770
-3.065
-1.711
-3.614
-2.922
-4.893
-5.429
-5.862
-5.350
-6.230
-7.013
-7.744
-6.749
-7.905
-8.265
-7.263
-9.185
-8.948
-9.728
-10.319
-10.427
-11.269
-10.157
-9.190
-10.047
-11.211
-12.154
-11.417
-10.870
-9.922
-10.892
-11.745
12.807
11.577
11.457
11.750
12.558
13.441
11.763
12.378
13.100
13.427
12.269
13.853
14.007
13.791
14.820
14.248
10.160
9.388
9.873
9.995
10.832
10.285
10.374
8.431
7.662
7.972
7.798
6.171
5.707
5.642
5.657
6.088
4.856
5.621
4.242
5.770
6.211
6.293
4.342
3.571
3.882
2.152
1.836
2.237
3.947
3.171
4.576
3.269
3.852
2.682
2.373
1.767
3.048
1.404
1.957
0.656
0.601
1.215
0.284
-0.539
-1.304
-0.061
-1.311
-1.030
-2.216
-2.751
-2.620
-3.653
-1.914
-2.347
-1.393
-3.118
-2.619
-3.498
-1.739
-2.695
-1.968
-3.693
-2.364
-3.116
-2.362
-1.064
-0.120
-1.157
-0.624
-1.216
-0.658
0.790
1.098
1.477
0.945
1.084
1.103
1.189
-0.365
-0.541
-0.483
-1.390
-0.996
-1.431
-2.846
-2.831
-3.260
-3.646
-3.473
-3.261
-5.194
-5.346
-5.785
-5.712
-4.996
-6.985
-7.264
-8.089
-7.809
-9.010
-8.374
-7.514
-9.140
-8.833
-8.048
-9.796
-8.899
-9.553
-7.827
-9.294
-10.272
-8.497
-9.388
-10.176
-8.405
-9.998
-9.456
-11.085
-9.704
-10.222
-8.640
-10.063
11.681
10.623
10.984
10.480
11.076
11.736
11.008
10.147
12.895
12.651
13.861
13.175
11.997
11.053
12.568
12.535
9.184
8.698
8.479
9.277
9.826
9.918
9.194
7.717
6.783
6.560
7.195
5.411
5.651
4.952
4.289
3.964
4.040
4.966
3.958
4.436
4.549
4.782
3.060
2.788
3.602
1.291
1.249
0.936
2.726
2.892
2.805
1.403
1.658
1.096
0.280
0.123
0.526
-1.059
-0.974
-1.670
-1.933
-1.272
-2.740
-2.505
-3.128
-1.578
-3.273
-4.003
-3.005
-3.680
-2.116
-2.479
-1.043
-2.287
-1.292
-2.167
-3.429
-3.406
-4.384
-3.261
-3.050
-2.339
-4.423
-5.381
-4.241
-4.479
-5.025
-5.081
-3.146
-2.386
-3.270
-2.631
-1.713
-3.393
-2.118
0.504
0.642
0.859
-1.018
-1.231
-1.328
-1.809
-1.372
-1.578
-3.377
-3.698
-3.654
-4.051
-4.883
-3.324
-4.492
-5.343
-3.658
-4.926
-4.599
-5.511
-5.729
-5.956
-5.789
-5.470
-7.471
-7.674
-7.993
-7.966
-8.023
-9.050
-7.149
-6.088
-7.598
-7.096
-6.226
-8.040
-6.878
-6.685
-5.974
-8.085
-8.224
-9.003
-8.017
-7.310
-9.016
-7.784
7.585
6.133
6.019
5.556
8.330
8.401
9.293
7.843
7.778
8.783
7.033
7.596
8.127
7.910
9.195
7.670
5.423
4.482
5.909
5.721
5.558
7.072
5.139
4.699
3.307
3.197
2.992
2.430
1.397
2.405
1.750
1.026
2.007
2.867
2.383
2.922
3.885
3.198
1.860
1.945
2.891
0.655
-0.145
0.791
0.740
-0.123
0.429
0.914
1.533
1.461
-0.478
-0.312
-1.264
-1.026
-1.212
-0.151
-2.333
-2.135
-2.931
-3.037
-2.454
-3.853
-3.503
-2.785
-4.692
-4.949
-5.840
-5.552
-5.918
-7.058
-7.484
-6.692
-8.199
-7.688
-8.406
-9.469
-10.264
-9.909
-9.271
-8.222
-9.276
-10.182
-11.209
-10.042
-10.057
-8.987
-10.495
-10.753
-11.800
-10.239
-10.926
0.314
1.081
-0.581
0.120
-0.643
1.092
-0.123
-0.190
0.692
-1.348
-1.149
-1.487
-2.640
-2.525
-3.397
-3.111
-2.288
-3.421
-4.391
-4.619
-5.348
-6.298
-5.234
-4.271
-6.006
-5.463
-4.730
-5.446
-6.844
-7.078
-6.746
-8.103
-7.994
-8.284
-9.357
-9.047
-9.752
-10.567
-10.836
-11.417
-10.298
-10.188
-9.379
-11.345
-10.934
-11.686
-12.220
14.363
13.112
12.675
13.400
15.225
15.295
16.237
14.766
13.951
13.415
13.199
14.796
15.104
15.627
15.697
14.462
11.920
11.045
11.403
11.766
11.956
12.413
12.286
10.227
9.402
9.875
9.134
8.029
7.410
7.359
6.466
6.343
5.574
6.128
4.922
8.250
9.117
8.698
7.040
6.295
6.463
5.158
5.597
4.872
4.850
3.934
5.464
4.566
5.437
3.835
4.054
4.862
3.772
2.886
2.242
3.261
1.970
2.539
1.453
0.714
0.271
1.071
-0.156
0.316
-1.484
-2.059
-2.303
-3.065
-1.714
-3.206
-2.984
-2.941
-4.676
-4.841
-4.939
-5.586
-5.689
-5.204
-6.965
-6.858
-7.482
-7.933
-7.664
-8.660
-8.498
-8.623
-7.745
-9.845
-9.790
-10.549
-10.347
3.947
3.532
4.119
2.842
3.314
2.497
1.565
1.773
1.123
0.643
1.163
0.363
-0.660
-1.257
-0.314
-1.558
-0.984
-1.765
-2.814
-2.643
-4.101
-4.809
-4.727
-5.575
-3.971
-5.159
-4.399
-6.049
-5.633
-6.164
-4.674
-6.575
-7.335
-5.901
-7.027
-6.113
-7.647
-7.684
-6.826
-8.378
-8.287
-9.154
-7.587
-8.750
-9.189
-7.831
-9.363
9.157
8.614
8.015
7.958
9.690
8.875
10.406
10.060
8.025
7.661
7.220
8.334
10.199
9.690
10.758
10.876
9.633
10.396
8.965
10.938
11.580
11.789
10.382
9.552
8.679
9.060
8.576
7.259
6.833
7.407
6.622
5.990
6.725
7.455
7.223
6.442
6.959
6.605
5.043
4.233
4.535
2.906
2.731
2.973
5.339
4.917
5.435
4.328
4.586
4.485
2.884
2.547
2.774
1.836
2.208
1.721
0.474
0.135
0.580
-0.552
-0.041
-0.817
-1.744
-2.295
-1.952
-2.600
-1.281
-0.203
-1.370
-1.821
-2.016
-1.038
-3.120
-2.802
-3.812
-3.777
-2.992
-4.624
-4.461
-5.224
-3.723
-5.136
-4.342
-5.582
-6.222
-6.951
-6.790
-5.875
-5.129
-6.735
-5.397
1.834
1.896
1.859
0.383
0.313
0.170
-0.650
-0.819
-0.341
-2.013
-2.528
-1.877
-2.921
-2.543
-2.900
-4.417
-4.552
-4.732
-5.245
-4.969
-6.478
-6.986
-7.288
-6.881
-8.357
-7.378
-8.265
-7.544
-6.180
-5.241
-6.190
-6.150
-7.106
-6.062
-5.023
-5.339
-4.801
-3.697
-3.726
-3.655
-2.413
-2.530
-2.394
-1.150
-0.298
-0.883
-1.354
11.958
10.779
9.938
10.926
11.621
10.795
12.550
11.155
13.127
14.045
13.228
12.795
12.659
12.999
11.958
13.481
10.187
9.186
9.981
10.942
10.896
12.008
10.992
9.505
9.164
8.732
10.030
7.923
8.413
7.017
6.608
6.803
5.857
5.922
6.208
7.204
6.818
7.975
6.140
6.411
7.574
5.094
4.199
4.972
4.350
3.964
4.132
3.632
3.875
3.954
2.063
1.759
1.664
1.495
1.667
2.051
0.004
-0.358
0.003
-0.921
-1.838
-0.382
-0.957
-0.031
-2.092
-1.976
-3.421
-3.398
-3.577
-4.617
-4.475
-5.396
-5.079
-5.122
-4.315
-6.424
-6.415
-7.111
-6.703
-5.921
-7.633
-6.614
-7.284
-5.682
-6.774
-6.686
-5.948
-8.040
-8.021
-8.866
-8.131
5.204
6.232
4.522
4.935
5.808
4.851
3.680
3.798
3.548
2.386
1.599
2.365
2.167
2.191
2.942
0.793
0.680
0.619
-0.434
-0.099
-1.678
-2.417
-2.255
-1.606
-2.494
-3.667
-4.281
-3.490
-4.335
-4.518
-3.563
-5.586
-5.290
-6.343
-6.216
-5.413
-6.805
-7.228
-6.809
-7.970
-8.021
-8.358
-7.356
-9.232
-9.913
-9.826
-8.923
9.724
10.166
11.102
10.304
10.705
10.363
11.601
10.813
9.671
9.758
8.702
10.437
8.397
7.929
7.835
8.450
9.420
9.988
9.562
7.670
8.000
8.291
8.048
6.065
5.466
5.891
5.836
3.911
3.518
3.513
3.285
3.263
2.997
3.966
2.504
3.336
3.917
3.639
1.858
1.545
2.248
0.194
0.262
-0.607
1.839
1.208
2.344
0.968
1.587
0.768
-0.292
-0.869
-0.072
-1.149
-1.014
-2.213
-0.656
-0.659
0.376
-1.514
-0.905
-1.518
-2.879
-3.059
-3.995
-4.910
-4.058
-3.267
-3.956
-5.404
-5.443
-5.323
-6.659
-6.790
-6.615
-7.898
-8.840
-7.952
-7.998
-7.185
-7.911
-9.378
-10.027
-9.679
-9.336
-8.844
-8.672
-10.707
-10.696
-11.157
-11.344
-0.094
0.687
-0.042
-1.474
-2.224
-1.576
-1.735
-1.157
-1.255
-3.191
-3.508
-3.800
-3.454
-3.247
-2.734
-4.878
-5.485
-5.269
-5.124
-4.588
-5.830
-5.884
-6.565
-5.877
-7.323
-7.269
-8.174
-7.606
-6.380
-5.978
-5.414
-7.074
-7.206
-8.062
-6.313
-5.417
-6.029
-7.089
-7.409
-8.062
-6.295
-5.997
-5.447
-7.047
-7.627
-6.358
-7.792
8.286
7.336
7.053
7.888
7.621
7.288
8.325
6.772
8.461
9.051
7.521
8.923
9.689
10.267
9.639
10.191
5.980
5.258
5.526
4.754
4.674
4.580
6.056
3.570
2.368
2.207
2.372
1.195
1.264
1.143
0.601
0.597
0.104
1.027
-0.205
-0.180
-0.075
-0.962
-0.476
-1.399
-2.181
-1.523
-1.950
-0.523
-1.116
-0.707
-1.389
-2.319
-2.665
-2.037
-3.442
-3.064
-3.503
-4.789
-5.165
-4.614
-6.001
-5.731
-6.290
-7.278
-7.613
-6.931
-8.363
-8.371
-9.235
-9.949
-9.211
-10.226
-9.021
-8.194
-7.202
-8.433
-7.937
-8.656
-7.805
-6.598
-5.743
-6.629
-6.446
-7.052
-6.839
-4.982
-4.669
-4.921
-3.965
-4.322
-3.803
-2.596
-2.583
-1.845
-2.251
-2.547
-2.819
-3.452
-2.007
-1.443
-1.188
-2.974
-2.335
-3.555
-3.781
-2.970
-4.323
-4.650
-5.345
-4.035
-5.381
-4.645
-5.803
-6.407
-6.298
-7.624
-8.309
-7.971
-7.141
-8.162
-9.340
-9.268
-9.545
-10.481
-10.130
-10.809
-11.709
-12.297
-12.217
-11.591
-10.832
-11.132
-12.911
-13.289
-13.594
-12.710
-12.290
-12.056
-14.112
-14.151
-14.811
-14.703
9.690
8.661
8.327
9.068
9.124
8.264
9.011
9.859
10.178
10.798
10.652
9.286
10.822
10.365
11.653
11.073
7.311
7.494
6.826
5.640
5.271
6.235
6.626
4.289
4.016
4.663
4.244
2.611
2.358
1.582
1.611
2.274
0.567
0.397
0.955
2.499
2.670
3.359
1.204
1.067
2.045
-0.456
-0.697
-0.834
-0.834
-1.436
-0.837
-1.642
-1.132
-1.661
-3.093
-3.482
-3.726
-3.268
-3.011
-2.639
-4.711
-4.977
-5.376
-5.041
-4.813
-6.146
-4.462
-3.366
-5.062
-4.458
-6.530
-7.087
-7.191
-6.592
-6.227
-5.795
-7.973
-8.349
-8.538
-8.081
-7.093
-8.263
-9.226
-10.131
-9.037
-9.574
-8.594
-10.184
-10.240
-9.784
-10.018
-11.790
-12.035
-12.179
-12.361
-1.167
-0.879
-2.264
-0.796
-0.927
0.269
-1.758
-1.330
-1.565
-3.237
-3.417
-3.567
-4.133
-4.396
-3.578
-5.505
-6.132
-5.357
-6.196
-6.675
-6.449
-6.965
-6.110
-7.096
-5.411
-5.482
-4.823
-4.895
-6.549
-7.187
-7.249
-5.938
-6.599
-5.136
-5.439
-4.937
-4.652
-6.533
-6.105
-7.307
-7.394
-8.239
-8.002
-6.524
-5.884
-7.138
-5.829
11.420
9.995
9.688
9.941
11.788
11.639
11.157
12.845
12.402
13.403
12.170
12.378
11.511
11.174
10.793
12.478
8.882
9.252
7.919
8.388
8.713
8.755
8.833
6.792
5.916
5.101
6.365
5.413
6.262
4.514
5.035
6.170
3.922
4.024
2.946
4.641
3.794
5.406
4.076
4.832
5.902
4.119
3.135
3.777
3.996
5.023
3.333
3.480
3.590
4.182
2.000
1.440
1.542
1.699
2.042
2.369
0.237
-0.080
-0.477
0.309
0.611
1.212
-0.877
-1.044
-1.696
-2.426
-1.720
-2.755
-1.086
-1.342
-2.113
-1.175
-0.016
0.787
-0.069
0.459
-0.212
0.374
1.847
2.587
1.806
2.209
1.278
2.528
3.302
3.268
3.128
4.678
4.692
5.413
5.029
4.946
6.006
4.808
4.574
4.826
3.469
5.088
4.630
6.192
4.454
4.593
3.355
5.029
4.739
6.135
4.496
4.777
3.386
5.035
6.117
4.324
4.828
2.852
2.739
2.667
1.731
0.737
1.733
1.800
1.548
2.859
0.750
0.987
-0.224
0.717
0.068
1.701
0.321
-0.729
0.919
0.419
0.175
1.410
-0.480
-1.532
-0.451
-0.056
10.934
10.102
10.609
10.323
12.347
12.432
13.031
12.705
10.760
11.022
11.315
9.746
10.586
11.167
9.556
10.789
8.578
8.022
8.218
8.363
8.550
9.390
8.231
6.960
6.375
6.964
6.395
4.938
4.462
4.156
3.705
3.812
2.995
3.807
2.350
4.877
5.393
5.590
3.560
3.186
3.870
1.753
1.108
1.105
2.028
2.592
1.580
0.800
0.481
1.069
-0.373
0.153
-0.784
-1.463
-2.176
-1.096
-2.437
-1.747
-2.806
-3.648
-4.193
-3.298
-4.503
-4.031
-5.756
-6.302
-6.671
-6.214
-6.808
-7.974
-8.460
-8.511
-7.993
-7.500
-7.311
-9.339
-9.246
-9.776
-10.386
-11.340
-10.536
-10.011
-10.967
-9.336
-9.498
-9.763
-9.947
-7.999
-7.568
-7.708
-7.776
1.722
0.670
2.391
2.248
2.260
3.312
1.217
1.333
0.196
1.166
2.092
1.289
-0.102
-0.987
-0.291
-0.021
0.408
-1.095
0.391
1.485
-0.402
0.105
-1.888
-2.315
-2.357
-2.464
-2.036
-3.558
-2.258
-2.644
-1.170
-3.173
-2.849
-4.196
-2.830
-1.804
-2.779
-3.833
-3.876
-4.877
-3.438
-3.472
-2.403
-4.420
-4.930
-5.255
-3.984
5.174
4.977
3.955
5.464
6.576
6.797
6.766
7.350
4.970
5.124
3.990
5.700
4.203
4.449
4.298
3.173
5.440
6.515
4.919
6.373
6.761
7.484
5.304
5.445
5.063
5.981
4.514
4.230
3.823
3.104
2.020
1.987
0.754
0.682
0.923
5.067
5.610
5.924
4.357
3.868
3.828
3.215
2.657
4.102
-0.567
-0.704
-1.454
-0.814
-0.653
0.085
-2.038
-2.200
-2.991
-1.743
-0.790
-2.535
-1.559
-2.533
-0.681
-1.411
-0.494
-2.371
-1.262
-0.658
-1.764
-1.679
-2.666
-2.172
-3.533
-3.347
-2.542
-3.919
-4.285
-4.938
-3.533
-5.083
-4.373
-5.612
-6.158
-6.727
-6.870
-5.395
-4.522
-5.066
-6.225
-6.574
-5.546
-7.522
-7.656
-8.449
-7.488
2.080
1.467
1.394
2.605
3.094
3.389
1.381
0.568
1.609
0.917
1.695
0.022
0.608
-0.205
1.513
0.161
0.970
0.044
-1.181
-1.134
-2.415
-3.302
-2.732
-3.236
-1.898
-3.720
-3.335
-4.608
-4.027
-3.255
-3.934
-5.425
-5.715
-5.463
-6.461
-6.500
-6.120
-7.896
-8.351
-7.655
-8.670
-9.310
-7.971
-9.464
-8.962
-9.893
-10.390
10.643
9.237
9.350
8.999
11.675
12.619
11.750
11.462
10.904
10.058
11.266
11.672
10.681
11.662
9.904
10.412
7.978
7.119
8.217
6.991
6.824
7.666
7.755
5.549
4.434
4.373
3.556
4.248
5.269
3.268
3.549
4.381
2.526
2.743
2.655
4.083
5.040
4.086
2.977
1.872
1.558
0.890
1.374
0.855
1.077
0.876
0.850
0.045
0.275
0.284
-1.397
-1.708
-2.041
-1.839
-1.705
-1.111
-3.289
-3.393
-4.043
-3.566
-2.750
-4.501
-3.557
-2.523
-4.531
-4.451
-5.949
-5.874
-6.305
-7.014
-7.121
-6.983
-8.339
-8.460
-8.368
-9.519
-10.512
-9.318
-9.638
-10.575
-8.689
-9.936
-10.075
-9.074
-11.160
-10.863
-11.863
-11.967
-12.582
-11.385
-12.554
-0.478
-0.491
-0.809
-1.456
-2.493
-1.390
-1.165
-0.159
-1.315
-2.133
-1.828
-3.170
-2.169
-2.762
-1.130
-2.809
-2.022
-2.942
-4.107
-4.054
-5.283
-6.127
-5.548
-5.139
-5.119
-7.050
-7.558
-7.312
-7.731
-7.881
-6.880
-9.145
-9.361
-9.018
-10.194
-10.378
-9.724
-11.518
-11.986
-11.442
-12.368
-12.412
-13.324
-11.859
-10.800
-12.428
-11.945
10.373
11.357
12.353
11.449
10.217
9.811
11.098
9.535
8.965
9.112
8.500
8.358
10.784
9.896
11.038
11.614
10.958
11.899
10.736
9.010
9.568
9.078
9.875
7.580
6.954
7.347
7.141
5.396
4.936
4.806
3.506
2.941
2.918
3.341
3.062
5.056
5.687
5.445
3.597
2.804
3.024
1.529
1.731
1.555
1.392
1.084
0.944
0.846
1.020
1.382
-0.664
-0.891
-1.167
-1.197
-1.267
-0.504
-2.638
-2.681
-3.216
-3.216
-4.312
-2.818
-2.710
-1.697
-3.442
-2.985
-4.889
-5.529
-5.259
-5.109
-4.344
-4.897
-6.584
-7.205
-7.003
-6.602
-5.864
-6.222
-7.977
-8.516
-8.538
-8.155
-7.797
-7.614
-9.594
-10.024
-10.112
-9.830
-9.242
-9.596
-10.917
0.162
-0.025
0.214
-0.943
-0.572
-1.076
-2.296
-2.560
-2.238
-3.382
-4.228
-3.726
-2.911
-2.084
-2.436
-4.038
-4.380
-4.844
-3.626
-2.539
-4.381
-3.882
-5.776
-6.229
-5.812
-6.749
-7.743
-6.496
-6.908
-5.914
-7.417
-7.751
-8.789
-7.424
-7.935
-8.318
-6.881
-8.930
-9.947
-8.507
-8.981
-7.960
-9.190
-9.898
-9.983
-10.878
-9.561
10.412
9.737
9.040
10.479
11.491
11.938
12.281
11.043
11.162
10.474
11.769
11.746
9.416
9.782
8.685
8.743
8.941
8.694
7.910
10.414
11.198
11.305
9.577
9.459
8.289
8.269
8.452
6.936
6.899
7.091
6.434
5.820
6.564
6.249
7.656
5.662
5.888
5.624
4.389
3.659
4.042
2.230
1.753
2.288
5.720
6.073
5.995
4.243
3.964
4.121
3.371
3.442
3.838
1.885
1.737
1.356
1.138
1.465
1.528
-0.389
-0.719
-0.869
-0.893
-0.850
-1.132
-1.330
-1.335
-0.507
-1.121
-2.707
-2.851
-2.754
-3.727
-3.248
-3.714
-5.131
-5.826
-5.447
-5.297
-4.876
-4.854
-6.825
-7.249
-7.466
-6.970
-6.537
-6.433
-8.399
-8.660
-9.102
-8.569
1.530
1.709
1.717
-0.036
-0.259
-0.383
-0.813
-0.561
-0.597
-2.301
-2.814
-2.511
-2.982
-2.254
-3.113
-4.315
-4.674
-4.419
-5.350
-5.009
-6.630
-7.182
-7.430
-7.709
-6.780
-8.766
-8.570
-9.249
-9.562
-9.739
-10.569
-8.923
-8.537
-8.064
-9.875
-10.382
-9.253
-10.866
-11.728
-11.341
-10.128
-9.468
-9.589
-11.002
-11.605
-10.269
-11.776
7.221
6.925
5.932
6.901
7.085
7.461
7.662
6.073
8.628
8.838
8.629
9.390
6.307
5.325
6.501
6.293
7.882
8.922
7.553
6.688
6.845
6.512
7.852
5.456
4.218
3.591
4.328
3.316
3.913
2.517
1.923
1.920
0.898
0.115
1.411
2.383
3.041
1.925
1.405
0.561
0.694
-0.577
-0.390
-0.488
0.253
0.904
-0.369
-0.704
-0.115
-0.913
-1.968
-1.649
-2.371
-3.022
-3.487
-2.557
-4.115
-3.969
-4.016
-5.575
-6.175
-5.833
-5.925
-5.645
-6.636
-6.868
-7.246
-6.645
-7.324
-8.730
-8.832
-9.034
-9.606
-9.677
-9.202
-11.082
-11.157
-11.550
-11.822
-11.724
-11.383
-13.329
-13.475
-13.870
-13.915
-13.877
-13.456
-15.424
-15.923
-15.787
-15.495
-1.950
-1.796
-2.057
-3.096
-3.272
-2.835
-4.397
-4.173
-4.757
-5.437
-5.179
-5.410
-6.854
-7.045
-6.810
-7.959
-8.883
-8.262
-7.580
-6.678
-8.127
-7.684
-9.354
-9.491
-9.192
-10.694
-10.916
-11.346
-10.663
-10.258
-9.973
-12.026
-11.824
-12.223
-13.295
-13.330
-14.185
-13.329
-12.406
-13.296
-14.559
-15.410
-14.441
-14.726
-13.826
-14.951
-15.595
5.706
4.705
3.960
4.165
6.546
6.005
7.060
7.209
4.993
4.536
4.203
5.772
6.636
7.179
7.324
6.108
5.127
4.209
5.502
6.352
7.782
5.829
6.053
5.582
4.935
5.084
5.508
3.354
3.222
2.734
1.789
1.539
1.188
0.991
1.907
2.703
2.969
3.094
1.227
0.628
1.226
-0.872
-1.181
-1.154
-0.086
0.200
-0.897
-0.501
-0.643
0.308
-1.793
-2.132
-1.652
-3.018
-3.871
-2.761
-3.595
-2.668
-4.084
-4.451
-3.976
-4.549
-5.772
-6.041
-6.545
-7.479
-6.375
-5.371
-7.099
-6.593
-7.666
-6.106
-6.191
-5.110
-6.592
-6.362
-7.083
-6.744
-5.061
-4.358
-4.709
-5.419
-6.163
-5.744
-4.184
-3.393
-3.743
-4.573
-4.772
-3.757
-5.530
-1.539
-1.098
-1.162
-3.080
-3.249
-3.530
-3.920
-3.595
-4.821
-4.381
-4.875
-5.054
-3.213
-2.807
-2.427
-3.725
-4.043
-4.598
-2.658
-1.702
-2.711
-1.758
-3.873
-4.842
-3.744
-3.942
-2.885
-4.276
-4.737
-4.485
-4.589
-6.258
-6.529
-6.520
-7.066
-6.785
-6.780
-8.546
-8.769
-8.820
-9.460
-9.501
-9.058
-10.881
-11.559
-10.860
-11.374
11.241
10.089
9.274
10.372
11.581
11.856
12.329
10.671
10.775
11.505
10.749
9.912
12.430
13.215
12.315
12.843
9.358
9.101
10.115
7.846
8.848
7.692
8.194
6.443
5.626
5.435
6.011
4.171
4.281
3.665
3.706
4.487
2.637
2.962
2.288
3.237
3.016
3.766
1.939
1.543
2.165
0.322
-0.203
-0.314
1.415
0.922
1.720
0.469
1.083
0.114
-0.800
-1.290
-0.369
-1.763
-1.233
-2.171
-2.886
-3.268
-2.408
-3.961
-4.764
-3.599
-4.528
-3.829
-5.826
-6.231
-7.010
-6.765
-7.246
-8.286
-9.160
-8.545
-8.120
-7.316
-7.978
-9.363
-9.514
-9.140
-10.614
-10.400
-10.673
-11.859
-11.649
-12.776
-12.161
-11.784
-11.572
-13.674
-13.809
-14.102
-14.338
0.630
1.182
1.277
-0.656
-0.370
-0.928
-1.772
-2.221
-1.612
-2.968
-3.024
-2.605
-4.318
-4.204
-4.570
-5.455
-6.304
-5.092
-5.857
-5.168
-6.779
-6.933
-7.688
-7.797
-7.196
-9.149
-9.561
-9.603
-9.258
-8.754
-8.809
-10.789
-11.373
-11.145
-11.187
-12.274
-11.047
-10.475
-10.531
-9.382
-11.113
-10.444
-11.359
-12.429
-13.230
-12.422
-12.851
11.403
10.801
11.044
11.263
11.109
11.662
10.091
11.438
12.912
13.400
13.329
13.249
10.899
11.478
11.083
9.842
9.280
9.241
8.676
8.575
9.648
8.377
8.760
7.210
6.099
5.904
6.126
4.761
3.981
4.710
4.769
4.624
4.892
5.848
5.039
4.661
5.401
4.966
3.385
2.383
2.601
1.033
1.392
0.706
3.837
3.673
4.314
2.508
1.940
1.893
2.576
1.657
3.515
2.463
3.209
1.454
2.717
2.128
3.762
2.537
3.132
1.474
2.975
3.956
2.387
3.028
0.951
0.436
0.435
0.949
1.741
-0.057
1.325
0.690
2.317
1.513
2.131
2.159
0.267
-0.414
-0.339
0.538
1.087
1.286
-0.684
-1.007
-1.475
-0.464
0.285
-1.418
-0.090
0.016
0.521
-0.456
-1.226
-1.508
-0.926
-2.330
-2.521
-3.248
-2.021
-1.089
-1.817
-3.051
-4.065
-3.232
-2.474
-2.602
-1.415
-3.306
-4.372
-2.859
-3.589
-1.441
-1.025
-1.502
-0.544
-1.025
-0.491
0.803
0.680
1.226
1.883
1.557
2.923
2.011
1.074
2.198
3.182
4.072
3.282
3.087
3.102
4.052
1.867
1.710
0.918
1.965
-28.716
-28.442
-28.524
-27.476
-29.870
-30.032
-30.696
-29.895
-28.786
-28.998
-27.893
-29.434
-27.553
-26.732
-27.362
-27.635
-29.362
-30.414
-29.396
-27.578
-26.886
-27.654
-29.040
-26.833
-25.466
-25.109
-25.623
-24.331
-24.040
-23.171
-22.510
-22.697
-21.406
-21.889
-20.915
-24.776
-25.134
-25.618
-23.615
-23.349
-23.943
-22.190
-22.088
-22.440
-20.454
-20.991
-19.961
-19.500
-18.528
-19.822
-19.312
-20.228
-18.965
-18.191
-17.179
-18.455
-18.248
-19.230
-17.849
-17.293
-17.680
-16.312
-17.223
-18.119
-16.031
-16.157
-14.608
-14.215
-14.549
-13.717
-14.194
-13.750
-12.342
-12.006
-12.230
-11.326
-11.614
-11.421
-9.883
-9.292
-9.420
-9.717
-8.652
-9.887
-10.604
-11.697
-10.326
-10.395
-9.300
-10.796
-10.749
-20.920
-20.939
-20.078
-20.488
-20.329
-21.300
-19.082
-19.068
-18.316
-18.793
-19.624
-18.894
-17.424
-17.315
-17.357
-16.341
-16.361
-16.532
-14.978
-14.933
-13.859
-13.015
-13.749
-14.396
-12.717
-14.325
-15.419
-13.947
-13.948
-14.126
-12.882
-14.861
-14.742
-15.930
-14.425
-14.877
-13.326
-15.006
-16.116
-14.764
-14.492
-13.450
-14.296
-15.296
-14.830
-16.302
-15.444
-33.318
-33.489
-34.512
-33.066
-34.289
-34.193
-34.022
-35.317
-31.911
-31.514
-31.841
-31.221
-33.689
-34.539
-33.881
-32.846
-32.829
-33.258
-32.936
-30.839
-31.273
-31.113
-31.447
-29.313
-28.371
-28.659
-28.301
-26.916
-26.279
-26.517
-26.126
-25.982
-25.865
-26.062
-26.688
-26.916
-27.722
-27.195
-25.620
-25.420
-26.246
-23.964
-23.859
-23.360
-24.461
-24.450
-24.160
-23.369
-23.738
-22.476
-22.690
-22.225
-23.385
-21.699
-22.231
-21.075
-20.809
-21.450
-20.090
-20.024
-19.529
-20.692
-18.883
-18.224
-18.438
-17.577
-19.075
-19.860
-19.616
-18.022
-17.488
-18.499
-17.160
-17.836
-16.366
-16.631
-16.240
-17.439
-15.385
-15.266
-15.534
-14.108
-14.148
-14.136
-12.747
-11.959
-12.766
-12.564
-11.702
-13.385
-12.313
-23.585
-24.185
-23.892
-22.179
-21.967
-22.066
-21.337
-21.455
-21.774
-19.754
-19.373
-19.274
-19.560
-19.845
-20.273
-18.099
-17.635
-17.513
-17.983
-18.149
-17.773
-17.667
-17.869
-18.039
-18.721
-16.605
-15.714
-16.545
-16.472
-16.479
-17.479
-15.363
-15.383
-15.496
-13.995
-13.758
-13.180
-13.713
-12.652
-14.340
-13.925
-14.091
-14.794
-12.695
-12.264
-11.920
-12.836
-33.289
-32.792
-32.067
-33.483
-32.121
-32.495
-31.779
-31.251
-34.435
-35.134
-34.168
-35.067
-33.745
-32.858
-34.087
-34.411
-32.319
-31.992
-31.440
-33.126
-31.924
-34.351
-33.360
-32.807
-31.822
-31.417
-32.292
-30.600
-30.970
-29.865
-29.180
-29.097
-28.299
-28.874
-28.092
-29.769
-30.429
-28.994
-29.323
-28.025
-27.255
-27.574
-27.409
-28.486
-26.961
-26.465
-27.141
-25.973
-26.454
-26.069
-24.490
-24.228
-24.438
-23.532
-23.841
-23.617
-22.149
-21.877
-22.125
-21.050
-21.269
-20.937
-19.713
-18.992
-19.397
-18.409
-20.317
-21.397
-20.210
-19.947
-20.043
-20.638
-18.599
-18.291
-17.819
-18.580
-18.766
-19.314
-17.154
-17.107
-16.505
-16.838
-16.406
-17.778
-15.848
-16.192
-14.921
-15.407
-15.022
-16.166
-14.551
-26.432
-26.784
-26.223
-25.111
-24.974
-25.207
-23.962
-24.131
-24.055
-22.535
-22.389
-22.351
-21.331
-21.248
-20.414
-21.520
-22.299
-21.832
-20.136
-19.886
-19.262
-18.280
-19.534
-20.613
-19.000
-19.186
-19.777
-19.364
-17.676
-17.511
-17.384
-16.636
-16.727
-16.897
-15.227
-14.501
-15.174
-14.865
-14.691
-15.717
-13.618
-13.940
-12.668
-13.336
-12.410
-13.177
-14.061
-30.898
-31.359
-30.613
-32.180
-31.874
-31.285
-32.664
-32.310
-30.494
-31.195
-30.351
-29.597
-29.632
-29.825
-29.247
-28.866
-31.503
-31.860
-30.513
-32.371
-32.819
-33.141
-32.444
-30.822
-30.154
-30.688
-30.095
-28.663
-28.208
-28.019
-27.797
-27.971
-27.352
-26.986
-28.318
-28.419
-28.648
-29.216
-27.127
-26.236
-26.487
-24.830
-24.281
-24.842
-26.280
-26.472
-26.428
-24.798
-24.780
-24.250
-24.270
-24.335
-24.980
-22.821
-22.202
-22.663
-22.526
-23.080
-21.466
-22.708
-21.884
-22.483
-24.105
-24.360
-24.967
-25.914
-24.701
-25.424
-23.656
-24.791
-24.037
-25.818
-24.524
-24.982
-25.057
-23.064
-22.447
-22.582
-22.780
-23.513
-22.924
-21.358
-20.536
-21.221
-21.065
-21.747
-21.320
-19.622
-18.984
-19.403
-19.212
-23.974
-24.072
-24.429
-22.475
-22.006
-22.354
-21.612
-22.087
-21.394
-20.110
-19.536
-20.218
-19.234
-19.640
-19.424
-17.722
-17.485
-17.140
-17.329
-17.563
-16.816
-16.469
-16.396
-16.285
-17.227
-15.099
-14.820
-15.313
-13.881
-13.735
-13.903
-12.574
-12.361
-12.667
-11.426
-11.394
-11.672
-10.165
-9.986
-10.274
-9.014
-9.296
-9.036
-7.595
-7.084
-7.559
-6.893
-38.522
-38.109
-38.082
-38.899
-38.552
-39.163
-37.573
-38.770
-39.905
-40.167
-39.850
-40.640
-37.461
-37.596
-37.446
-36.495
-36.753
-36.921
-36.599
-35.153
-35.252
-35.916
-35.620
-33.667
-32.871
-33.101
-33.264
-31.353
-30.738
-31.223
-29.958
-29.148
-29.641
-29.722
-30.402
-30.948
-31.506
-31.357
-29.520
-28.908
-29.430
-27.415
-27.086
-27.177
-28.293
-27.964
-27.511
-28.272
-28.970
-27.249
-28.309
-27.633
-29.335
-27.943
-28.678
-26.968
-28.033
-27.814
-29.086
-26.911
-27.064
-25.952
-27.109
-28.137
-26.338
-26.586
-24.970
-24.625
-24.991
-23.843
-24.151
-23.876
-22.433
-22.206
-22.171
-21.427
-21.379
-21.842
-20.054
-20.249
-19.807
-18.961
-17.937
-19.131
-18.890
-19.910
-18.532
-17.879
-18.342
-17.649
-16.910
-26.601
-26.825
-26.899
-25.103
-24.564
-24.985
-24.463
-24.642
-24.724
-22.967
-22.635
-22.690
-22.174
-22.398
-22.317
-20.612
-20.358
-20.002
-19.955
-20.258
-19.332
-18.800
-18.789
-19.459
-18.644
-17.370
-17.400
-17.286
-16.246
-16.307
-16.352
-14.884
-14.760
-14.781
-13.768
-13.737
-13.947
-12.375
-12.286
-11.832
-11.492
-11.919
-11.507
-10.063
-10.067
-9.698
-9.423
-28.345
-27.611
-27.218
-28.334
-27.459
-26.627
-27.149
-27.974
-28.966
-29.758
-28.253
-29.317
-29.348
-28.766
-29.954
-30.022
-26.460
-26.112
-25.519
-26.292
-26.454
-27.006
-26.923
-24.766
-23.780
-22.974
-24.135
-23.039
-23.698
-22.676
-23.118
-23.998
-22.233
-22.771
-21.177
-21.757
-21.386
-22.142
-20.820
-19.782
-19.585
-18.907
-19.572
-18.198
-22.314
-23.352
-21.972
-21.358
-21.358
-21.715
-19.864
-19.831
-19.356
-19.157
-19.175
-19.563
-17.712
-17.610
-17.327
-16.885
-17.246
-15.817
-17.071
-18.120
-16.170
-16.454
-14.783
-14.561
-13.970
-14.576
-15.378
-13.717
-14.373
-13.350
-15.132
-14.649
-14.570
-15.690
-13.534
-13.321
-12.576
-13.924
-14.532
-14.533
-12.762
-11.916
-12.518
-13.141
-12.203
-13.725
-13.688
-18.205
-17.734
-18.873
-17.078
-17.517
-16.447
-16.227
-15.984
-16.849
-14.935
-14.163
-14.519
-15.104
-15.909
-15.628
-13.891
-13.148
-14.198
-13.285
-13.898
-12.163
-11.905
-11.298
-11.212
-11.832
-9.941
-9.961
-9.321
-9.114
-9.571
-9.162
-7.639
-6.955
-7.845
-6.878
-6.920
-7.589
-5.542
-5.524
-5.113
-4.585
-4.837
-4.896
-3.089
-2.862
-2.422
-2.773
-33.558
-32.148
-32.160
-31.532
-34.500
-34.128
-34.714
-35.391
-33.431
-32.641
-33.222
-34.323
-34.048
-34.029
-35.055
-33.379
-31.457
-30.434
-31.907
-32.184
-32.439
-33.398
-31.462
-31.103
-30.152
-29.819
-30.463
-28.834
-29.123
-28.359
-27.630
-27.541
-27.080
-27.272
-27.644
-27.830
-28.410
-26.966
-27.495
-26.434
-25.824
-25.917
-26.621
-24.896
-25.540
-24.952
-25.183
-25.194
-25.823
-25.514
-23.712
-23.082
-23.505
-23.452
-24.274
-23.517
-22.212
-21.300
-22.295
-22.056
-22.887
-22.172
-20.758
-20.658
-19.801
-18.839
-19.899
-20.527
-20.408
-18.440
-18.542
-17.682
-17.823
-17.805
-18.452
-16.396
-16.472
-15.864
-15.526
-15.496
-15.945
-14.041
-14.056
-13.543
-13.216
-13.227
-13.916
-11.820
-11.654
-11.428
-11.149
-25.760
-26.712
-25.242
-24.924
-24.086
-25.430
-24.603
-24.149
-25.569
-23.820
-24.470
-23.540
-22.536
-21.899
-22.711
-21.842
-22.647
-21.004
-21.264
-21.919
-20.086
-19.826
-19.249
-19.785
-19.099
-17.910
-18.124
-17.658
-16.843
-17.227
-16.541
-15.620
-15.413
-15.816
-14.343
-14.088
-14.469
-13.117
-13.597
-12.293
-12.575
-12.229
-13.326
-11.469
-10.755
-10.922
-11.848
-32.908
-32.356
-32.817
-32.539
-34.344
-34.950
-34.480
-34.767
-32.897
-33.090
-31.978
-33.606
-32.182
-32.394
-32.520
-31.151
-30.896
-30.435
-30.580
-30.657
-30.260
-31.909
-30.696
-29.547
-28.283
-27.728
-28.333
-27.359
-27.868
-27.224
-26.759
-26.683
-26.208
-26.159
-26.908
-25.962
-25.367
-25.943
-25.261
-25.685
-26.524
-25.055
-24.902
-25.662
-24.811
-24.620
-24.904
-23.766
-24.154
-23.758
-22.457
-22.070
-22.619
-21.553
-21.774
-21.848
-20.031
-19.588
-19.612
-19.560
-19.868
-20.033
-18.034
-17.588
-17.193
-16.128
-17.648
-18.670
-16.987
-17.725
-18.421
-17.980
-16.321
-15.643
-15.939
-16.234
-16.827
-16.770
-14.843
-14.243
-14.939
-14.214
-14.958
-13.799
-13.055
-12.257
-13.376
-12.436
-11.640
-13.337
-12.023
-23.625
-23.675
-23.463
-22.472
-22.486
-22.358
-21.190
-21.137
-21.159
-20.043
-20.087
-20.253
-18.638
-18.865
-18.228
-17.504
-17.244
-16.608
-17.814
-18.339
-17.209
-17.479
-16.420
-16.778
-16.567
-15.027
-14.846
-14.930
-13.821
-13.920
-13.835
-12.427
-12.380
-11.732
-11.877
-12.144
-12.200
-10.312
-9.984
-9.988
-9.785
-10.315
-9.803
-8.248
-7.993
-7.937
-7.752
-36.309
-35.386
-35.297
-35.802
-35.643
-34.751
-35.338
-36.436
-36.529
-35.609
-37.272
-36.829
-37.687
-37.632
-38.255
-38.099
-33.952
-33.505
-33.541
-33.101
-32.925
-33.737
-33.921
-31.752
-30.658
-30.505
-30.668
-29.349
-29.397
-28.061
-27.098
-27.117
-25.882
-25.863
-26.066
-29.306
-29.074
-30.316
-28.282
-28.696
-29.879
-27.462
-26.510
-27.303
-24.518
-24.634
-24.400
-23.339
-23.210
-23.669
-21.956
-21.935
-21.618
-20.805
-19.808
-20.727
-20.953
-21.939
-20.856
-19.928
-19.803
-18.910
-20.260
-21.305
-19.304
-19.640
-17.799
-17.562
-17.427
-16.949
-16.768
-17.533
-15.637
-15.708
-15.028
-14.692
-15.156
-13.686
-14.590
-15.559
-14.040
-13.792
-12.813
-14.303
-13.767
-13.248
-14.772
-13.066
-13.743
-12.204
-12.560
-27.785
-28.679
-26.913
-27.957
-27.250
-28.992
-27.778
-28.325
-28.302
-26.287
-25.928
-25.704
-26.275
-27.002
-26.592
-24.868
-24.189
-25.029
-24.381
-23.765
-24.518
-24.132
-25.105
-25.884
-25.644
-24.084
-23.533
-24.617
-23.246
-23.777
-23.154
-21.844
-21.910
-21.419
-20.925
-20.122
-21.520
-20.273
-21.056
-19.909
-19.148
-19.475
-18.705
-18.078
-17.654
-18.508
-17.306
-37.319
-36.342
-36.179
-36.806
-37.717
-38.434
-38.155
-36.920
-38.519
-38.948
-39.225
-38.201
-36.643
-36.612
-35.627
-37.254
-34.919
-34.266
-34.383
-34.099
-34.588
-33.810
-34.966
-32.709
-32.704
-31.872
-33.579
-32.644
-33.433
-31.416
-31.362
-32.246
-29.961
-29.727
-29.361
-32.804
-33.727
-32.807
-31.727
-30.617
-30.435
-29.390
-29.627
-29.255
-29.840
-29.948
-30.589
-28.530
-28.415
-27.789
-28.022
-27.747
-28.828
-26.748
-26.854
-25.930
-26.294
-26.221
-27.050
-24.862
-24.643
-24.117
-24.719
-25.473
-24.003
-24.223
-23.072
-22.176
-22.635
-23.641
-23.983
-22.863
-24.833
-24.447
-25.765
-24.950
-23.981
-25.620
-25.448
-26.318
-24.747
-25.904
-26.769
-26.074
-24.854
-24.690
-25.232
-23.588
-22.797
-23.794
-23.132
-28.071
-28.120
-27.988
-26.821
-26.947
-25.906
-26.459
-27.294
-25.534
-26.270
-26.277
-27.121
-24.915
-24.955
-24.104
-24.369
-24.492
-23.289
-25.082
-25.939
-24.719
-25.454
-23.457
-22.538
-23.168
-23.635
-24.498
-23.884
-22.379
-22.147
-21.451
-22.714
-22.730
-23.666
-21.619
-21.793
-20.672
-21.634
-22.640
-21.380
-20.643
-19.668
-20.955
-20.445
-20.121
-19.652
-21.384
-36.081
-34.965
-34.253
-34.290
-35.569
-34.731
-36.234
-35.163
-37.250
-37.037
-38.130
-37.408
-36.696
-37.580
-36.962
-35.965
-35.263
-34.388
-35.727
-35.730
-36.612
-35.728
-36.165
-34.265
-33.997
-33.350
-34.944
-33.220
-33.880
-32.080
-31.506
-31.689
-30.593
-31.210
-30.001
-32.892
-33.803
-32.359
-32.041
-30.719
-30.151
-30.049
-30.174
-30.569
-29.612
-30.169
-29.076
-28.520
-29.076
-27.972
-27.456
-27.141
-27.863
-26.296
-26.330
-26.036
-24.951
-24.824
-25.138
-23.836
-24.273
-23.454
-22.722
-23.010
-21.489
-20.686
-20.908
-21.605
-20.678
-19.710
-20.086
-19.378
-18.522
-18.118
-18.625
-17.313
-17.319
-17.283
-15.959
-15.739
-15.887
-14.927
-15.062
-14.927
-13.412
-13.322
-12.894
-12.933
-12.762
-13.731
-12.027
-28.590
-28.153
-28.493
-27.850
-28.222
-28.016
-26.359
-26.046
-26.327
-25.465
-25.906
-25.556
-24.024
-23.511
-23.925
-23.278
-23.845
-22.306
-23.006
-23.941
-21.827
-21.639
-20.461
-20.415
-20.293
-19.311
-19.234
-19.634
-17.929
-17.559
-17.961
-16.912
-17.283
-16.720
-15.429
-15.340
-15.229
-14.335
-14.343
-14.452
-12.915
-12.277
-12.863
-12.508
-11.424
-13.080
-12.688
-31.800
-32.371
-32.925
-31.519
-32.933
-32.599
-33.783
-33.430
-31.120
-31.837
-30.782
-30.234
-30.790
-30.387
-29.933
-31.167
-33.329
-33.909
-34.114
-31.641
-30.622
-32.396
-32.646
-30.997
-30.413
-29.675
-31.155
-29.712
-30.300
-28.356
-28.177
-28.994
-26.785
-27.052
-26.165
-29.363
-28.959
-30.300
-28.505
-27.312
-26.795
-26.447
-26.990
-26.308
-25.976
-25.932
-26.454
-24.569
-24.192
-24.544
-23.625
-23.941
-23.685
-22.146
-21.690
-22.190
-21.231
-21.659
-20.994
-19.807
-19.042
-19.446
-19.786
-20.684
-18.743
-18.799
-17.379
-17.448
-17.196
-16.294
-16.185
-16.559
-14.918
-14.953
-14.718
-13.739
-12.787
-13.615
-13.818
-14.475
-12.832
-14.460
-14.176
-15.558
-14.204
-14.986
-14.355
-12.821
-12.874
-11.980
-12.673
-25.028
-25.017
-24.332
-24.203
-24.013
-24.834
-22.851
-22.908
-22.211
-22.097
-22.764
-21.931
-20.730
-20.155
-20.891
-20.044
-20.427
-20.295
-18.529
-18.129
-17.649
-16.622
-17.928
-18.582
-18.558
-16.857
-17.346
-16.035
-15.922
-16.433
-15.501
-14.626
-13.957
-15.018
-13.723
-13.290
-14.324
-12.477
-11.813
-11.871
-12.809
-13.492
-13.430
-11.629
-11.188
-11.821
-10.835
-31.237
-30.667
-30.301
-31.419
-32.529
-33.339
-32.833
-32.540
-30.272
-29.317
-30.125
-30.635
-31.462
-31.830
-30.554
-32.017
-29.504
-28.937
-28.901
-30.619
-29.941
-32.062
-29.988
-30.463
-29.535
-29.872
-29.522
-28.164
-27.631
-27.559
-27.178
-27.398
-26.159
-25.858
-26.803
-28.185
-28.529
-28.826
-26.895
-26.110
-26.406
-24.847
-25.105
-24.155
-24.870
-24.455
-25.216
-23.954
-24.452
-23.803
-22.603
-22.066
-22.841
-21.818
-20.955
-22.508
-21.493
-22.292
-20.861
-20.591
-19.775
-21.227
-20.107
-20.722
-19.023
-18.848
-18.040
-17.647
-18.497
-16.877
-17.346
-16.281
-15.871
-15.429
-16.320
-14.518
-14.732
-14.097
-13.731
-12.639
-13.931
-14.245
-15.251
-14.350
-13.369
-12.357
-13.278
-14.043
-14.992
-14.321
-13.494
-24.366
-25.042
-24.527
-22.855
-22.662
-22.087
-22.736
-23.004
-23.325
-21.294
-20.775
-20.892
-21.035
-21.671
-21.344
-19.555
-18.945
-19.482
-19.095
-19.913
-17.785
-17.615
-16.607
-16.928
-16.335
-15.483
-14.724
-15.080
-15.840
-16.689
-14.893
-16.342
-15.603
-16.385
-17.762
-17.769
-18.421
-18.345
-18.402
-19.343
-17.560
-17.646
-16.483
-18.063
-17.668
-17.832
-19.173
-33.277
-32.097
-32.174
-32.036
-33.211
-33.264
-34.060
-32.371
-33.338
-33.670
-32.356
-34.132
-34.554
-35.396
-34.666
-34.587
-30.704
-29.881
-30.754
-29.723
-29.892
-30.415
-30.238
-28.241
-27.685
-28.396
-26.790
-27.183
-27.985
-26.611
-27.403
-28.604
-26.630
-27.229
-26.673
-26.142
-25.432
-26.710
-25.446
-24.581
-24.252
-23.876
-23.410
-24.626
-25.158
-24.651
-25.068
-24.199
-23.868
-23.237
-24.782
-25.139
-25.623
-23.762
-23.280
-23.126
-24.348
-24.812
-25.201
-23.171
-22.449
-23.509
-22.647
-23.336
-21.341
-21.030
-20.142
-19.784
-20.500
-18.889
-18.345
-19.259
-18.028
-18.501
-18.087
-16.607
-16.192
-16.539
-15.656
-15.782
-15.901
-14.204
-13.911
-14.000
-13.362
-12.295
-13.850
-13.333
-14.298
-12.822
-12.665
-22.833
-23.169
-22.500
-21.541
-21.901
-20.936
-20.730
-21.365
-19.772
-20.292
-19.695
-21.188
-19.468
-20.300
-18.706
-18.626
-18.321
-19.096
-17.405
-17.500
-16.177
-15.310
-15.818
-16.551
-15.066
-15.222
-15.851
-15.263
-13.748
-13.777
-13.195
-13.066
-13.763
-12.132
-12.679
-13.566
-11.958
-12.144
-12.914
-11.222
-11.811
-10.928
-12.678
-11.522
-12.176
-10.488
-11.429
-26.418
-25.464
-25.733
-24.434
-25.871
-26.550
-24.956
-25.840
-26.649
-27.504
-26.687
-25.773
-27.726
-27.561
-28.366
-28.262
-25.277
-24.418
-26.153
-25.720
-25.607
-27.040
-24.935
-24.828
-23.400
-22.844
-23.086
-22.758
-23.282
-22.785
-23.186
-23.424
-23.263
-24.323
-22.528
-21.281
-20.861
-20.717
-20.985
-20.976
-21.182
-20.615
-21.582
-19.985
-22.913
-23.541
-23.197
-21.365
-20.979
-20.907
-21.077
-21.590
-21.518
-19.543
-19.414
-19.287
-18.582
-18.440
-19.034
-17.165
-17.392
-16.622
-16.342
-16.790
-15.102
-14.646
-14.381
-15.010
-13.786
-13.550
-12.842
-14.259
-12.843
-13.646
-12.300
-12.047
-11.554
-12.760
-10.834
-11.014
-10.177
-9.965
-10.689
-9.554
-8.909
-9.358
-8.616
-7.600
-7.079
-7.812
-6.909
-19.849
-20.336
-18.793
-19.926
-20.983
-19.449
-19.444
-18.363
-19.960
-19.685
-20.771
-19.480
-18.965
-17.893
-19.310
-19.030
-18.447
-18.495
-20.450
-21.115
-20.903
-21.946
-20.213
-19.107
-20.562
-20.659
-20.280
-21.732
-20.451
-20.667
-21.224
-18.991
-19.033
-18.371
-18.737
-19.572
-18.611
-17.384
-17.363
-17.286
-16.251
-16.435
-16.248
-14.908
-14.055
-14.956
-14.742
-33.169
-31.970
-32.301
-31.851
-34.449
-34.319
-35.258
-34.731
-33.501
-32.843
-33.552
-34.448
-32.938
-32.619
-33.861
-32.098
-30.685
-29.864
-30.756
-29.689
-29.172
-30.760
-30.271
-28.471
-27.545
-27.132
-28.071
-26.389
-26.777
-25.638
-24.968
-24.936
-24.261
-24.422
-24.688
-25.468
-26.063
-24.991
-24.280
-24.340
-25.356
-23.070
-23.305
-22.278
-22.772
-22.315
-22.275
-22.565
-23.255
-22.822
-21.162
-20.462
-21.114
-20.733
-21.289
-20.909
-19.172
-18.697
-18.563
-19.047
-19.136
-19.906
-17.716
-17.605
-16.594
-15.640
-16.449
-17.531
-15.836
-15.890
-14.800
-16.244
-16.412
-16.480
-17.425
-15.485
-15.441
-14.409
-15.995
-16.052
-17.072
-15.356
-15.726
-15.563
-13.821
-13.406
-13.440
-13.231
-13.248
-12.158
-13.592
-22.589
-21.648
-23.392
-22.151
-23.041
-21.268
-21.744
-22.672
-21.267
-20.938
-21.581
-20.211
-20.166
-19.581
-20.925
-19.314
-19.837
-19.353
-17.895
-17.214
-17.296
-16.299
-17.929
-19.028
-17.703
-17.559
-18.031
-16.483
-18.083
-19.189
-17.578
-17.717
-18.160
-16.649
-18.380
-19.389
-17.867
-18.617
-19.243
-19.171
-17.380
-17.655
-16.695
-16.573
-15.778
-16.071
-17.019
-33.769
-32.475
-32.501
-32.619
-34.932
-34.781
-35.070
-35.806
-33.979
-33.938
-34.956
-33.216
-33.850
-33.041
-33.748
-34.693
-31.090
-31.018
-30.250
-30.599
-31.520
-30.755
-31.010
-29.108
-28.722
-29.490
-28.298
-27.712
-27.634
-26.432
-25.842
-26.277
-24.719
-25.174
-24.107
-28.131
-28.294
-29.122
-27.207
-27.587
-28.699
-26.463
-25.902
-26.840
-23.806
-24.478
-23.291
-22.806
-23.296
-22.459
-21.628
-21.959
-21.001
-20.673
-20.272
-21.261
-19.444
-19.080
-19.862
-18.348
-18.817
-18.062
-17.034
-17.195
-15.814
-15.024
-15.424
-16.364
-14.788
-14.749
-15.354
-14.696
-13.358
-12.780
-13.410
-12.422
-12.267
-11.446
-13.018
-12.320
-13.901
-13.440
-14.195
-12.525
-14.004
-13.190
-14.846
-14.547
-13.657
-14.868
-15.350
-25.498
-24.516
-25.109
-26.243
-27.183
-26.646
-25.537
-25.219
-26.170
-24.461
-23.574
-24.647
-24.007
-24.809
-23.942
-22.691
-22.013
-22.359
-22.523
-23.247
-21.807
-22.061
-21.014
-21.164
-21.239
-19.530
-19.315
-19.548
-18.554
-18.663
-18.776
-17.085
-17.053
-16.784
-16.019
-15.995
-15.022
-16.134
-17.071
-16.344
-14.961
-14.104
-14.669
-15.247
-15.997
-15.617
-14.274
-32.875
-32.025
-32.553
-32.006
-34.225
-34.075
-34.821
-34.709
-33.122
-33.968
-32.307
-33.223
-32.266
-31.399
-31.953
-32.986
-30.616
-30.060
-30.067
-30.646
-30.744
-31.582
-30.719
-29.145
-28.089
-28.356
-28.236
-26.683
-26.038
-26.345
-25.968
-25.791
-25.537
-26.249
-25.640
-26.584
-27.313
-26.815
-25.289
-25.008
-25.776
-23.535
-23.305
-22.920
-24.079
-23.959
-23.846
-23.008
-21.989
-23.072
-22.884
-23.645
-22.929
-21.514
-20.690
-21.388
-21.311
-21.960
-21.715
-19.834
-19.417
-19.401
-19.610
-19.807
-19.228
-19.083
-19.098
-19.256
-19.898
-17.773
-17.589
-16.913
-17.721
-16.703
-18.029
-18.627
-19.669
-18.367
-18.763
-19.271
-19.546
-17.544
-17.484
-16.652
-17.787
-17.761
-18.830
-16.885
-16.967
-15.810
-17.147
-23.400
-22.347
-24.154
-23.685
-23.902
-24.658
-22.511
-22.276
-21.634
-22.777
-21.933
-23.687
-23.034
-23.920
-22.107
-23.273
-24.379
-22.864
-22.797
-23.509
-21.598
-21.266
-20.459
-20.250
-20.782
-19.126
-19.345
-18.727
-17.956
-17.027
-18.096
-17.791
-17.054
-18.725
-17.302
-16.433
-18.076
-16.880
-16.307
-16.227
-18.042
-17.611
-18.512
-19.174
-19.798
-19.593
-18.653
-31.666
-31.997
-32.895
-31.233
-31.670
-30.830
-31.435
-32.568
-32.485
-32.587
-33.512
-32.160
-30.216
-29.541
-29.880
-30.190
-32.324
-32.345
-33.302
-31.643
-31.752
-32.819
-31.357
-30.303
-29.145
-29.311
-28.957
-27.861
-26.931
-27.812
-27.267
-26.844
-27.120
-28.126
-26.767
-27.952
-28.949
-27.785
-26.946
-27.155
-28.176
-25.899
-25.043
-25.913
-25.878
-24.925
-26.083
-25.611
-26.475
-25.468
-24.382
-24.441
-24.337
-23.019
-22.784
-23.040
-21.846
-21.655
-22.213
-20.444
-20.024
-19.735
-20.420
-21.195
-19.646
-19.696
-18.594
-18.842
-18.472
-17.276
-17.046
-17.306
-16.155
-16.604
-15.730
-15.029
-14.511
-15.515
-14.008
-14.516
-13.377
-13.036
-12.309
-12.545
-13.659
-14.155
-14.381
-12.629
-12.962
-12.387
-11.710
-25.771
-26.611
-24.833
-25.812
-26.858
-25.544
-24.760
-24.839
-24.853
-23.349
-23.279
-23.276
-22.121
-21.434
-22.573
-21.359
-20.615
-20.817
-22.260
-22.605
-22.516
-23.149
-21.957
-21.706
-21.051
-22.985
-23.541
-23.698
-22.322
-21.630
-21.734
-23.410
-24.187
-23.956
-22.707
-23.542
-22.259
-21.714
-21.935
-20.685
-21.854
-22.919
-21.267
-21.568
-21.337
-20.633
-22.477
-31.033
-29.838
-30.142
-29.209
-31.710
-30.928
-32.583
-32.086
-32.025
-32.511
-32.801
-31.563
-30.674
-29.758
-31.396
-30.327
-29.011
-28.491
-29.724
-27.012
-27.618
-26.204
-28.164
-26.111
-25.544
-25.990
-25.757
-23.985
-23.670
-23.408
-23.155
-23.384
-22.605
-23.282
-22.605
-23.570
-23.794
-24.224
-22.121
-21.703
-22.481
-20.144
-19.842
-19.787
-21.164
-20.738
-20.597
-20.897
-19.812
-21.478
-21.325
-22.423
-20.806
-21.070
-21.425
-19.962
-21.645
-21.418
-22.729
-21.137
-21.835
-20.180
-20.756
-19.886
-21.411
-21.044
-22.682
-23.046
-23.412
-22.197
-23.127
-21.546
-21.581
-20.844
-22.380
-20.842
-20.677
-21.411
-19.498
-19.607
-18.806
-18.839
-19.312
-19.090
-17.292
-16.958
-16.873
-16.809
-17.309
-17.214
-15.720
-19.827
-20.367
-18.757
-20.330
-19.778
-21.406
-20.063
-20.712
-20.363
-18.581
-18.263
-17.881
-18.244
-18.106
-18.985
-16.865
-16.113
-16.868
-16.466
-16.313
-16.526
-16.437
-16.981
-17.472
-17.659
-15.769
-15.057
-15.968
-15.042
-14.680
-15.745
-13.829
-14.098
-13.047
-13.357
-14.194
-13.018
-12.245
-12.410
-11.406
-11.768
-10.867
-11.382
-12.746
-13.614
-13.098
-12.195
-32.503
-32.505
-33.236
-31.514
-33.947
-34.493
-33.894
-34.372
-31.811
-32.332
-31.861
-30.824
-31.886
-32.335
-32.146
-30.818
-33.013
-33.179
-34.016
-30.870
-30.844
-30.613
-32.238
-29.799
-28.960
-28.501
-29.504
-27.786
-28.095
-26.663
-25.769
-25.801
-24.598
-24.819
-24.760
-27.246
-28.053
-26.438
-26.744
-26.137
-25.965
-25.502
-24.718
-26.343
-23.214
-22.403
-23.204
-22.841
-23.475
-22.957
-21.417
-21.383
-20.760
-20.750
-20.459
-21.476
-19.465
-19.626
-18.869
-18.749
-19.427
-17.850
-18.309
-19.173
-17.104
-16.944
-15.760
-15.073
-16.064
-15.034
-15.553
-15.328
-13.540
-13.285
-13.250
-12.700
-13.035
-12.855
-11.246
-10.837
-10.907
-10.328
-10.345
-9.289
-10.591
-11.500
-9.675
-10.604
-11.400
-10.766
-9.617
-24.806
-25.456
-24.742
-23.452
-22.744
-23.472
-22.904
-21.942
-23.545
-22.707
-23.717
-22.283
-21.853
-21.133
-22.555
-21.169
-21.951
-20.877
-20.027
-20.277
-18.795
-18.021
-18.409
-18.328
-19.036
-16.980
-16.796
-17.017
-15.806
-15.767
-16.051
-14.514
-13.832
-14.651
-13.996
-14.012
-14.607
-12.532
-11.852
-12.506
-11.927
-12.046
-10.839
-12.450
-12.213
-13.523
-11.920
-32.612
-31.531
-32.000
-31.113
-33.457
-34.221
-33.918
-32.959
-33.453
-34.384
-33.055
-33.861
-31.984
-32.726
-31.344
-31.286
-30.420
-29.779
-30.901
-29.023
-28.077
-30.084
-29.530
-28.296
-27.219
-27.524
-27.015
-25.875
-25.947
-24.872
-25.000
-25.814
-23.787
-23.717
-24.195
-25.491
-26.282
-24.576
-25.439
-24.442
-23.667
-24.505
-23.660
-25.443
-22.520
-22.689
-22.195
-21.310
-21.219
-21.578
-20.170
-20.348
-20.034
-18.885
-18.764
-18.755
-17.665
-17.822
-17.586
-16.379
-16.138
-16.453
-15.285
-15.563
-13.980
-13.334
-13.404
-12.536
-14.137
-12.924
-12.456
-12.105
-13.960
-14.297
-14.784
-13.327
-13.102
-12.416
-14.350
-15.346
-14.025
-14.380
-13.345
-14.910
-14.929
-15.055
-15.897
-13.998
-14.393
-13.781
-13.110
-24.273
-23.348
-25.161
-23.897
-22.898
-23.928
-25.001
-25.865
-25.208
-24.478
-25.362
-24.119
-23.425
-23.120
-22.572
-23.978
-24.810
-24.388
-22.925
-22.595
-22.378
-21.613
-22.712
-22.927
-23.673
-21.602
-20.658
-21.948
-21.190
-20.841
-22.014
-19.998
-20.161
-19.081
-19.768
-19.144
-20.713
-19.056
-18.196
-19.722
-18.714
-19.663
-18.242
-17.570
-17.444
-16.611
-17.785
-30.111
-29.993
-29.687
-29.261
-31.117
-31.020
-32.106
-30.936
-30.378
-31.230
-30.474
-29.592
-28.741
-27.984
-28.424
-28.742
-31.291
-31.054
-32.038
-31.191
-31.208
-31.944
-31.830
-29.732
-28.681
-28.570
-28.849
-27.214
-26.602
-27.217
-27.206
-26.990
-27.409
-28.425
-27.525
-26.582
-27.287
-26.626
-25.224
-24.206
-24.319
-22.908
-22.635
-23.073
-26.330
-26.231
-26.717
-25.045
-25.245
-24.630
-24.040
-24.626
-23.456
-23.084
-22.271
-23.715
-22.415
-23.317
-21.979
-21.305
-21.726
-21.092
-20.023
-20.125
-18.935
-18.152
-18.807
-18.463
-19.727
-17.567
-17.518
-17.759
-16.297
-16.297
-16.257
-15.086
-14.974
-15.359
-13.719
-13.317
-12.942
-13.848
-14.319
-14.643
-12.539
-12.147
-11.807
-12.460
-12.703
-13.184
-11.460
-21.802
-20.859
-21.675
-22.039
-22.847
-22.293
-20.882
-20.896
-21.149
-19.544
-19.231
-19.559
-18.408
-18.763
-18.383
-17.007
-17.155
-16.518
-16.122
-16.125
-15.405
-14.715
-15.330
-15.750
-14.273
-16.216
-15.809
-16.158
-17.623
-17.706
-18.072
-18.485
-18.487
-17.977
-19.922
-20.541
-20.371
-20.165
-19.885
-19.539
-21.673
-22.183
-21.976
-22.150
-22.513
-23.018
-21.376
-32.106
-31.209
-30.259
-31.150
-32.227
-31.277
-32.975
-32.425
-33.420
-34.181
-33.540
-33.811
-31.552
-32.112
-31.472
-30.598
-31.484
-32.555
-30.932
-29.582
-29.649
-29.166
-31.017
-28.564
-27.870
-28.498
-27.537
-26.581
-26.780
-25.640
-25.920
-26.857
-24.718
-25.140
-24.542
-25.850
-25.699
-26.441
-24.509
-24.507
-25.457
-23.087
-22.856
-22.477
-23.378
-23.290
-23.451
-22.103
-22.204
-22.059
-20.850
-21.042
-20.195
-20.350
-21.008
-19.369
-20.064
-19.188
-20.838
-19.614
-18.727
-19.390
-20.674
-21.574
-20.583
-21.466
-19.437
-19.837
-18.834
-18.421
-17.529
-18.113
-18.854
-19.696
-19.155
-17.543
-16.961
-17.075
-17.851
-18.495
-16.878
-18.424
-19.441
-18.512
-17.540
-16.563
-17.400
-18.109
-19.142
-18.127
-17.559
-22.595
-23.193
-22.735
-21.157
-20.530
-21.045
-20.642
-21.165
-20.872
-19.122
-18.588
-18.815
-18.706
-18.819
-19.336
-17.192
-16.895
-16.534
-16.813
-17.674
-15.686
-15.762
-14.400
-13.571
-14.470
-13.686
-13.515
-12.756
-14.713
-15.636
-14.900
-14.267
-13.531
-13.772
-15.454
-16.233
-15.395
-16.302
-16.925
-17.014
-15.365
-14.705
-14.663
-16.230
-16.919
-16.951
-15.621
-31.539
-30.335
-29.853
-29.664
-32.310
-31.779
-33.195
-32.516
-32.476
-31.973
-32.785
-33.347
-31.085
-30.507
-30.430
-31.859
-30.520
-31.220
-29.557
-30.167
-29.199
-31.191
-30.981
-29.307
-27.957
-28.109
-27.711
-26.775
-26.986
-25.619
-24.766
-25.054
-23.459
-23.730
-23.236
-26.573
-26.481
-27.445
-25.376
-25.424
-26.424
-24.078
-23.970
-23.253
-22.382
-22.230
-22.746
-21.115
-21.495
-20.636
-20.222
-19.657
-20.780
-19.090
-19.449
-18.472
-18.188
-18.877
-17.777
-16.961
-17.292
-16.441
-15.984
-16.502
-14.597
-14.065
-13.907
-13.163
-14.613
-13.019
-12.413
-12.355
-13.804
-14.402
-14.498
-13.017
-12.328
-12.324
-13.806
-14.454
-14.536
-12.942
-13.684
-12.511
-11.867
-11.225
-12.416
-10.873
-11.508
-10.290
-10.335
-23.682
-24.545
-23.729
-22.283
-22.249
-21.440
-21.999
-21.730
-22.886
-20.693
-19.855
-20.927
-20.316
-21.178
-20.159
-19.093
-18.863
-19.316
-17.904
-17.582
-17.257
-16.381
-17.497
-18.130
-16.462
-18.340
-17.635
-19.089
-19.007
-18.203
-19.846
-19.517
-20.367
-18.675
-20.015
-20.738
-19.059
-20.705
-21.798
-20.450
-20.173
-20.399
-20.769
-18.685
-18.259
-18.176
-18.395
-34.572
-34.952
-35.063
-35.909
-34.449
-34.225
-35.418
-33.582
-35.684
-35.455
-36.270
-36.507
-33.310
-33.330
-32.606
-33.020
-33.997
-33.364
-34.562
-32.009
-31.669
-32.358
-33.209
-30.869
-30.149
-30.053
-30.764
-28.799
-29.045
-28.077
-27.594
-27.779
-27.040
-27.837
-26.709
-27.952
-27.897
-28.499
-26.672
-25.844
-26.041
-24.545
-24.660
-24.282
-25.870
-26.206
-25.476
-24.730
-24.524
-24.964
-23.469
-23.666
-23.170
-22.278
-22.038
-22.628
-21.066
-20.308
-21.442
-20.455
-21.141
-20.327
-19.160
-18.238
-18.941
-17.896
-20.019
-19.687
-20.973
-20.527
-21.081
-19.651
-21.641
-21.967
-21.254
-22.868
-22.629
-23.453
-23.890
-24.221
-23.301
-25.171
-25.795
-25.863
-24.928
-24.510
-25.924
-24.003
-24.348
-22.935
-23.964
-23.487
-23.812
-23.265
-22.196
-21.701
-22.390
-21.301
-21.712
-21.270
-19.816
-19.404
-19.145
-19.652
-20.019
-20.191
-18.183
-18.236
-17.635
-17.491
-17.482
-16.958
-16.380
-16.861
-16.927
-17.651
-15.624
-14.720
-15.504
-15.497
-15.418
-16.508
-14.321
-14.341
-13.472
-14.106
-14.921
-14.217
-12.770
-12.729
-12.015
-12.336
-12.578
-12.958
-10.930
-10.639
-10.215
-10.857
-35.142
-33.664
-33.037
-33.530
-35.605
-35.665
-34.830
-36.618
-35.995
-37.057
-35.877
-35.559
-35.459
-35.193
-34.851
-36.487
-33.044
-31.938
-33.338
-32.895
-33.454
-33.139
-33.472
-31.321
-30.564
-31.043
-30.260
-29.304
-28.780
-28.387
-27.749
-27.682
-27.045
-26.852
-27.693
-29.781
-30.271
-30.552
-28.787
-28.697
-29.489
-27.297
-26.661
-27.507
-25.709
-25.349
-25.935
-24.708
-24.988
-24.491
-23.303
-23.000
-23.530
-22.347
-22.934
-21.774
-21.388
-22.017
-20.647
-20.551
-20.281
-21.092
-19.489
-19.721
-18.215
-17.400
-17.701
-17.024
-18.560
-16.790
-16.623
-17.309
-15.435
-14.978
-15.513
-14.505
-15.085
-13.852
-13.769
-14.590
-13.133
-12.891
-11.871
-13.182
-12.815
-12.595
-12.050
-14.087
-14.222
-14.981
-14.036
-26.514
-27.235
-25.708
-25.943
-25.427
-26.618
-24.906
-25.428
-24.178
-24.259
-25.179
-23.692
-23.409
-22.740
-23.986
-22.585
-21.917
-23.236
-21.844
-22.504
-20.499
-20.177
-19.500
-19.944
-18.861
-18.575
-18.232
-19.135
-17.387
-17.039
-17.791
-16.180
-15.596
-15.420
-16.579
-15.637
-17.489
-16.799
-16.055
-17.739
-16.637
-17.389
-16.984
-15.152
-14.831
-15.008
-14.415
-32.601
-31.172
-31.097
-31.010
-32.733
-33.681
-32.039
-32.488
-32.632
-33.306
-32.740
-31.672
-33.677
-34.661
-33.610
-33.503
-29.814
-28.956
-29.969
-28.926
-29.396
-29.049
-29.635
-27.414
-26.559
-26.978
-26.382
-25.259
-24.632
-24.532
-23.951
-23.996
-23.095
-23.555
-23.009
-25.744
-26.344
-26.440
-24.621
-24.147
-24.434
-23.051
-22.705
-23.391
-21.583
-21.000
-21.559
-20.904
-21.164
-21.434
-19.423
-19.130
-18.907
-18.903
-18.842
-19.604
-17.511
-17.325
-17.510
-16.354
-15.435
-16.564
-16.163
-16.382
-15.853
-15.797
-15.582
-14.619
-16.361
-15.388
-16.314
-14.651
-14.822
-13.749
-15.365
-15.065
-16.125
-14.609
-14.560
-14.823
-13.453
-15.203
-14.595
-16.189
-15.368
-16.193
-14.382
-15.876
-16.174
-15.158
-16.786
-21.739
-22.194
-21.312
-20.791
-20.505
-21.134
-19.446
-19.482
-19.026
-18.449
-18.979
-18.216
-17.139
-17.367
-16.787
-15.942
-15.543
-15.172
-16.225
-16.950
-15.870
-16.250
-14.935
-15.302
-13.924
-14.865
-14.112
-15.858
-14.231
-13.150
-14.646
-14.544
-13.937
-15.617
-14.152
-13.178
-14.866
-14.158
-13.725
-15.196
-13.492
-13.707
-13.890
-11.939
-11.512
-11.512
-11.473
-25.518
-25.369
-24.605
-25.043
-25.602
-24.721
-25.596
-26.477
-26.671
-26.531
-27.593
-26.905
-24.247
-24.161
-24.116
-23.435
-26.686
-26.957
-27.463
-26.531
-27.561
-26.520
-26.359
-25.171
-24.477
-24.666
-24.765
-23.007
-22.795
-22.708
-21.724
-21.048
-21.208
-20.398
-21.989
-22.143
-22.392
-22.555
-20.771
-20.313
-20.885
-18.795
-18.414
-18.782
-20.622
-20.542
-21.420
-19.252
-18.769
-19.371
-18.176
-18.464
-18.012
-16.812
-16.325
-16.992
-15.984
-16.504
-16.012
-14.564
-14.220
-14.672
-13.607
-14.110
-12.310
-11.853
-11.361
-10.751
-11.801
-10.262
-10.762
-9.768
-9.156
-9.718
-8.520
-8.354
-8.048
-8.906
-7.155
-7.592
-6.711
-6.046
-5.841
-6.493
-4.769
-4.905
-4.390
-3.653
-2.844
-3.236
-4.024
-18.023
-18.249
-18.376
-16.578
-16.357
-16.106
-15.900
-15.862
-16.500
-14.398
-14.407
-14.077
-13.490
-13.182
-14.084
-12.221
-12.645
-11.553
-11.421
-11.910
-10.280
-9.815
-9.583
-8.527
-10.015
-9.581
-9.200
-8.924
-10.927
-11.553
-11.448
-11.058
-10.812
-12.115
-9.956
-10.122
-8.909
-10.248
-10.663
-9.383
-11.346
-10.891
-12.196
-11.739
-11.681
-11.027
-12.752
-28.101
-27.488
-28.088
-27.596
-27.174
-26.806
-26.209
-27.808
-29.508
-30.136
-29.565
-29.976
-28.216
-28.930
-27.284
-28.560
-26.025
-25.313
-25.807
-26.081
-25.248
-27.554
-25.700
-25.713
-24.434
-24.602
-23.890
-23.662
-22.928
-22.945
-21.841
-21.359
-21.241
-21.420
-21.762
-24.600
-25.416
-25.268
-23.876
-23.700
-24.147
-22.991
-23.604
-22.465
-19.702
-19.501
-19.146
-19.107
-19.382
-19.503
-17.558
-17.174
-17.221
-16.741
-17.081
-16.865
-15.232
-14.769
-15.054
-14.520
-13.773
-15.248
-13.954
-14.485
-12.778
-12.575
-11.737
-11.508
-12.125
-10.395
-10.658
-10.124
-9.271
-9.186
-9.499
-7.820
-7.472
-7.169
-7.674
-8.222
-8.257
-6.244
-5.731
-6.274
-5.268
-5.296
-4.213
-5.548
-4.672
-5.844
-6.382
-22.087
-21.470
-22.609
-20.898
-21.258
-20.285
-19.858
-20.321
-19.223
-18.850
-19.363
-18.130
-17.937
-17.357
-18.534
-17.012
-16.420
-17.698
-16.219
-16.871
-14.939
-14.601
-13.905
-12.914
-14.099
-13.767
-13.180
-14.788
-13.316
-13.836
-13.563
-11.827
-11.516
-11.544
-10.942
-10.973
-11.405
-9.533
-9.224
-9.579
-8.485
-7.679
-9.062
-8.023
-8.955
-7.495
-7.371
-32.504
-31.553
-30.570
-31.475
-33.890
-33.964
-34.180
-34.573
-32.257
-31.227
-32.421
-32.859
-32.315
-32.439
-33.161
-31.381
-31.729
-32.737
-31.046
-30.243
-30.281
-29.954
-31.570
-29.177
-27.874
-27.396
-27.982
-26.860
-27.439
-26.380
-26.002
-26.203
-25.342
-26.173
-25.063
-25.723
-25.217
-26.052
-24.622
-23.675
-23.548
-22.701
-22.199
-23.335
-24.168
-24.479
-24.102
-22.826
-22.489
-22.838
-21.826
-22.382
-21.666
-20.416
-19.961
-20.546
-19.515
-19.536
-18.485
-19.894
-19.058
-20.163
-20.996
-21.955
-20.954
-21.848
-19.696
-19.821
-18.956
-19.106
-18.163
-19.006
-19.926
-19.459
-20.941
-20.138
-20.596
-20.792
-18.796
-18.569
-18.138
-18.940
-19.367
-19.755
-17.785
-17.088
-18.096
-17.143
-17.812
-16.238
-16.748
-21.828
-21.266
-22.571
-20.908
-21.533
-20.473
-19.769
-19.399
-20.265
-18.577
-19.020
-18.016
-17.672
-17.113
-18.345
-16.735
-16.126
-17.411
-15.895
-16.500
-14.640
-14.175
-13.658
-12.969
-14.190
-12.739
-12.384
-13.341
-11.439
-10.985
-11.922
-10.458
-10.849
-9.409
-10.330
-9.646
-11.309
-9.884
-10.731
-9.839
-8.479
-8.414
-8.182
-7.442
-6.385
-7.547
-7.649
-34.434
-33.028
-33.084
-32.351
-35.430
-36.440
-35.142
-35.414
-34.520
-33.943
-34.018
-35.571
-34.839
-34.771
-35.900
-34.211
-32.263
-31.252
-32.732
-30.956
-30.117
-31.439
-32.248
-30.159
-29.983
-29.776
-30.912
-28.755
-28.942
-27.587
-26.407
-26.232
-25.426
-25.152
-25.825
-28.617
-29.551
-27.857
-28.487
-28.379
-28.501
-27.947
-28.708
-27.999
-24.200
-24.414
-23.734
-23.173
-22.979
-23.594
-21.862
-22.248
-21.341
-20.936
-20.380
-21.546
-19.808
-20.324
-19.355
-18.668
-17.879
-19.131
-18.010
-18.337
-16.859
-16.506
-16.305
-16.958
-16.109
-14.967
-15.235
-14.498
-13.907
-13.692
-14.398
-12.581
-12.794
-12.155
-11.628
-11.767
-11.924
-10.198
-9.652
-10.113
-9.368
-9.913
-9.383
-7.905
-7.956
-7.462
-7.385
-26.512
-26.561
-26.284
-25.455
-25.194
-25.853
-24.193
-24.335
-23.778
-23.180
-23.664
-22.912
-21.815
-21.352
-22.040
-20.682
-21.123
-20.034
-19.909
-20.537
-18.615
-18.248
-17.573
-17.258
-18.108
-16.316
-16.541
-15.871
-15.208
-15.644
-14.811
-14.070
-13.651
-14.532
-12.930
-13.340
-12.161
-12.321
-11.590
-13.122
-11.582
-11.673
-11.984
-10.081
-9.525
-9.617
-9.938
-30.424
-29.077
-28.819
-29.189
-31.365
-30.904
-31.403
-32.400
-30.287
-29.732
-29.720
-31.259
-30.979
-30.201
-31.175
-31.776
-27.931
-26.964
-27.899
-27.659
-28.075
-28.163
-28.132
-26.041
-25.410
-24.457
-26.002
-25.017
-25.963
-24.584
-24.813
-25.476
-24.152
-24.690
-23.079
-23.899
-24.287
-23.628
-22.740
-21.661
-21.667
-20.506
-20.459
-19.637
-24.422
-25.378
-24.583
-23.339
-23.184
-23.696
-22.120
-22.422
-21.816
-20.812
-20.447
-20.994
-19.628
-20.052
-19.300
-18.406
-18.879
-17.671
-17.648
-18.120
-16.489
-16.191
-15.513
-16.065
-14.828
-14.667
-14.179
-15.336
-13.537
-13.955
-12.978
-12.530
-12.527
-13.017
-11.079
-11.060
-10.333
-10.593
-9.533
-10.600
-11.344
-12.398
-10.956
-11.367
-11.709
-10.322
-11.884
-20.281
-21.029
-20.607
-18.866
-18.073
-18.516
-18.943
-19.312
-19.628
-17.672
-17.363
-17.953
-16.607
-17.019
-16.266
-15.288
-15.501
-14.795
-14.390
-14.889
-13.091
-12.522
-12.382
-13.174
-11.688
-11.521
-10.813
-10.925
-12.303
-13.037
-12.868
-11.366
-10.816
-10.629
-12.064
-12.849
-12.596
-11.154
-10.321
-11.745
-10.721
-11.503
-9.848
-10.371
-10.111
-9.552
-11.130
-35.666
-34.306
-33.690
-33.881
-36.624
-36.282
-36.634
-37.673
-35.533
-34.816
-35.069
-36.409
-36.266
-37.246
-35.613
-36.463
-34.206
-34.853
-34.657
-32.213
-33.073
-32.162
-32.788
-30.714
-29.933
-30.572
-29.233
-28.941
-29.542
-28.038
-28.748
-29.832
-27.798
-27.270
-28.313
-28.052
-27.723
-28.640
-26.858
-27.019
-28.102
-25.681
-26.094
-25.362
-26.833
-27.299
-26.159
-25.968
-26.659
-25.447
-24.959
-25.443
-24.281
-24.075
-23.584
-24.681
-23.164
-22.644
-23.871
-22.079
-22.675
-21.464
-21.308
-21.763
-20.295
-19.883
-19.591
-20.077
-19.629
-18.115
-17.639
-17.638
-17.721
-18.343
-18.072
-16.199
-16.210
-15.728
-15.476
-15.469
-16.204
-14.112
-14.287
-13.435
-13.398
-12.711
-14.039
-12.548
-12.200
-13.111
-11.644
-24.417
-24.515
-24.562
-23.041
-22.311
-22.759
-22.554
-23.234
-22.678
-21.140
-21.178
-20.541
-20.606
-20.344
-21.407
-19.433
-19.708
-19.218
-18.380
-18.576
-17.335
-16.796
-17.010
-17.767
-17.045
-15.544
-15.406
-14.760
-15.444
-16.415
-15.396
-14.281
-14.677
-14.179
-12.967
-12.853
-12.669
-11.929
-12.213
-12.114
-10.485
-10.269
-10.274
-9.512
-9.408
-8.503
-9.888
-32.590
-31.173
-31.270
-30.605
-33.323
-34.356
-33.062
-33.285
-32.688
-32.024
-33.691
-32.472
-33.360
-34.389
-32.898
-33.455
-30.155
-29.220
-30.534
-29.485
-29.125
-30.529
-29.855
-28.211
-27.137
-26.852
-27.398
-25.884
-26.323
-25.496
-24.868
-24.642
-24.258
-25.016
-23.482
-24.780
-24.405
-25.166
-23.622
-23.360
-24.040
-22.075
-22.287
-21.921
-23.816
-22.986
-24.680
-23.211
-22.813
-24.117
-22.236
-22.680
-21.398
-21.733
-21.573
-22.548
-20.439
-20.685
-19.670
-20.070
-20.808
-19.267
-19.640
-20.436
-18.331
-18.018
-17.186
-17.358
-16.908
-15.850
-15.977
-14.975
-15.437
-15.812
-15.854
-13.856
-13.468
-13.421
-13.183
-12.101
-13.452
-13.495
-13.946
-14.316
-12.330
-12.721
-12.032
-11.037
-10.323
-11.339
-10.347
-20.828
-20.988
-20.800
-19.423
-18.633
-19.481
-18.826
-18.436
-18.043
-19.790
-20.447
-20.370
-19.115
-19.916
-18.370
-18.385
-19.135
-17.628
-17.876
-18.704
-16.635
-16.485
-15.515
-15.860
-14.762
-14.863
-14.658
-15.505
-13.561
-12.977
-13.901
-12.654
-13.138
-12.422
-11.233
-11.362
-10.868
-10.187
-10.596
-10.319
-8.742
-8.532
-8.161
-8.237
-8.345
-8.775
-7.207
-34.904
-34.830
-35.797
-34.804
-33.574
-33.464
-32.870
-33.112
-35.378
-34.873
-35.304
-36.432
-35.811
-35.554
-35.746
-36.810
-33.659
-33.888
-33.671
-32.092
-33.265
-31.534
-32.353
-31.019
-30.058
-30.415
-29.773
-28.811
-28.787
-28.915
-28.286
-28.006
-28.102
-29.075
-27.431
-27.499
-27.622
-27.521
-26.293
-25.872
-26.629
-24.487
-24.011
-23.946
-27.541
-26.649
-28.264
-27.023
-27.810
-26.282
-26.366
-25.596
-25.913
-27.402
-28.134
-27.872
-26.754
-26.170
-27.512
-25.734
-26.129
-24.837
-25.488
-26.153
-24.522
-24.224
-23.515
-23.864
-23.472
-22.076
-22.152
-21.377
-21.411
-21.420
-21.854
-19.938
-19.300
-19.565
-19.715
-19.754
-20.423
-18.269
-18.433
-17.412
-17.751
-17.658
-18.439
-16.341
-15.591
-16.058
-16.249
-24.564
-25.117
-25.124
-23.158
-22.579
-22.532
-23.411
-23.682
-24.204
-22.195
-21.405
-21.771
-22.410
-23.219
-22.717
-21.097
-20.413
-21.221
-20.418
-21.002
-19.377
-18.932
-18.543
-18.142
-19.142
-17.399
-17.929
-17.100
-16.203
-15.661
-16.626
-15.328
-15.776
-15.290
-13.935
-14.005
-13.184
-13.370
-14.006
-13.340
-11.902
-11.191
-11.940
-11.375
-11.546
-10.324
-12.067
-27.898
-26.670
-26.795
-25.788
-27.868
-28.730
-27.046
-27.727
-28.130
-27.185
-28.996
-28.379
-29.070
-29.991
-29.211
-28.945
-26.145
-26.024
-25.118
-27.082
-27.609
-27.571
-27.093
-25.457
-24.722
-24.892
-24.896
-23.204
-23.058
-22.793
-22.268
-22.094
-21.951
-22.595
-22.183
-22.382
-22.753
-22.611
-21.018
-20.457
-21.059
-19.031
-18.458
-18.619
-20.461
-19.822
-20.260
-19.981
-20.741
-19.777
-18.699
-17.887
-18.841
-18.222
-19.005
-17.954
-17.001
-16.257
-17.270
-16.477
-16.703
-17.085
-14.951
-14.467
-14.263
-13.174
-14.782
-14.636
-15.888
-14.016
-14.422
-14.381
-12.549
-11.929
-12.432
-11.964
-12.639
-11.789
-10.595
-10.738
-10.296
-9.569
-9.445
-10.000
-8.171
-7.690
-7.527
-8.147
-8.583
-8.590
-7.125
-18.772
-18.987
-19.559
-17.396
-17.069
-16.590
-17.160
-18.089
-16.241
-17.218
-18.057
-16.301
-17.168
-16.256
-17.955
-17.135
-16.359
-18.116
-16.758
-17.509
-15.935
-15.881
-15.125
-14.334
-15.681
-14.500
-14.172
-13.674
-15.601
-16.354
-16.147
-15.161
-14.412
-14.507
-16.094
-16.661
-15.384
-17.120
-17.733
-16.572
-17.897
-17.230
-18.773
-18.574
-19.068
-19.412
-17.788
-33.866
-32.448
-32.518
-32.138
-34.261
-34.258
-35.233
-33.552
-34.009
-35.008
-33.808
-33.259
-34.766
-34.294
-34.914
-35.673
-31.465
-31.496
-30.444
-31.358
-31.585
-32.069
-31.675
-29.813
-28.969
-29.464
-28.695
-27.698
-27.913
-26.805
-26.857
-27.675
-25.601
-25.755
-24.737
-27.100
-26.759
-27.917
-26.016
-26.377
-27.508
-25.157
-25.280
-24.234
-25.553
-25.450
-26.485
-24.309
-24.433
-23.422
-23.834
-23.192
-24.676
-22.835
-22.687
-23.362
-21.519
-21.104
-21.875
-20.447
-20.992
-19.984
-19.374
-19.847
-18.053
-17.460
-17.331
-17.944
-16.465
-16.759
-17.581
-16.319
-15.662
-14.964
-15.997
-14.749
-14.311
-15.490
-13.781
-13.205
-14.366
-12.832
-12.438
-13.295
-11.550
-11.916
-10.768
-10.768
-9.889
-10.329
-11.385
-25.037
-25.417
-25.670
-23.537
-23.171
-22.945
-23.304
-23.098
-24.152
-22.138
-22.303
-21.941
-20.842
-20.497
-20.979
-19.652
-19.963
-18.945
-18.886
-19.450
-17.546
-17.086
-16.631
-15.728
-17.109
-16.084
-15.699
-16.983
-15.143
-14.213
-15.493
-14.750
-15.635
-14.419
-13.651
-14.018
-12.804
-13.091
-13.887
-12.539
-12.174
-11.260
-12.553
-11.782
-11.122
-12.670
-11.107
-34.817
-35.724
-36.387
-36.298
-34.309
-35.080
-33.924
-33.541
-35.501
-36.269
-34.747
-35.843
-33.625
-32.899
-33.831
-33.213
-35.093
-34.073
-35.725
-34.693
-34.593
-35.822
-34.883
-33.364
-32.219
-32.418
-31.848
-31.070
-31.521
-30.013
-29.512
-29.807
-28.462
-28.828
-28.130
-30.525
-30.028
-31.431
-29.590
-30.090
-31.243
-29.024
-29.561
-28.643
-27.169
-26.520
-27.555
-26.161
-26.604
-25.660
-25.090
-24.574
-25.499
-23.999
-24.405
-23.344
-23.134
-22.548
-23.807
-22.154
-21.793
-22.644
-20.911
-20.531
-20.257
-19.243
-20.668
-21.609
-20.844
-19.557
-19.948
-18.611
-19.141
-18.615
-20.045
-18.145
-18.690
-17.403
-17.348
-16.784
-18.041
-16.402
-15.752
-17.076
-15.323
-15.817
-14.813
-14.272
-13.430
-13.777
-14.689
-27.739
-28.011
-27.259
-26.640
-25.951
-27.030
-25.720
-26.344
-25.139
-24.603
-24.013
-25.006
-23.480
-23.963
-23.177
-22.284
-22.623
-21.803
-21.342
-21.864
-20.007
-19.412
-19.360
-19.632
-19.663
-17.831
-17.463
-17.508
-17.046
-17.420
-17.158
-15.516
-15.018
-15.039
-15.224
-15.708
-15.681
-13.763
-13.263
-13.256
-13.357
-14.019
-13.688
-11.890
-11.989
-11.191
-11.666
-33.460
-32.078
-31.638
-31.412
-33.285
-34.256
-33.039
-32.574
-34.316
-34.364
-33.913
-35.313
-34.158
-34.207
-33.624
-35.131
-32.116
-32.974
-32.232
-30.750
-30.778
-31.681
-30.868
-29.280
-28.375
-28.559
-28.571
-26.862
-26.398
-26.771
-26.788
-26.722
-26.757
-27.835
-26.419
-26.023
-26.482
-26.070
-24.663
-23.873
-24.199
-22.517
-21.783
-22.750
-26.059
-26.387
-26.429
-24.530
-24.289
-24.252
-23.754
-23.820
-24.275
-22.298
-21.714
-22.259
-21.627
-22.229
-21.461
-20.302
-20.399
-20.155
-19.137
-19.260
-17.903
-17.157
-17.209
-18.000
-16.417
-16.544
-15.858
-17.340
-15.747
-16.345
-14.922
-15.110
-15.921
-14.808
-14.004
-14.642
-13.841
-12.790
-12.862
-12.380
-11.658
-11.281
-11.832
-10.324
-10.084
-9.478
-10.498
-21.866
-22.567
-21.066
-21.128
-20.439
-21.865
-20.255
-20.863
-19.483
-19.395
-20.028
-18.906
-18.317
-17.439
-18.742
-17.654
-18.396
-16.987
-16.873
-16.975
-16.063
-15.513
-15.731
-15.418
-16.616
-14.584
-14.814
-13.633
-14.436
-15.444
-13.934
-13.560
-14.096
-13.430
-12.144
-12.260
-11.635
-11.253
-10.323
-11.691
-10.878
-11.613
-10.276
-10.005
-10.484
-9.851
-8.971
-30.263
-31.234
-31.571
-30.664
-31.001
-31.682
-30.301
-31.570
-29.691
-30.575
-29.208
-29.092
-29.171
-29.669
-28.417
-28.716
-32.404
-33.287
-32.876
-31.879
-31.121
-33.225
-32.035
-30.977
-31.511
-32.147
-32.058
-30.346
-30.757
-29.196
-28.356
-28.528
-27.096
-27.474
-26.405
-29.936
-30.729
-29.067
-29.641
-28.310
-27.530
-27.999
-28.896
-27.578
-26.419
-26.234
-27.066
-25.002
-25.130
-24.400
-24.125
-23.959
-24.825
-22.864
-23.104
-22.200
-22.127
-21.654
-22.842
-21.088
-21.583
-20.500
-20.113
-20.561
-18.769
-18.182
-17.919
-18.596
-17.062
-17.080
-16.687
-16.167
-17.985
-18.164
-18.983
-17.351
-16.325
-17.999
-17.240
-16.446
-16.828
-18.595
-19.342
-18.975
-18.600
-18.226
-19.657
-17.880
-18.555
-16.900
-17.647
-26.955
-27.593
-26.429
-25.965
-26.404
-25.385
-24.983
-25.459
-24.265
-24.366
-25.098
-23.600
-23.573
-22.663
-23.196
-24.270
-25.296
-23.634
-24.543
-25.375
-23.947
-24.100
-22.869
-22.858
-21.874
-23.089
-24.073
-22.289
-22.954
-23.705
-21.915
-23.112
-22.321
-24.089
-23.063
-22.370
-24.035
-22.754
-21.974
-23.640
-22.253
-23.045
-21.312
-22.068
-21.624
-23.027
-21.311
-28.858
-28.116
-27.581
-27.375
-29.925
-30.615
-29.561
-30.526
-27.912
-27.447
-28.407
-27.225
-29.598
-30.340
-30.004
-29.024
-28.913
-29.456
-28.127
-29.340
-29.588
-29.995
-29.750
-27.851
-26.987
-27.297
-27.020
-25.559
-25.313
-25.599
-24.964
-24.584
-24.801
-25.871
-24.396
-24.402
-24.814
-24.307
-23.197
-22.362
-22.364
-21.225
-21.158
-21.683
-23.896
-22.849
-24.181
-23.967
-25.002
-23.644
-23.024
-23.226
-23.236
-21.503
-21.261
-21.448
-20.762
-21.174
-20.894
-19.205
-18.812
-18.690
-18.776
-18.689
-18.489
-18.178
-18.440
-18.951
-19.106
-17.012
-16.529
-16.476
-16.771
-15.714
-17.355
-17.279
-18.390
-16.731
-16.960
-15.985
-17.770
-17.045
-16.268
-16.859
-18.465
-19.046
-18.871
-18.505
-19.523
-17.896
-17.867
-19.834
-19.512
-19.990
-18.730
-19.082
-18.476
-17.529
-17.127
-17.958
-16.435
-16.134
-16.819
-15.232
-15.130
-14.342
-15.507
-14.730
-16.504
-15.289
-16.093
-14.396
-14.594
-13.322
-12.335
-13.329
-13.541
-12.824
-14.545
-13.105
-12.158
-13.814
-12.705
-13.641
-12.041
-11.835
-12.514
-11.152
-11.038
-10.133
-10.800
-11.850
-12.214
-11.092
-12.984
-13.465
-12.582
-13.691
-37.852
-36.394
-36.395
-35.752
-38.755
-38.832
-39.782
-38.460
-37.807
-37.388
-38.843
-37.269
-38.386
-39.425
-37.842
-38.446
-35.751
-35.671
-34.661
-36.231
-36.645
-36.849
-36.403
-34.728
-34.078
-33.446
-34.823
-33.059
-32.564
-32.048
-30.826
-30.361
-29.958
-30.506
-29.738
-33.843
-34.563
-34.457
-32.974
-32.306
-32.258
-31.584
-31.604
-32.230
-28.665
-28.140
-28.947
-27.727
-28.198
-27.512
-26.353
-25.943
-26.607
-25.342
-24.497
-25.905
-24.747
-25.544
-24.205
-23.713
-22.925
-24.226
-23.241
-23.980
-21.979
-21.866
-20.742
-19.875
-20.683
-20.491
-21.242
-20.321
-19.203
-18.684
-19.512
-18.290
-17.573
-18.891
-17.522
-18.167
-17.239
-16.335
-15.648
-16.463
-15.823
-16.738
-15.381
-14.938
-13.911
-15.337
-14.847
-30.218
-30.277
-29.832
-29.131
-29.121
-29.513
-27.782
-27.838
-27.474
-26.782
-27.458
-26.446
-25.663
-26.126
-25.078
-24.825
-24.057
-25.459
-24.239
-24.896
-23.145
-22.851
-22.165
-21.296
-22.550
-21.452
-22.120
-21.030
-20.171
-20.178
-19.327
-19.939
-19.640
-20.900
-18.816
-17.854
-18.995
-18.870
-19.772
-17.994
-18.970
-18.175
-19.878
-19.035
-19.131
-19.940
-18.151
-31.997
-30.556
-30.739
-29.986
-32.627
-33.666
-32.645
-32.142
-32.757
-33.800
-32.323
-32.686
-31.934
-31.486
-32.866
-31.305
-29.682
-29.774
-28.656
-30.444
-31.672
-30.301
-30.251
-29.208
-28.099
-27.892
-28.261
-26.818
-26.003
-26.759
-26.493
-26.293
-26.482
-25.992
-27.523
-26.569
-27.231
-26.909
-25.096
-24.704
-25.523
-23.181
-22.762
-22.856
-25.627
-25.821
-25.808
-24.145
-23.775
-23.854
-23.410
-23.907
-23.355
-22.033
-21.315
-21.998
-21.302
-20.408
-21.976
-20.927
-21.982
-20.416
-20.115
-20.529
-18.994
-18.592
-18.168
-18.248
-18.685
-16.735
-16.746
-16.174
-15.880
-16.245
-14.797
-15.960
-15.618
-16.952
-14.925
-13.985
-14.990
-15.082
-16.038
-15.245
-14.035
-12.965
-14.049
-14.407
-15.455
-14.240
-13.709
-22.562
-22.911
-22.851
-21.025
-20.704
-20.554
-20.345
-20.827
-20.599
-18.837
-18.388
-18.334
-18.633
-19.375
-17.584
-18.722
-19.752
-18.099
-18.216
-17.125
-18.889
-18.352
-20.354
-20.810
-20.998
-20.804
-21.905
-20.390
-20.643
-21.158
-19.541
-21.373
-20.972
-22.465
-21.266
-20.183
-21.674
-22.195
-23.166
-21.754
-22.449
-21.584
-23.269
-22.911
-22.745
-23.982
-22.331
-37.138
-36.450
-35.879
-37.196
-38.193
-38.980
-38.612
-37.690
-36.171
-36.735
-35.337
-35.656
-37.777
-38.622
-38.158
-37.085
-35.436
-36.044
-35.108
-33.181
-32.548
-33.680
-34.355
-32.203
-30.796
-30.482
-30.470
-30.011
-30.434
-30.331
-29.972
-29.703
-30.054
-31.127
-29.810
-28.499
-28.040
-28.110
-28.097
-28.216
-28.511
-27.889
-28.659
-28.049
-29.143
-28.810
-29.588
-27.786
-27.421
-26.998
-27.876
-28.166
-28.634
-26.585
-26.287
-25.849
-26.791
-27.256
-27.469
-25.543
-24.866
-25.853
-24.880
-25.544
-23.630
-23.247
-22.665
-23.183
-22.025
-21.727
-22.322
-21.179
-20.575
-21.001
-20.161
-19.487
-19.164
-19.750
-18.194
-18.526
-17.787
-17.141
-17.012
-17.431
-15.861
-15.294
-16.061
-15.007
-13.989
-15.425
-14.870
-26.451
-26.399
-25.800
-26.003
-26.404
-26.546
-24.459
-24.078
-23.887
-23.988
-24.407
-24.433
-22.442
-21.992
-22.007
-22.146
-21.064
-22.647
-22.751
-23.796
-22.154
-22.598
-20.638
-20.481
-19.947
-20.458
-20.788
-21.054
-19.017
-18.415
-18.614
-18.654
-19.375
-18.849
-17.156
-16.918
-16.474
-16.829
-17.522
-17.047
-15.349
-14.715
-15.043
-14.858
-15.330
-15.276
-13.773
-28.301
-28.025
-27.092
-28.849
-29.612
-30.123
-30.299
-29.619
-28.499
-29.084
-28.896
-27.598
-27.246
-27.682
-26.417
-26.801
-27.596
-27.281
-26.660
-28.104
-28.873
-28.320
-28.584
-26.569
-25.973
-25.208
-26.783
-25.282
-26.100
-24.718
-23.799
-23.210
-23.785
-23.399
-24.846
-24.293
-23.616
-24.751
-23.487
-23.941
-24.930
-23.121
-23.085
-23.480
-22.991
-23.264
-21.952
-23.087
-22.356
-24.166
-22.634
-23.280
-22.753
-21.119
-20.553
-20.990
-20.609
-20.897
-21.040
-19.063
-18.889
-18.546
-18.422
-18.889
-17.255
-16.926
-16.294
-16.007
-16.716
-14.941
-14.450
-14.253
-14.960
-15.135
-15.820
-13.641
-13.618
-13.699
-12.374
-11.481
-12.482
-12.177
-13.148
-12.078
-11.011
-10.897
-10.147
-10.956
-10.087
-10.769
-11.906
-21.708
-21.282
-21.809
-20.887
-21.442
-20.956
-19.409
-18.835
-19.175
-19.060
-19.278
-19.698
-17.598
-17.464
-17.517
-16.580
-16.647
-16.777
-15.170
-15.023
-14.113
-13.119
-14.088
-15.082
-13.265
-14.033
-14.786
-14.257
-12.637
-12.339
-11.970
-12.452
-13.178
-11.408
-12.658
-13.662
-11.989
-12.469
-12.516
-13.250
-11.149
-11.391
-10.280
-11.049
-10.897
-11.978
-10.246
-30.349
-29.458
-28.441
-29.616
-30.159
-30.350
-29.162
-30.800
-31.751
-31.891
-32.412
-31.845
-30.047
-30.801
-29.790
-29.118
-29.641
-30.608
-28.807
-30.329
-31.586
-30.567
-29.599
-29.385
-28.082
-27.886
-28.141
-26.938
-26.970
-26.997
-26.632
-26.374
-26.465
-27.441
-25.795
-25.650
-25.650
-25.599
-24.372
-23.725
-24.156
-22.362
-22.514
-21.837
-25.971
-26.612
-26.037
-24.478
-24.543
-24.196
-23.506
-23.687
-23.643
-22.049
-21.377
-21.848
-21.582
-22.283
-21.553
-20.177
-19.972
-19.407
-19.894
-20.597
-18.984
-18.910
-17.989
-18.119
-18.348
-16.573
-16.572
-16.395
-15.447
-15.297
-15.904
-14.093
-13.317
-14.192
-13.389
-14.052
-13.111
-12.090
-11.504
-12.417
-11.154
-11.832
-10.524
-10.162
-9.434
-9.801
-10.777
-21.508
-21.868
-21.486
-20.067
-19.683
-20.107
-19.243
-19.545
-19.165
-17.752
-17.700
-17.364
-16.818
-17.266
-16.919
-15.382
-15.409
-15.093
-14.474
-14.462
-13.744
-13.196
-13.798
-14.755
-12.909
-13.562
-12.646
-14.501
-13.320
-12.547
-14.184
-12.954
-13.554
-11.886
-13.106
-12.667
-14.145
-12.325
-12.096
-11.287
-12.748
-12.001
-12.793
-14.122
-14.838
-14.281
-14.492
-23.113
-22.747
-21.939
-22.336
-24.243
-23.909
-24.953
-24.714
-21.921
-22.270
-21.074
-21.554
-23.512
-23.685
-22.801
-24.454
-23.846
-24.510
-23.295
-24.300
-25.522
-23.629
-24.587
-23.210
-22.364
-22.293
-22.680
-20.970
-21.236
-20.288
-19.863
-20.362
-18.846
-19.368
-18.173
-20.082
-19.620
-20.651
-18.952
-19.291
-20.406
-18.056
-17.213
-18.015
-18.085
-18.880
-17.587
-17.054
-16.333
-17.524
-16.219
-15.776
-16.825
-15.019
-15.352
-14.421
-14.077
-13.884
-14.719
-12.830
-12.548
-13.185
-11.646
-11.267
-11.012
-10.117
-11.224
-10.442
-12.218
-11.096
-10.085
-11.152
-12.099
-12.273
-11.876
-13.584
-13.500
-14.136
-14.384
-14.770
-13.871
-15.732
-15.454
-16.368
-16.427
-15.755
-17.380
-16.757
-17.620
-15.895
-16.876
-17.989
-18.650
-18.422
-16.585
-16.656
-15.936
-15.860
-14.763
-16.003
-16.410
-16.041
-17.519
-15.969
-16.214
-14.877
-16.557
-16.059
-17.562
-16.490
-15.564
-17.479
-17.178
-18.966
-19.358
-19.154
-19.821
-19.566
-20.906
-19.540
-18.461
-19.742
-20.475
-20.184
-21.501
-20.656
-21.132
-21.406
-19.342
-19.536
-18.695
-18.630
-18.481
-19.246
-17.277
-16.634
-16.693
-17.508
-31.976
-30.585
-29.878
-30.372
-32.393
-33.464
-32.163
-31.896
-32.943
-33.936
-32.672
-32.940
-32.131
-32.191
-31.305
-32.981
-30.132
-29.075
-30.117
-31.412
-32.686
-31.371
-30.875
-30.396
-28.977
-28.704
-28.724
-28.277
-28.716
-26.841
-26.430
-27.108
-24.942
-24.703
-24.462
-28.473
-28.454
-29.491
-27.487
-27.635
-28.420
-26.687
-27.017
-26.805
-24.186
-24.326
-24.497
-22.672
-22.385
-22.265
-21.861
-22.114
-22.085
-20.396
-20.090
-20.321
-19.515
-19.857
-19.810
-17.999
-17.899
-17.799
-17.108
-17.137
-16.277
-15.741
-15.969
-16.778
-15.750
-14.624
-14.434
-13.751
-14.695
-14.595
-15.720
-13.623
-13.938
-12.642
-13.771
-13.611
-14.798
-12.732
-13.005
-12.830
-11.240
-10.754
-11.148
-10.542
-9.629
-11.172
-10.283
-25.213
-24.573
-25.170
-24.602
-25.153
-24.554
-23.098
-22.647
-22.857
-22.591
-22.600
-23.362
-21.273
-21.219
-20.518
-20.833
-20.934
-19.744
-21.712
-22.716
-21.598
-22.292
-20.310
-19.706
-20.529
-19.359
-19.658
-19.140
-18.008
-18.307
-17.369
-16.951
-17.529
-16.346
-16.087
-16.865
-15.380
-15.374
-16.093
-14.645
-14.660
-14.349
-13.785
-15.564
-15.135
-15.662
-16.573
-32.309
-31.101
-31.214
-30.309
-33.520
-33.237
-33.965
-34.273
-31.918
-31.107
-31.560
-32.750
-32.640
-33.635
-31.905
-32.598
-30.578
-30.401
-29.542
-31.423
-32.131
-31.806
-31.337
-29.915
-29.404
-28.676
-30.144
-28.685
-29.425
-27.826
-27.759
-28.477
-26.378
-26.444
-25.608
-27.882
-27.183
-28.504
-27.307
-27.574
-28.263
-26.927
-27.586
-26.973
-25.928
-25.695
-26.663
-24.629
-24.523
-24.657
-23.258
-23.189
-23.085
-22.029
-21.628
-22.268
-20.854
-21.066
-20.550
-19.674
-19.618
-20.010
-18.336
-18.412
-17.147
-16.247
-16.766
-16.324
-17.590
-15.633
-16.043
-14.681
-15.310
-14.828
-16.200
-14.316
-14.654
-13.371
-13.991
-14.953
-13.504
-12.987
-12.021
-13.370
-12.968
-12.635
-12.228
-14.288
-14.953
-14.208
-14.678
-25.518
-25.602
-24.821
-25.000
-24.640
-25.792
-23.889
-24.361
-23.109
-23.203
-23.863
-22.974
-21.971
-21.451
-22.458
-20.969
-20.988
-21.569
-19.634
-19.722
-18.416
-17.525
-18.138
-17.376
-18.986
-17.504
-16.615
-17.272
-18.558
-18.786
-19.418
-18.004
-17.812
-16.995
-19.007
-18.695
-20.012
-18.792
-17.793
-18.683
-19.893
-20.741
-20.037
-19.815
-20.690
-18.999
-19.571
