10.694
9.534
8.627
9.726
10.499
9.629
11.277
10.552
12.005
12.302
12.039
12.745
10.717
11.003
9.702
11.316
9.194
8.224
9.060
10.591
10.659
11.805
10.283
9.354
9.080
9.018
9.886
7.768
7.727
6.773
5.922
6.025
4.663
4.916
4.540
7.611
7.986
8.270
6.211
5.903
6.707
4.367
3.857
4.349
3.276
3.149
3.389
2.087
1.150
2.339
1.654
2.535
1.274
0.541
0.960
0.425
-0.818
-1.137
-0.596
-1.848
-1.465
-1.938
-3.159
-3.046
-4.372
-5.242
-4.672
-5.369
-3.770
-5.229
-5.460
-4.472
-6.576
-6.402
-7.425
-6.995
-7.037
-6.263
-8.396
-8.605
-9.040
-8.889
-9.902
-8.945
-7.962
-6.882
-8.080
-8.256
-7.681
-9.318
-8.049
3.794
3.718
4.451
2.387
2.379
2.165
1.171
1.511
0.553
0.361
0.767
0.245
-1.050
-1.669
-0.952
-1.782
-1.226
-2.625
-2.307
-1.739
-3.480
-3.766
-4.347
-3.728
-4.914
-5.402
-4.888
-5.941
-6.556
-6.058
-7.016
-7.582
-8.371
-8.067
-7.140
-6.574
-8.106
-6.408
-5.484
-6.799
-5.966
-6.926
-5.358
-5.422
-4.376
-6.196
-5.393
14.059
13.816
14.613
13.625
15.412
15.589
15.487
16.256
13.905
14.424
12.871
14.463
13.005
12.015
12.775
13.487
12.573
12.736
12.479
11.210
11.341
12.081
11.390
9.670
9.139
9.738
9.054
7.644
7.027
7.752
6.638
5.672
6.782
7.397
7.486
7.176
7.914
7.303
5.875
4.851
4.981
3.649
3.792
3.670
5.465
5.872
4.775
4.682
4.381
5.376
3.500
3.766
2.814
2.783
2.240
3.491
1.843
2.260
1.703
0.483
0.570
-0.039
-0.344
-0.219
-0.911
-1.554
-1.052
-0.264
-0.922
-2.450
-3.300
-2.669
-2.536
-3.478
-1.663
-2.716
-2.802
-1.855
-4.059
-3.886
-4.629
-4.931
-5.266
-4.445
-6.086
-5.617
-6.348
-7.328
-8.007
-7.799
-7.088
2.280
2.167
1.437
2.078
2.503
2.691
0.540
0.344
0.085
0.226
0.611
0.645
-1.240
-1.397
-1.606
-2.036
-1.639
-2.208
-3.426
-3.457
-4.626
-5.403
-4.832
-3.904
-5.173
-6.088
-5.996
-7.000
-6.148
-6.617
-6.942
-4.953
-4.523
-4.135
-5.123
-4.275
-6.052
-5.446
-4.640
-6.438
-5.284
-4.279
-5.166
-6.293
-5.967
-7.361
-6.246
13.762
12.840
11.815
12.904
13.388
14.210
12.444
13.331
13.710
12.696
14.178
14.172
15.163
15.904
15.318
15.438
12.999
14.036
12.314
11.471
11.455
11.085
12.886
10.537
9.176
8.594
9.100
8.549
9.268
8.311
7.857
7.891
7.410
8.180
6.486
7.307
7.589
6.926
6.203
5.395
5.599
4.273
4.592
3.387
7.094
6.122
7.824
7.045
6.612
8.101
6.324
6.901
6.324
4.847
4.346
4.851
4.057
4.444
4.086
2.512
1.995
2.180
2.040
2.788
0.772
0.612
-0.506
-0.743
-0.272
-1.729
-1.880
-2.671
-1.776
-1.368
-1.048
-3.246
-3.819
-3.235
-3.877
-3.330
-3.961
-5.319
-5.915
-5.273
-6.111
-6.323
-7.125
-5.538
-5.947
-5.781
-4.439
3.894
4.791
3.268
2.938
3.238
2.874
1.552
1.163
1.581
0.419
0.287
0.598
-0.965
-1.076
-1.041
-2.023
-1.877
-3.016
-1.857
-1.138
-2.668
-2.477
-3.911
-4.679
-4.410
-3.583
-2.976
-3.036
-4.893
-5.426
-4.649
-5.782
-5.200
-6.342
-6.873
-6.436
-7.468
-7.789
-7.148
-8.465
-8.621
-9.418
-9.155
-7.758
-8.354
-7.351
-6.948
13.549
12.515
12.639
12.701
13.184
13.928
12.158
13.033
13.313
13.724
12.248
13.782
14.956
14.999
15.147
15.668
10.974
10.523
10.703
10.790
11.615
11.304
10.717
9.253
8.460
7.672
9.064
7.707
8.502
7.037
6.727
7.230
5.762
6.343
5.560
6.752
6.136
7.490
5.944
6.473
7.433
5.648
5.080
6.289
4.403
4.337
4.026
3.309
3.311
3.727
1.983
1.970
1.642
0.920
0.640
1.341
-0.363
-0.202
-0.624
-1.616
-2.542
-1.724
-1.362
-0.517
-2.202
-1.885
-3.500
-3.514
-3.706
-4.563
-4.345
-4.460
-5.975
-6.248
-5.870
-7.016
-6.492
-7.206
-8.298
-8.057
-8.940
-9.270
-9.350
-8.740
-10.745
-10.717
-11.166
-11.746
-12.802
-11.727
-11.409
4.600
5.004
4.365
3.233
2.937
3.379
2.169
2.329
2.291
0.791
0.601
0.716
-0.298
-0.178
-1.225
-0.607
-1.379
0.283
-1.053
-0.323
-2.322
-2.394
-3.592
-4.039
-3.253
-4.538
-4.018
-4.823
-5.862
-5.636
-6.230
-7.025
-6.755
-7.815
-7.619
-6.924
-8.209
-8.775
-8.453
-9.675
-9.131
-9.820
-8.224
-9.953
-10.378
-9.336
-10.733
14.255
13.081
12.222
13.191
14.408
14.228
15.338
13.591
14.183
13.214
14.926
14.353
15.466
15.564
16.397
15.446
12.772
13.681
12.030
10.854
10.510
10.498
12.378
10.249
9.395
9.938
9.098
8.039
7.546
7.319
6.637
6.626
5.766
4.973
6.426
8.195
8.902
8.733
6.932
6.328
6.770
5.151
5.109
5.475
5.014
5.723
4.195
4.477
3.666
5.307
3.759
3.462
4.431
2.676
3.131
2.170
1.640
0.710
1.306
2.001
2.922
2.160
0.808
0.956
-0.349
-1.147
-0.816
-1.345
0.108
-1.775
-1.863
-1.355
-3.237
-3.146
-3.540
-4.369
-4.406
-4.057
-5.742
-5.833
-6.001
-6.815
-6.603
-6.880
-8.247
-8.311
-8.284
-9.274
-10.313
-9.170
-8.990
3.801
3.399
3.941
2.611
2.859
2.716
1.221
1.264
0.526
0.678
1.509
0.637
-0.680
-0.886
-0.603
-1.825
-1.498
-1.900
-3.113
-3.122
-4.281
-5.172
-4.532
-5.016
-3.601
-5.349
-5.250
-4.973
-6.846
-7.249
-7.070
-7.657
-7.506
-8.712
-7.489
-6.540
-7.406
-8.640
-9.090
-9.397
-8.136
-7.181
-8.842
-7.853
-8.034
-8.710
-6.861
10.798
10.561
11.449
9.852
11.520
10.947
11.702
12.521
11.703
11.646
11.333
12.748
9.489
8.875
9.641
8.968
9.790
8.723
9.816
11.513
12.515
11.971
10.290
10.916
9.955
9.974
10.253
8.460
8.411
8.110
7.033
6.452
6.744
6.020
7.728
7.594
7.641
8.016
6.155
5.821
6.685
4.328
4.120
3.901
6.114
6.128
6.678
4.690
4.705
4.130
3.983
3.962
4.706
2.585
2.107
2.805
1.594
1.890
1.536
0.178
-0.188
0.050
-0.766
-0.388
-1.913
-2.497
-2.333
-1.867
-3.409
-2.236
-2.480
-2.908
-0.747
-0.196
-0.243
-0.516
0.587
-1.066
-0.971
-0.915
-1.947
-0.129
0.238
0.627
-1.122
-1.871
-1.636
-0.460
-0.060
-1.105
0.413
3.751
4.370
3.883
2.246
2.223
1.903
1.230
1.285
1.517
-0.253
-0.558
-0.311
-1.164
-0.615
-1.090
-2.610
-2.735
-3.185
-3.167
-2.413
-4.392
-4.616
-5.524
-5.248
-6.345
-5.998
-6.542
-5.104
-6.867
-7.714
-6.365
-7.625
-7.094
-7.688
-9.063
-9.588
-9.544
-9.039
-8.477
-8.480
-10.403
-10.261
-11.101
-11.058
-10.248
-11.938
-11.351
12.037
11.380
11.494
11.900
12.293
11.405
12.552
13.034
13.402
13.229
14.096
13.888
11.326
11.163
10.352
11.886
9.888
9.451
9.353
10.193
11.583
10.019
9.831
9.185
7.772
7.687
7.553
6.842
6.939
7.211
7.149
6.903
7.305
7.236
8.314
5.344
5.118
5.059
4.566
4.073
4.247
3.254
3.438
3.537
6.137
6.551
6.131
4.748
4.384
4.909
3.721
3.925
3.835
2.258
2.187
2.046
1.166
1.617
1.017
-0.175
-0.037
-0.725
-1.033
-0.428
-2.347
-2.785
-3.267
-2.699
-3.997
-4.074
-4.395
-3.403
-5.275
-5.621
-5.015
-6.504
-6.293
-6.730
-7.616
-7.792
-7.289
-8.947
-8.819
-9.243
-9.822
-9.693
-9.451
-11.275
-11.960
-11.561
-11.472
1.809
1.806
1.190
1.094
1.272
1.656
-0.311
-0.257
-1.012
-0.787
-0.110
-0.726
-2.246
-2.852
-2.355
-2.882
-2.834
-2.160
-4.258
-4.305
-5.336
-6.290
-5.539
-4.665
-6.162
-6.333
-5.774
-6.395
-7.785
-7.856
-8.165
-8.684
-8.640
-8.184
-10.134
-10.115
-10.567
-10.872
-11.835
-10.492
-11.097
-10.111
-11.538
-11.970
-12.981
-11.351
-12.234
8.808
7.782
6.918
8.214
10.121
10.822
10.590
9.835
9.010
9.494
8.163
9.531
8.282
9.051
7.377
8.013
7.282
6.293
7.200
8.577
9.796
8.671
8.273
7.327
6.701
6.130
7.310
5.588
6.023
4.504
4.156
4.563
3.085
3.297
2.162
4.869
4.530
5.543
3.722
2.985
3.402
1.740
2.028
1.109
2.853
3.009
3.743
1.652
1.510
0.812
1.713
2.661
0.825
1.400
0.476
2.183
1.398
1.876
2.059
-0.035
0.066
-0.514
-0.880
-0.478
-2.027
-2.379
-2.766
-2.128
-3.459
-3.539
-2.768
-4.169
-4.445
-4.951
-4.006
-5.533
-5.054
-6.027
-6.745
-7.540
-7.077
-6.512
-5.786
-7.401
-6.143
-7.022
-5.393
-5.498
-4.565
-6.252
-5.039
0.791
-0.121
1.279
0.229
0.995
-0.298
-0.751
-1.620
-0.219
-1.116
-0.275
-1.316
-2.390
-3.090
-2.094
-2.847
-3.798
-2.931
-1.727
-1.218
-1.387
-0.533
-1.888
-2.218
-2.634
-0.758
-0.201
-0.003
-1.303
-1.752
-2.094
-0.233
-0.663
0.210
0.824
0.294
1.237
1.978
1.559
2.174
3.306
3.783
3.878
3.122
3.111
3.912
2.140
7.266
7.033
6.194
7.928
8.514
8.541
9.410
8.583
7.366
6.465
8.275
7.461
6.185
5.274
5.965
6.268
7.028
6.637
6.330
9.438
9.610
10.553
8.271
8.921
9.023
8.866
10.063
8.083
8.354
6.742
5.813
5.963
4.446
4.336
4.494
8.141
9.218
7.540
7.777
6.655
6.117
6.141
6.798
6.126
3.366
3.617
3.096
2.085
1.810
2.321
0.978
1.423
0.632
-0.159
-0.848
0.259
-1.116
-0.418
-1.628
-2.092
-2.860
-1.556
-2.890
-2.389
-4.245
-4.701
-5.229
-4.696
-5.727
-6.322
-5.736
-6.903
-7.432
-8.041
-6.835
-8.388
-8.726
-7.835
-9.629
-9.438
-10.149
-10.560
-10.536
-10.156
-12.059
-12.528
-12.058
-12.829
-12.442
-12.574
-13.918
4.782
4.777
4.214
4.059
4.763
3.513
3.031
2.207
3.434
2.266
2.981
1.436
1.701
1.180
2.442
0.664
0.001
0.075
1.209
1.253
1.646
2.056
1.749
2.676
1.737
0.478
0.389
-0.418
0.528
1.493
0.552
-0.541
-0.614
-1.522
-0.396
0.659
-0.588
-1.128
-0.827
-0.828
-2.672
-3.036
-2.899
-3.462
-3.042
-4.568
-3.311
15.082
14.038
13.093
13.849
15.316
15.439
14.451
16.186
16.361
16.890
17.037
16.207
14.652
13.839
15.387
14.180
14.415
15.434
13.771
13.012
12.787
12.839
14.383
11.928
10.550
9.870
10.399
9.938
10.743
9.428
8.672
8.515
8.004
8.869
7.454
8.798
9.155
8.599
7.508
7.354
8.155
5.882
5.296
5.640
7.206
7.746
7.156
5.780
5.746
5.322
4.800
5.002
5.046
3.324
3.177
3.070
2.478
2.634
2.825
1.065
0.526
1.198
0.278
0.891
-1.057
-1.444
-2.026
-1.596
-2.469
-3.211
-3.067
-3.905
-3.895
-3.899
-3.283
-5.408
-6.087
-5.860
-5.471
-4.823
-6.519
-5.087
-4.038
-5.131
-5.927
-6.988
-5.670
-5.697
-6.245
-4.608
-6.056
5.368
5.680
5.777
3.826
3.400
3.555
3.182
3.759
3.424
1.705
1.395
1.072
1.395
1.756
1.939
-0.135
-0.639
-0.546
-0.621
-0.142
-1.247
-1.320
-1.775
-1.222
-1.707
-3.261
-3.554
-3.498
-4.261
-4.458
-3.848
-5.603
-5.530
-5.780
-6.705
-6.453
-6.734
-8.035
-8.421
-8.779
-8.052
-7.371
-7.637
-9.445
-9.371
-9.896
-9.962
7.092
8.283
9.090
8.755
7.534
6.799
8.438
7.743
6.520
6.281
7.335
5.830
5.992
5.456
6.330
5.332
8.265
9.347
7.777
8.659
9.938
8.636
7.779
7.813
6.826
7.188
6.766
5.460
5.436
4.515
4.436
4.725
3.916
4.039
4.600
4.940
5.049
5.519
3.532
2.745
3.109
1.457
1.532
1.277
2.363
2.439
2.226
1.362
1.402
1.728
0.012
0.085
-0.309
-1.173
-1.309
-0.685
-2.477
-2.404
-2.941
-3.296
-3.501
-2.711
-4.540
-4.294
-5.798
-6.527
-6.214
-5.557
-6.188
-7.680
-8.397
-7.849
-7.854
-7.266
-7.405
-9.341
-9.475
-9.931
-9.790
-9.430
-9.295
-11.249
-11.479
-11.848
-11.716
-12.778
-11.626
-11.146
-10.055
-11.356
-11.526
0.334
0.310
-0.605
0.310
0.392
1.155
-1.066
-0.925
-1.429
-2.203
-2.032
-2.260
-3.550
-3.657
-3.607
-4.801
-4.911
-4.562
-6.037
-6.022
-6.917
-7.733
-7.046
-6.697
-8.108
-6.182
-6.357
-5.112
-6.506
-7.608
-6.073
-5.878
-6.321
-6.161
-4.298
-4.027
-3.905
-3.620
-4.161
-3.903
-2.180
-1.483
-2.138
-1.705
-0.629
-2.195
-1.913
7.940
6.699
6.040
6.080
8.978
8.484
9.176
9.808
7.585
8.387
6.923
7.168
8.653
9.373
7.878
9.124
6.956
7.458
5.938
7.332
6.761
8.490
7.778
6.106
5.427
5.434
5.897
3.934
3.861
3.297
3.648
4.257
2.901
3.187
1.814
3.104
3.564
2.073
3.213
2.124
1.133
2.317
2.422
3.118
3.119
4.141
2.759
2.327
1.263
2.846
2.306
3.273
1.559
1.873
0.798
2.483
2.435
3.530
1.947
2.076
0.979
2.671
2.457
2.819
2.523
2.795
2.165
2.074
2.884
0.804
0.993
0.647
-0.405
-0.477
-0.213
-1.776
-1.766
-2.060
-2.989
-2.787
-3.754
-3.458
-2.535
-4.123
-4.221
-4.704
-3.498
-5.348
-6.005
-5.857
-4.989
1.085
0.153
1.090
0.928
1.902
0.762
-0.350
-0.275
-0.142
-1.675
-1.722
-1.762
-3.010
-3.045
-3.899
-3.225
-2.340
-3.061
-4.505
-4.442
-5.708
-6.551
-6.031
-5.203
-6.901
-6.498
-7.022
-5.598
-7.576
-8.346
-7.028
-8.285
-8.483
-7.537
-9.629
-10.225
-10.213
-9.466
-8.623
-9.032
-10.816
-10.488
-11.633
-11.175
-11.595
-10.274
-11.939
13.484
14.001
14.841
14.437
14.548
15.179
14.166
15.140
12.810
13.567
12.447
11.958
12.458
11.716
12.923
12.056
13.011
13.496
12.632
10.636
9.968
11.032
11.947
9.695
9.694
10.517
10.060
8.266
8.350
7.164
6.930
7.296
6.101
6.850
5.306
8.124
8.418
8.974
6.882
5.821
5.787
4.678
4.540
4.893
5.442
4.760
6.290
4.703
5.457
3.910
4.150
3.833
4.965
2.926
3.087
2.082
2.544
2.392
3.432
1.194
1.121
1.197
-0.105
0.041
-1.392
-2.271
-1.755
-0.968
-2.077
-3.006
-3.300
-3.755
-2.919
-2.525
-2.220
-4.280
-4.675
-4.942
-4.290
-3.928
-3.435
-5.587
-5.408
-5.788
-6.744
-7.388
-6.345
-7.564
-8.617
-7.163
-7.460
3.296
3.396
2.605
2.628
3.095
1.598
2.535
2.526
3.467
1.333
1.149
0.339
1.616
1.914
2.599
0.534
0.201
1.019
-0.589
-0.216
-1.830
-2.587
-2.547
-3.041
-1.806
-3.556
-4.385
-4.062
-3.018
-2.490
-2.216
-4.112
-4.992
-3.675
-4.537
-4.554
-3.799
-5.862
-5.842
-5.934
-7.179
-7.303
-6.924
-8.422
-8.377
-8.503
-9.295
12.802
11.423
11.199
11.451
13.275
12.673
14.275
13.313
13.770
13.509
13.700
14.790
12.935
12.889
12.158
13.875
10.325
10.385
9.340
10.413
11.174
10.957
10.176
8.963
7.839
7.945
7.002
7.333
8.030
6.021
6.040
6.962
4.544
4.164
4.026
7.238
6.518
8.252
6.805
6.052
6.105
5.174
4.449
5.954
4.387
4.819
5.047
2.890
2.500
2.296
2.856
2.874
3.718
1.555
1.794
0.695
1.260
1.458
2.008
-0.123
-0.293
-0.907
-0.256
0.089
-0.854
-0.877
-1.405
-1.395
-0.896
-2.918
-3.125
-2.973
-3.869
-3.510
-3.794
-5.316
-5.695
-5.272
-6.216
-5.793
-6.207
-7.619
-8.198
-8.045
-7.793
-7.232
-7.440
-9.265
-9.484
-9.372
-9.932
4.377
3.471
5.055
3.897
4.842
3.333
2.988
2.026
3.397
2.979
2.645
4.039
1.958
2.025
0.962
2.274
3.385
2.036
1.785
2.666
0.546
0.349
-0.668
-1.466
-0.458
-1.267
-0.447
-1.498
-2.571
-3.251
-3.027
-2.124
-1.223
-1.748
-3.231
-3.999
-3.808
-2.706
-3.618
-2.354
-1.638
-0.668
-1.919
-1.522
-0.958
-0.808
-2.483
13.659
12.925
12.121
12.506
12.561
12.827
11.719
12.308
14.121
14.191
15.066
13.449
14.852
15.485
14.509
15.395
13.825
13.211
14.452
14.194
15.220
13.804
14.696
12.948
11.894
11.709
12.113
10.473
10.673
10.022
9.110
8.698
8.642
9.569
8.047
9.405
9.841
8.436
9.179
8.181
7.213
8.222
8.723
8.899
7.520
7.715
7.404
6.166
6.311
5.493
5.526
5.717
5.957
4.022
3.608
3.708
3.501
3.926
3.667
1.981
1.538
1.739
1.458
2.338
0.232
0.059
-0.927
-0.533
-1.233
-2.055
-1.580
-2.621
-3.048
-3.515
-2.412
-4.227
-3.898
-4.946
-4.917
-5.579
-4.155
-5.738
-5.229
-6.695
-6.129
-6.632
-5.175
-6.904
-8.006
-6.676
-6.669
6.870
6.345
7.113
5.883
6.398
5.989
4.429
4.025
4.496
3.506
3.578
3.711
2.002
1.988
1.780
0.997
1.110
1.174
-0.390
-0.618
-1.278
-2.317
-1.099
-0.302
-0.956
-2.405
-2.742
-2.124
-3.462
-3.787
-2.980
-4.745
-4.491
-5.093
-5.858
-5.478
-6.191
-7.094
-6.806
-7.286
-8.447
-8.556
-8.430
-9.734
-10.085
-10.526
-9.503
9.922
9.013
8.185
9.685
10.897
11.670
11.282
10.321
8.972
9.648
8.317
8.325
10.590
11.330
11.049
9.847
8.444
9.251
8.006
7.522
7.379
8.666
7.508
6.243
5.088
4.795
5.351
4.043
4.448
3.762
3.060
2.774
2.542
2.696
3.127
2.762
1.950
2.311
3.180
3.280
2.803
4.049
4.742
4.521
1.089
1.005
0.934
0.114
-0.854
0.359
-0.021
0.949
-0.334
-1.020
-0.663
-0.978
-2.357
-2.540
-2.510
-3.338
-4.159
-2.856
-3.830
-3.047
-5.095
-5.242
-6.324
-5.928
-7.009
-7.176
-6.569
-7.735
-8.142
-8.719
-7.686
-9.001
-8.416
-9.672
-10.111
-10.614
-9.676
-11.161
-11.943
-11.638
-10.643
-9.879
-10.114
-11.569
-11.101
-12.326
-12.082
2.987
3.598
2.344
2.190
1.448
2.795
1.336
0.931
2.118
0.156
-0.588
0.333
-0.712
0.126
-1.169
-1.646
-2.310
-0.960
-2.494
-1.843
-3.806
-4.116
-4.760
-5.145
-4.260
-5.958
-6.374
-6.780
-5.664
-4.726
-5.470
-6.786
-6.932
-6.477
-8.113
-8.495
-7.910
-9.295
-9.431
-9.126
-10.646
-10.748
-11.528
-10.742
-10.529
-10.097
-11.787
15.069
15.240
16.193
15.293
15.009
14.141
15.930
14.781
13.876
12.954
13.799
14.105
16.277
17.221
16.206
16.493
14.020
14.406
14.073
11.504
11.435
11.686
12.716
10.266
9.825
10.168
10.372
8.236
8.163
7.506
7.324
7.682
6.387
6.674
5.344
7.643
7.734
8.311
6.301
6.195
7.064
4.759
4.539
4.131
6.500
6.161
7.556
5.779
6.214
4.740
5.835
6.774
5.893
4.649
4.476
4.777
3.353
3.635
3.070
2.325
2.593
1.447
1.865
2.464
0.706
0.560
-0.452
-1.312
-0.794
0.108
-0.749
0.821
0.572
1.315
-0.123
1.360
0.820
2.294
1.690
2.322
2.317
0.573
0.976
0.011
-0.552
-1.233
-0.026
-1.522
-2.029
-2.332
-0.892
4.458
5.271
4.429
3.148
2.325
3.188
2.693
3.511
2.663
1.413
1.349
0.524
1.156
1.619
1.479
-0.350
-0.355
-0.863
-1.228
-0.687
-2.603
-3.011
-3.497
-4.427
-3.032
-4.136
-4.451
-4.976
-3.158
-2.359
-2.641
-3.742
-4.287
-4.502
-2.763
-2.000
-2.350
-3.579
-4.128
-4.369
-2.602
-2.271
-1.675
-3.186
-2.693
-3.203
-4.169
13.430
13.347
14.115
12.464
13.670
13.837
14.594
12.812
14.519
15.440
14.481
14.561
12.175
11.359
12.191
11.941
13.436
13.383
14.356
10.852
10.933
10.534
12.258
9.823
9.113
9.701
8.912
7.676
7.882
6.788
6.925
7.810
5.679
5.932
5.718
6.891
6.679
7.320
5.505
5.321
6.188
3.892
3.792
3.290
4.419
4.383
4.558
3.106
3.148
2.820
1.946
1.989
2.221
0.599
0.662
0.421
-0.545
-0.444
-0.349
-1.940
-2.716
-2.242
-2.128
-1.973
-2.437
-2.549
-2.724
-3.794
-2.179
-2.495
-2.393
-1.541
-3.610
-4.015
-4.464
-3.270
-2.912
-2.479
-4.447
-4.952
-5.273
-4.067
-3.699
-3.335
-5.242
-5.601
-6.120
-4.901
-4.537
-4.040
-5.818
3.394
3.529
3.811
1.883
1.701
1.818
0.943
1.011
1.483
-0.500
-0.983
-0.554
-1.275
-0.747
-1.365
-2.668
-3.052
-2.596
-3.614
-3.432
-4.714
-5.357
-5.327
-5.099
-4.883
-6.846
-6.969
-7.260
-7.621
-8.718
-7.236
-7.364
-7.944
-6.279
-7.830
-8.901
-7.312
-7.608
-6.547
-7.680
-8.524
-9.591
-8.342
-8.243
-8.381
-8.935
-7.206
12.755
12.308
13.226
11.606
11.659
11.206
12.170
10.958
13.284
12.528
13.596
14.161
13.755
13.415
13.887
14.747
11.746
10.792
11.472
13.645
14.681
14.130
12.570
12.739
12.599
12.849
13.143
11.117
11.015
10.825
10.060
9.676
9.637
9.839
10.265
10.050
9.939
10.556
8.791
8.855
9.812
7.455
7.563
6.676
8.198
7.982
8.092
7.180
6.753
7.623
6.027
6.422
5.669
4.796
4.584
5.260
3.651
4.033
3.109
2.463
1.544
2.304
2.727
3.765
1.821
2.174
0.374
-0.104
0.106
-0.216
0.311
-0.018
-1.722
-2.081
-1.885
-2.250
-1.894
-1.864
-3.725
-4.181
-3.939
-4.264
-4.204
-3.480
-5.627
-5.810
-5.515
-6.788
-6.757
-6.503
-7.754
6.963
7.755
6.578
5.752
5.084
6.014
4.910
5.672
4.323
3.933
3.793
4.608
2.592
2.076
2.752
1.707
1.492
2.233
0.467
-0.011
-0.101
-0.970
0.347
1.443
0.322
-0.503
-0.330
-1.569
-0.350
0.727
-0.684
-1.070
-0.840
-0.750
-2.565
-3.099
-2.835
-3.363
-2.975
-4.463
-3.144
-3.275
-2.109
-4.126
-5.173
-3.892
-4.045
10.748
9.193
8.761
8.943
11.156
10.505
11.036
12.159
11.076
10.586
10.620
12.128
11.445
11.297
12.507
10.995
8.490
7.380
8.731
8.435
8.600
9.202
8.892
6.914
6.410
7.215
5.825
5.547
4.973
4.814
3.596
3.122
2.915
3.034
3.274
6.526
7.167
7.150
5.733
5.952
6.804
4.857
3.856
5.147
1.390
1.219
1.176
0.450
0.540
0.588
-0.983
-1.207
-1.360
-2.022
-2.010
-1.578
-3.317
-3.143
-3.718
-4.367
-3.937
-5.134
-4.993
-4.335
-6.226
-6.523
-7.216
-7.750
-6.700
-8.321
-8.833
-9.089
-7.686
-7.272
-6.922
-8.590
-9.127
-9.410
-8.051
-7.397
-7.521
-9.210
-9.958
-8.861
-9.840
-9.007
-10.542
-10.650
-9.907
-11.203
-11.211
4.549
5.507
3.970
4.009
4.749
4.080
2.572
2.460
2.281
1.444
1.708
1.399
0.111
-0.340
0.257
-1.014
-0.682
-1.881
-1.236
-0.479
-2.331
-2.406
-3.559
-3.450
-3.744
-4.832
-5.047
-4.675
-6.133
-6.862
-6.541
-5.838
-5.268
-5.145
-7.050
-7.222
-6.777
-8.279
-8.666
-8.053
-9.335
-9.052
-9.683
-10.585
-11.422
-10.917
-10.166
14.496
13.252
12.557
12.810
15.508
16.402
15.148
15.789
14.204
15.100
13.493
13.868
15.154
14.431
15.540
15.951
13.389
14.113
12.417
12.699
11.978
13.408
13.786
11.630
11.329
11.612
11.924
9.789
9.520
9.233
9.623
10.165
9.319
10.212
8.704
9.075
9.211
9.693
7.705
7.165
7.796
5.681
5.162
5.421
8.612
9.217
8.583
7.090
7.058
6.742
6.130
6.225
6.450
4.694
4.002
4.806
4.036
4.363
4.308
2.524
1.888
2.312
2.141
2.960
0.931
0.566
-0.223
-0.406
-0.141
-1.497
-1.707
-2.417
-1.427
-0.528
-2.308
-1.573
-0.675
-1.448
-2.946
-3.653
-3.022
-3.442
-2.798
-3.269
-4.959
-5.066
-5.569
-5.251
-4.519
-6.294
-5.160
5.017
5.440
5.519
3.483
3.036
3.029
2.966
3.418
3.096
1.424
1.037
1.254
0.529
0.873
0.614
-0.845
-0.831
-1.153
-1.775
-1.461
-2.893
-3.487
-3.487
-2.866
-3.831
-4.759
-5.041
-5.640
-4.506
-3.472
-5.190
-4.741
-4.230
-4.283
-6.259
-6.608
-6.781
-6.626
-6.103
-6.279
-8.134
-8.584
-8.652
-8.509
-8.046
-9.599
-8.151
11.096
9.921
9.147
10.296
10.624
11.544
10.060
9.934
12.177
12.718
11.756
12.908
11.545
12.268
12.000
10.687
9.176
8.345
8.657
9.954
10.227
10.933
9.905
8.484
7.936
8.397
8.222
6.419
6.381
5.875
5.922
6.291
5.582
5.711
6.407
5.843
6.273
6.280
4.387
3.822
4.334
2.301
2.163
2.079
4.163
3.986
4.096
2.943
3.259
2.598
1.815
2.162
1.037
1.224
1.015
1.933
-0.004
-0.396
0.346
-1.195
-1.735
-0.952
-1.915
-1.236
-3.161
-3.478
-4.163
-3.951
-4.904
-4.632
-4.474
-3.942
-6.158
-6.650
-6.672
-6.470
-5.809
-6.225
-7.933
-8.261
-8.001
-8.979
-9.074
-8.767
-10.444
-10.388
-10.612
-11.521
-11.334
-12.548
-11.420
1.422
1.708
1.795
-0.087
-0.296
-0.383
-1.070
-0.816
-0.866
-2.511
-2.684
-2.793
-3.615
-3.641
-4.587
-3.397
-4.109
-2.405
-3.525
-2.568
-4.579
-4.514
-5.959
-5.962
-6.713
-6.369
-6.305
-5.672
-7.855
-7.985
-8.559
-8.185
-7.691
-7.720
-9.687
-9.934
-10.206
-10.448
-11.437
-10.098
-10.840
-10.066
-10.871
-12.125
-12.118
-12.218
-13.004
13.545
12.131
11.862
12.326
14.569
14.575
14.493
15.578
13.596
13.323
14.551
12.856
13.782
13.579
14.772
13.063
10.983
9.974
10.924
10.637
11.323
10.892
11.113
9.068
8.278
8.657
8.260
6.863
7.026
5.968
5.389
5.808
4.054
4.204
3.576
6.404
6.663
6.954
4.947
4.600
5.345
3.109
2.861
2.485
3.003
2.715
3.541
1.868
2.372
1.377
0.871
0.767
1.426
-0.336
-0.644
-0.098
-1.666
-1.367
-1.832
-2.971
-3.874
-2.886
-3.060
-2.044
-4.115
-4.132
-5.500
-5.997
-5.424
-6.232
-5.752
-6.053
-7.761
-8.232
-7.892
-8.441
-7.874
-8.681
-9.842
-10.462
-10.335
-9.578
-9.117
-8.782
-10.871
-10.578
-11.623
-11.451
-11.994
-10.582
-12.126
2.857
3.648
2.845
1.492
1.243
1.410
0.380
0.455
0.541
-1.051
-1.724
-1.410
-1.221
-0.542
-0.872
-2.707
-3.377
-2.884
-3.103
-2.440
-4.146
-4.146
-5.133
-5.099
-6.155
-4.965
-5.363
-3.900
-5.661
-6.693
-5.084
-5.718
-6.243
-6.192
-4.279
-4.441
-3.644
-3.431
-3.934
-3.349
-2.008
-1.193
-1.898
-1.781
-0.746
-2.466
-2.066
11.155
10.089
9.189
10.299
10.874
9.857
11.458
11.197
12.471
13.154
12.961
12.283
11.200
10.237
11.701
11.753
9.633
8.994
8.995
10.972
11.342
11.993
10.703
9.579
9.187
9.878
9.229
7.746
7.331
6.892
6.536
6.701
5.964
6.900
5.415
7.701
8.443
8.056
6.400
5.897
6.606
4.416
4.166
4.234
5.152
5.656
5.135
3.762
3.240
3.902
2.842
2.978
1.761
3.126
3.450
3.882
1.851
1.518
1.080
2.132
2.878
1.189
2.768
3.793
2.269
2.991
0.979
1.219
0.603
-0.087
0.015
0.223
-1.513
-2.082
-1.529
-2.233
-3.261
-1.868
-2.119
-2.349
-1.030
-2.937
-3.028
-2.489
-4.372
-4.415
-4.812
-5.215
-6.269
-5.021
-4.772
3.546
3.757
3.791
2.084
1.865
1.807
1.099
1.256
0.121
1.070
2.056
0.754
0.217
0.656
0.269
-1.239
-1.799
-1.212
-1.900
-1.442
-3.077
-3.530
-3.915
-3.610
-3.746
-5.417
-5.942
-5.488
-6.255
-5.917
-6.077
-7.785
-7.871
-8.225
-8.533
-8.202
-9.639
-8.294
-7.210
-8.832
-8.633
-7.793
-8.687
-9.932
-9.739
-10.391
-10.713
9.703
9.997
11.030
9.937
10.930
10.755
11.813
11.192
9.499
8.551
10.305
9.584
8.535
8.542
8.397
7.666
9.114
8.062
9.441
10.105
10.866
10.835
9.095
9.214
8.704
8.944
9.089
7.143
6.842
6.782
6.829
6.921
6.682
7.662
6.408
6.622
7.143
6.751
5.161
4.868
5.629
3.344
3.085
2.802
5.501
5.782
5.534
4.117
3.942
4.064
3.004
2.029
3.253
2.967
3.845
3.118
1.690
0.937
1.565
1.577
1.243
0.720
2.860
3.757
3.005
3.881
1.966
1.139
2.462
1.376
2.128
0.777
0.398
-0.405
0.892
-0.377
0.218
-0.950
-1.495
-2.013
-0.991
-2.562
-2.015
-3.313
-3.308
-4.171
-3.793
-2.400
-3.057
-1.748
-1.807
2.657
3.129
2.945
1.099
0.625
0.788
0.366
0.835
0.470
-1.188
-1.280
-1.535
-2.119
-2.329
-1.621
-3.428
-3.211
-3.958
-4.336
-3.997
-5.508
-6.064
-6.219
-6.121
-5.701
-7.749
-7.661
-8.237
-8.489
-7.855
-8.577
-9.884
-9.919
-10.388
-10.782
-10.692
-10.571
-12.308
-12.382
-12.535
-13.272
-12.975
-12.990
-14.765
-15.200
-14.949
-15.317
13.005
11.764
11.980
11.020
12.896
12.696
13.786
11.985
13.180
13.912
13.266
12.334
14.243
14.042
15.186
14.411
11.184
10.435
11.930
10.941
11.574
11.610
10.716
9.469
8.429
8.031
8.762
7.214
7.626
6.540
6.714
7.530
5.796
5.136
5.199
6.159
5.539
6.744
5.261
4.729
4.920
3.841
4.409
2.809
6.657
6.970
7.535
5.683
6.266
4.942
4.959
4.231
5.668
4.170
4.971
3.674
3.282
3.911
2.942
2.085
1.407
2.194
1.265
1.695
0.236
-0.137
-0.419
-0.128
-1.491
-0.026
1.070
-0.473
-0.280
-1.230
-0.286
0.831
1.121
0.712
2.154
2.271
2.289
3.308
3.209
3.139
4.622
5.371
4.754
5.099
5.145
6.140
4.429
3.718
3.162
4.763
2.956
3.647
2.051
2.514
1.566
3.220
2.139
2.999
1.912
0.967
0.079
1.167
0.717
1.629
0.541
-0.341
-0.112
-1.602
-2.378
-2.096
-2.667
-1.301
-2.999
-3.328
-2.323
-4.236
-4.810
-4.003
-5.179
-4.554
-5.677
-6.290
-5.835
-6.789
-7.267
-8.003
-7.873
-6.606
-6.033
-7.465
-5.711
-6.307
-4.827
-5.555
12.854
12.726
12.676
13.646
14.044
14.181
13.912
14.928
11.629
11.184
11.888
10.865
13.045
14.069
12.756
12.365
11.475
11.185
10.643
12.669
14.050
12.566
11.778
11.986
11.114
10.929
11.584
9.746
10.054
9.346
8.490
8.279
7.963
8.555
8.125
8.720
8.468
9.136
7.539
7.759
8.860
6.393
6.476
5.751
6.514
6.273
6.025
5.663
5.803
5.855
4.126
3.649
3.984
3.510
3.979
3.631
2.087
1.528
2.102
1.432
0.406
2.087
1.507
2.433
0.406
0.539
-0.970
-1.380
-1.012
-1.710
-1.170
-2.036
-3.105
-3.508
-2.934
-4.274
-5.180
-3.956
-4.627
-5.373
-3.848
-5.038
-4.211
-5.982
-5.374
-4.481
-5.841
-6.482
-7.465
-6.102
-6.622
5.640
6.331
5.067
4.723
3.901
5.262
4.289
4.985
4.296
2.965
2.166
2.589
2.830
3.620
3.012
1.581
1.764
0.685
1.440
2.017
0.870
0.856
0.240
0.181
0.876
-1.173
-1.171
-1.760
-1.716
-1.027
-1.734
-3.068
-3.787
-2.965
-3.673
-2.934
-4.642
-3.852
-2.962
-4.673
-4.307
-5.089
-3.552
-4.754
-3.925
-5.538
-5.131
9.732
10.267
11.010
10.850
10.834
11.433
11.499
10.403
8.990
8.312
9.698
8.265
8.695
8.499
7.808
8.945
9.195
8.445
9.745
9.293
9.142
10.688
8.502
8.546
7.351
7.185
7.352
6.109
6.455
5.717
5.304
5.373
4.752
4.061
5.578
4.861
4.655
5.164
3.662
3.767
4.720
2.385
1.649
2.531
4.069
4.824
3.307
3.344
4.211
2.953
2.235
2.621
1.847
1.042
1.536
0.309
0.176
0.771
-0.427
-0.694
-1.041
-0.053
-1.829
-1.489
-3.131
-3.882
-3.804
-3.231
-4.591
-4.571
-4.836
-5.547
-3.773
-3.611
-2.838
-4.415
-3.679
-4.433
-5.688
-6.330
-5.545
-6.375
-5.637
-6.616
-7.580
-8.388
-8.003
-7.344
-7.397
-8.034
-6.338
1.668
2.465
1.000
0.914
0.462
0.098
1.792
2.128
2.728
1.069
0.817
1.879
-0.046
0.180
-0.897
-0.345
-0.324
-1.362
0.812
1.789
0.647
1.465
-0.663
-1.257
-0.421
-1.487
-0.744
-1.933
-2.583
-2.267
-3.256
-3.456
-3.430
-3.002
-4.934
-5.337
-4.891
-5.757
-5.297
-6.726
-6.195
-6.905
-5.295
-7.027
-6.471
-7.990
-7.216
13.720
13.084
13.310
13.518
13.471
14.085
12.418
13.672
15.238
15.651
15.729
15.328
13.315
13.827
13.473
12.255
11.558
11.139
11.187
11.294
12.748
10.496
11.125
10.558
9.130
8.762
8.976
8.306
8.737
8.365
7.996
7.634
8.085
8.457
8.821
6.844
6.460
6.870
5.854
5.585
6.008
4.676
3.793
5.282
6.693
6.964
6.185
5.586
5.336
5.988
4.331
4.417
4.189
3.027
2.814
3.135
1.872
2.242
1.574
0.562
0.733
-0.105
-0.340
0.186
-1.690
-2.217
-2.561
-3.223
-1.964
-3.661
-3.169
-4.132
-4.832
-5.276
-4.314
-5.994
-5.609
-6.711
-6.717
-6.052
-7.360
-7.587
-8.319
-6.844
-8.226
-7.429
-8.806
-9.227
-9.616
-10.088
-8.763
4.247
5.058
4.104
2.913
3.003
2.759
1.743
1.745
1.874
0.387
0.451
0.065
-0.742
-0.705
-0.570
-2.134
-2.123
-1.997
-3.310
-3.421
-4.170
-5.161
-3.977
-4.097
-2.931
-4.925
-4.961
-4.625
-6.411
-6.503
-6.500
-7.340
-6.770
-7.497
-8.721
-9.023
-8.514
-9.683
-9.710
-9.302
-11.096
-11.178
-11.253
-12.205
-12.026
-12.240
-13.235
11.079
9.819
9.246
9.261
11.932
12.138
11.372
12.830
11.905
12.027
12.806
11.468
10.754
11.629
10.549
9.933
9.855
8.847
10.568
9.381
8.723
10.212
10.343
8.535
7.125
6.732
6.562
6.814
5.728
7.052
6.219
5.339
6.612
7.215
7.110
7.536
8.602
7.415
7.038
6.418
6.036
6.166
6.265
6.887
5.315
4.583
5.552
4.774
4.017
5.555
4.353
5.119
3.647
3.464
2.771
4.047
2.576
3.162
1.873
1.834
2.570
1.200
0.975
1.536
-0.398
-0.890
-1.317
-1.892
-0.761
-2.199
-2.754
-1.622
-3.134
-2.492
-3.283
-4.473
-4.949
-4.530
-5.461
-6.378
-4.998
-5.878
-5.042
-6.371
-6.960
-7.215
-7.805
-6.444
-7.008
-6.611
-5.355
4.796
4.715
4.755
3.614
3.847
3.381
2.361
2.040
2.515
1.142
1.138
1.261
-0.077
0.176
-0.290
-1.381
-1.070
-1.388
-2.695
-2.637
-3.809
-4.749
-3.912
-3.626
-3.158
-5.214
-6.119
-5.164
-5.474
-5.649
-4.604
-6.752
-6.730
-6.855
-7.978
-8.063
-7.910
-9.246
-9.371
-9.319
-10.230
-9.949
-10.174
-11.636
-11.890
-11.799
-12.302
11.046
12.028
12.764
12.633
10.360
10.834
9.328
10.257
9.990
10.365
9.137
9.590
11.628
10.892
12.169
12.395
11.544
10.706
12.312
10.662
10.601
11.630
10.992
9.198
8.089
8.427
7.317
7.511
8.236
6.287
6.330
7.309
4.801
4.472
4.206
7.306
8.292
6.863
6.348
5.140
4.700
4.223
4.306
4.657
4.545
5.107
4.984
3.050
2.663
2.946
2.128
2.492
2.152
0.672
0.365
0.633
-0.405
-0.210
-0.296
-1.877
-2.352
-1.726
-2.518
-2.011
-3.661
-4.071
-4.481
-4.009
-5.523
-4.682
-4.944
-3.685
-5.741
-5.588
-6.675
-5.894
-6.469
-4.944
-6.612
-7.457
-6.971
-5.653
-5.873
-4.661
-5.754
-5.561
-6.817
-5.009
-4.904
-5.355
-3.943
2.757
2.086
2.443
2.549
3.364
2.548
1.264
1.144
0.402
1.015
1.935
0.630
-0.064
-0.985
0.261
-0.115
-0.410
0.945
-0.959
-0.266
-2.238
-2.774
-3.206
-2.695
-3.574
-4.358
-5.089
-4.093
-5.250
-5.610
-4.607
-6.529
-6.293
-7.072
-7.663
-7.772
-8.614
-7.502
-6.534
-7.391
-8.556
-9.499
-8.762
-8.215
-7.266
-8.237
-9.090
15.463
14.233
14.113
14.405
15.214
16.096
14.418
15.033
15.755
16.083
14.925
16.508
16.663
16.446
17.475
16.903
12.815
12.043
12.528
12.651
13.488
12.941
13.029
11.086
10.318
10.627
10.453
8.826
8.362
8.298
8.312
8.744
7.511
8.277
6.897
8.426
8.867
8.949
6.997
6.227
6.537
4.807
4.492
4.892
6.603
5.826
7.232
5.924
6.507
5.337
5.029
4.422
5.704
4.059
4.612
3.311
3.256
3.870
2.940
2.116
1.351
2.594
1.344
1.625
0.439
-0.096
0.035
-0.998
0.741
0.308
1.262
-0.463
0.036
-0.843
0.917
-0.040
0.687
-1.038
0.291
-0.461
0.293
1.591
2.535
1.498
2.031
1.439
1.997
3.446
3.753
4.133
3.600
3.739
3.758
3.844
2.290
2.115
2.172
1.265
1.660
1.224
-0.191
-0.176
-0.604
-0.991
-0.818
-0.606
-2.539
-2.691
-3.130
-3.057
-2.341
-4.329
-4.609
-5.434
-5.153
-6.355
-5.718
-4.859
-6.485
-6.178
-5.392
-7.141
-6.244
-6.898
-5.171
-6.639
-7.617
-5.841
-6.733
-7.521
-5.749
-7.342
-6.801
-8.430
-7.049
-7.567
-5.984
-7.407
14.336
13.278
13.639
13.136
13.732
14.392
13.663
12.803
15.550
15.307
16.516
15.830
14.652
13.708
15.224
15.190
11.840
11.353
11.134
11.932
12.481
12.573
11.849
10.372
9.438
9.216
9.851
8.066
8.306
7.607
6.944
6.619
6.696
7.622
6.613
7.091
7.204
7.437
5.715
5.443
6.257
3.947
3.904
3.591
5.381
5.547
5.461
4.058
4.313
3.752
2.935
2.778
3.181
1.596
1.681
0.985
0.722
1.384
-0.085
0.150
-0.472
1.077
-0.618
-1.347
-0.350
-1.025
0.539
0.176
1.612
0.369
1.363
0.488
-0.774
-0.750
-1.729
-0.605
-0.395
0.317
-1.767
-2.726
-1.586
-1.823
-2.370
-2.426
-0.490
0.270
-0.615
0.024
0.942
-0.738
0.537
3.160
3.297
3.514
1.638
1.424
1.327
0.846
1.283
1.078
-0.722
-1.043
-0.999
-1.396
-2.228
-0.668
-1.836
-2.688
-1.003
-2.271
-1.943
-2.856
-3.074
-3.301
-3.133
-2.815
-4.815
-5.018
-5.338
-5.310
-5.367
-6.395
-4.494
-3.433
-4.943
-4.441
-3.571
-5.385
-4.222
-4.030
-3.318
-5.430
-5.569
-6.347
-5.362
-4.655
-6.361
-5.129
10.241
8.788
8.674
8.211
10.985
11.057
11.949
10.498
10.434
11.439
9.688
10.252
10.782
10.565
11.850
10.325
8.078
7.137
8.564
8.376
8.214
9.728
7.794
7.355
5.962
5.852
5.647
5.085
4.053
5.060
4.406
3.681
4.663
5.522
5.038
5.577
6.541
5.853
4.515
4.600
5.546
3.310
2.511
3.447
3.396
2.532
3.084
3.569
4.188
4.116
2.178
2.343
1.391
1.629
1.443
2.504
0.323
0.520
-0.276
-0.382
0.202
-1.198
-0.848
-0.130
-2.036
-2.294
-3.185
-2.896
-3.263
-4.403
-4.828
-4.037
-5.544
-5.033
-5.750
-6.814
-7.608
-7.254
-6.616
-5.566
-6.621
-7.526
-8.553
-7.386
-7.402
-6.332
-7.839
-8.098
-9.144
-7.584
-8.271
2.969
3.737
2.075
2.776
2.012
3.747
2.532
2.465
3.348
1.307
1.506
1.169
0.015
0.131
-0.741
-0.456
0.367
-0.765
-1.736
-1.964
-2.693
-3.643
-2.579
-1.615
-3.351
-2.808
-2.074
-2.791
-4.188
-4.422
-4.091
-5.448
-5.339
-5.629
-6.701
-6.392
-7.097
-7.912
-8.180
-8.762
-7.642
-7.533
-6.724
-8.689
-8.279
-9.030
-9.565
17.018
15.767
15.330
16.055
17.880
17.951
18.892
17.422
16.606
16.070
15.855
17.451
17.759
18.282
18.353
17.117
14.575
13.700
14.058
14.421
14.612
15.068
14.941
12.882
12.057
12.530
11.790
10.684
10.066
10.014
9.122
8.999
8.230
8.783
7.577
10.905
11.772
11.353
9.695
8.950
9.118
7.814
8.252
7.527
7.506
6.590
8.119
7.221
8.092
6.490
6.709
7.517
6.427
5.541
4.897
5.916
4.625
5.194
4.109
3.370
2.926
3.727
2.499
2.971
1.171
0.596
0.352
-0.409
0.942
-0.551
-0.329
-0.286
-2.021
-2.186
-2.284
-2.931
-3.034
-2.549
-4.310
-4.202
-4.827
-5.278
-5.009
-6.005
-5.843
-5.967
-5.090
-7.190
-7.135
-7.894
-7.692
6.602
6.187
6.774
5.497
5.969
5.152
4.220
4.429
3.778
3.299
3.818
3.018
1.995
1.398
2.341
1.098
1.671
0.890
-0.158
0.012
-1.446
-2.154
-2.072
-2.920
-1.315
-2.503
-1.744
-3.394
-2.978
-3.509
-2.019
-3.920
-4.680
-3.246
-4.371
-3.457
-4.992
-5.029
-4.170
-5.723
-5.632
-6.499
-4.932
-6.095
-6.534
-5.176
-6.708
11.812
11.269
10.671
10.613
12.345
11.531
13.061
12.715
10.680
10.317
9.876
10.989
12.854
12.345
13.413
13.531
12.289
13.052
11.620
13.593
14.236
14.444
13.038
12.207
11.335
11.715
11.231
9.914
9.489
10.063
9.278
8.645
9.380
10.111
9.878
9.098
9.614
9.261
7.699
6.888
7.190
5.561
5.386
5.628
7.995
7.573
8.091
6.983
7.241
7.140
5.540
5.203
5.429
4.491
4.863
4.376
3.129
2.790
3.235
2.104
2.615
1.838
0.911
0.361
0.703
0.055
1.374
2.452
1.285
0.834
0.640
1.617
-0.465
-0.147
-1.157
-1.122
-0.337
-1.969
-1.805
-2.569
-1.067
-2.480
-1.686
-2.927
-3.566
-4.296
-4.135
-3.220
-2.473
-4.079
-2.742
4.489
4.551
4.514
3.039
2.968
2.825
2.005
1.836
2.314
0.642
0.128
0.778
-0.266
0.112
-0.244
-1.762
-1.897
-2.077
-2.590
-2.314
-3.823
-4.330
-4.632
-4.226
-5.702
-4.723
-5.610
-4.889
-3.525
-2.586
-3.535
-3.495
-4.451
-3.406
-2.368
-2.684
-2.146
-1.041
-1.070
-1.000
0.242
0.125
0.261
1.505
2.358
1.772
1.301
14.613
13.434
12.594
13.581
14.276
13.450
15.205
13.810
15.783
16.700
15.883
15.450
15.315
15.654
14.613
16.137
12.842
11.841
12.636
13.597
13.551
14.663
13.647
12.161
11.819
11.387
12.685
10.578
11.069
9.672
9.263
9.458
8.512
8.577
8.863
9.860
9.474
10.630
8.796
9.066
10.230
7.749
6.855
7.627
7.005
6.619
6.787
6.288
6.530
6.610
4.718
4.414
4.319
4.150
4.322
4.706
2.659
2.297
2.658
1.735
0.818
2.274
1.698
2.625
0.563
0.680
-0.766
-0.742
-0.922
-1.961
-1.820
-2.741
-2.424
-2.466
-1.660
-3.769
-3.760
-4.456
-4.048
-3.266
-4.977
-3.959
-4.629
-3.026
-4.119
-4.031
-3.292
-5.384
-5.365
-6.210
-5.476
7.860
8.887
7.177
7.590
8.464
7.507
6.335
6.453
6.203
5.041
4.254
5.021
4.822
4.846
5.597
3.448
3.335
3.275
2.221
2.556
0.977
0.239
0.401
1.050
0.161
-1.012
-1.626
-0.834
-1.680
-1.862
-0.908
-2.931
-2.635
-3.688
-3.560
-2.757
-4.150
-4.572
-4.154
-5.314
-5.366
-5.703
-4.701
-6.576
-7.258
-7.171
-6.268
12.380
12.821
13.758
12.959
13.360
13.018
14.256
13.468
12.326
12.413
11.357
13.093
11.053
10.585
10.490
11.105
12.075
12.643
12.217
10.325
10.655
10.947
10.703
8.720
8.121
8.547
8.491
6.567
6.173
6.169
5.940
5.918
5.652
6.622
5.159
5.992
6.573
6.294
4.513
4.200
4.903
2.849
2.918
2.049
4.494
3.863
4.999
3.623
4.243
3.423
2.363
1.786
2.583
1.506
1.642
0.442
1.999
1.996
3.031
1.142
1.750
1.137
-0.224
-0.403
-1.340
-2.255
-1.402
-0.611
-1.301
-2.749
-2.788
-2.668
-4.003
-4.134
-3.960
-5.242
-6.185
-5.297
-5.343
-4.530
-5.256
-6.722
-7.371
-7.023
-6.681
-6.189
-6.017
-8.052
-8.040
-8.502
-8.688
2.561
3.342
2.613
1.181
0.431
1.079
0.921
1.498
1.400
-0.535
-0.853
-1.145
-0.799
-0.592
-0.079
-2.223
-2.829
-2.614
-2.468
-1.933
-3.175
-3.229
-3.910
-3.221
-4.668
-4.614
-5.519
-4.951
-3.725
-3.322
-2.758
-4.418
-4.550
-5.407
-3.658
-2.762
-3.374
-4.434
-4.753
-5.407
-3.640
-3.342
-2.791
-4.392
-4.972
-3.702
-5.137
10.941
9.991
9.709
10.543
10.276
9.943
10.980
9.428
11.117
11.706
10.177
11.578
12.345
12.922
12.295
12.846
8.635
7.913
8.181
7.409
7.329
7.236
8.712
6.226
5.024
4.862
5.028
3.850
3.919
3.798
3.256
3.252
2.760
3.683
2.450
2.475
2.581
1.694
2.180
1.256
0.474
1.132
0.706
2.133
1.539
1.949
1.266
0.337
-0.009
0.618
-0.787
-0.409
-0.848
-2.134
-2.509
-1.958
-3.346
-3.076
-3.635
-4.623
-4.958
-4.276
-5.707
-5.716
-6.579
-7.294
-6.555
-7.571
-6.366
-5.539
-4.546
-5.778
-5.282
-6.000
-5.150
-3.943
-3.088
-3.974
-3.790
-4.396
-4.184
-2.326
-2.014
-2.266
-1.310
-1.666
-1.148
0.059
0.072
0.810
0.404
0.108
-0.164
-0.797
0.648
1.212
1.467
-0.319
0.321
-0.900
-1.126
-0.315
-1.668
-1.995
-2.689
-1.379
-2.726
-1.990
-3.148
-3.751
-3.643
-4.969
-5.653
-5.316
-4.486
-5.507
-6.685
-6.613
-6.889
-7.825
-7.475
-8.153
-9.054
-9.642
-9.562
-8.936
-8.176
-8.477
-10.256
-10.634
-10.939
-10.054
-9.634
-9.400
-11.456
-11.496
-12.156
-12.048
12.346
11.317
10.982
11.724
11.780
10.919
11.667
12.514
12.833
13.453
13.307
11.942
13.477
13.021
14.308
13.728
9.967
10.149
9.482
8.295
7.927
8.890
9.281
6.944
6.671
7.318
6.899
5.267
5.013
4.238
4.267
4.930
3.223
3.053
3.610
5.155
5.325
6.014
3.859
3.723
4.700
2.200
1.958
1.821
1.821
1.219
1.818
1.014
1.523
0.994
-0.438
-0.827
-1.070
-0.613
-0.356
0.016
-2.056
-2.321
-2.720
-2.386
-2.157
-3.490
-1.807
-0.711
-2.407
-1.803
-3.875
-4.432
-4.536
-3.937
-3.572
-3.140
-5.317
-5.694
-5.883
-5.425
-4.438
-5.608
-6.571
-7.475
-6.381
-6.918
-5.938
-7.528
-7.585
-7.128
-7.362
-9.135
-9.379
-9.524
-9.706
1.488
1.776
0.391
1.859
1.729
2.925
0.897
1.325
1.090
-0.582
-0.761
-0.912
-1.478
-1.741
-0.923
-2.850
-3.477
-2.701
-3.541
-4.019
-3.793
-4.310
-3.455
-4.441
-2.756
-2.827
-2.168
-2.240
-3.893
-4.532
-4.593
-3.283
-3.944
-2.481
-2.784
-2.282
-1.997
-3.877
-3.449
-4.652
-4.739
-5.584
-5.346
-3.869
-3.229
-4.482
-3.173
14.075
12.650
12.343
12.596
14.443
14.295
13.812
15.500
15.057
16.059
14.825
15.034
14.166
13.829
13.448
15.133
11.537
11.908
10.575
11.043
11.369
11.410
11.489
9.447
8.571
7.756
9.020
8.069
8.918
7.169
7.690
8.825
6.577
6.680
5.602
7.296
6.450
8.061
6.731
7.487
8.557
6.774
5.790
6.432
6.651
7.679
5.989
6.135
6.245
6.837
4.655
4.095
4.198
4.355
4.698
5.024
2.893
2.575
2.179
2.964
3.267
3.867
1.779
1.611
0.959
0.229
0.935
-0.100
1.569
1.313
0.542
1.480
2.639
3.442
2.586
3.115
2.444
3.029
4.502
5.243
4.461
4.864
3.933
5.183
5.958
5.923
5.783
7.333
7.347
8.068
7.684
7.602
8.662
7.463
7.229
7.481
6.125
7.743
7.285
8.847
7.109
7.249
6.010
7.684
7.394
8.791
7.151
7.433
6.041
7.690
8.772
6.979
7.484
5.507
5.394
5.322
4.386
3.393
4.389
4.456
4.203
5.514
3.406
3.642
2.431
3.373
2.723
4.357
2.977
1.926
3.575
3.075
2.831
4.065
2.175
1.123
2.204
2.600
13.590
12.758
13.264
12.979
15.003
15.087
15.687
15.360
13.416
13.677
13.971
12.401
13.241
13.822
12.212
13.444
11.233
10.678
10.873
11.018
11.205
12.046
10.886
9.616
9.030
9.620
9.050
7.594
7.117
6.811
6.361
6.467
5.650
6.462
5.006
7.532
8.048
8.245
6.215
5.842
6.525
4.408
3.764
3.761
4.683
5.247
4.235
3.455
3.137
3.724
2.282
2.808
1.871
1.192
0.479
1.559
0.218
0.908
-0.151
-0.992
-1.537
-0.643
-1.848
-1.376
-3.101
-3.647
-4.016
-3.559
-4.152
-5.318
-5.804
-5.856
-5.338
-4.845
-4.655
-6.684
-6.591
-7.121
-7.731
-8.684
-7.881
-7.356
-8.312
-6.681
-6.842
-7.108
-7.292
-5.344
-4.913
-5.052
-5.120
4.378
3.325
5.046
4.904
4.915
5.968
3.872
3.988
2.852
3.821
4.747
3.944
2.553
1.668
2.365
2.634
3.064
1.560
3.046
4.140
2.253
2.760
0.767
0.340
0.298
0.191
0.619
-0.903
0.397
0.011
1.485
-0.518
-0.194
-1.540
-0.174
0.851
-0.124
-1.177
-1.221
-2.222
-0.783
-0.816
0.252
-1.764
-2.275
-2.599
-1.328
7.829
7.632
6.610
8.120
9.231
9.452
9.422
10.005
7.625
7.780
6.645
8.355
6.858
7.105
6.954
5.829
8.095
9.171
7.574
9.028
9.416
10.139
7.960
8.101
7.718
8.636
7.169
6.885
6.478
5.759
4.676
4.642
3.409
3.337
3.578
7.723
8.265
8.579
7.012
6.523
6.484
5.871
5.313
6.757
2.088
1.951
1.201
1.841
2.003
2.740
0.618
0.455
-0.336
0.912
1.866
0.120
1.096
0.122
1.974
1.244
2.161
0.284
1.393
1.997
0.891
0.976
-0.011
0.484
-0.878
-0.691
0.114
-1.264
-1.629
-2.283
-0.878
-2.427
-1.718
-2.957
-3.503
-4.072
-4.215
-2.740
-1.866
-2.411
-3.570
-3.919
-2.891
-4.866
-5.001
-5.794
-4.833
4.735
4.123
4.049
5.260
5.749
6.044
4.036
3.224
4.264
3.573
4.350
2.677
3.263
2.450
4.168
2.816
3.626
2.699
1.475
1.522
0.241
-0.646
-0.077
-0.580
0.757
-1.065
-0.680
-1.953
-1.372
-0.600
-1.279
-2.770
-3.060
-2.808
-3.806
-3.845
-3.465
-5.241
-5.696
-5.000
-6.015
-6.655
-5.316
-6.808
-6.307
-7.238
-7.735
13.298
11.892
12.006
11.654
14.331
15.274
14.406
14.117
13.559
12.714
13.921
14.328
13.337
14.317
12.559
13.067
10.634
9.774
10.872
9.646
9.480
10.322
10.410
8.204
7.089
7.028
6.211
6.903
7.924
5.923
6.204
7.036
5.181
5.399
5.310
6.738
7.695
6.741
5.633
4.527
4.213
3.545
4.030
3.510
3.732
3.531
3.505
2.700
2.931
2.940
1.258
0.947
0.615
0.817
0.950
1.544
-0.634
-0.738
-1.388
-0.911
-0.094
-1.846
-0.901
0.132
-1.876
-1.796
-3.294
-3.219
-3.650
-4.359
-4.465
-4.327
-5.684
-5.805
-5.713
-6.864
-7.857
-6.662
-6.982
-7.920
-6.033
-7.280
-7.420
-6.419
-8.505
-8.208
-9.208
-9.311
-9.927
-8.730
-9.899
2.178
2.164
1.846
1.199
0.162
1.265
1.490
2.496
1.340
0.522
0.827
-0.515
0.486
-0.107
1.525
-0.154
0.634
-0.286
-1.451
-1.399
-2.628
-3.471
-2.893
-2.483
-2.464
-4.395
-4.902
-4.657
-5.075
-5.226
-4.225
-6.490
-6.706
-6.362
-7.539
-7.723
-7.068
-8.863
-9.330
-8.787
-9.712
-9.757
-10.668
-9.204
-8.145
-9.773
-9.290
13.028
14.012
15.009
14.104
12.872
12.466
13.753
12.190
11.620
11.768
11.156
11.013
13.440
12.551
13.693
14.269
13.613
14.554
13.391
11.666
12.224
11.733
12.530
10.235
9.609
10.002
9.797
8.051
7.591
7.461
6.161
5.596
5.573
5.996
5.717
7.711
8.342
8.100
6.253
5.459
5.680
4.184
4.386
4.210
4.047
3.740
3.599
3.502
3.675
4.037
1.991
1.765
1.489
1.458
1.388
2.152
0.017
-0.026
-0.561
-0.561
-1.656
-0.163
-0.055
0.958
-0.787
-0.330
-2.234
-2.873
-2.604
-2.453
-1.689
-2.242
-3.929
-4.549
-4.347
-3.947
-3.209
-3.567
-5.321
-5.861
-5.883
-5.500
-5.141
-4.959
-6.939
-7.369
-7.457
-7.175
-6.587
-6.941
-8.261
2.818
2.631
2.870
1.713
2.084
1.579
0.359
0.096
0.417
-0.726
-1.572
-1.071
-0.256
0.572
0.219
-1.383
-1.725
-2.189
-0.971
0.116
-1.726
-1.227
-3.120
-3.573
-3.157
-4.094
-5.088
-3.840
-4.252
-3.259
-4.761
-5.095
-6.133
-4.769
-5.280
-5.662
-4.226
-6.275
-7.292
-5.852
-6.326
-5.305
-6.534
-7.242
-7.328
-8.222
-6.906
13.068
12.392
11.695
13.135
14.146
14.593
14.937
13.698
13.817
13.129
14.425
14.401
12.071
12.437
11.341
11.398
11.597
11.349
10.565
13.070
13.854
13.960
12.232
12.115
10.944
10.924
11.108
9.592
9.554
9.746
9.089
8.475
9.219
8.904
10.311
8.317
8.544
8.279
7.045
6.315
6.697
4.885
4.408
4.943
8.375
8.729
8.651
6.899
6.619
6.776
6.026
6.098
6.493
4.540
4.393
4.012
3.793
4.121
4.183
2.266
1.936
1.786
1.762
1.805
1.523
1.325
1.320
2.149
1.534
-0.052
-0.196
-0.099
-1.071
-0.593
-1.059
-2.476
-3.171
-2.792
-2.641
-2.221
-2.198
-4.170
-4.594
-4.811
-4.315
-3.882
-3.777
-5.744
-6.005
-6.447
-5.913
4.185
4.364
4.372
2.619
2.396
2.272
1.842
2.095
2.058
0.354
-0.158
0.144
-0.326
0.401
-0.458
-1.660
-2.019
-1.764
-2.695
-2.353
-3.974
-4.527
-4.774
-5.053
-4.125
-6.111
-5.914
-6.594
-6.907
-7.084
-7.914
-6.268
-5.882
-5.409
-7.219
-7.727
-6.598
-8.210
-9.073
-8.685
-7.472
-6.813
-6.933
-8.347
-8.950
-7.614
-9.121
9.876
9.580
8.587
9.557
9.740
10.117
10.317
8.728
11.283
11.494
11.285
12.045
8.962
7.981
9.157
8.948
10.537
11.577
10.208
9.343
9.501
9.168
10.507
8.112
6.873
6.247
6.983
5.972
6.568
5.172
4.578
4.576
3.553
2.771
4.066
5.038
5.696
4.581
4.060
3.216
3.349
2.079
2.265
2.168
2.909
3.559
2.287
1.952
2.540
1.742
0.688
1.006
0.284
-0.367
-0.832
0.098
-1.460
-1.313
-1.360
-2.920
-3.519
-3.178
-3.270
-2.990
-3.981
-4.213
-4.591
-3.990
-4.669
-6.074
-6.176
-6.378
-6.951
-7.022
-6.546
-8.427
-8.502
-8.895
-9.166
-9.068
-8.728
-10.674
-10.820
-11.214
-11.259
-11.222
-10.801
-12.769
-13.268
-13.132
-12.840
0.705
0.859
0.598
-0.441
-0.617
-0.179
-1.741
-1.518
-2.101
-2.781
-2.524
-2.755
-4.199
-4.390
-4.155
-5.304
-6.227
-5.607
-4.924
-4.023
-5.472
-5.029
-6.699
-6.836
-6.537
-8.038
-8.261
-8.691
-8.008
-7.602
-7.317
-9.370
-9.169
-9.568
-10.639
-10.674
-11.530
-10.674
-9.751
-10.640
-11.904
-12.755
-11.786
-12.070
-11.171
-12.295
-12.940
8.361
7.360
6.616
6.820
9.201
8.660
9.715
9.864
7.648
7.192
6.858
8.427
9.291
9.834
9.979
8.764
7.783
6.865
8.158
9.008
10.437
8.485
8.709
8.237
7.590
7.740
8.164
6.010
5.878
5.389
4.445
4.195
3.843
3.647
4.562
5.358
5.624
5.749
3.882
3.283
3.881
1.783
1.475
1.501
2.569
2.855
1.758
2.154
2.012
2.964
0.863
0.523
1.004
-0.363
-1.216
-0.105
-0.940
-0.012
-1.428
-1.796
-1.321
-1.893
-3.116
-3.386
-3.889
-4.824
-3.719
-2.716
-4.443
-3.938
-5.011
-3.450
-3.535
-2.454
-3.937
-3.707
-4.428
-4.089
-2.405
-1.703
-2.053
-2.764
-3.508
-3.089
-1.529
-0.737
-1.088
-1.918
-2.116
-1.102
-2.875
1.116
1.558
1.494
-0.424
-0.594
-0.874
-1.264
-0.939
-2.165
-1.726
-2.219
-2.399
-0.557
-0.152
0.228
-1.070
-1.388
-1.942
-0.003
0.954
-0.055
0.897
-1.218
-2.187
-1.089
-1.287
-0.230
-1.620
-2.081
-1.830
-1.934
-3.603
-3.874
-3.864
-4.411
-4.130
-4.125
-5.890
-6.114
-6.165
-6.805
-6.846
-6.403
-8.226
-8.904
-8.205
-8.719
13.897
12.744
11.930
13.028
14.236
14.512
14.985
13.327
13.430
14.160
13.404
12.568
15.085
15.870
14.970
15.498
12.013
11.757
12.770
10.501
11.503
10.348
10.849
9.098
8.281
8.090
8.666
6.826
6.937
6.320
6.361
7.142
5.292
5.617
4.944
5.892
5.671
6.421
4.594
4.199
4.820
2.978
2.452
2.341
4.071
3.578
4.376
3.124
3.739
2.770
1.855
1.366
2.287
0.892
1.422
0.484
-0.231
-0.613
0.247
-1.306
-2.108
-0.943
-1.873
-1.174
-3.171
-3.575
-4.355
-4.109
-4.591
-5.630
-6.505
-5.890
-5.465
-4.661
-5.322
-6.708
-6.859
-6.485
-7.959
-7.744
-8.017
-9.204
-8.994
-10.121
-9.505
-9.129
-8.917
-11.018
-11.153
-11.447
-11.683
3.285
3.837
3.932
1.999
2.286
1.727
0.883
0.434
1.044
-0.313
-0.369
0.050
-1.663
-1.549
-1.914
-2.799
-3.648
-2.436
-3.202
-2.513
-4.123
-4.278
-5.032
-5.141
-4.540
-6.493
-6.906
-6.948
-6.603
-6.098
-6.154
-8.134
-8.717
-8.490
-8.531
-9.618
-8.391
-7.820
-7.875
-6.726
-8.458
-7.789
-8.703
-9.774
-10.575
-9.767
-10.196
14.058
13.457
13.700
13.918
13.764
14.317
12.746
14.094
15.568
16.055
15.984
15.904
13.554
14.134
13.739
12.497
11.936
11.896
11.331
11.230
12.304
11.032
11.416
9.866
8.755
8.559
8.781
7.416
6.637
7.365
7.424
7.279
7.548
8.503
7.694
7.317
8.056
7.621
6.040
5.039
5.256
3.688
4.047
3.361
6.492
6.328
6.970
5.164
4.596
4.549
5.231
4.312
6.170
5.119
5.865
4.109
5.372
4.784
6.417
5.192
5.788
4.129
5.630
6.611
5.043
5.683
3.606
3.091
3.090
3.605
4.396
2.599
3.980
3.345
4.972
4.169
4.786
4.814
2.922
2.242
2.317
3.193
3.742
3.942
1.971
1.649
1.180
2.192
2.940
1.238
2.566
2.671
3.176
2.200
1.429
1.147
1.730
0.325
0.134
-0.592
0.634
1.567
0.838
-0.395
-1.410
-0.577
0.181
0.053
1.241
-0.650
-1.717
-0.204
-0.933
1.214
1.630
1.153
2.112
1.630
2.164
3.458
3.335
3.882
4.538
4.212
5.579
4.667
3.729
4.853
5.838
6.727
5.937
5.742
5.757
6.707
4.522
4.366
3.573
4.620
-26.061
-25.787
-25.869
-24.821
-27.215
-27.376
-28.041
-27.239
-26.131
-26.343
-25.237
-26.778
-24.898
-24.076
-24.707
-24.979
-26.706
-27.759
-26.741
-24.923
-24.230
-24.998
-26.385
-24.178
-22.811
-22.454
-22.968
-21.676
-21.385
-20.516
-19.854
-20.042
-18.750
-19.234
-18.260
-22.121
-22.479
-22.962
-20.960
-20.694
-21.287
-19.535
-19.433
-19.785
-17.799
-18.336
-17.306
-16.845
-15.872
-17.166
-16.657
-17.573
-16.310
-15.536
-14.523
-15.799
-15.592
-16.575
-15.194
-14.638
-15.025
-13.656
-14.568
-15.463
-13.376
-13.502
-11.953
-11.560
-11.893
-11.062
-11.539
-11.095
-9.686
-9.350
-9.575
-8.671
-8.958
-8.765
-7.228
-6.637
-6.765
-7.061
-5.997
-7.231
-7.949
-9.041
-7.671
-7.740
-6.645
-8.140
-8.094
-18.265
-18.284
-17.423
-17.832
-17.673
-18.645
-16.427
-16.413
-15.660
-16.138
-16.969
-16.239
-14.769
-14.659
-14.701
-13.686
-13.706
-13.876
-12.323
-12.278
-11.204
-10.360
-11.093
-11.741
-10.062
-11.669
-12.764
-11.292
-11.293
-11.470
-10.227
-12.205
-12.087
-13.275
-11.769
-12.221
-10.671
-12.350
-13.461
-12.108
-11.836
-10.795
-11.640
-12.641
-12.174
-13.647
-12.789
-30.663
-30.833
-31.857
-30.411
-31.634
-31.538
-31.367
-32.661
-29.256
-28.859
-29.186
-28.565
-31.033
-31.883
-31.226
-30.191
-30.173
-30.603
-30.281
-28.184
-28.618
-28.458
-28.792
-26.658
-25.716
-26.004
-25.645
-24.261
-23.623
-23.861
-23.471
-23.326
-23.209
-23.406
-24.033
-24.261
-25.067
-24.539
-22.965
-22.764
-23.591
-21.309
-21.204
-20.704
-21.806
-21.795
-21.505
-20.714
-21.083
-19.821
-20.034
-19.570
-20.730
-19.044
-19.576
-18.420
-18.153
-18.795
-17.434
-17.368
-16.874
-18.037
-16.228
-15.569
-15.783
-14.922
-16.420
-17.204
-16.961
-15.367
-14.833
-15.843
-14.505
-15.181
-13.711
-13.975
-13.585
-14.784
-12.730
-12.611
-12.878
-11.453
-11.493
-11.480
-10.092
-9.304
-10.111
-9.909
-9.047
-10.729
-9.658
-20.930
-21.529
-21.236
-19.524
-19.311
-19.411
-18.682
-18.800
-19.119
-17.099
-16.718
-16.619
-16.905
-17.190
-17.618
-15.443
-14.979
-14.858
-15.328
-15.494
-15.118
-15.012
-15.214
-15.384
-16.066
-13.949
-13.059
-13.889
-13.816
-13.823
-14.824
-12.708
-12.728
-12.841
-11.339
-11.103
-10.525
-11.058
-9.997
-11.685
-11.270
-11.436
-12.139
-10.040
-9.608
-9.265
-10.181
-30.634
-30.136
-29.412
-30.828
-29.465
-29.840
-29.124
-28.596
-31.779
-32.479
-31.512
-32.412
-31.090
-30.203
-31.432
-31.755
-29.664
-29.337
-28.785
-30.471
-29.269
-31.695
-30.704
-30.151
-29.166
-28.762
-29.636
-27.945
-28.314
-27.210
-26.525
-26.442
-25.643
-26.219
-25.437
-27.113
-27.774
-26.338
-26.667
-25.370
-24.600
-24.919
-24.754
-25.831
-24.305
-23.810
-24.486
-23.318
-23.798
-23.414
-21.835
-21.573
-21.783
-20.877
-21.186
-20.962
-19.494
-19.222
-19.469
-18.395
-18.614
-18.281
-17.057
-16.337
-16.742
-15.753
-17.662
-18.741
-17.555
-17.292
-17.388
-17.983
-15.943
-15.636
-15.163
-15.924
-16.111
-16.658
-14.499
-14.452
-13.850
-14.183
-13.750
-15.122
-13.193
-13.536
-12.265
-12.752
-12.366
-13.511
-11.896
-23.777
-24.129
-23.568
-22.456
-22.319
-22.552
-21.307
-21.476
-21.400
-19.879
-19.734
-19.696
-18.675
-18.592
-17.759
-18.865
-19.644
-19.177
-17.480
-17.231
-16.606
-15.625
-16.879
-17.958
-16.345
-16.531
-17.121
-16.709
-15.021
-14.856
-14.729
-13.981
-14.071
-14.242
-12.571
-11.845
-12.519
-12.209
-12.035
-13.062
-10.963
-11.285
-10.013
-10.680
-9.755
-10.522
-11.406
-28.243
-28.704
-27.957
-29.525
-29.219
-28.630
-30.008
-29.654
-27.839
-28.540
-27.696
-26.942
-26.977
-27.169
-26.592
-26.211
-28.847
-29.205
-27.858
-29.716
-30.164
-30.486
-29.788
-28.167
-27.499
-28.033
-27.440
-26.008
-25.553
-25.364
-25.142
-25.316
-24.697
-24.331
-25.663
-25.763
-25.992
-26.561
-24.471
-23.580
-23.832
-22.174
-21.625
-22.187
-23.625
-23.817
-23.773
-22.143
-22.125
-21.595
-21.615
-21.680
-22.325
-20.166
-19.547
-20.007
-19.871
-20.424
-18.810
-20.053
-19.228
-19.827
-21.450
-21.704
-22.311
-23.258
-22.045
-22.768
-21.000
-22.136
-21.382
-23.163
-21.868
-22.327
-22.402
-20.408
-19.792
-19.927
-20.125
-20.857
-20.268
-18.703
-17.881
-18.566
-18.410
-19.091
-18.665
-16.966
-16.328
-16.747
-16.556
-21.318
-21.417
-21.773
-19.820
-19.351
-19.699
-18.957
-19.432
-18.739
-17.455
-16.881
-17.563
-16.579
-16.984
-16.769
-15.067
-14.830
-14.484
-14.674
-14.908
-14.161
-13.814
-13.741
-13.630
-14.571
-12.443
-12.165
-12.657
-11.226
-11.079
-11.248
-9.919
-9.705
-10.012
-8.770
-8.739
-9.017
-7.509
-7.331
-7.619
-6.359
-6.641
-6.380
-4.939
-4.429
-4.904
-4.237
-35.867
-35.454
-35.426
-36.244
-35.896
-36.508
-34.918
-36.115
-37.250
-37.511
-37.195
-37.984
-34.806
-34.941
-34.790
-33.840
-34.098
-34.266
-33.943
-32.497
-32.596
-33.261
-32.965
-31.012
-30.216
-30.446
-30.609
-28.698
-28.082
-28.568
-27.302
-26.493
-26.985
-27.066
-27.746
-28.293
-28.851
-28.702
-26.864
-26.252
-26.774
-24.760
-24.431
-24.522
-25.637
-25.309
-24.856
-25.616
-26.315
-24.594
-25.654
-24.977
-26.680
-25.287
-26.023
-24.313
-25.378
-25.159
-26.431
-24.256
-24.408
-23.296
-24.453
-25.482
-23.682
-23.931
-22.315
-21.970
-22.336
-21.187
-21.495
-21.220
-19.778
-19.550
-19.515
-18.772
-18.724
-19.187
-17.399
-17.594
-17.152
-16.305
-15.282
-16.476
-16.235
-17.255
-15.877
-15.223
-15.687
-14.994
-14.255
-23.945
-24.170
-24.243
-22.447
-21.908
-22.329
-21.807
-21.987
-22.069
-20.311
-19.979
-20.034
-19.518
-19.742
-19.661
-17.957
-17.703
-17.347
-17.300
-17.603
-16.677
-16.145
-16.133
-16.803
-15.989
-14.714
-14.745
-14.631
-13.590
-13.651
-13.697
-12.229
-12.104
-12.125
-11.113
-11.082
-11.292
-9.719
-9.631
-9.177
-8.836
-9.263
-8.851
-7.408
-7.411
-7.042
-6.767
-25.690
-24.955
-24.563
-25.678
-24.804
-23.972
-24.494
-25.319
-26.310
-27.102
-25.598
-26.662
-26.693
-26.110
-27.298
-27.367
-23.805
-23.457
-22.864
-23.637
-23.799
-24.351
-24.268
-22.111
-21.125
-20.319
-21.480
-20.384
-21.043
-20.021
-20.462
-21.343
-19.577
-20.116
-18.521
-19.102
-18.731
-19.486
-18.165
-17.127
-16.930
-16.252
-16.917
-15.542
-19.659
-20.697
-19.317
-18.703
-18.702
-19.060
-17.208
-17.176
-16.701
-16.501
-16.520
-16.908
-15.057
-14.955
-14.671
-14.230
-14.590
-13.161
-14.416
-15.465
-13.515
-13.799
-12.127
-11.906
-11.314
-11.921
-12.722
-11.062
-11.718
-10.695
-12.476
-11.994
-11.915
-13.035
-10.879
-10.665
-9.921
-11.269
-11.876
-11.878
-10.107
-9.261
-9.863
-10.486
-9.547
-11.070
-11.033
-15.549
-15.079
-16.217
-14.422
-14.862
-13.792
-13.572
-13.329
-14.193
-12.280
-11.508
-11.864
-12.448
-13.254
-12.972
-11.236
-10.493
-11.543
-10.630
-11.243
-9.508
-9.250
-8.643
-8.556
-9.177
-7.286
-7.306
-6.665
-6.459
-6.916
-6.506
-4.984
-4.300
-5.189
-4.222
-4.264
-4.934
-2.886
-2.868
-2.458
-1.929
-2.182
-2.241
-0.434
-0.207
0.234
-0.117
-30.903
-29.493
-29.505
-28.877
-31.845
-31.472
-32.059
-32.736
-30.775
-29.986
-30.566
-31.667
-31.393
-31.374
-32.399
-30.723
-28.802
-27.779
-29.252
-29.529
-29.784
-30.743
-28.806
-28.448
-27.497
-27.163
-27.807
-26.179
-26.467
-25.704
-24.975
-24.886
-24.425
-24.617
-24.989
-25.175
-25.755
-24.311
-24.839
-23.779
-23.169
-23.262
-23.965
-22.241
-22.885
-22.297
-22.527
-22.538
-23.168
-22.858
-21.057
-20.427
-20.850
-20.797
-21.619
-20.862
-19.557
-18.645
-19.639
-19.400
-20.232
-19.516
-18.102
-18.003
-17.146
-16.184
-17.244
-17.871
-17.753
-15.785
-15.886
-15.026
-15.167
-15.150
-15.797
-13.741
-13.817
-13.209
-12.870
-12.840
-13.290
-11.386
-11.401
-10.888
-10.561
-10.572
-11.260
-9.165
-8.999
-8.773
-8.494
-23.104
-24.057
-22.587
-22.268
-21.430
-22.775
-21.948
-21.493
-22.914
-21.164
-21.815
-20.885
-19.881
-19.244
-20.056
-19.187
-19.992
-18.348
-18.608
-19.263
-17.431
-17.171
-16.593
-17.130
-16.444
-15.254
-15.469
-15.003
-14.187
-14.572
-13.885
-12.964
-12.758
-13.160
-11.688
-11.433
-11.814
-10.462
-10.942
-9.638
-9.919
-9.574
-10.671
-8.813
-8.100
-8.267
-9.192
-30.253
-29.700
-30.161
-29.884
-31.689
-32.295
-31.824
-32.112
-30.242
-30.434
-29.322
-30.951
-29.527
-29.739
-29.865
-28.496
-28.240
-27.779
-27.924
-28.002
-27.605
-29.253
-28.041
-26.891
-25.627
-25.073
-25.678
-24.703
-25.212
-24.568
-24.104
-24.027
-23.553
-23.503
-24.253
-23.307
-22.712
-23.288
-22.605
-23.030
-23.869
-22.399
-22.246
-23.006
-22.155
-21.965
-22.249
-21.111
-21.498
-21.102
-19.802
-19.415
-19.964
-18.898
-19.118
-19.193
-17.375
-16.933
-16.956
-16.905
-17.212
-17.377
-15.379
-14.933
-14.538
-13.473
-14.992
-16.014
-14.332
-15.070
-15.766
-15.324
-13.666
-12.988
-13.284
-13.579
-14.172
-14.115
-12.188
-11.587
-12.284
-11.559
-12.303
-11.143
-10.399
-9.602
-10.721
-9.781
-8.985
-10.682
-9.368
-20.970
-21.019
-20.807
-19.817
-19.831
-19.703
-18.535
-18.482
-18.504
-17.388
-17.431
-17.597
-15.983
-16.210
-15.573
-14.849
-14.589
-13.953
-15.158
-15.684
-14.554
-14.824
-13.765
-14.122
-13.912
-12.372
-12.190
-12.275
-11.166
-11.265
-11.179
-9.772
-9.724
-9.076
-9.222
-9.489
-9.544
-7.657
-7.329
-7.333
-7.130
-7.659
-7.147
-5.593
-5.338
-5.282
-5.097
-33.654
-32.731
-32.642
-33.147
-32.987
-32.096
-32.682
-33.781
-33.874
-32.953
-34.617
-34.173
-35.032
-34.976
-35.600
-35.444
-31.297
-30.850
-30.886
-30.446
-30.270
-31.082
-31.266
-29.097
-28.003
-27.850
-28.013
-26.694
-26.742
-25.406
-24.443
-24.461
-23.226
-23.208
-23.411
-26.651
-26.419
-27.660
-25.627
-26.041
-27.224
-24.807
-23.855
-24.647
-21.862
-21.979
-21.745
-20.683
-20.555
-21.014
-19.301
-19.280
-18.963
-18.149
-17.153
-18.072
-18.298
-19.283
-18.201
-17.272
-17.148
-16.254
-17.605
-18.649
-16.649
-16.985
-15.144
-14.907
-14.772
-14.294
-14.113
-14.878
-12.982
-13.053
-12.372
-12.036
-12.500
-11.031
-11.935
-12.904
-11.384
-11.136
-10.158
-11.648
-11.112
-10.592
-12.117
-10.411
-11.088
-9.549
-9.905
-25.130
-26.024
-24.257
-25.301
-24.595
-26.336
-25.123
-25.670
-25.647
-23.632
-23.272
-23.049
-23.619
-24.347
-23.937
-22.212
-21.534
-22.373
-21.726
-21.110
-21.862
-21.476
-22.449
-23.228
-22.988
-21.429
-20.877
-21.962
-20.590
-21.122
-20.498
-19.189
-19.255
-18.764
-18.270
-17.467
-18.865
-17.618
-18.400
-17.254
-16.493
-16.819
-16.049
-15.423
-14.999
-15.852
-14.651
-34.664
-33.687
-33.523
-34.151
-35.061
-35.779
-35.500
-34.265
-35.863
-36.292
-36.569
-35.545
-33.988
-33.957
-32.972
-34.598
-32.264
-31.611
-31.728
-31.443
-31.933
-31.155
-32.311
-30.054
-30.048
-29.217
-30.923
-29.989
-30.778
-28.760
-28.706
-29.590
-27.305
-27.071
-26.706
-30.148
-31.072
-30.152
-29.071
-27.962
-27.780
-26.734
-26.971
-26.600
-27.185
-27.293
-27.934
-25.875
-25.760
-25.134
-25.367
-25.092
-26.172
-24.093
-24.199
-23.275
-23.639
-23.566
-24.395
-22.207
-21.988
-21.462
-22.063
-22.818
-21.348
-21.568
-20.417
-19.521
-19.980
-20.986
-21.328
-20.208
-22.177
-21.792
-23.110
-22.295
-21.325
-22.965
-22.793
-23.663
-22.091
-23.249
-24.114
-23.419
-22.198
-22.035
-22.577
-20.933
-20.142
-21.138
-20.476
-25.416
-25.465
-25.332
-24.166
-24.292
-23.251
-23.804
-24.638
-22.879
-23.615
-23.622
-24.465
-22.260
-22.300
-21.448
-21.714
-21.837
-20.634
-22.427
-23.283
-22.064
-22.798
-20.801
-19.883
-20.513
-20.980
-21.843
-21.229
-19.724
-19.492
-18.795
-20.059
-20.075
-21.011
-18.964
-19.138
-18.016
-18.979
-19.985
-18.724
-17.988
-17.013
-18.300
-17.790
-17.466
-16.997
-18.729
-33.425
-32.310
-31.597
-31.635
-32.914
-32.076
-33.578
-32.508
-34.595
-34.382
-35.475
-34.752
-34.040
-34.925
-34.306
-33.310
-32.607
-31.733
-33.072
-33.075
-33.957
-33.072
-33.510
-31.610
-31.342
-30.694
-32.288
-30.564
-31.225
-29.425
-28.850
-29.033
-27.938
-28.555
-27.346
-30.237
-31.148
-29.704
-29.386
-28.064
-27.496
-27.394
-27.518
-27.913
-26.957
-27.514
-26.421
-25.865
-26.421
-25.317
-24.801
-24.485
-25.208
-23.640
-23.675
-23.380
-22.295
-22.169
-22.483
-21.180
-21.618
-20.798
-20.066
-20.354
-18.834
-18.031
-18.253
-18.949
-18.023
-17.055
-17.431
-16.722
-15.866
-15.462
-15.969
-14.658
-14.664
-14.628
-13.304
-13.084
-13.232
-12.272
-12.407
-12.272
-10.757
-10.667
-10.239
-10.277
-10.107
-11.076
-9.372
-25.935
-25.498
-25.838
-25.194
-25.567
-25.361
-23.703
-23.390
-23.672
-22.810
-23.250
-22.901
-21.369
-20.856
-21.270
-20.622
-21.190
-19.651
-20.350
-21.285
-19.172
-18.983
-17.806
-17.760
-17.638
-16.656
-16.578
-16.979
-15.274
-14.904
-15.305
-14.256
-14.628
-14.064
-12.774
-12.684
-12.573
-11.679
-11.687
-11.797
-10.259
-9.622
-10.208
-9.853
-8.769
-10.424
-10.033
-29.144
-29.715
-30.269
-28.864
-30.278
-29.944
-31.128
-30.774
-28.465
-29.182
-28.127
-27.579
-28.135
-27.732
-27.278
-28.512
-30.674
-31.254
-31.458
-28.985
-27.967
-29.741
-29.991
-28.341
-27.758
-27.020
-28.500
-27.057
-27.645
-25.701
-25.522
-26.339
-24.130
-24.397
-23.509
-26.708
-26.303
-27.644
-25.849
-24.657
-24.140
-23.792
-24.335
-23.653
-23.320
-23.276
-23.799
-21.914
-21.536
-21.889
-20.969
-21.286
-21.030
-19.491
-19.035
-19.535
-18.576
-19.004
-18.339
-17.152
-16.386
-16.790
-17.131
-18.029
-16.087
-16.144
-14.724
-14.792
-14.540
-13.639
-13.530
-13.904
-12.262
-12.298
-12.063
-11.083
-10.131
-10.960
-11.162
-11.819
-10.177
-11.804
-11.521
-12.903
-11.548
-12.331
-11.699
-10.166
-10.219
-9.324
-10.018
-22.372
-22.362
-21.676
-21.548
-21.358
-22.179
-20.196
-20.253
-19.556
-19.442
-20.109
-19.275
-18.075
-17.499
-18.236
-17.389
-17.772
-17.639
-15.874
-15.474
-14.994
-13.967
-15.272
-15.927
-15.903
-14.202
-14.691
-13.380
-13.267
-13.778
-12.845
-11.970
-11.301
-12.363
-11.067
-10.634
-11.669
-9.822
-9.157
-9.216
-10.154
-10.837
-10.774
-8.974
-8.533
-9.166
-8.179
-28.582
-28.012
-27.646
-28.763
-29.874
-30.683
-30.177
-29.885
-27.617
-26.661
-27.470
-27.979
-28.807
-29.175
-27.899
-29.361
-26.849
-26.281
-26.246
-27.964
-27.286
-29.407
-27.333
-27.808
-26.880
-27.217
-26.866
-25.509
-24.975
-24.904
-24.523
-24.743
-23.504
-23.202
-24.148
-25.530
-25.874
-26.170
-24.239
-23.455
-23.751
-22.191
-22.450
-21.500
-22.214
-21.800
-22.561
-21.299
-21.797
-21.147
-19.947
-19.411
-20.186
-19.162
-18.300
-19.852
-18.837
-19.637
-18.205
-17.936
-17.120
-18.572
-17.451
-18.066
-16.367
-16.193
-15.385
-14.992
-15.841
-14.222
-14.691
-13.626
-13.216
-12.774
-13.665
-11.863
-12.077
-11.441
-11.075
-9.984
-11.276
-11.590
-12.595
-11.695
-10.714
-9.701
-10.622
-11.388
-12.337
-11.666
-10.838
-21.711
-22.387
-21.872
-20.200
-20.007
-19.432
-20.080
-20.349
-20.670
-18.638
-18.120
-18.237
-18.380
-19.015
-18.689
-16.899
-16.290
-16.827
-16.440
-17.257
-15.130
-14.960
-13.951
-14.273
-13.680
-12.828
-12.068
-12.425
-13.185
-14.034
-12.238
-13.687
-12.948
-13.730
-15.107
-15.114
-15.766
-15.690
-15.746
-16.687
-14.904
-14.991
-13.827
-15.408
-15.013
-15.177
-16.518
-30.622
-29.442
-29.519
-29.381
-30.556
-30.608
-31.405
-29.716
-30.682
-31.015
-29.701
-31.477
-31.899
-32.741
-32.011
-31.932
-28.048
-27.225
-28.098
-27.068
-27.237
-27.760
-27.583
-25.585
-25.029
-25.741
-24.134
-24.528
-25.329
-23.956
-24.747
-25.949
-23.975
-24.574
-24.018
-23.486
-22.777
-24.055
-22.791
-21.926
-21.596
-21.220
-20.754
-21.971
-22.503
-21.995
-22.413
-21.543
-21.213
-20.581
-22.127
-22.484
-22.968
-21.107
-20.625
-20.470
-21.692
-22.156
-22.546
-20.516
-19.793
-20.853
-19.992
-20.681
-18.686
-18.375
-17.486
-17.129
-17.845
-16.233
-15.689
-16.604
-15.373
-15.846
-15.432
-13.952
-13.537
-13.884
-13.001
-13.127
-13.246
-11.549
-11.256
-11.345
-10.707
-9.639
-11.195
-10.678
-11.643
-10.166
-10.010
-20.178
-20.514
-19.845
-18.885
-19.246
-18.281
-18.074
-18.710
-17.117
-17.636
-17.040
-18.533
-16.813
-17.644
-16.051
-15.971
-15.665
-16.440
-14.749
-14.845
-13.522
-12.655
-13.163
-13.896
-12.411
-12.566
-13.195
-12.608
-11.093
-11.122
-10.539
-10.410
-11.107
-9.477
-10.023
-10.910
-9.302
-9.489
-10.259
-8.566
-9.156
-8.273
-10.023
-8.866
-9.521
-7.833
-8.774
-23.762
-22.808
-23.077
-21.778
-23.216
-23.894
-22.301
-23.185
-23.994
-24.849
-24.031
-23.118
-25.071
-24.906
-25.711
-25.607
-22.622
-21.763
-23.498
-23.065
-22.952
-24.385
-22.280
-22.172
-20.745
-20.188
-20.431
-20.103
-20.627
-20.129
-20.531
-20.768
-20.608
-21.668
-19.873
-18.626
-18.206
-18.062
-18.329
-18.321
-18.527
-17.960
-18.926
-17.330
-20.257
-20.886
-20.542
-18.710
-18.324
-18.252
-18.421
-18.935
-18.863
-16.888
-16.759
-16.632
-15.927
-15.785
-16.379
-14.509
-14.737
-13.967
-13.686
-14.134
-12.446
-11.990
-11.725
-12.354
-11.131
-10.894
-10.187
-11.603
-10.188
-10.990
-9.645
-9.391
-8.899
-10.105
-8.179
-8.359
-7.522
-7.310
-8.034
-6.899
-6.254
-6.703
-5.961
-4.945
-4.424
-5.156
-4.253
-17.194
-17.680
-16.138
-17.271
-18.327
-16.794
-16.789
-15.708
-17.305
-17.030
-18.116
-16.825
-16.310
-15.237
-16.655
-16.374
-15.792
-15.840
-17.795
-18.459
-18.248
-19.291
-17.558
-16.451
-17.907
-18.004
-17.625
-19.076
-17.796
-18.012
-18.569
-16.336
-16.377
-15.715
-16.081
-16.917
-15.956
-14.729
-14.708
-14.630
-13.596
-13.779
-13.593
-12.253
-11.400
-12.301
-12.087
-30.513
-29.314
-29.646
-29.196
-31.794
-31.664
-32.603
-32.075
-30.846
-30.188
-30.897
-31.793
-30.283
-29.963
-31.205
-29.443
-28.030
-27.209
-28.101
-27.034
-26.516
-28.104
-27.616
-25.815
-24.890
-24.477
-25.415
-23.734
-24.122
-22.983
-22.313
-22.280
-21.605
-21.767
-22.033
-22.813
-23.407
-22.336
-21.625
-21.685
-22.700
-20.415
-20.649
-19.623
-20.117
-19.660
-19.619
-19.909
-20.599
-20.166
-18.507
-17.807
-18.459
-18.077
-18.634
-18.253
-16.517
-16.042
-15.908
-16.391
-16.481
-17.250
-15.060
-14.950
-13.938
-12.984
-13.793
-14.876
-13.181
-13.235
-12.145
-13.589
-13.756
-13.824
-14.770
-12.830
-12.786
-11.754
-13.339
-13.397
-14.416
-12.701
-13.071
-12.908
-11.166
-10.751
-10.785
-10.576
-10.593
-9.502
-10.937
-19.934
-18.993
-20.737
-19.495
-20.385
-18.613
-19.089
-20.017
-18.612
-18.283
-18.926
-17.555
-17.511
-16.926
-18.270
-16.659
-17.182
-16.698
-15.240
-14.559
-14.641
-13.643
-15.274
-16.373
-15.048
-14.903
-15.376
-13.827
-15.427
-16.533
-14.922
-15.061
-15.504
-13.993
-15.724
-16.734
-15.211
-15.962
-16.587
-16.516
-14.725
-15.000
-14.039
-13.918
-13.123
-13.416
-14.363
-31.113
-29.820
-29.846
-29.963
-32.277
-32.126
-32.415
-33.151
-31.323
-31.283
-32.301
-30.560
-31.194
-30.386
-31.092
-32.038
-28.434
-28.363
-27.595
-27.944
-28.865
-28.099
-28.355
-26.453
-26.067
-26.835
-25.643
-25.056
-24.979
-23.777
-23.187
-23.622
-22.063
-22.519
-21.451
-25.475
-25.639
-26.467
-24.552
-24.932
-26.044
-23.808
-23.247
-24.184
-21.151
-21.823
-20.635
-20.151
-20.641
-19.804
-18.973
-19.304
-18.345
-18.018
-17.617
-18.606
-16.788
-16.425
-17.207
-15.693
-16.162
-15.407
-14.379
-14.540
-13.159
-12.368
-12.769
-13.709
-12.132
-12.094
-12.698
-12.041
-10.702
-10.124
-10.755
-9.766
-9.612
-8.791
-10.363
-9.665
-11.246
-10.785
-11.540
-9.870
-11.349
-10.535
-12.191
-11.892
-11.001
-12.212
-12.694
-22.842
-21.861
-22.454
-23.588
-24.528
-23.990
-22.881
-22.564
-23.515
-21.806
-20.919
-21.992
-21.352
-22.154
-21.287
-20.036
-19.358
-19.703
-19.867
-20.592
-19.152
-19.406
-18.359
-18.509
-18.584
-16.875
-16.660
-16.893
-15.899
-16.008
-16.121
-14.430
-14.398
-14.129
-13.364
-13.339
-12.367
-13.479
-14.415
-13.688
-12.305
-11.448
-12.014
-12.592
-13.342
-12.961
-11.618
-30.220
-29.370
-29.898
-29.351
-31.570
-31.420
-32.166
-32.054
-30.467
-31.313
-29.652
-30.567
-29.611
-28.744
-29.298
-30.331
-27.961
-27.405
-27.411
-27.990
-28.089
-28.926
-28.064
-26.490
-25.434
-25.701
-25.581
-24.027
-23.383
-23.689
-23.313
-23.136
-22.881
-23.594
-22.984
-23.929
-24.657
-24.160
-22.633
-22.353
-23.121
-20.880
-20.650
-20.265
-21.423
-21.304
-21.191
-20.353
-19.333
-20.417
-20.228
-20.990
-20.274
-18.859
-18.035
-18.733
-18.655
-19.305
-19.060
-17.178
-16.762
-16.746
-16.955
-17.152
-16.573
-16.428
-16.443
-16.600
-17.243
-15.117
-14.934
-14.258
-15.066
-14.048
-15.374
-15.971
-17.014
-15.712
-16.107
-16.615
-16.891
-14.889
-14.829
-13.997
-15.132
-15.106
-16.174
-14.230
-14.312
-13.155
-14.492
-20.744
-19.691
-21.499
-21.029
-21.246
-22.002
-19.856
-19.621
-18.978
-20.122
-19.277
-21.032
-20.379
-21.264
-19.452
-20.617
-21.724
-20.209
-20.142
-20.854
-18.943
-18.611
-17.804
-17.595
-18.127
-16.471
-16.690
-16.072
-15.301
-14.372
-15.441
-15.136
-14.398
-16.069
-14.647
-13.778
-15.421
-14.224
-13.652
-13.572
-15.387
-14.956
-15.857
-16.518
-17.142
-16.937
-15.998
-29.011
-29.342
-30.240
-28.578
-29.014
-28.174
-28.779
-29.913
-29.830
-29.932
-30.857
-29.505
-27.561
-26.886
-27.225
-27.535
-29.669
-29.690
-30.646
-28.987
-29.097
-30.164
-28.702
-27.647
-26.489
-26.655
-26.301
-25.206
-24.275
-25.157
-24.612
-24.189
-24.465
-25.471
-24.112
-25.296
-26.294
-25.130
-24.290
-24.500
-25.520
-23.244
-22.388
-23.258
-23.223
-22.270
-23.428
-22.955
-23.820
-22.813
-21.727
-21.786
-21.681
-20.364
-20.129
-20.385
-19.191
-19.000
-19.558
-17.788
-17.369
-17.079
-17.765
-18.540
-16.991
-17.041
-15.939
-16.186
-15.816
-14.621
-14.390
-14.651
-13.499
-13.948
-13.074
-12.374
-11.856
-12.860
-11.353
-11.860
-10.721
-10.381
-9.653
-9.889
-11.004
-11.499
-11.726
-9.973
-10.306
-9.732
-9.055
-23.116
-23.955
-22.177
-23.157
-24.202
-22.888
-22.105
-22.183
-22.198
-20.693
-20.624
-20.621
-19.465
-18.779
-19.918
-18.704
-17.959
-18.161
-19.605
-19.950
-19.861
-20.494
-19.301
-19.051
-18.395
-20.330
-20.886
-21.043
-19.667
-18.975
-19.078
-20.755
-21.532
-21.300
-20.052
-20.887
-19.604
-19.058
-19.280
-18.030
-19.199
-20.263
-18.612
-18.913
-18.682
-17.977
-19.822
-28.378
-27.183
-27.486
-26.554
-29.055
-28.273
-29.928
-29.431
-29.370
-29.856
-30.145
-28.907
-28.018
-27.103
-28.741
-27.672
-26.356
-25.836
-27.069
-24.356
-24.963
-23.548
-25.509
-23.456
-22.889
-23.334
-23.102
-21.330
-21.015
-20.753
-20.500
-20.729
-19.950
-20.626
-19.949
-20.915
-21.138
-21.569
-19.466
-19.047
-19.826
-17.489
-17.187
-17.132
-18.508
-18.083
-17.942
-18.242
-17.157
-18.823
-18.670
-19.767
-18.150
-18.415
-18.769
-17.307
-18.989
-18.763
-20.073
-18.482
-19.179
-17.524
-18.100
-17.231
-18.756
-18.389
-20.026
-20.391
-20.757
-19.542
-20.472
-18.890
-18.926
-18.189
-19.724
-18.186
-18.022
-18.756
-16.843
-16.952
-16.151
-16.184
-16.656
-16.435
-14.637
-14.303
-14.218
-14.154
-14.654
-14.559
-13.065
-17.171
-17.712
-16.101
-17.674
-17.122
-18.751
-17.407
-18.057
-17.708
-15.925
-15.608
-15.225
-15.589
-15.450
-16.329
-14.209
-13.457
-14.213
-13.811
-13.658
-13.871
-13.781
-14.326
-14.817
-15.003
-13.114
-12.402
-13.313
-12.387
-12.025
-13.090
-11.173
-11.443
-10.392
-10.701
-11.538
-10.362
-9.590
-9.755
-8.751
-9.112
-8.211
-8.727
-10.091
-10.959
-10.443
-9.540
-29.847
-29.849
-30.581
-28.859
-31.291
-31.838
-31.239
-31.717
-29.156
-29.677
-29.206
-28.168
-29.231
-29.679
-29.491
-28.163
-30.358
-30.523
-31.360
-28.214
-28.188
-27.957
-29.582
-27.144
-26.305
-25.846
-26.849
-25.130
-25.440
-24.008
-23.114
-23.146
-21.942
-22.164
-22.105
-24.591
-25.397
-23.783
-24.089
-23.482
-23.309
-22.846
-22.062
-23.688
-20.559
-19.747
-20.549
-20.186
-20.820
-20.302
-18.761
-18.728
-18.104
-18.095
-17.804
-18.820
-16.809
-16.971
-16.213
-16.094
-16.772
-15.194
-15.654
-16.518
-14.448
-14.288
-13.105
-12.417
-13.408
-12.378
-12.898
-12.673
-10.884
-10.630
-10.594
-10.045
-10.379
-10.200
-8.590
-8.182
-8.251
-7.673
-7.690
-6.633
-7.936
-8.845
-7.020
-7.948
-8.744
-8.111
-6.962
-22.150
-22.800
-22.086
-20.796
-20.089
-20.816
-20.248
-19.287
-20.890
-20.052
-21.062
-19.628
-19.197
-18.478
-19.899
-18.514
-19.296
-18.222
-17.371
-17.622
-16.139
-15.366
-15.754
-15.672
-16.380
-14.324
-14.141
-14.362
-13.151
-13.112
-13.396
-11.859
-11.177
-11.996
-11.341
-11.356
-11.951
-9.876
-9.196
-9.850
-9.272
-9.391
-8.184
-9.795
-9.557
-10.868
-9.264
-29.957
-28.876
-29.345
-28.458
-30.801
-31.566
-31.263
-30.304
-30.798
-31.729
-30.400
-31.206
-29.329
-30.071
-28.689
-28.631
-27.765
-27.124
-28.246
-26.368
-25.422
-27.429
-26.875
-25.641
-24.564
-24.869
-24.359
-23.219
-23.292
-22.216
-22.345
-23.159
-21.132
-21.061
-21.539
-22.836
-23.627
-21.920
-22.784
-21.786
-21.011
-21.850
-21.005
-22.787
-19.865
-20.034
-19.540
-18.655
-18.564
-18.923
-17.515
-17.692
-17.379
-16.229
-16.109
-16.100
-15.010
-15.167
-14.931
-13.723
-13.482
-13.798
-12.629
-12.908
-11.324
-10.679
-10.749
-9.881
-11.482
-10.269
-9.800
-9.450
-11.305
-11.642
-12.128
-10.672
-10.447
-9.761
-11.695
-12.691
-11.370
-11.725
-10.690
-12.255
-12.274
-12.400
-13.241
-11.343
-11.738
-11.126
-10.455
-21.618
-20.692
-22.505
-21.242
-20.243
-21.273
-22.345
-23.210
-22.552
-21.822
-22.707
-21.464
-20.769
-20.465
-19.916
-21.323
-22.155
-21.733
-20.269
-19.939
-19.723
-18.958
-20.057
-20.271
-21.017
-18.947
-18.002
-19.292
-18.535
-18.186
-19.358
-17.342
-17.506
-16.426
-17.113
-16.489
-18.057
-16.400
-15.541
-17.066
-16.059
-17.008
-15.587
-14.915
-14.789
-13.956
-15.129
-27.456
-27.338
-27.032
-26.606
-28.461
-28.364
-29.451
-28.281
-27.722
-28.575
-27.819
-26.937
-26.086
-25.329
-25.769
-26.086
-28.636
-28.399
-29.383
-28.535
-28.552
-29.288
-29.175
-27.077
-26.026
-25.915
-26.194
-24.558
-23.947
-24.561
-24.551
-24.335
-24.754
-25.770
-24.869
-23.927
-24.632
-23.971
-22.568
-21.550
-21.664
-20.252
-19.980
-20.417
-23.675
-23.576
-24.061
-22.390
-22.589
-21.975
-21.385
-21.970
-20.801
-20.429
-19.616
-21.060
-19.760
-20.662
-19.324
-18.650
-19.071
-18.437
-17.367
-17.470
-16.280
-15.496
-16.151
-15.807
-17.072
-14.911
-14.862
-15.104
-13.642
-13.641
-13.602
-12.431
-12.319
-12.703
-11.064
-10.661
-10.287
-11.193
-11.664
-11.988
-9.884
-9.491
-9.152
-9.805
-10.048
-10.528
-8.805
-19.146
-18.204
-19.019
-19.383
-20.191
-19.638
-18.227
-18.240
-18.494
-16.889
-16.576
-16.903
-15.753
-16.108
-15.727
-14.352
-14.500
-13.863
-13.466
-13.470
-12.750
-12.060
-12.674
-13.095
-11.618
-13.561
-13.153
-13.503
-14.967
-15.051
-15.417
-15.830
-15.831
-15.322
-17.266
-17.886
-17.715
-17.509
-17.229
-16.884
-19.018
-19.528
-19.320
-19.494
-19.858
-20.363
-18.721
-29.451
-28.554
-27.603
-28.494
-29.571
-28.622
-30.319
-29.770
-30.765
-31.525
-30.885
-31.156
-28.897
-29.456
-28.817
-27.942
-28.829
-29.899
-28.277
-26.927
-26.994
-26.510
-28.361
-25.909
-25.215
-25.843
-24.882
-23.926
-24.125
-22.985
-23.265
-24.202
-22.062
-22.485
-21.887
-23.195
-23.044
-23.786
-21.854
-21.852
-22.802
-20.432
-20.201
-19.822
-20.722
-20.635
-20.796
-19.448
-19.549
-19.404
-18.195
-18.387
-17.540
-17.695
-18.353
-16.713
-17.409
-16.533
-18.183
-16.959
-16.072
-16.735
-18.019
-18.919
-17.928
-18.810
-16.781
-17.182
-16.179
-15.766
-14.874
-15.458
-16.199
-17.041
-16.499
-14.888
-14.306
-14.419
-15.195
-15.840
-14.223
-15.768
-16.785
-15.856
-14.885
-13.908
-14.745
-15.454
-16.486
-15.471
-14.903
-19.939
-20.538
-20.080
-18.502
-17.875
-18.390
-17.987
-18.510
-18.217
-16.467
-15.933
-16.160
-16.051
-16.164
-16.681
-14.537
-14.240
-13.879
-14.158
-15.019
-13.030
-13.107
-11.744
-10.916
-11.815
-11.031
-10.860
-10.100
-12.058
-12.981
-12.245
-11.612
-10.875
-11.117
-12.799
-13.577
-12.739
-13.647
-14.270
-14.359
-12.710
-12.049
-12.008
-13.575
-14.263
-14.296
-12.966
-28.884
-27.680
-27.198
-27.008
-29.655
-29.124
-30.539
-29.861
-29.821
-29.318
-30.130
-30.692
-28.430
-27.852
-27.775
-29.203
-27.865
-28.565
-26.902
-27.512
-26.543
-28.536
-28.326
-26.652
-25.302
-25.453
-25.056
-24.120
-24.331
-22.963
-22.111
-22.398
-20.804
-21.074
-20.580
-23.918
-23.826
-24.790
-22.721
-22.768
-23.769
-21.423
-21.314
-20.597
-19.727
-19.574
-20.091
-18.460
-18.840
-17.981
-17.566
-17.001
-18.125
-16.434
-16.793
-15.817
-15.533
-16.222
-15.122
-14.306
-14.637
-13.786
-13.329
-13.847
-11.942
-11.410
-11.251
-10.508
-11.958
-10.364
-9.758
-9.700
-11.149
-11.747
-11.843
-10.361
-9.672
-9.669
-11.150
-11.798
-11.881
-10.287
-11.028
-9.855
-9.212
-8.570
-9.761
-8.218
-8.853
-7.634
-7.680
-21.027
-21.890
-21.073
-19.628
-19.594
-18.785
-19.344
-19.075
-20.231
-18.037
-17.200
-18.272
-17.660
-18.523
-17.504
-16.438
-16.208
-16.660
-15.249
-14.927
-14.602
-13.726
-14.841
-15.475
-13.807
-15.684
-14.980
-16.433
-16.352
-15.547
-17.191
-16.861
-17.712
-16.020
-17.359
-18.083
-16.404
-18.050
-19.143
-17.795
-17.518
-17.743
-18.113
-16.029
-15.604
-15.521
-15.740
-31.917
-32.296
-32.407
-33.254
-31.793
-31.570
-32.763
-30.927
-33.028
-32.800
-33.615
-33.852
-30.655
-30.675
-29.951
-30.365
-31.341
-30.709
-31.907
-29.354
-29.014
-29.703
-30.553
-28.213
-27.494
-27.397
-28.109
-26.144
-26.389
-25.421
-24.939
-25.124
-24.384
-25.182
-24.054
-25.296
-25.242
-25.844
-24.017
-23.189
-23.386
-21.890
-22.005
-21.627
-23.215
-23.550
-22.821
-22.074
-21.869
-22.309
-20.814
-21.011
-20.514
-19.623
-19.383
-19.972
-18.411
-17.653
-18.787
-17.800
-18.486
-17.672
-16.505
-15.583
-16.286
-15.241
-17.364
-17.031
-18.318
-17.872
-18.425
-16.995
-18.986
-19.311
-18.599
-20.213
-19.974
-20.797
-21.235
-21.566
-20.645
-22.515
-23.139
-23.208
-22.273
-21.854
-23.269
-21.347
-21.693
-20.279
-21.308
-20.832
-21.156
-20.609
-19.540
-19.045
-19.735
-18.645
-19.056
-18.614
-17.161
-16.749
-16.490
-16.996
-17.364
-17.536
-15.528
-15.580
-14.980
-14.836
-14.827
-14.303
-13.724
-14.206
-14.272
-14.996
-12.969
-12.064
-12.848
-12.842
-12.763
-13.853
-11.666
-11.686
-10.816
-11.450
-12.266
-11.562
-10.115
-10.073
-9.360
-9.680
-9.923
-10.303
-8.275
-7.984
-7.560
-8.202
-32.487
-31.009
-30.381
-30.875
-32.950
-33.009
-32.175
-33.962
-33.340
-34.402
-33.222
-32.904
-32.804
-32.538
-32.195
-33.832
-30.389
-29.282
-30.682
-30.240
-30.799
-30.484
-30.817
-28.665
-27.908
-28.388
-27.604
-26.649
-26.125
-25.731
-25.094
-25.027
-24.390
-24.197
-25.038
-27.126
-27.615
-27.897
-26.132
-26.042
-26.834
-24.642
-24.005
-24.851
-23.053
-22.694
-23.280
-22.053
-22.333
-21.836
-20.648
-20.345
-20.875
-19.691
-20.279
-19.118
-18.732
-19.361
-17.992
-17.895
-17.625
-18.437
-16.834
-17.065
-15.560
-14.744
-15.046
-14.369
-15.905
-14.134
-13.968
-14.654
-12.780
-12.323
-12.857
-11.849
-12.430
-11.196
-11.114
-11.934
-10.478
-10.236
-9.216
-10.527
-10.160
-9.940
-9.395
-11.431
-11.567
-12.326
-11.381
-23.859
-24.580
-23.053
-23.288
-22.772
-23.963
-22.250
-22.773
-21.522
-21.604
-22.523
-21.037
-20.754
-20.084
-21.331
-19.930
-19.262
-20.580
-19.189
-19.849
-17.844
-17.522
-16.845
-17.288
-16.205
-15.919
-15.577
-16.480
-14.731
-14.383
-15.135
-13.525
-12.940
-12.765
-13.924
-12.981
-14.834
-14.144
-13.399
-15.083
-13.982
-14.733
-14.329
-12.496
-12.176
-12.353
-11.760
-29.945
-28.517
-28.442
-28.354
-30.078
-31.025
-29.384
-29.833
-29.977
-30.650
-30.085
-29.017
-31.022
-32.005
-30.954
-30.848
-27.158
-26.301
-27.314
-26.270
-26.741
-26.394
-26.980
-24.759
-23.903
-24.323
-23.726
-22.604
-21.977
-21.876
-21.296
-21.341
-20.440
-20.900
-20.354
-23.089
-23.689
-23.784
-21.965
-21.492
-21.779
-20.396
-20.050
-20.735
-18.928
-18.344
-18.904
-18.249
-18.509
-18.778
-16.768
-16.474
-16.252
-16.248
-16.187
-16.949
-14.855
-14.670
-14.855
-13.698
-12.779
-13.909
-13.508
-13.727
-13.198
-13.142
-12.927
-11.964
-13.705
-12.733
-13.658
-11.995
-12.166
-11.094
-12.710
-12.410
-13.469
-11.954
-11.905
-12.168
-10.798
-12.547
-11.939
-13.534
-12.713
-13.538
-11.727
-13.221
-13.518
-12.503
-14.131
-19.084
-19.538
-18.657
-18.136
-17.850
-18.478
-16.791
-16.827
-16.370
-15.794
-16.324
-15.561
-14.484
-14.711
-14.131
-13.287
-12.888
-12.516
-13.570
-14.294
-13.215
-13.594
-12.279
-12.647
-11.269
-12.210
-11.457
-13.202
-11.576
-10.494
-11.990
-11.889
-11.281
-12.962
-11.496
-10.522
-12.211
-11.502
-11.070
-12.541
-10.837
-11.052
-11.235
-9.284
-8.857
-8.856
-8.817
-22.863
-22.714
-21.949
-22.387
-22.947
-22.066
-22.941
-23.821
-24.016
-23.876
-24.937
-24.250
-21.592
-21.506
-21.460
-20.780
-24.031
-24.302
-24.808
-23.875
-24.906
-23.865
-23.704
-22.516
-21.821
-22.011
-22.109
-20.351
-20.140
-20.053
-19.069
-18.393
-18.552
-17.743
-19.333
-19.487
-19.736
-19.900
-18.115
-17.657
-18.230
-16.140
-15.758
-16.127
-17.967
-17.887
-18.765
-16.596
-16.113
-16.716
-15.521
-15.809
-15.356
-14.157
-13.670
-14.337
-13.329
-13.849
-13.356
-11.909
-11.564
-12.017
-10.952
-11.454
-9.655
-9.197
-8.705
-8.096
-9.146
-7.607
-8.107
-7.112
-6.500
-7.063
-5.865
-5.699
-5.392
-6.251
-4.499
-4.937
-4.056
-3.391
-3.186
-3.838
-2.114
-2.250
-1.735
-0.998
-0.188
-0.581
-1.369
-15.368
-15.594
-15.721
-13.923
-13.701
-13.451
-13.245
-13.207
-13.845
-11.742
-11.751
-11.421
-10.835
-10.527
-11.429
-9.566
-9.989
-8.898
-8.766
-9.255
-7.625
-7.160
-6.927
-5.872
-7.360
-6.926
-6.544
-6.269
-8.272
-8.897
-8.792
-8.403
-8.157
-9.460
-7.301
-7.467
-6.254
-7.593
-8.008
-6.728
-8.691
-8.236
-9.540
-9.084
-9.026
-8.371
-10.096
-25.446
-24.832
-25.433
-24.940
-24.519
-24.151
-23.554
-25.153
-26.852
-27.481
-26.910
-27.321
-25.560
-26.275
-24.629
-25.905
-23.370
-22.657
-23.152
-23.426
-22.593
-24.899
-23.045
-23.058
-21.778
-21.946
-21.234
-21.007
-20.273
-20.289
-19.185
-18.704
-18.585
-18.765
-19.107
-21.945
-22.761
-22.612
-21.221
-21.044
-21.492
-20.336
-20.948
-19.810
-17.047
-16.845
-16.491
-16.452
-16.727
-16.848
-14.903
-14.518
-14.566
-14.086
-14.426
-14.210
-12.577
-12.113
-12.399
-11.864
-11.117
-12.592
-11.299
-11.830
-10.123
-9.920
-9.081
-8.852
-9.469
-7.740
-8.003
-7.469
-6.615
-6.530
-6.843
-5.165
-4.817
-4.513
-5.019
-5.567
-5.601
-3.589
-3.076
-3.618
-2.612
-2.640
-1.558
-2.893
-2.017
-3.189
-3.727
-19.432
-18.814
-19.953
-18.242
-18.603
-17.630
-17.203
-17.666
-16.568
-16.195
-16.708
-15.474
-15.282
-14.702
-15.879
-14.357
-13.764
-15.043
-13.564
-14.216
-12.284
-11.946
-11.249
-10.258
-11.443
-11.112
-10.525
-12.132
-10.661
-11.181
-10.908
-9.171
-8.860
-8.889
-8.286
-8.318
-8.750
-6.878
-6.569
-6.924
-5.830
-5.024
-6.406
-5.368
-6.299
-4.840
-4.716
-29.848
-28.897
-27.914
-28.820
-31.234
-31.309
-31.524
-31.917
-29.602
-28.572
-29.766
-30.204
-29.659
-29.783
-30.505
-28.725
-29.074
-30.082
-28.390
-27.588
-27.626
-27.298
-28.914
-26.522
-25.219
-24.740
-25.327
-24.205
-24.783
-23.724
-23.347
-23.548
-22.687
-23.518
-22.407
-23.067
-22.562
-23.397
-21.967
-21.020
-20.893
-20.046
-19.544
-20.680
-21.513
-21.824
-21.447
-20.171
-19.834
-20.183
-19.171
-19.727
-19.010
-17.760
-17.305
-17.891
-16.859
-16.881
-15.830
-17.239
-16.402
-17.508
-18.341
-19.300
-18.298
-19.192
-17.040
-17.165
-16.301
-16.450
-15.508
-16.351
-17.270
-16.804
-18.285
-17.483
-17.941
-18.137
-16.141
-15.914
-15.483
-16.284
-16.712
-17.100
-15.130
-14.432
-15.440
-14.488
-15.156
-13.582
-14.093
-19.172
-18.611
-19.916
-18.253
-18.878
-17.818
-17.114
-16.743
-17.609
-15.922
-16.365
-15.360
-15.017
-14.458
-15.689
-14.080
-13.470
-14.756
-13.240
-13.845
-11.985
-11.520
-11.003
-10.314
-11.535
-10.083
-9.729
-10.685
-8.784
-8.330
-9.267
-7.802
-8.194
-6.754
-7.675
-6.991
-8.653
-7.228
-8.075
-7.184
-5.824
-5.759
-5.527
-4.787
-3.729
-4.891
-4.994
-31.779
-30.373
-30.429
-29.695
-32.775
-33.785
-32.486
-32.759
-31.865
-31.287
-31.362
-32.915
-32.184
-32.116
-33.245
-31.556
-29.608
-28.597
-30.076
-28.301
-27.461
-28.784
-29.592
-27.503
-27.327
-27.120
-28.256
-26.100
-26.287
-24.932
-23.752
-23.576
-22.771
-22.496
-23.169
-25.961
-26.895
-25.202
-25.832
-25.724
-25.845
-25.292
-26.052
-25.344
-21.545
-21.759
-21.079
-20.517
-20.324
-20.939
-19.207
-19.592
-18.685
-18.281
-17.725
-18.891
-17.153
-17.668
-16.700
-16.013
-15.224
-16.476
-15.354
-15.682
-14.203
-13.851
-13.650
-14.303
-13.454
-12.312
-12.579
-11.842
-11.251
-11.036
-11.742
-9.925
-10.138
-9.499
-8.973
-9.111
-9.268
-7.543
-6.996
-7.458
-6.713
-7.258
-6.728
-5.249
-5.300
-4.807
-4.730
-23.857
-23.906
-23.629
-22.799
-22.539
-23.197
-21.537
-21.680
-21.122
-20.525
-21.008
-20.256
-19.159
-18.697
-19.385
-18.027
-18.468
-17.378
-17.253
-17.881
-15.959
-15.593
-14.918
-14.603
-15.453
-13.661
-13.886
-13.215
-12.553
-12.989
-12.156
-11.414
-10.995
-11.876
-10.274
-10.684
-9.505
-9.666
-8.934
-10.467
-8.926
-9.017
-9.329
-7.425
-6.870
-6.962
-7.282
-27.768
-26.422
-26.163
-26.533
-28.709
-28.248
-28.748
-29.745
-27.632
-27.077
-27.064
-28.604
-28.324
-27.545
-28.519
-29.121
-25.276
-24.308
-25.244
-25.003
-25.420
-25.508
-25.477
-23.385
-22.755
-21.802
-23.346
-22.362
-23.307
-21.929
-22.157
-22.820
-21.497
-22.034
-20.424
-21.243
-21.632
-20.973
-20.085
-19.006
-19.011
-17.851
-17.804
-16.981
-21.767
-22.723
-21.928
-20.683
-20.529
-21.041
-19.464
-19.766
-19.161
-18.156
-17.791
-18.339
-16.973
-17.397
-16.644
-15.751
-16.224
-15.016
-14.993
-15.464
-13.834
-13.536
-12.858
-13.410
-12.172
-12.012
-11.524
-12.681
-10.882
-11.300
-10.322
-9.875
-9.872
-10.362
-8.424
-8.405
-7.678
-7.938
-6.878
-7.945
-8.689
-9.743
-8.301
-8.712
-9.054
-7.667
-9.229
-17.626
-18.373
-17.952
-16.211
-15.417
-15.860
-16.287
-16.657
-16.973
-15.016
-14.708
-15.298
-13.952
-14.363
-13.611
-12.633
-12.846
-12.140
-11.735
-12.234
-10.435
-9.867
-9.727
-10.519
-9.033
-8.866
-8.158
-8.270
-9.647
-10.381
-10.213
-8.710
-8.160
-7.974
-9.409
-10.194
-9.941
-8.499
-7.665
-9.090
-8.066
-8.848
-7.192
-7.716
-7.456
-6.897
-8.475
-33.011
-31.650
-31.034
-31.225
-33.969
-33.627
-33.978
-35.018
-32.878
-32.161
-32.414
-33.754
-33.611
-34.591
-32.958
-33.808
-31.551
-32.198
-32.001
-29.558
-30.418
-29.507
-30.132
-28.059
-27.278
-27.917
-26.578
-26.286
-26.887
-25.383
-26.093
-27.177
-25.143
-24.614
-25.658
-25.396
-25.068
-25.984
-24.203
-24.363
-25.447
-23.026
-23.439
-22.707
-24.178
-24.643
-23.504
-23.312
-24.003
-22.792
-22.304
-22.788
-21.625
-21.420
-20.929
-22.026
-20.509
-19.989
-21.216
-19.424
-20.020
-18.809
-18.653
-19.107
-17.640
-17.228
-16.935
-17.422
-16.974
-15.460
-14.984
-14.983
-15.066
-15.687
-15.417
-13.543
-13.555
-13.073
-12.820
-12.814
-13.548
-11.457
-11.631
-10.780
-10.742
-10.056
-11.384
-9.893
-9.545
-10.456
-8.989
-21.762
-21.859
-21.907
-20.386
-19.655
-20.104
-19.899
-20.578
-20.023
-18.484
-18.523
-17.886
-17.951
-17.689
-18.751
-16.778
-17.053
-16.563
-15.724
-15.921
-14.680
-14.141
-14.355
-15.112
-14.390
-12.888
-12.751
-12.104
-12.789
-13.759
-12.741
-11.625
-12.022
-11.524
-10.312
-10.197
-10.014
-9.273
-9.558
-9.458
-7.829
-7.614
-7.619
-6.856
-6.753
-5.847
-7.233
-29.935
-28.518
-28.615
-27.950
-30.668
-31.701
-30.407
-30.630
-30.033
-29.369
-31.036
-29.816
-30.705
-31.734
-30.243
-30.800
-27.499
-26.565
-27.878
-26.830
-26.469
-27.874
-27.200
-25.555
-24.482
-24.197
-24.743
-23.229
-23.668
-22.841
-22.213
-21.986
-21.602
-22.360
-20.826
-22.124
-21.749
-22.510
-20.967
-20.705
-21.385
-19.419
-19.632
-19.266
-21.160
-20.331
-22.025
-20.556
-20.158
-21.462
-19.581
-20.025
-18.742
-19.078
-18.918
-19.893
-17.784
-18.029
-17.015
-17.415
-18.153
-16.612
-16.985
-17.781
-15.676
-15.363
-14.530
-14.703
-14.253
-13.195
-13.322
-12.320
-12.782
-13.156
-13.198
-11.201
-10.813
-10.766
-10.528
-9.445
-10.796
-10.839
-11.291
-11.661
-9.675
-10.065
-9.376
-8.382
-7.667
-8.684
-7.691
-18.172
-18.332
-18.144
-16.767
-15.978
-16.825
-16.171
-15.781
-15.387
-17.134
-17.792
-17.714
-16.459
-17.261
-15.714
-15.729
-16.480
-14.972
-15.221
-16.048
-13.979
-13.830
-12.860
-13.204
-12.107
-12.207
-12.003
-12.850
-10.906
-10.322
-11.245
-9.998
-10.483
-9.766
-8.578
-8.706
-8.213
-7.532
-7.941
-7.663
-6.086
-5.877
-5.505
-5.582
-5.689
-6.120
-4.551
-32.248
-32.175
-33.142
-32.148
-30.919
-30.809
-30.215
-30.457
-32.723
-32.218
-32.649
-33.777
-33.155
-32.899
-33.091
-34.155
-31.004
-31.233
-31.015
-29.437
-30.609
-28.879
-29.698
-28.363
-27.403
-27.760
-27.118
-26.156
-26.131
-26.259
-25.631
-25.350
-25.447
-26.420
-24.776
-24.843
-24.967
-24.866
-23.638
-23.217
-23.974
-21.831
-21.355
-21.291
-24.885
-23.994
-25.609
-24.367
-25.154
-23.626
-23.711
-22.941
-23.258
-24.747
-25.479
-25.217
-24.099
-23.515
-24.857
-23.079
-23.474
-22.182
-22.833
-23.498
-21.866
-21.569
-20.859
-21.208
-20.817
-19.420
-19.497
-18.721
-18.756
-18.764
-19.199
-17.283
-16.644
-16.910
-17.059
-17.099
-17.768
-15.614
-15.778
-14.757
-15.095
-15.003
-15.784
-13.685
-12.935
-13.402
-13.593
-21.908
-22.462
-22.468
-20.503
-19.924
-19.877
-20.756
-21.027
-21.548
-19.540
-18.750
-19.116
-19.755
-20.564
-20.062
-18.442
-17.757
-18.566
-17.762
-18.346
-16.721
-16.277
-15.888
-15.487
-16.487
-14.744
-15.274
-14.445
-13.548
-13.006
-13.971
-12.673
-13.121
-12.635
-11.280
-11.349
-10.529
-10.715
-11.350
-10.685
-9.247
-8.536
-9.285
-8.720
-8.890
-7.668
-9.412
-25.243
-24.014
-24.140
-23.133
-25.213
-26.074
-24.391
-25.072
-25.475
-24.529
-26.341
-25.723
-26.415
-27.336
-26.555
-26.289
-23.490
-23.368
-22.463
-24.427
-24.954
-24.915
-24.438
-22.802
-22.067
-22.237
-22.241
-20.549
-20.403
-20.138
-19.613
-19.439
-19.296
-19.940
-19.528
-19.727
-20.098
-19.956
-18.362
-17.802
-18.403
-16.376
-15.803
-15.964
-17.806
-17.167
-17.605
-17.326
-18.086
-17.121
-16.044
-15.232
-16.185
-15.567
-16.349
-15.299
-14.346
-13.601
-14.614
-13.822
-14.047
-14.429
-12.296
-11.811
-11.608
-10.518
-12.127
-11.981
-13.233
-11.361
-11.766
-11.726
-9.894
-9.273
-9.777
-9.309
-9.983
-9.134
-7.940
-8.083
-7.641
-6.913
-6.789
-7.344
-5.516
-5.034
-4.871
-5.492
-5.928
-5.935
-4.470
-16.117
-16.332
-16.903
-14.741
-14.413
-13.935
-14.505
-15.434
-13.585
-14.563
-15.401
-13.646
-14.512
-13.601
-15.300
-14.480
-13.704
-15.460
-14.102
-14.853
-13.280
-13.225
-12.470
-11.679
-13.026
-11.845
-11.517
-11.019
-12.946
-13.698
-13.492
-12.505
-11.756
-11.851
-13.438
-14.005
-12.729
-14.464
-15.077
-13.917
-15.241
-14.575
-16.118
-15.919
-16.413
-16.757
-15.133
-31.210
-29.792
-29.863
-29.483
-31.606
-31.603
-32.578
-30.897
-31.354
-32.353
-31.153
-30.604
-32.111
-31.638
-32.259
-33.018
-28.809
-28.840
-27.789
-28.703
-28.930
-29.414
-29.019
-27.158
-26.313
-26.809
-26.040
-25.043
-25.257
-24.150
-24.202
-25.020
-22.946
-23.100
-22.082
-24.444
-24.104
-25.262
-23.361
-23.722
-24.852
-22.502
-22.624
-21.579
-22.898
-22.794
-23.830
-21.654
-21.778
-20.766
-21.179
-20.537
-22.021
-20.180
-20.032
-20.707
-18.864
-18.449
-19.220
-17.792
-18.336
-17.328
-16.719
-17.191
-15.398
-14.805
-14.676
-15.289
-13.810
-14.104
-14.926
-13.663
-13.007
-12.309
-13.342
-12.094
-11.655
-12.835
-11.126
-10.550
-11.710
-10.177
-9.782
-10.640
-8.894
-9.261
-8.112
-8.112
-7.234
-7.674
-8.730
-22.382
-22.762
-23.015
-20.882
-20.515
-20.290
-20.648
-20.443
-21.497
-19.483
-19.648
-19.285
-18.186
-17.841
-18.324
-16.997
-17.308
-16.290
-16.231
-16.794
-14.890
-14.431
-13.975
-13.072
-14.454
-13.429
-13.043
-14.328
-12.488
-11.558
-12.837
-12.095
-12.980
-11.764
-10.996
-11.363
-10.148
-10.435
-11.232
-9.883
-9.519
-8.605
-9.898
-9.126
-8.466
-10.014
-8.451
-32.162
-33.068
-33.732
-33.642
-31.653
-32.425
-31.269
-30.886
-32.846
-33.614
-32.092
-33.188
-30.969
-30.244
-31.176
-30.558
-32.438
-31.417
-33.070
-32.038
-31.937
-33.167
-32.227
-30.708
-29.564
-29.762
-29.193
-28.414
-28.866
-27.358
-26.857
-27.152
-25.806
-26.173
-25.474
-27.869
-27.372
-28.775
-26.934
-27.434
-28.588
-26.369
-26.905
-25.988
-24.514
-23.865
-24.899
-23.506
-23.948
-23.005
-22.435
-21.919
-22.844
-21.344
-21.749
-20.689
-20.479
-19.892
-21.152
-19.498
-19.138
-19.989
-18.256
-17.876
-17.601
-16.587
-18.013
-18.953
-18.189
-16.902
-17.293
-15.955
-16.486
-15.959
-17.390
-15.490
-16.035
-14.748
-14.693
-14.128
-15.385
-13.747
-13.097
-14.421
-12.668
-13.162
-12.158
-11.617
-10.775
-11.121
-12.034
-25.083
-25.356
-24.603
-23.984
-23.296
-24.374
-23.065
-23.689
-22.484
-21.948
-21.358
-22.351
-20.824
-21.307
-20.522
-19.629
-19.968
-19.148
-18.687
-19.209
-17.351
-16.756
-16.704
-16.977
-17.008
-15.175
-14.808
-14.853
-14.391
-14.765
-14.503
-12.861
-12.363
-12.384
-12.569
-13.053
-13.026
-11.108
-10.608
-10.601
-10.702
-11.364
-11.033
-9.235
-9.334
-8.535
-9.011
-30.805
-29.423
-28.983
-28.756
-30.630
-31.600
-30.384
-29.918
-31.661
-31.708
-31.258
-32.658
-31.503
-31.551
-30.969
-32.476
-29.461
-30.318
-29.577
-28.095
-28.122
-29.026
-28.213
-26.625
-25.720
-25.903
-25.916
-24.207
-23.743
-24.116
-24.133
-24.067
-24.101
-25.180
-23.763
-23.367
-23.827
-23.415
-22.008
-21.218
-21.544
-19.861
-19.128
-20.095
-23.403
-23.732
-23.774
-21.875
-21.634
-21.597
-21.098
-21.165
-21.620
-19.642
-19.059
-19.604
-18.972
-19.574
-18.806
-17.646
-17.744
-17.500
-16.482
-16.605
-15.248
-14.502
-14.554
-15.345
-13.761
-13.889
-13.203
-14.684
-13.091
-13.689
-12.267
-12.454
-13.266
-12.153
-11.348
-11.987
-11.186
-10.135
-10.206
-9.725
-9.003
-8.625
-9.176
-7.669
-7.428
-6.823
-7.842
-19.211
-19.912
-18.411
-18.473
-17.783
-19.210
-17.600
-18.208
-16.828
-16.740
-17.373
-16.251
-15.661
-14.784
-16.087
-14.998
-15.741
-14.331
-14.218
-14.320
-13.407
-12.858
-13.076
-12.763
-13.961
-11.929
-12.158
-10.978
-11.781
-12.789
-11.279
-10.905
-11.441
-10.775
-9.488
-9.605
-8.980
-8.598
-7.668
-9.035
-8.223
-8.958
-7.620
-7.350
-7.829
-7.195
-6.316
-27.608
-28.579
-28.915
-28.008
-28.346
-29.027
-27.646
-28.915
-27.036
-27.920
-26.552
-26.437
-26.516
-27.013
-25.761
-26.061
-29.749
-30.632
-30.221
-29.224
-28.466
-30.569
-29.379
-28.322
-28.856
-29.492
-29.403
-27.691
-28.101
-26.541
-25.701
-25.872
-24.441
-24.819
-23.750
-27.281
-28.074
-26.412
-26.985
-25.655
-24.874
-25.344
-26.240
-24.923
-23.764
-23.579
-24.411
-22.347
-22.475
-21.744
-21.469
-21.304
-22.169
-20.208
-20.449
-19.544
-19.472
-18.999
-20.187
-18.432
-18.927
-17.844
-17.458
-17.906
-16.114
-15.527
-15.264
-15.941
-14.407
-14.424
-14.032
-13.512
-15.330
-15.509
-16.327
-14.696
-13.670
-15.344
-14.584
-13.791
-14.172
-15.939
-16.687
-16.320
-15.945
-15.571
-17.001
-15.225
-15.899
-14.244
-14.991
-24.299
-24.938
-23.773
-23.310
-23.748
-22.730
-22.328
-22.804
-21.610
-21.710
-22.443
-20.944
-20.917
-20.007
-20.541
-21.615
-22.641
-20.979
-21.888
-22.720
-21.292
-21.444
-20.213
-20.203
-19.219
-20.434
-21.418
-19.634
-20.299
-21.050
-19.260
-20.456
-19.666
-21.434
-20.408
-19.715
-21.380
-20.099
-19.319
-20.985
-19.598
-20.389
-18.657
-19.413
-18.969
-20.371
-18.656
-26.203
-25.460
-24.926
-24.719
-27.269
-27.959
-26.906
-27.871
-25.256
-24.792
-25.752
-24.570
-26.943
-27.685
-27.349
-26.368
-26.257
-26.801
-25.472
-26.684
-26.933
-27.339
-27.094
-25.196
-24.332
-24.642
-24.365
-22.903
-22.657
-22.944
-22.309
-21.928
-22.146
-23.216
-21.741
-21.747
-22.159
-21.652
-20.542
-19.707
-19.709
-18.570
-18.503
-19.028
-21.240
-20.193
-21.526
-21.312
-22.346
-20.989
-20.369
-20.571
-20.581
-18.847
-18.605
-18.793
-18.106
-18.518
-18.239
-16.549
-16.157
-16.035
-16.121
-16.034
-15.834
-15.523
-15.784
-16.296
-16.451
-14.357
-13.874
-13.821
-14.116
-13.058
-14.700
-14.624
-15.734
-14.076
-14.305
-13.329
-15.114
-14.389
-13.612
-14.204
-15.810
-16.391
-16.215
-15.850
-16.867
-15.241
-15.212
-17.179
-16.857
-17.334
-16.075
-16.427
-15.821
-14.873
-14.472
-15.302
-13.779
-13.479
-14.164
-12.576
-12.475
-11.687
-12.852
-12.075
-13.849
-12.633
-13.437
-11.741
-11.939
-10.666
-9.679
-10.673
-10.886
-10.168
-11.890
-10.450
-9.502
-11.159
-10.050
-10.986
-9.385
-9.180
-9.859
-8.497
-8.383
-7.478
-8.144
-9.194
-9.559
-8.437
-10.328
-10.809
-9.927
-11.036
-35.197
-33.739
-33.740
-33.096
-36.100
-36.177
-37.127
-35.805
-35.152
-34.733
-36.188
-34.613
-35.730
-36.769
-35.186
-35.790
-33.095
-33.015
-32.006
-33.576
-33.989
-34.193
-33.747
-32.073
-31.423
-30.791
-32.167
-30.403
-29.909
-29.392
-28.170
-27.705
-27.303
-27.850
-27.083
-31.188
-31.908
-31.802
-30.319
-29.650
-29.603
-28.929
-28.948
-29.575
-26.010
-25.485
-26.292
-25.071
-25.542
-24.857
-23.698
-23.287
-23.951
-22.687
-21.841
-23.249
-22.092
-22.888
-21.549
-21.058
-20.269
-21.571
-20.586
-21.324
-19.324
-19.210
-18.087
-17.220
-18.028
-17.836
-18.587
-17.666
-16.547
-16.028
-16.857
-15.635
-14.918
-16.235
-14.866
-15.512
-14.583
-13.680
-12.992
-13.807
-13.168
-14.082
-12.725
-12.283
-11.256
-12.681
-12.192
-27.563
-27.621
-27.176
-26.475
-26.465
-26.858
-25.126
-25.183
-24.819
-24.126
-24.803
-23.791
-23.007
-23.471
-22.423
-22.170
-21.402
-22.804
-21.584
-22.241
-20.490
-20.196
-19.509
-18.641
-19.895
-18.797
-19.465
-18.375
-17.515
-17.523
-16.672
-17.284
-16.985
-18.244
-16.161
-15.198
-16.340
-16.215
-17.117
-15.339
-16.314
-15.520
-17.223
-16.380
-16.476
-17.284
-15.496
-29.341
-27.901
-28.084
-27.331
-29.972
-31.011
-29.990
-29.486
-30.102
-31.145
-29.668
-30.031
-29.279
-28.831
-30.211
-28.650
-27.026
-27.119
-26.000
-27.788
-29.017
-27.646
-27.596
-26.552
-25.443
-25.237
-25.606
-24.163
-23.348
-24.103
-23.837
-23.638
-23.826
-23.337
-24.868
-23.914
-24.575
-24.253
-22.440
-22.049
-22.868
-20.526
-20.107
-20.200
-22.972
-23.165
-23.153
-21.489
-21.120
-21.199
-20.754
-21.251
-20.700
-19.377
-18.660
-19.343
-18.646
-17.753
-19.321
-18.272
-19.327
-17.760
-17.459
-17.874
-16.338
-15.936
-15.513
-15.593
-16.030
-14.079
-14.090
-13.518
-13.225
-13.590
-12.141
-13.305
-12.963
-14.296
-12.270
-11.330
-12.335
-12.427
-13.382
-12.590
-11.380
-10.310
-11.394
-11.752
-12.800
-11.584
-11.054
-19.906
-20.256
-20.196
-18.369
-18.049
-17.899
-17.690
-18.172
-17.944
-16.182
-15.732
-15.679
-15.978
-16.720
-14.928
-16.067
-17.097
-15.443
-15.561
-14.470
-16.234
-15.697
-17.699
-18.155
-18.343
-18.148
-19.250
-17.734
-17.988
-18.503
-16.886
-18.718
-18.317
-19.809
-18.610
-17.527
-19.019
-19.539
-20.510
-19.099
-19.794
-18.929
-20.613
-20.255
-20.089
-21.327
-19.676
-34.483
-33.795
-33.223
-34.541
-35.538
-36.325
-35.957
-35.034
-33.516
-34.079
-32.682
-33.001
-35.121
-35.967
-35.503
-34.430
-32.781
-33.389
-32.452
-30.526
-29.893
-31.025
-31.700
-29.547
-28.141
-27.827
-27.815
-27.356
-27.778
-27.676
-27.316
-27.048
-27.398
-28.472
-27.155
-25.843
-25.384
-25.454
-25.441
-25.561
-25.856
-25.234
-26.004
-25.394
-26.488
-26.155
-26.933
-25.131
-24.766
-24.343
-25.221
-25.511
-25.979
-23.930
-23.631
-23.194
-24.135
-24.601
-24.813
-22.888
-22.210
-23.198
-22.225
-22.889
-20.974
-20.592
-20.010
-20.528
-19.370
-19.072
-19.667
-18.524
-17.920
-18.345
-17.506
-16.832
-16.509
-17.095
-15.539
-15.871
-15.132
-14.486
-14.356
-14.776
-13.205
-12.639
-13.405
-12.352
-11.334
-12.769
-12.214
-23.796
-23.744
-23.145
-23.347
-23.749
-23.891
-21.804
-21.423
-21.231
-21.333
-21.752
-21.778
-19.787
-19.337
-19.352
-19.490
-18.408
-19.992
-20.096
-21.140
-19.499
-19.942
-17.982
-17.826
-17.292
-17.803
-18.133
-18.399
-16.362
-15.760
-15.959
-15.998
-16.720
-16.194
-14.501
-14.263
-13.819
-14.174
-14.867
-14.392
-12.694
-12.060
-12.388
-12.203
-12.675
-12.620
-11.118
-25.646
-25.369
-24.437
-26.194
-26.956
-27.468
-27.644
-26.963
-25.843
-26.429
-26.241
-24.943
-24.590
-25.027
-23.762
-24.145
-24.941
-24.626
-24.004
-25.449
-26.218
-25.665
-25.929
-23.913
-23.318
-22.553
-24.128
-22.627
-23.444
-22.062
-21.144
-20.555
-21.129
-20.743
-22.191
-21.638
-20.961
-22.096
-20.832
-21.286
-22.275
-20.465
-20.430
-20.825
-20.336
-20.609
-19.297
-20.431
-19.701
-21.511
-19.979
-20.625
-20.097
-18.463
-17.898
-18.335
-17.954
-18.242
-18.385
-16.408
-16.234
-15.890
-15.766
-16.234
-14.599
-14.270
-13.639
-13.351
-14.061
-12.286
-11.794
-11.598
-12.305
-12.480
-13.165
-10.986
-10.962
-11.043
-9.718
-8.825
-9.827
-9.522
-10.493
-9.423
-8.356
-8.241
-7.492
-8.300
-7.431
-8.113
-9.251
-19.052
-18.627
-19.154
-18.232
-18.787
-18.301
-16.754
-16.179
-16.520
-16.405
-16.623
-17.042
-14.942
-14.809
-14.861
-13.925
-13.991
-14.122
-12.515
-12.368
-11.457
-10.464
-11.432
-12.427
-10.610
-11.378
-12.131
-11.602
-9.982
-9.684
-9.314
-9.797
-10.522
-8.753
-10.003
-11.007
-9.333
-9.814
-9.860
-10.595
-8.493
-8.736
-7.625
-8.393
-8.242
-9.323
-7.591
-27.693
-26.803
-25.785
-26.961
-27.503
-27.694
-26.507
-28.145
-29.096
-29.236
-29.756
-29.190
-27.392
-28.146
-27.135
-26.463
-26.985
-27.952
-26.152
-27.674
-28.931
-27.912
-26.943
-26.729
-25.427
-25.231
-25.486
-24.282
-24.315
-24.341
-23.977
-23.719
-23.810
-24.786
-23.139
-22.995
-22.995
-22.943
-21.717
-21.069
-21.501
-19.707
-19.858
-19.182
-23.315
-23.957
-23.382
-21.822
-21.887
-21.541
-20.851
-21.032
-20.988
-19.394
-18.722
-19.193
-18.926
-19.628
-18.898
-17.522
-17.317
-16.751
-17.238
-17.941
-16.329
-16.254
-15.333
-15.464
-15.693
-13.918
-13.917
-13.739
-12.792
-12.641
-13.249
-11.438
-10.662
-11.537
-10.734
-11.397
-10.456
-9.434
-8.849
-9.762
-8.499
-9.177
-7.869
-7.507
-6.778
-7.145
-8.122
-18.853
-19.212
-18.831
-17.412
-17.028
-17.451
-16.588
-16.889
-16.509
-15.097
-15.044
-14.709
-14.163
-14.610
-14.263
-12.726
-12.754
-12.437
-11.819
-11.807
-11.088
-10.541
-11.142
-12.100
-10.254
-10.907
-9.991
-11.846
-10.664
-9.892
-11.529
-10.299
-10.898
-9.231
-10.450
-10.012
-11.490
-9.670
-9.441
-8.632
-10.093
-9.346
-10.138
-11.467
-12.183
-11.626
-11.837
-20.457
-20.092
-19.284
-19.680
-21.587
-21.254
-22.298
-22.059
-19.265
-19.615
-18.419
-18.898
-20.857
-21.029
-20.145
-21.799
-21.191
-21.854
-20.640
-21.645
-22.867
-20.974
-21.931
-20.555
-19.709
-19.638
-20.025
-18.315
-18.581
-17.633
-17.208
-17.707
-16.191
-16.713
-15.517
-17.427
-16.964
-17.996
-16.296
-16.635
-17.751
-15.401
-14.558
-15.360
-15.430
-16.225
-14.932
-14.398
-13.678
-14.868
-13.564
-13.120
-14.170
-12.364
-12.697
-11.765
-11.422
-11.228
-12.063
-10.175
-9.893
-10.529
-8.991
-8.612
-8.357
-7.462
-8.568
-7.786
-9.563
-8.440
-7.430
-8.497
-9.443
-9.618
-9.220
-10.929
-10.845
-11.480
-11.729
-12.115
-11.216
-13.077
-12.799
-13.713
-13.772
-13.100
-14.725
-14.102
-14.965
-13.239
-14.220
-15.333
-15.995
-15.766
-13.930
-14.001
-13.281
-13.205
-12.108
-13.347
-13.755
-13.386
-14.864
-13.313
-13.559
-12.222
-13.901
-13.404
-14.907
-13.835
-12.909
-14.824
-14.523
-16.311
-16.703
-16.499
-17.166
-16.910
-18.250
-16.885
-15.806
-17.086
-17.819
-17.529
-18.846
-18.001
-18.477
-18.750
-16.686
-16.881
-16.040
-15.975
-15.826
-16.590
-14.622
-13.979
-14.038
-14.853
-29.321
-27.930
-27.223
-27.717
-29.737
-30.809
-29.508
-29.241
-30.287
-31.281
-30.017
-30.285
-29.476
-29.536
-28.650
-30.326
-27.477
-26.419
-27.461
-28.756
-30.030
-28.716
-28.220
-27.741
-26.321
-26.048
-26.069
-25.622
-26.061
-24.186
-23.775
-24.452
-22.287
-22.048
-21.807
-25.818
-25.799
-26.836
-24.831
-24.980
-25.764
-24.032
-24.362
-24.150
-21.531
-21.670
-21.842
-20.017
-19.730
-19.609
-19.206
-19.459
-19.429
-17.740
-17.434
-17.666
-16.860
-17.202
-17.154
-15.344
-15.243
-15.144
-14.452
-14.481
-13.622
-13.086
-13.314
-14.123
-13.095
-11.968
-11.778
-11.096
-12.040
-11.940
-13.064
-10.967
-11.283
-9.986
-11.116
-10.956
-12.142
-10.077
-10.350
-10.175
-8.585
-8.099
-8.493
-7.887
-6.974
-8.516
-7.628
-22.558
-21.918
-22.515
-21.947
-22.498
-21.899
-20.443
-19.992
-20.202
-19.935
-19.944
-20.707
-18.617
-18.564
-17.863
-18.177
-18.279
-17.088
-19.057
-20.061
-18.943
-19.637
-17.654
-17.050
-17.874
-16.703
-17.003
-16.485
-15.353
-15.652
-14.714
-14.296
-14.874
-13.690
-13.432
-14.210
-12.724
-12.719
-13.438
-11.990
-12.004
-11.694
-11.130
-12.909
-12.480
-13.006
-13.917
-29.654
-28.446
-28.559
-27.654
-30.864
-30.582
-31.309
-31.618
-29.263
-28.452
-28.905
-30.095
-29.985
-30.979
-29.250
-29.943
-27.922
-27.745
-26.887
-28.767
-29.476
-29.151
-28.682
-27.259
-26.749
-26.021
-27.489
-26.029
-26.770
-25.171
-25.104
-25.821
-23.723
-23.788
-22.953
-25.227
-24.528
-25.849
-24.652
-24.919
-25.608
-24.272
-24.931
-24.318
-23.272
-23.040
-24.008
-21.974
-21.867
-22.002
-20.602
-20.533
-20.430
-19.374
-18.973
-19.612
-18.198
-18.411
-17.894
-17.018
-16.963
-17.355
-15.681
-15.756
-14.491
-13.591
-14.111
-13.669
-14.935
-12.978
-13.388
-12.026
-12.654
-12.173
-13.544
-11.661
-11.998
-10.716
-11.336
-12.297
-10.849
-10.332
-9.366
-10.714
-10.312
-9.979
-9.573
-11.633
-12.298
-11.553
-12.023
-22.863
-22.947
-22.166
-22.344
-21.985
-23.137
-21.234
-21.705
-20.454
-20.547
-21.208
-20.319
-19.316
-18.796
-19.803
-18.314
-18.333
-18.914
-16.978
-17.066
-15.760
-14.869
-15.483
-14.721
-16.331
-14.848
-13.959
-14.616
-15.902
-16.131
-16.762
-15.348
-15.156
-14.340
-16.352
-16.039
-17.357
-16.137
-15.137
-16.028
-17.238
-18.086
-17.382
-17.160
-18.035
-16.343
-16.916
