9.430
8.271
7.364
8.463
9.235
8.366
10.014
9.289
10.742
11.039
10.776
11.482
9.454
9.740
8.439
10.053
7.931
6.961
7.797
9.328
9.396
10.542
9.020
8.091
7.817
7.755
8.623
6.505
6.464
5.509
4.659
4.762
3.399
3.653
3.276
6.348
6.723
7.007
4.948
4.639
5.444
3.104
2.594
3.085
2.013
1.886
2.126
0.823
-0.114
1.075
0.391
1.272
0.011
-0.723
-0.304
-0.838
-2.081
-2.400
-1.859
-3.111
-2.728
-3.202
-4.423
-4.309
-5.635
-6.506
-5.935
-6.632
-5.033
-6.492
-6.723
-5.735
-7.839
-7.665
-8.688
-8.259
-8.300
-7.526
-9.659
-9.869
-10.303
-10.152
-11.165
-10.208
-9.225
-8.145
-9.344
-9.519
-8.945
-10.582
-9.312
2.531
2.454
3.188
1.124
1.115
0.902
-0.092
0.248
-0.711
-0.902
-0.496
-1.018
-2.313
-2.933
-2.215
-3.045
-2.489
-3.888
-3.570
-3.002
-4.743
-5.029
-5.610
-4.991
-6.177
-6.666
-6.151
-7.204
-7.819
-7.321
-8.279
-8.845
-9.634
-9.330
-8.403
-7.837
-9.369
-7.671
-6.747
-8.062
-7.229
-8.190
-6.621
-6.685
-5.640
-7.459
-6.656
12.796
12.553
13.350
12.362
14.149
14.325
14.224
14.993
12.642
13.161
11.608
13.199
11.742
10.751
11.511
12.223
11.310
11.472
11.215
9.947
10.077
10.818
10.127
8.407
7.876
8.474
7.790
6.380
5.764
6.489
5.375
4.409
5.519
6.134
6.223
5.913
6.651
6.040
4.612
3.588
3.718
2.385
2.528
2.407
4.201
4.609
3.512
3.419
3.118
4.113
2.237
2.502
1.551
1.519
0.976
2.228
0.579
0.997
0.440
-0.781
-0.694
-1.302
-1.607
-1.482
-2.175
-2.817
-2.316
-1.527
-2.186
-3.714
-4.564
-3.932
-3.799
-4.741
-2.926
-3.980
-4.065
-3.119
-5.322
-5.149
-5.892
-6.194
-6.529
-5.709
-7.350
-6.880
-7.612
-8.591
-9.270
-9.062
-8.351
1.017
0.904
0.174
0.815
1.240
1.428
-0.724
-0.919
-1.178
-1.037
-0.652
-0.618
-2.504
-2.660
-2.869
-3.299
-2.902
-3.471
-4.689
-4.720
-5.890
-6.667
-6.095
-5.167
-6.436
-7.351
-7.259
-8.263
-7.411
-7.881
-8.205
-6.216
-5.786
-5.398
-6.386
-5.538
-7.316
-6.709
-5.903
-7.702
-6.548
-5.542
-6.429
-7.556
-7.231
-8.624
-7.510
12.499
11.576
10.551
11.641
12.124
12.946
11.181
12.068
12.447
11.433
12.915
12.908
13.900
14.641
14.054
14.174
11.736
12.773
11.050
10.208
10.192
9.822
11.622
9.274
7.913
7.331
7.837
7.285
8.004
7.048
6.593
6.628
6.146
6.917
5.223
6.044
6.326
5.662
4.939
4.132
4.336
3.010
3.329
2.124
5.830
4.858
6.561
5.782
5.349
6.838
5.061
5.638
5.061
3.583
3.083
3.588
2.793
3.180
2.823
1.249
0.732
0.917
0.776
1.525
-0.492
-0.651
-1.769
-2.006
-1.535
-2.992
-3.143
-3.934
-3.039
-2.631
-2.312
-4.509
-5.082
-4.499
-5.140
-4.593
-5.224
-6.582
-7.178
-6.537
-7.374
-7.587
-8.388
-6.801
-7.210
-7.044
-5.702
2.631
3.528
2.005
1.675
1.975
1.610
0.289
-0.100
0.318
-0.844
-0.976
-0.665
-2.228
-2.339
-2.304
-3.286
-3.140
-4.280
-3.121
-2.401
-3.932
-3.740
-5.174
-5.942
-5.673
-4.847
-4.239
-4.299
-6.157
-6.689
-5.912
-7.046
-6.464
-7.605
-8.137
-7.699
-8.731
-9.052
-8.412
-9.729
-9.884
-10.681
-10.418
-9.022
-9.617
-8.614
-8.212
12.286
11.251
11.375
11.438
11.920
12.665
10.895
11.770
12.050
12.461
10.985
12.519
13.693
13.736
13.883
14.405
9.711
9.260
9.439
9.527
10.352
10.040
9.453
7.990
7.197
6.409
7.801
6.443
7.239
5.773
5.463
5.967
4.499
5.080
4.296
5.489
4.873
6.227
4.680
5.210
6.170
4.384
3.817
5.026
3.140
3.074
2.762
2.046
2.048
2.464
0.719
0.706
0.379
-0.343
-0.623
0.078
-1.626
-1.465
-1.887
-2.879
-3.806
-2.987
-2.625
-1.780
-3.466
-3.148
-4.763
-4.777
-4.969
-5.826
-5.609
-5.723
-7.238
-7.512
-7.133
-8.279
-7.755
-8.469
-9.562
-9.321
-10.203
-10.533
-10.613
-10.003
-12.008
-11.980
-12.429
-13.009
-14.066
-12.990
-12.673
3.336
3.741
3.102
1.970
1.673
2.115
0.906
1.066
1.027
-0.472
-0.663
-0.547
-1.562
-1.441
-2.489
-1.871
-2.642
-0.980
-2.317
-1.586
-3.586
-3.657
-4.856
-5.302
-4.516
-5.801
-5.282
-6.086
-7.125
-6.899
-7.493
-8.289
-8.019
-9.078
-8.882
-8.188
-9.472
-10.038
-9.716
-10.938
-10.394
-11.083
-9.487
-11.216
-11.642
-10.599
-11.997
12.992
11.818
10.959
11.927
13.144
12.965
14.075
12.327
12.920
11.950
13.663
13.089
14.202
14.301
15.134
14.183
11.508
12.418
10.766
9.591
9.247
9.235
11.115
8.986
8.132
8.675
7.835
6.776
6.283
6.056
5.374
5.363
4.502
3.710
5.162
6.932
7.639
7.470
5.668
5.065
5.506
3.888
3.846
4.212
3.751
4.460
2.932
3.213
2.403
4.044
2.496
2.198
3.167
1.413
1.868
0.906
0.377
-0.553
0.042
0.738
1.659
0.896
-0.456
-0.307
-1.613
-2.410
-2.079
-2.609
-1.155
-3.039
-3.127
-2.619
-4.500
-4.409
-4.803
-5.632
-5.670
-5.320
-7.006
-7.096
-7.264
-8.078
-7.867
-8.143
-9.510
-9.574
-9.547
-10.538
-11.576
-10.434
-10.253
2.538
2.136
2.678
1.348
1.595
1.453
-0.042
0.001
-0.737
-0.585
0.246
-0.626
-1.944
-2.149
-1.866
-3.089
-2.761
-3.163
-4.376
-4.386
-5.544
-6.435
-5.795
-6.280
-4.864
-6.612
-6.514
-6.236
-8.110
-8.513
-8.334
-8.920
-8.769
-9.975
-8.753
-7.804
-8.669
-9.904
-10.353
-10.660
-9.399
-8.444
-10.105
-9.116
-9.297
-9.974
-8.124
9.535
9.298
10.186
8.589
10.257
9.684
10.438
11.257
10.440
10.383
10.070
11.485
8.226
7.612
8.378
7.705
8.527
7.460
8.552
10.249
11.252
10.708
9.027
9.652
8.692
8.711
8.990
7.197
7.148
6.847
5.769
5.189
5.481
4.756
6.465
6.330
6.378
6.753
4.892
4.558
5.422
3.065
2.857
2.638
4.850
4.864
5.415
3.426
3.441
2.867
2.719
2.699
3.442
1.321
0.844
1.542
0.331
0.627
0.272
-1.085
-1.452
-1.214
-2.029
-1.651
-3.176
-3.760
-3.596
-3.130
-4.673
-3.499
-3.744
-4.172
-2.011
-1.460
-1.506
-1.779
-0.677
-2.329
-2.234
-2.178
-3.211
-1.392
-1.025
-0.636
-2.385
-3.134
-2.900
-1.723
-1.324
-2.368
-0.850
2.488
3.107
2.620
0.983
0.960
0.640
-0.033
0.022
0.254
-1.516
-1.821
-1.574
-2.428
-1.879
-2.353
-3.874
-3.998
-4.448
-4.430
-3.676
-5.655
-5.880
-6.787
-6.511
-7.608
-7.261
-7.805
-6.367
-8.130
-8.977
-7.628
-8.888
-8.357
-8.951
-10.327
-10.852
-10.807
-10.302
-9.741
-9.744
-11.667
-11.524
-12.364
-12.321
-11.512
-13.202
-12.615
10.774
10.116
10.231
10.637
11.030
10.141
11.289
11.771
12.139
11.966
12.833
12.625
10.063
9.899
9.088
10.623
8.624
8.188
8.090
8.930
10.320
8.755
8.568
7.922
6.509
6.423
6.289
5.579
5.676
5.948
5.886
5.640
6.042
5.973
7.051
4.081
3.854
3.796
3.302
2.810
2.983
1.990
2.175
2.274
4.873
5.288
4.868
3.485
3.121
3.646
2.458
2.661
2.572
0.995
0.924
0.783
-0.097
0.353
-0.246
-1.438
-1.300
-1.988
-2.296
-1.692
-3.610
-4.048
-4.530
-3.962
-5.261
-5.337
-5.658
-4.666
-6.538
-6.884
-6.278
-7.768
-7.556
-7.993
-8.879
-9.055
-8.552
-10.211
-10.082
-10.507
-11.085
-10.957
-10.715
-12.538
-13.223
-12.825
-12.736
0.546
0.543
-0.073
-0.170
0.008
0.392
-1.574
-1.520
-2.275
-2.050
-1.374
-1.989
-3.510
-4.115
-3.619
-4.146
-4.097
-3.423
-5.521
-5.568
-6.600
-7.553
-6.802
-5.928
-7.425
-7.596
-7.037
-7.658
-9.049
-9.119
-9.429
-9.947
-9.903
-9.448
-11.397
-11.378
-11.830
-12.136
-13.099
-11.755
-12.360
-11.374
-12.801
-13.234
-14.244
-12.614
-13.497
7.545
6.519
5.655
6.951
8.858
9.559
9.327
8.572
7.747
8.231
6.899
8.268
7.019
7.788
6.113
6.749
6.019
5.030
5.936
7.314
8.533
7.408
7.010
6.064
5.437
4.867
6.047
4.324
4.760
3.241
2.892
3.300
1.821
2.034
0.899
3.605
3.266
4.280
2.459
1.721
2.139
0.477
0.765
-0.154
1.590
1.745
2.480
0.389
0.247
-0.451
0.449
1.398
-0.438
0.137
-0.787
0.920
0.135
0.613
0.795
-1.299
-1.198
-1.778
-2.144
-1.741
-3.290
-3.642
-4.029
-3.391
-4.722
-4.802
-4.031
-5.432
-5.708
-6.215
-5.269
-6.796
-6.317
-7.290
-8.008
-8.803
-8.340
-7.775
-7.049
-8.665
-7.406
-8.286
-6.657
-6.761
-5.828
-7.515
-6.302
-0.472
-1.384
0.016
-1.034
-0.268
-1.562
-2.014
-2.883
-1.483
-2.379
-1.538
-2.579
-3.654
-4.353
-3.357
-4.110
-5.062
-4.194
-2.990
-2.481
-2.650
-1.796
-3.151
-3.481
-3.898
-2.021
-1.464
-1.266
-2.566
-3.015
-3.357
-1.497
-1.926
-1.053
-0.439
-0.969
-0.026
0.715
0.296
0.910
2.043
2.520
2.615
1.859
1.848
2.649
0.877
6.003
5.770
4.931
6.665
7.251
7.277
8.147
7.320
6.103
5.202
7.012
6.197
4.921
4.011
4.701
5.005
5.765
5.373
5.067
8.175
8.347
9.290
7.008
7.658
7.759
7.603
8.800
6.820
7.091
5.479
4.550
4.700
3.183
3.073
3.231
6.878
7.954
6.277
6.513
5.391
4.854
4.878
5.535
4.863
2.103
2.354
1.833
0.822
0.547
1.058
-0.286
0.160
-0.631
-1.423
-2.111
-1.005
-2.379
-1.681
-2.891
-3.356
-4.124
-2.819
-4.153
-3.652
-5.508
-5.964
-6.492
-5.960
-6.990
-7.585
-6.999
-8.167
-8.695
-9.304
-8.098
-9.651
-9.990
-9.098
-10.892
-10.701
-11.413
-11.823
-11.799
-11.419
-13.322
-13.791
-13.321
-14.092
-13.705
-13.837
-15.181
3.519
3.513
2.950
2.796
3.500
2.249
1.768
0.943
2.171
1.003
1.718
0.173
0.438
-0.084
1.178
-0.600
-1.262
-1.188
-0.054
-0.010
0.383
0.793
0.485
1.413
0.474
-0.786
-0.875
-1.681
-0.735
0.230
-0.712
-1.804
-1.877
-2.785
-1.660
-0.604
-1.852
-2.391
-2.090
-2.091
-3.935
-4.299
-4.162
-4.725
-4.306
-5.832
-4.574
13.819
12.775
11.830
12.585
14.053
14.176
13.188
14.923
15.098
15.627
15.774
14.944
13.389
12.575
14.123
12.917
13.151
14.171
12.508
11.749
11.524
11.576
13.119
10.664
9.286
8.607
9.136
8.674
9.480
8.165
7.409
7.252
6.740
7.605
6.191
7.535
7.892
7.336
6.245
6.090
6.892
4.619
4.033
4.377
5.942
6.482
5.893
4.517
4.482
4.059
3.537
3.739
3.782
2.060
1.914
1.806
1.214
1.371
1.562
-0.198
-0.737
-0.066
-0.985
-0.372
-2.320
-2.708
-3.289
-2.859
-3.733
-4.474
-4.330
-5.169
-5.158
-5.163
-4.546
-6.671
-7.350
-7.124
-6.734
-6.086
-7.782
-6.350
-5.301
-6.394
-7.190
-8.251
-6.934
-6.960
-7.508
-5.871
-7.319
4.105
4.417
4.513
2.562
2.136
2.292
1.919
2.495
2.160
0.441
0.132
-0.191
0.132
0.493
0.675
-1.398
-1.902
-1.810
-1.885
-1.405
-2.510
-2.583
-3.038
-2.485
-2.970
-4.524
-4.818
-4.761
-5.524
-5.721
-5.112
-6.866
-6.794
-7.043
-7.968
-7.716
-7.997
-9.299
-9.684
-10.043
-9.316
-8.634
-8.900
-10.708
-10.634
-11.159
-11.225
5.828
7.019
7.826
7.492
6.271
5.535
7.175
6.480
5.256
5.017
6.071
4.566
4.729
4.192
5.067
4.068
7.001
8.084
6.514
7.396
8.675
7.373
6.516
6.550
5.563
5.925
5.503
4.197
4.173
3.252
3.173
3.462
2.653
2.776
3.337
3.677
3.785
4.255
2.269
1.482
1.846
0.194
0.269
0.013
1.100
1.176
0.963
0.099
0.139
0.464
-1.251
-1.179
-1.572
-2.436
-2.572
-1.948
-3.740
-3.668
-4.204
-4.559
-4.764
-3.974
-5.803
-5.557
-7.062
-7.790
-7.477
-6.821
-7.451
-8.944
-9.660
-9.112
-9.117
-8.529
-8.668
-10.604
-10.739
-11.194
-11.054
-10.693
-10.558
-12.512
-12.742
-13.112
-12.980
-14.042
-12.889
-12.410
-11.318
-12.619
-12.790
-0.929
-0.953
-1.868
-0.953
-0.871
-0.108
-2.329
-2.188
-2.692
-3.467
-3.295
-3.524
-4.813
-4.921
-4.870
-6.064
-6.174
-5.826
-7.301
-7.285
-8.180
-8.996
-8.309
-7.960
-9.372
-7.446
-7.620
-6.375
-7.769
-8.871
-7.336
-7.141
-7.584
-7.424
-5.561
-5.291
-5.168
-4.883
-5.424
-5.166
-3.443
-2.746
-3.401
-2.968
-1.892
-3.458
-3.176
6.676
5.436
4.777
4.817
7.715
7.221
7.912
8.545
6.322
7.124
5.660
5.905
7.390
8.110
6.614
7.861
5.692
6.195
4.674
6.068
5.498
7.227
6.515
4.843
4.163
4.171
4.634
2.670
2.598
2.033
2.385
2.994
1.638
1.924
0.551
1.840
2.300
0.810
1.950
0.861
-0.131
1.053
1.159
1.855
1.856
2.878
1.496
1.063
0.000
1.582
1.042
2.010
0.296
0.609
-0.466
1.219
1.172
2.267
0.684
0.813
-0.284
1.408
1.194
1.556
1.259
1.531
0.901
0.810
1.620
-0.460
-0.271
-0.616
-1.668
-1.740
-1.477
-3.040
-3.029
-3.324
-4.253
-4.050
-5.017
-4.721
-3.798
-5.386
-5.485
-5.967
-4.761
-6.611
-7.268
-7.121
-6.252
-0.178
-1.110
-0.173
-0.335
0.639
-0.501
-1.613
-1.538
-1.405
-2.938
-2.986
-3.026
-4.273
-4.308
-5.162
-4.489
-3.604
-4.324
-5.768
-5.705
-6.971
-7.814
-7.294
-6.467
-8.165
-7.761
-8.285
-6.862
-8.839
-9.609
-8.291
-9.549
-9.746
-8.800
-10.893
-11.488
-11.476
-10.729
-9.886
-10.296
-12.079
-11.751
-12.897
-12.438
-12.858
-11.537
-13.202
12.221
12.738
13.577
13.173
13.284
13.916
12.903
13.877
11.547
12.304
11.184
10.694
11.195
10.452
11.660
10.793
11.748
12.232
11.369
9.372
8.705
9.768
10.684
8.432
8.431
9.253
8.797
7.003
7.087
5.901
5.667
6.033
4.838
5.586
4.043
6.860
7.155
7.710
5.618
4.557
4.524
3.415
3.277
3.629
4.178
3.497
5.027
3.440
4.194
2.647
2.887
2.569
3.702
1.662
1.824
0.819
1.280
1.129
2.169
-0.069
-0.143
-0.066
-1.368
-1.222
-2.655
-3.534
-3.019
-2.231
-3.340
-4.270
-4.563
-5.018
-4.182
-3.789
-3.483
-5.543
-5.938
-6.205
-5.553
-5.191
-4.699
-6.850
-6.671
-7.051
-8.007
-8.652
-7.608
-8.827
-9.880
-8.426
-8.723
2.032
2.133
1.342
1.365
1.831
0.335
1.272
1.263
2.203
0.070
-0.114
-0.925
0.352
0.651
1.335
-0.730
-1.062
-0.245
-1.852
-1.479
-3.093
-3.850
-3.811
-4.304
-3.069
-4.819
-5.648
-5.326
-4.281
-3.753
-3.480
-5.375
-6.255
-4.939
-5.801
-5.817
-5.062
-7.125
-7.105
-7.197
-8.442
-8.566
-8.188
-9.685
-9.641
-9.766
-10.559
11.539
10.160
9.935
10.187
12.012
11.410
13.012
12.050
12.506
12.246
12.437
13.527
11.672
11.626
10.895
12.612
9.061
9.122
8.077
9.150
9.910
9.694
8.913
7.700
6.575
6.682
5.739
6.069
6.766
4.757
4.777
5.698
3.280
2.900
2.762
5.975
5.255
6.988
5.541
4.789
4.842
3.911
3.186
4.691
3.123
3.556
3.784
1.627
1.236
1.033
1.593
1.610
2.454
0.291
0.531
-0.568
-0.003
0.194
0.745
-1.387
-1.557
-2.170
-1.519
-1.175
-2.117
-2.140
-2.668
-2.658
-2.160
-4.181
-4.388
-4.236
-5.133
-4.773
-5.058
-6.579
-6.958
-6.535
-7.480
-7.056
-7.470
-8.882
-9.461
-9.309
-9.057
-8.496
-8.703
-10.528
-10.747
-10.635
-11.195
3.114
2.208
3.792
2.634
3.579
2.070
1.725
0.763
2.134
1.715
1.382
2.776
0.695
0.762
-0.302
1.011
2.122
0.773
0.521
1.402
-0.718
-0.914
-1.931
-2.729
-1.722
-2.530
-1.711
-2.761
-3.834
-4.514
-4.291
-3.387
-2.486
-3.011
-4.494
-5.263
-5.071
-3.969
-4.882
-3.618
-2.901
-1.931
-3.182
-2.785
-2.221
-2.072
-3.746
12.396
11.662
10.858
11.243
11.298
11.564
10.456
11.045
12.858
12.928
13.803
12.185
13.589
14.222
13.245
14.132
12.562
11.948
13.189
12.930
13.957
12.540
13.433
11.684
10.631
10.446
10.850
9.210
9.410
8.758
7.847
7.435
7.379
8.306
6.784
8.142
8.578
7.173
7.916
6.918
5.950
6.959
7.460
7.636
6.257
6.452
6.140
4.903
5.047
4.229
4.263
4.453
4.694
2.759
2.345
2.445
2.237
2.663
2.404
0.718
0.275
0.476
0.195
1.074
-1.032
-1.204
-2.190
-1.796
-2.496
-3.319
-2.843
-3.885
-4.311
-4.778
-3.676
-5.490
-5.161
-6.209
-6.180
-6.842
-5.418
-7.001
-6.492
-7.958
-7.393
-7.895
-6.438
-8.167
-9.269
-7.939
-7.933
5.607
5.082
5.850
4.620
5.135
4.726
3.166
2.761
3.233
2.243
2.315
2.448
0.739
0.725
0.517
-0.266
-0.153
-0.090
-1.654
-1.882
-2.542
-3.581
-2.362
-1.565
-2.219
-3.668
-4.006
-3.387
-4.726
-5.050
-4.244
-6.009
-5.755
-6.356
-7.122
-6.741
-7.454
-8.357
-8.070
-8.549
-9.711
-9.820
-9.693
-10.997
-11.348
-11.790
-10.766
8.659
7.750
6.921
8.421
9.634
10.406
10.018
9.057
7.708
8.385
7.053
7.062
9.326
10.066
9.785
8.583
7.180
7.988
6.743
6.259
6.116
7.403
6.245
4.979
3.825
3.532
4.087
2.779
3.185
2.499
1.797
1.511
1.278
1.433
1.864
1.499
0.687
1.047
1.917
2.017
1.540
2.785
3.479
3.258
-0.174
-0.258
-0.329
-1.149
-2.117
-0.904
-1.284
-0.314
-1.598
-2.283
-1.926
-2.241
-3.621
-3.803
-3.774
-4.602
-5.422
-4.119
-5.094
-4.310
-6.358
-6.505
-7.588
-7.192
-8.272
-8.440
-7.832
-8.998
-9.406
-9.982
-8.949
-10.264
-9.679
-10.935
-11.374
-11.878
-10.939
-12.424
-13.206
-12.901
-11.907
-11.142
-11.378
-12.833
-12.365
-13.589
-13.345
1.724
2.335
1.081
0.927
0.184
1.532
0.072
-0.332
0.855
-1.107
-1.851
-0.930
-1.976
-1.138
-2.432
-2.909
-3.573
-2.223
-3.757
-3.106
-5.069
-5.379
-6.024
-6.408
-5.523
-7.221
-7.638
-8.043
-6.928
-5.989
-6.733
-8.050
-8.196
-7.740
-9.377
-9.759
-9.174
-10.559
-10.694
-10.389
-11.909
-12.011
-12.791
-12.006
-11.793
-11.360
-13.050
13.805
13.977
14.930
14.029
13.746
12.877
14.667
13.517
12.613
11.691
12.536
12.842
15.014
15.958
14.943
15.230
12.757
13.143
12.810
10.240
10.171
10.423
11.453
9.002
8.562
8.905
9.109
6.972
6.899
6.243
6.060
6.418
5.124
5.411
4.081
6.380
6.471
7.048
5.037
4.931
5.801
3.496
3.276
2.867
5.237
4.898
6.293
4.515
4.951
3.477
4.572
5.511
4.629
3.386
3.213
3.514
2.090
2.372
1.806
1.061
1.329
0.184
0.602
1.201
-0.558
-0.704
-1.716
-2.576
-2.057
-1.155
-2.012
-0.443
-0.691
0.052
-1.386
0.097
-0.443
1.030
0.426
1.058
1.054
-0.691
-0.287
-1.252
-1.815
-2.497
-1.289
-2.785
-3.292
-3.595
-2.155
3.195
4.008
3.165
1.885
1.062
1.925
1.430
2.248
1.400
0.150
0.086
-0.739
-0.107
0.356
0.216
-1.613
-1.619
-2.126
-2.492
-1.950
-3.866
-4.275
-4.761
-5.690
-4.295
-5.399
-5.714
-6.240
-4.421
-3.623
-3.905
-5.005
-5.550
-5.765
-4.026
-3.263
-3.614
-4.842
-5.391
-5.633
-3.866
-3.535
-2.938
-4.449
-3.956
-4.466
-5.432
12.167
12.084
12.851
11.201
12.407
12.573
13.331
11.549
13.255
14.177
13.218
13.297
10.912
10.095
10.928
10.678
12.172
12.120
13.093
9.589
9.670
9.270
10.995
8.560
7.850
8.437
7.649
6.412
6.618
5.524
5.661
6.546
4.415
4.669
4.454
5.628
5.415
6.057
4.241
4.058
4.925
2.629
2.529
2.027
3.155
3.120
3.295
1.843
1.885
1.556
0.683
0.726
0.958
-0.664
-0.601
-0.842
-1.808
-1.707
-1.612
-3.204
-3.979
-3.505
-3.391
-3.236
-3.700
-3.812
-3.987
-5.058
-3.442
-3.759
-3.656
-2.804
-4.873
-5.278
-5.727
-4.534
-4.176
-3.743
-5.711
-6.216
-6.536
-5.331
-4.962
-4.598
-6.506
-6.864
-7.383
-6.165
-5.801
-5.303
-7.082
2.130
2.266
2.548
0.620
0.438
0.555
-0.320
-0.252
0.220
-1.764
-2.246
-1.817
-2.538
-2.010
-2.628
-3.932
-4.316
-3.860
-4.877
-4.695
-5.977
-6.620
-6.590
-6.363
-6.146
-8.109
-8.233
-8.523
-8.884
-9.981
-8.499
-8.627
-9.207
-7.542
-9.094
-10.164
-8.575
-8.871
-7.810
-8.944
-9.787
-10.855
-9.605
-9.506
-9.644
-10.198
-8.469
11.492
11.044
11.963
10.342
10.396
9.943
10.907
9.694
12.021
11.265
12.332
12.898
12.492
12.151
12.623
13.484
10.483
9.528
10.208
12.382
13.417
12.867
11.306
11.476
11.335
11.585
11.880
9.853
9.752
9.562
8.796
8.412
8.374
8.576
9.002
8.787
8.676
9.293
7.528
7.591
8.548
6.192
6.300
5.412
6.935
6.719
6.829
5.917
5.489
6.360
4.763
5.159
4.406
3.533
3.321
3.996
2.388
2.770
1.845
1.200
0.281
1.041
1.463
2.502
0.557
0.911
-0.889
-1.367
-1.158
-1.479
-0.953
-1.281
-2.986
-3.344
-3.148
-3.514
-3.157
-3.127
-4.988
-5.444
-5.203
-5.527
-5.467
-4.743
-6.891
-7.073
-6.779
-8.051
-8.020
-7.766
-9.017
5.700
6.492
5.315
4.488
3.820
4.750
3.646
4.408
3.059
2.669
2.530
3.344
1.328
0.812
1.488
0.444
0.229
0.970
-0.796
-1.274
-1.364
-2.233
-0.916
0.179
-0.941
-1.766
-1.593
-2.833
-1.613
-0.536
-1.947
-2.333
-2.104
-2.013
-3.828
-4.362
-4.098
-4.626
-4.239
-5.726
-4.408
-4.539
-3.372
-5.389
-6.436
-5.155
-5.308
9.485
7.929
7.498
7.680
9.892
9.242
9.773
10.895
9.813
9.323
9.357
10.865
10.182
10.034
11.244
9.731
7.227
6.117
7.468
7.172
7.336
7.939
7.628
5.651
5.146
5.951
4.562
4.284
3.710
3.551
2.332
1.859
1.651
1.771
2.011
5.263
5.903
5.887
4.470
4.689
5.541
3.594
2.593
3.884
0.127
-0.045
-0.087
-0.813
-0.724
-0.675
-2.246
-2.470
-2.624
-3.286
-3.274
-2.841
-4.580
-4.407
-4.982
-5.631
-5.200
-6.398
-6.256
-5.598
-7.489
-7.786
-8.480
-9.013
-7.964
-9.584
-10.096
-10.353
-8.949
-8.535
-8.185
-9.853
-10.390
-10.673
-9.314
-8.660
-8.784
-10.473
-11.221
-10.124
-11.103
-10.271
-11.805
-11.913
-11.171
-12.467
-12.474
3.285
4.244
2.707
2.746
3.486
2.816
1.309
1.197
1.018
0.181
0.445
0.136
-1.153
-1.604
-1.006
-2.277
-1.945
-3.144
-2.500
-1.743
-3.594
-3.669
-4.822
-4.713
-5.007
-6.096
-6.310
-5.939
-7.396
-8.125
-7.804
-7.101
-6.531
-6.409
-8.314
-8.485
-8.040
-9.542
-9.929
-9.317
-10.599
-10.315
-10.946
-11.848
-12.686
-12.181
-11.429
13.232
11.989
11.294
11.547
14.245
15.138
13.885
14.525
12.940
13.837
12.230
12.605
13.891
13.168
14.276
14.688
12.125
12.850
11.154
11.436
10.715
12.145
12.523
10.367
10.066
10.349
10.661
8.526
8.257
7.970
8.360
8.902
8.056
8.949
7.441
7.812
7.948
8.430
6.442
5.902
6.532
4.418
3.898
4.158
7.348
7.953
7.320
5.827
5.795
5.478
4.867
4.962
5.187
3.430
2.739
3.543
2.773
3.100
3.044
1.260
0.625
1.049
0.878
1.697
-0.332
-0.697
-1.487
-1.670
-1.404
-2.760
-2.970
-3.680
-2.690
-1.791
-3.571
-2.836
-1.938
-2.712
-4.210
-4.916
-4.286
-4.706
-4.062
-4.532
-6.223
-6.330
-6.833
-6.515
-5.782
-7.558
-6.424
3.754
4.176
4.256
2.220
1.772
1.766
1.702
2.155
1.833
0.161
-0.226
-0.009
-0.734
-0.391
-0.649
-2.108
-2.094
-2.416
-3.038
-2.725
-4.156
-4.750
-4.750
-4.129
-5.094
-6.022
-6.304
-6.904
-5.769
-4.735
-6.453
-6.004
-5.493
-5.547
-7.523
-7.871
-8.045
-7.890
-7.367
-7.542
-9.397
-9.848
-9.915
-9.772
-9.309
-10.863
-9.415
9.833
8.658
7.884
9.033
9.360
10.280
8.797
8.671
10.914
11.455
10.493
11.645
10.282
11.005
10.736
9.424
7.913
7.081
7.394
8.690
8.964
9.670
8.641
7.221
6.673
7.134
6.958
5.156
5.117
4.611
4.659
5.028
4.319
4.448
5.143
4.580
5.010
5.017
3.124
2.559
3.071
1.038
0.900
0.816
2.899
2.723
2.833
1.680
1.995
1.334
0.552
0.899
-0.226
-0.039
-0.249
0.669
-1.267
-1.659
-0.917
-2.458
-2.998
-2.215
-3.179
-2.499
-4.425
-4.741
-5.426
-5.215
-6.167
-5.896
-5.737
-5.205
-7.421
-7.913
-7.935
-7.733
-7.073
-7.489
-9.196
-9.524
-9.264
-10.242
-10.337
-10.030
-11.707
-11.652
-11.875
-12.784
-12.598
-13.811
-12.684
0.158
0.445
0.532
-1.350
-1.560
-1.646
-2.333
-2.079
-2.129
-3.775
-3.948
-4.056
-4.878
-4.905
-5.850
-4.661
-5.372
-3.668
-4.789
-3.832
-5.842
-5.777
-7.222
-7.225
-7.976
-7.633
-7.568
-6.935
-9.118
-9.248
-9.823
-9.448
-8.954
-8.983
-10.950
-11.198
-11.469
-11.711
-12.700
-11.361
-12.104
-11.329
-12.134
-13.388
-13.381
-13.482
-14.267
12.282
10.868
10.598
11.062
13.306
13.311
13.230
14.315
12.333
12.060
13.288
11.592
12.518
12.316
13.508
11.800
9.719
8.711
9.661
9.374
10.060
9.629
9.850
7.805
7.015
7.394
6.996
5.600
5.762
4.705
4.126
4.545
2.791
2.941
2.312
5.141
5.400
5.691
3.684
3.337
4.081
1.846
1.597
1.222
1.740
1.452
2.277
0.604
1.108
0.114
-0.392
-0.497
0.163
-1.600
-1.907
-1.362
-2.929
-2.631
-3.095
-4.234
-5.137
-4.149
-4.323
-3.307
-5.378
-5.395
-6.764
-7.260
-6.687
-7.495
-7.015
-7.316
-9.024
-9.495
-9.155
-9.704
-9.137
-9.945
-11.106
-11.725
-11.598
-10.841
-10.381
-10.045
-12.134
-11.841
-12.887
-12.714
-13.258
-11.846
-13.389
1.593
2.385
1.582
0.229
-0.021
0.147
-0.883
-0.808
-0.723
-2.314
-2.987
-2.673
-2.485
-1.805
-2.135
-3.970
-4.640
-4.147
-4.367
-3.703
-5.409
-5.410
-6.397
-6.362
-7.419
-6.228
-6.626
-5.163
-6.924
-7.956
-6.347
-6.981
-7.506
-7.456
-5.542
-5.704
-4.908
-4.695
-5.197
-4.612
-3.272
-2.456
-3.161
-3.044
-2.009
-3.729
-3.329
9.892
8.825
7.926
9.035
9.611
8.594
10.195
9.933
11.208
11.891
11.698
11.020
9.937
8.973
10.438
10.490
8.370
7.731
7.731
9.709
10.079
10.729
9.440
8.316
7.924
8.615
7.966
6.483
6.068
5.629
5.273
5.437
4.701
5.637
4.152
6.438
7.180
6.793
5.137
4.633
5.343
3.153
2.902
2.971
3.889
4.393
3.872
2.499
1.976
2.639
1.579
1.715
0.498
1.863
2.187
2.619
0.588
0.255
-0.183
0.869
1.615
-0.074
1.505
2.530
1.006
1.728
-0.284
-0.045
-0.660
-1.350
-1.248
-1.041
-2.776
-3.346
-2.792
-3.496
-4.524
-3.131
-3.382
-3.612
-2.294
-4.200
-4.292
-3.752
-5.635
-5.678
-6.075
-6.478
-7.532
-6.284
-6.035
2.282
2.493
2.528
0.820
0.601
0.544
-0.164
-0.008
-1.142
-0.193
0.793
-0.509
-1.046
-0.607
-0.994
-2.503
-3.062
-2.475
-3.163
-2.705
-4.341
-4.793
-5.178
-4.873
-5.010
-6.680
-7.205
-6.752
-7.518
-7.181
-7.341
-9.048
-9.135
-9.488
-9.797
-9.465
-10.902
-9.558
-8.473
-10.095
-9.896
-9.056
-9.951
-11.195
-11.003
-11.654
-11.976
8.440
8.733
9.766
8.674
9.667
9.492
10.549
9.928
8.235
7.288
9.041
8.321
7.272
7.279
7.133
6.403
7.851
6.798
8.178
8.842
9.603
9.571
7.831
7.951
7.441
7.681
7.826
5.880
5.579
5.519
5.566
5.657
5.419
6.398
5.145
5.359
5.879
5.488
3.898
3.604
4.365
2.081
1.822
1.539
4.238
4.518
4.271
2.854
2.678
2.801
1.741
0.766
1.990
1.704
2.582
1.854
0.427
-0.326
0.302
0.314
-0.021
-0.544
1.597
2.493
1.742
2.618
0.703
-0.124
1.198
0.113
0.865
-0.486
-0.865
-1.668
-0.372
-1.640
-1.046
-2.213
-2.758
-3.276
-2.254
-3.825
-3.278
-4.576
-4.571
-5.434
-5.056
-3.663
-4.320
-3.012
-3.071
1.394
1.866
1.681
-0.165
-0.639
-0.475
-0.898
-0.428
-0.793
-2.451
-2.544
-2.798
-3.382
-3.593
-2.884
-4.691
-4.475
-5.221
-5.600
-5.260
-6.771
-7.327
-7.482
-7.384
-6.964
-9.013
-8.924
-9.500
-9.753
-9.118
-9.840
-11.148
-11.182
-11.652
-12.046
-11.955
-11.834
-13.571
-13.645
-13.798
-14.535
-14.238
-14.253
-16.028
-16.463
-16.213
-16.580
11.742
10.500
10.717
9.757
11.633
11.432
12.523
10.721
11.916
12.648
12.002
11.071
12.980
12.779
13.923
13.147
9.921
9.172
10.666
9.677
10.310
10.347
9.452
8.206
7.166
6.767
7.499
5.951
6.362
5.276
5.451
6.267
4.532
3.873
3.936
4.895
4.276
5.481
3.998
3.466
3.656
2.578
3.146
1.545
5.393
5.707
6.272
4.420
5.003
3.678
3.695
2.968
4.405
2.907
3.708
2.411
2.018
2.648
1.679
0.822
0.143
0.931
0.002
0.432
-1.027
-1.400
-1.682
-1.391
-2.754
-1.290
-0.194
-1.736
-1.544
-2.493
-1.550
-0.433
-0.143
-0.551
0.890
1.007
1.026
2.045
1.945
1.875
3.359
4.108
3.490
3.835
3.881
4.877
3.165
2.455
1.899
3.499
1.693
2.383
0.788
1.251
0.303
1.957
0.875
1.736
0.649
-0.297
-1.184
-0.096
-0.546
0.366
-0.722
-1.604
-1.375
-2.865
-3.641
-3.359
-3.930
-2.564
-4.262
-4.591
-3.586
-5.499
-6.073
-5.266
-6.443
-5.818
-6.940
-7.554
-7.099
-8.052
-8.531
-9.266
-9.136
-7.870
-7.296
-8.729
-6.975
-7.570
-6.090
-6.818
11.591
11.463
11.413
12.382
12.781
12.918
12.649
13.665
10.366
9.921
10.625
9.602
11.782
12.806
11.493
11.102
10.211
9.922
9.380
11.406
12.787
11.302
10.514
10.723
9.851
9.665
10.320
8.482
8.791
8.083
7.227
7.016
6.700
7.292
6.862
7.457
7.205
7.873
6.276
6.495
7.597
5.130
5.212
4.488
5.250
5.010
4.761
4.399
4.539
4.592
2.863
2.386
2.721
2.246
2.716
2.367
0.824
0.265
0.839
0.169
-0.858
0.823
0.244
1.169
-0.857
-0.724
-2.233
-2.643
-2.275
-2.973
-2.433
-3.299
-4.368
-4.771
-4.197
-5.537
-6.443
-5.219
-5.891
-6.636
-5.112
-6.301
-5.474
-7.245
-6.637
-5.744
-7.104
-7.746
-8.728
-7.366
-7.885
4.377
5.068
3.804
3.460
2.638
3.998
3.026
3.721
3.033
1.702
0.903
1.325
1.567
2.356
1.749
0.318
0.501
-0.578
0.176
0.754
-0.394
-0.407
-1.023
-1.082
-0.388
-2.436
-2.434
-3.023
-2.979
-2.291
-2.998
-4.331
-5.051
-4.229
-4.937
-4.198
-5.905
-5.115
-4.225
-5.936
-5.570
-6.352
-4.815
-6.017
-5.188
-6.801
-6.394
8.469
9.004
9.747
9.587
9.570
10.170
10.236
9.140
7.727
7.049
8.434
7.001
7.431
7.236
6.545
7.682
7.932
7.182
8.481
8.030
7.879
9.424
7.238
7.283
6.087
5.922
6.089
4.846
5.191
4.454
4.041
4.109
3.488
2.798
4.315
3.598
3.392
3.901
2.398
2.504
3.457
1.122
0.386
1.268
2.805
3.560
2.043
2.081
2.948
1.690
0.971
1.357
0.584
-0.222
0.273
-0.954
-1.087
-0.492
-1.690
-1.958
-2.304
-1.316
-3.092
-2.752
-4.395
-5.145
-5.067
-4.494
-5.855
-5.835
-6.099
-6.810
-5.036
-4.875
-4.101
-5.678
-4.942
-5.697
-6.952
-7.593
-6.809
-7.638
-6.901
-7.880
-8.843
-9.651
-9.266
-8.607
-8.660
-9.297
-7.601
0.405
1.202
-0.264
-0.349
-0.802
-1.165
0.529
0.865
1.465
-0.194
-0.446
0.615
-1.309
-1.083
-2.160
-1.608
-1.587
-2.625
-0.451
0.526
-0.616
0.202
-1.926
-2.520
-1.684
-2.750
-2.008
-3.196
-3.846
-3.530
-4.520
-4.720
-4.693
-4.265
-6.197
-6.600
-6.155
-7.020
-6.560
-7.989
-7.458
-8.169
-6.559
-8.290
-7.734
-9.254
-8.479
12.457
11.821
12.047
12.255
12.208
12.822
11.155
12.409
13.975
14.387
14.466
14.064
12.051
12.564
12.210
10.992
10.294
9.875
9.924
10.031
11.485
9.233
9.861
9.295
7.866
7.499
7.713
7.043
7.474
7.102
6.733
6.370
6.822
7.194
7.558
5.581
5.196
5.607
4.591
4.322
4.745
3.413
2.530
4.018
5.430
5.701
4.921
4.322
4.073
4.725
3.067
3.154
2.926
1.764
1.550
1.871
0.608
0.978
0.311
-0.701
-0.531
-1.369
-1.603
-1.077
-2.953
-3.481
-3.825
-4.486
-3.228
-4.924
-4.432
-5.396
-6.095
-6.539
-5.578
-7.258
-6.872
-7.974
-7.980
-7.315
-8.623
-8.850
-9.583
-8.107
-9.489
-8.692
-10.069
-10.490
-10.879
-11.351
-10.026
2.984
3.795
2.841
1.649
1.739
1.496
0.480
0.481
0.611
-0.876
-0.813
-1.199
-2.006
-1.968
-1.833
-3.398
-3.386
-3.260
-4.574
-4.685
-5.433
-6.424
-5.240
-5.360
-4.195
-6.188
-6.224
-5.889
-7.674
-7.767
-7.764
-8.603
-8.033
-8.760
-9.984
-10.286
-9.777
-10.947
-10.973
-10.565
-12.359
-12.441
-12.516
-13.468
-13.289
-13.503
-14.498
9.815
8.556
7.982
7.998
10.669
10.875
10.109
11.567
10.642
10.764
11.543
10.205
9.491
10.365
9.286
8.670
8.592
7.583
9.305
8.117
7.459
8.949
9.080
7.272
5.862
5.469
5.299
5.551
4.465
5.788
4.956
4.076
5.349
5.952
5.847
6.272
7.339
6.152
5.774
5.155
4.773
4.903
5.002
5.623
4.051
3.319
4.288
3.511
2.753
4.291
3.090
3.855
2.384
2.200
1.508
2.784
1.313
1.899
0.609
0.571
1.307
-0.064
-0.288
0.273
-1.661
-2.154
-2.581
-3.155
-2.024
-3.462
-4.017
-2.885
-4.398
-3.755
-4.547
-5.736
-6.212
-5.793
-6.725
-7.642
-6.261
-7.142
-6.305
-7.634
-8.223
-8.478
-9.068
-7.707
-8.272
-7.874
-6.618
3.533
3.452
3.492
2.351
2.584
2.118
1.098
0.777
1.252
-0.121
-0.125
-0.002
-1.340
-1.087
-1.554
-2.645
-2.333
-2.651
-3.958
-3.900
-5.073
-6.012
-5.175
-4.889
-4.421
-6.477
-7.382
-6.428
-6.737
-6.913
-5.868
-8.015
-7.993
-8.118
-9.241
-9.326
-9.173
-10.509
-10.635
-10.583
-11.493
-11.213
-11.437
-12.899
-13.154
-13.063
-13.565
9.782
10.765
11.501
11.370
9.097
9.571
8.065
8.993
8.727
9.102
7.874
8.327
10.365
9.629
10.906
11.132
10.281
9.443
11.048
9.399
9.337
10.367
9.728
7.935
6.825
7.163
6.053
6.248
6.973
5.024
5.066
6.046
3.537
3.209
2.942
6.043
7.028
5.599
5.085
3.877
3.437
2.960
3.042
3.394
3.282
3.844
3.721
1.787
1.400
1.683
0.865
1.229
0.889
-0.592
-0.899
-0.630
-1.668
-1.473
-1.559
-3.140
-3.616
-2.990
-3.782
-3.274
-4.924
-5.334
-5.745
-5.272
-6.787
-5.946
-6.207
-4.949
-7.004
-6.851
-7.938
-7.157
-7.732
-6.208
-7.875
-8.721
-8.234
-6.916
-7.136
-5.924
-7.017
-6.824
-8.081
-6.272
-6.168
-6.618
-5.207
1.494
0.823
1.180
1.286
2.100
1.285
0.001
-0.119
-0.861
-0.249
0.671
-0.633
-1.327
-2.248
-1.002
-1.378
-1.673
-0.319
-2.222
-1.530
-3.501
-4.037
-4.470
-3.958
-4.838
-5.621
-6.352
-5.357
-6.513
-6.873
-5.871
-7.793
-7.556
-8.336
-8.926
-9.035
-9.877
-8.765
-7.798
-8.655
-9.819
-10.762
-10.025
-9.478
-8.530
-9.500
-10.353
14.199
12.969
12.849
13.142
13.950
14.833
13.155
13.770
14.492
14.819
13.661
15.245
15.399
15.183
16.212
15.640
11.552
10.780
11.265
11.387
12.224
11.677
11.766
9.823
9.054
9.364
9.190
7.563
7.099
7.034
7.049
7.480
6.248
7.013
5.634
7.162
7.603
7.685
5.734
4.963
5.274
3.544
3.228
3.629
5.339
4.563
5.968
4.661
5.244
4.074
3.765
3.159
4.440
2.796
3.349
2.048
1.993
2.607
1.676
0.853
0.088
1.331
0.081
0.362
-0.824
-1.359
-1.228
-2.261
-0.522
-0.955
-0.001
-1.726
-1.227
-2.106
-0.346
-1.303
-0.576
-2.301
-0.972
-1.724
-0.970
0.328
1.272
0.235
0.768
0.176
0.734
2.182
2.490
2.869
2.337
2.476
2.495
2.581
1.027
0.852
0.909
0.002
0.396
-0.039
-1.454
-1.439
-1.868
-2.254
-2.081
-1.869
-3.802
-3.954
-4.393
-4.320
-3.604
-5.593
-5.872
-6.697
-6.416
-7.618
-6.982
-6.122
-7.748
-7.441
-6.656
-8.404
-7.507
-8.161
-6.435
-7.902
-8.880
-7.105
-7.996
-8.784
-7.013
-8.606
-8.064
-9.693
-8.312
-8.830
-7.248
-8.671
13.073
12.015
12.376
11.872
12.468
13.128
12.400
11.539
14.287
14.043
15.253
14.567
13.389
12.445
13.960
13.927
10.576
10.090
9.871
10.669
11.218
11.310
10.586
9.109
8.175
7.952
8.587
6.803
7.043
6.344
5.681
5.356
5.432
6.358
5.350
5.828
5.941
6.174
4.452
4.180
4.994
2.683
2.641
2.328
4.118
4.284
4.197
2.795
3.050
2.488
1.672
1.515
1.918
0.333
0.418
-0.278
-0.541
0.120
-1.348
-1.113
-1.736
-0.186
-1.881
-2.611
-1.613
-2.288
-0.724
-1.087
0.349
-0.895
0.100
-0.775
-2.037
-2.014
-2.992
-1.869
-1.658
-0.947
-3.031
-3.989
-2.849
-3.087
-3.633
-3.689
-1.754
-0.994
-1.878
-1.239
-0.321
-2.001
-0.726
1.896
2.034
2.251
0.375
0.161
0.064
-0.417
0.020
-0.186
-1.985
-2.306
-2.262
-2.659
-3.491
-1.932
-3.100
-3.951
-2.266
-3.534
-3.207
-4.119
-4.337
-4.564
-4.397
-4.078
-6.079
-6.282
-6.601
-6.573
-6.631
-7.658
-5.757
-4.696
-6.206
-5.704
-4.834
-6.648
-5.486
-5.293
-4.582
-6.693
-6.832
-7.611
-6.625
-5.918
-7.624
-6.392
8.977
7.525
7.411
6.948
9.722
9.794
10.685
9.235
9.170
10.175
8.425
8.988
9.519
9.302
10.587
9.062
6.815
5.874
7.301
7.113
6.950
8.464
6.531
6.091
4.699
4.589
4.384
3.822
2.789
3.797
3.142
2.418
3.399
4.259
3.775
4.314
5.277
4.590
3.252
3.337
4.283
2.047
1.247
2.184
2.132
1.269
1.821
2.306
2.925
2.853
0.915
1.080
0.128
0.366
0.180
1.241
-0.941
-0.743
-1.539
-1.645
-1.062
-2.461
-2.111
-1.393
-3.300
-3.557
-4.448
-4.160
-4.526
-5.666
-6.092
-5.300
-6.807
-6.296
-7.014
-8.077
-8.872
-8.517
-7.879
-6.830
-7.884
-8.789
-9.817
-8.650
-8.665
-7.595
-9.103
-9.361
-10.408
-8.847
-9.534
1.706
2.473
0.811
1.512
0.749
2.484
1.269
1.202
2.084
0.044
0.243
-0.094
-1.248
-1.133
-2.005
-1.719
-0.896
-2.029
-2.999
-3.227
-3.956
-4.906
-3.842
-2.878
-4.614
-4.071
-3.338
-4.054
-5.452
-5.686
-5.354
-6.711
-6.602
-6.892
-7.965
-7.655
-8.360
-9.175
-9.444
-10.025
-8.906
-8.796
-7.987
-9.953
-9.542
-10.294
-10.828
15.755
14.504
14.067
14.792
16.617
16.687
17.629
16.158
15.343
14.807
14.591
16.188
16.496
17.019
17.089
15.854
13.312
12.437
12.795
13.158
13.348
13.805
13.678
11.619
10.794
11.267
10.526
9.421
8.802
8.751
7.858
7.735
6.966
7.520
6.314
9.642
10.509
10.090
8.432
7.687
7.855
6.550
6.989
6.264
6.242
5.326
6.856
5.958
6.829
5.227
5.446
6.254
5.164
4.278
3.634
4.653
3.362
3.931
2.845
2.106
1.663
2.463
1.236
1.708
-0.092
-0.667
-0.911
-1.673
-0.322
-1.814
-1.592
-1.549
-3.284
-3.449
-3.547
-4.194
-4.297
-3.812
-5.573
-5.466
-6.090
-6.541
-6.272
-7.268
-7.106
-7.231
-6.353
-8.453
-8.398
-9.157
-8.955
5.339
4.924
5.511
4.234
4.706
3.889
2.957
3.165
2.515
2.035
2.555
1.755
0.732
0.135
1.078
-0.166
0.408
-0.373
-1.422
-1.251
-2.709
-3.417
-3.335
-4.183
-2.579
-3.767
-3.007
-4.657
-4.241
-4.772
-3.282
-5.183
-5.943
-4.509
-5.635
-4.721
-6.255
-6.292
-5.434
-6.986
-6.895
-7.762
-6.195
-7.358
-7.797
-6.439
-7.971
10.549
10.006
9.407
9.350
11.082
10.267
11.798
11.452
9.417
9.053
8.612
9.726
11.591
11.082
12.150
12.268
11.025
11.788
10.357
12.330
12.972
13.181
11.774
10.944
10.071
10.452
9.968
8.651
8.225
8.799
8.014
7.382
8.117
8.847
8.615
7.835
8.351
7.997
6.435
5.625
5.927
4.298
4.123
4.365
6.731
6.309
6.827
5.720
5.978
5.877
4.277
3.939
4.166
3.228
3.600
3.113
1.866
1.527
1.972
0.840
1.351
0.575
-0.352
-0.903
-0.560
-1.208
0.111
1.189
0.022
-0.429
-0.624
0.354
-1.728
-1.410
-2.420
-2.385
-1.600
-3.232
-3.069
-3.832
-2.331
-3.743
-2.950
-4.190
-4.830
-5.559
-5.398
-4.483
-3.737
-5.343
-4.005
3.226
3.288
3.251
1.775
1.705
1.562
0.742
0.573
1.051
-0.621
-1.136
-0.485
-1.529
-1.151
-1.508
-3.025
-3.160
-3.340
-3.853
-3.577
-5.086
-5.594
-5.896
-5.489
-6.965
-5.986
-6.873
-6.152
-4.788
-3.849
-4.798
-4.758
-5.714
-4.670
-3.631
-3.947
-3.409
-2.305
-2.334
-2.263
-1.021
-1.138
-1.002
0.242
1.094
0.509
0.038
13.350
12.171
11.330
12.318
13.013
12.187
13.942
12.547
14.519
15.437
14.620
14.187
14.051
14.391
13.350
14.873
11.579
10.578
11.373
12.334
12.288
13.400
12.384
10.897
10.556
10.124
11.422
9.315
9.805
8.409
8.000
8.195
7.249
7.314
7.600
8.596
8.210
9.367
7.532
7.803
8.966
6.486
5.592
6.364
5.742
5.356
5.524
5.025
5.267
5.346
3.455
3.151
3.056
2.887
3.059
3.443
1.396
1.034
1.395
0.471
-0.446
1.010
0.435
1.361
-0.700
-0.584
-2.029
-2.005
-2.185
-3.225
-3.083
-4.004
-3.687
-3.730
-2.923
-5.032
-5.023
-5.719
-5.311
-4.529
-6.241
-5.222
-5.892
-4.290
-5.382
-5.294
-4.556
-6.648
-6.629
-7.474
-6.739
6.596
7.624
5.914
6.327
7.200
6.243
5.072
5.190
4.940
3.778
2.991
3.757
3.559
3.583
4.334
2.185
2.072
2.011
0.958
1.293
-0.286
-1.025
-0.863
-0.214
-1.102
-2.275
-2.889
-2.098
-2.943
-3.126
-2.171
-4.194
-3.898
-4.951
-4.823
-4.020
-5.413
-5.836
-5.417
-6.578
-6.629
-6.966
-5.964
-7.840
-8.521
-8.434
-7.531
11.116
11.558
12.494
11.696
12.097
11.755
12.993
12.205
11.063
11.150
10.094
11.829
9.790
9.321
9.227
9.842
10.812
11.380
10.954
9.062
9.392
9.683
9.440
7.457
6.858
7.283
7.228
5.303
4.910
4.905
4.677
4.655
4.389
5.358
3.896
4.728
5.309
5.031
3.250
2.937
3.640
1.586
1.654
0.785
3.231
2.600
3.736
2.360
2.979
2.160
1.100
0.523
1.320
0.243
0.379
-0.821
0.736
0.733
1.768
-0.122
0.487
-0.126
-1.487
-1.667
-2.603
-3.518
-2.666
-1.875
-2.564
-4.012
-4.051
-3.931
-5.267
-5.398
-5.223
-6.506
-7.448
-6.560
-6.606
-5.793
-6.519
-7.986
-8.635
-8.287
-7.944
-7.452
-7.280
-9.315
-9.303
-9.765
-9.952
1.298
2.079
1.350
-0.082
-0.832
-0.184
-0.343
0.235
0.137
-1.799
-2.116
-2.408
-2.062
-1.855
-1.342
-3.486
-4.093
-3.877
-3.731
-3.196
-4.438
-4.492
-5.173
-4.484
-5.931
-5.877
-6.782
-6.214
-4.988
-4.586
-4.022
-5.682
-5.814
-6.670
-4.921
-4.025
-4.637
-5.697
-6.017
-6.670
-4.903
-4.605
-4.055
-5.655
-6.235
-4.966
-6.400
9.678
8.728
8.445
9.280
9.013
8.680
9.717
8.164
9.853
10.443
8.913
10.315
11.081
11.659
11.031
11.583
7.372
6.650
6.918
6.146
6.066
5.972
7.448
4.963
3.760
3.599
3.764
2.587
2.656
2.535
1.993
1.989
1.496
2.419
1.187
1.212
1.318
0.430
0.916
-0.007
-0.789
-0.131
-0.558
0.869
0.276
0.686
0.003
-0.927
-1.273
-0.645
-2.050
-1.672
-2.111
-3.397
-3.773
-3.222
-4.609
-4.339
-4.898
-5.886
-6.221
-5.539
-6.971
-6.979
-7.842
-8.557
-7.819
-8.834
-7.629
-6.802
-5.809
-7.041
-6.545
-7.264
-6.413
-5.206
-4.351
-5.237
-5.053
-5.660
-5.447
-3.590
-3.277
-3.529
-2.573
-2.930
-2.411
-1.204
-1.191
-0.453
-0.859
-1.155
-1.427
-2.060
-0.615
-0.051
0.204
-1.582
-0.942
-2.163
-2.389
-1.578
-2.931
-3.258
-3.953
-2.643
-3.989
-3.253
-4.411
-5.015
-4.906
-6.232
-6.917
-6.579
-5.749
-6.770
-7.948
-7.876
-8.153
-9.088
-8.738
-9.417
-10.317
-10.905
-10.825
-10.199
-9.440
-9.740
-11.519
-11.897
-12.202
-11.318
-10.898
-10.664
-12.720
-12.759
-13.419
-13.311
11.082
10.053
9.719
10.460
10.516
9.656
10.403
11.251
11.570
12.190
12.044
10.678
12.214
11.757
13.045
12.465
8.703
8.886
8.218
7.032
6.663
7.627
8.018
5.681
5.408
6.055
5.636
4.003
3.750
2.974
3.004
3.666
1.959
1.789
2.347
3.891
4.062
4.751
2.596
2.460
3.437
0.936
0.695
0.558
0.558
-0.044
0.555
-0.250
0.260
-0.269
-1.701
-2.090
-2.334
-1.876
-1.619
-1.247
-3.319
-3.585
-3.984
-3.649
-3.420
-4.754
-3.070
-1.974
-3.670
-3.066
-5.138
-5.695
-5.799
-5.200
-4.835
-4.403
-6.581
-6.957
-7.146
-6.689
-5.701
-6.871
-7.834
-8.739
-7.644
-8.182
-7.202
-8.792
-8.848
-8.392
-8.626
-10.398
-10.643
-10.787
-10.969
0.225
0.513
-0.872
0.596
0.465
1.661
-0.366
0.062
-0.173
-1.845
-2.025
-2.175
-2.741
-3.004
-2.186
-4.113
-4.740
-3.965
-4.804
-5.282
-5.057
-5.573
-4.718
-5.704
-4.019
-4.090
-3.431
-3.503
-5.157
-5.795
-5.857
-4.546
-5.207
-3.744
-4.047
-3.545
-3.260
-5.141
-4.713
-5.915
-6.002
-6.847
-6.610
-5.132
-4.492
-5.745
-4.437
12.812
11.387
11.080
11.333
13.180
13.031
12.549
14.237
13.794
14.796
13.562
13.770
12.903
12.566
12.185
13.870
10.274
10.644
9.311
9.780
10.105
10.147
10.225
8.184
7.308
6.493
7.757
6.805
7.654
5.906
6.427
7.562
5.314
5.416
4.338
6.033
5.187
6.798
5.468
6.224
7.294
5.511
4.527
5.169
5.388
6.415
4.725
4.872
4.982
5.574
3.392
2.832
2.934
3.091
3.434
3.761
1.630
1.312
0.915
1.701
2.003
2.604
0.515
0.348
-0.304
-1.034
-0.328
-1.363
0.306
0.050
-0.721
0.217
1.376
2.179
1.323
1.851
1.180
1.766
3.239
3.979
3.198
3.601
2.670
3.920
4.694
4.660
4.520
6.070
6.084
6.805
6.421
6.338
7.398
6.200
5.966
6.218
4.861
6.480
6.022
7.584
5.846
5.985
4.747
6.421
6.131
7.527
5.888
6.169
4.778
6.427
7.509
5.716
6.221
4.244
4.131
4.059
3.123
2.130
3.125
3.192
2.940
4.251
2.142
2.379
1.168
2.109
1.460
3.093
1.714
0.663
2.311
1.811
1.567
2.802
0.912
-0.140
0.941
1.336
12.326
11.495
12.001
11.716
13.739
13.824
14.423
14.097
12.152
12.414
12.707
11.138
11.978
12.559
10.948
12.181
9.970
9.414
9.610
9.755
9.942
10.782
9.623
8.352
7.767
8.356
7.787
6.330
5.854
5.548
5.097
5.204
4.387
5.199
3.742
6.269
6.785
6.982
4.952
4.578
5.262
3.145
2.500
2.498
3.420
3.984
2.972
2.192
1.873
2.461
1.019
1.545
0.608
-0.071
-0.784
0.296
-1.045
-0.355
-1.414
-2.255
-2.800
-1.906
-3.111
-2.639
-4.364
-4.910
-5.279
-4.822
-5.416
-6.581
-7.068
-7.119
-6.601
-6.108
-5.919
-7.947
-7.854
-8.384
-8.994
-9.948
-9.144
-8.619
-9.575
-7.944
-8.106
-8.371
-8.555
-6.607
-6.176
-6.316
-6.384
3.114
2.062
3.783
3.640
3.652
4.704
2.609
2.725
1.588
2.558
3.484
2.681
1.290
0.405
1.102
1.371
1.800
0.297
1.783
2.877
0.990
1.497
-0.496
-0.923
-0.965
-1.072
-0.644
-2.166
-0.866
-1.252
0.222
-1.781
-1.457
-2.804
-1.437
-0.412
-1.387
-2.441
-2.484
-3.485
-2.046
-2.080
-1.011
-3.028
-3.538
-3.863
-2.592
6.566
6.369
5.347
6.856
7.968
8.189
8.158
8.742
6.362
6.516
5.382
7.092
5.595
5.841
5.690
4.566
6.832
7.907
6.311
7.765
8.153
8.876
6.697
6.838
6.455
7.373
5.906
5.622
5.215
4.496
3.412
3.379
2.146
2.074
2.315
6.459
7.002
7.316
5.749
5.260
5.220
4.607
4.049
5.494
0.825
0.688
-0.062
0.578
0.739
1.477
-0.646
-0.808
-1.599
-0.351
0.603
-1.143
-0.167
-1.141
0.711
-0.019
0.898
-0.979
0.130
0.734
-0.372
-0.287
-1.274
-0.780
-2.141
-1.955
-1.150
-2.527
-2.893
-3.546
-2.141
-3.691
-2.981
-4.220
-4.766
-5.335
-5.478
-4.003
-3.130
-3.674
-4.833
-5.182
-4.154
-6.130
-6.264
-7.057
-6.096
3.472
2.859
2.786
3.997
4.486
4.781
2.773
1.960
3.001
2.309
3.087
1.414
2.000
1.187
2.905
1.553
2.362
1.436
0.211
0.258
-1.023
-1.909
-1.340
-1.844
-0.506
-2.328
-1.943
-3.216
-2.635
-1.863
-2.542
-4.033
-4.323
-4.071
-5.069
-5.108
-4.728
-6.504
-6.959
-6.263
-7.278
-7.918
-6.579
-8.072
-7.570
-8.501
-8.998
12.035
10.629
10.743
10.391
13.067
14.011
13.142
12.854
12.296
11.450
12.658
13.064
12.073
13.054
11.296
11.804
9.370
8.511
9.609
8.383
8.216
9.058
9.147
6.941
5.826
5.765
4.948
5.640
6.661
4.660
4.941
5.773
3.918
4.135
4.047
5.475
6.432
5.478
4.369
3.264
2.950
2.282
2.766
2.247
2.469
2.268
2.242
1.437
1.667
1.676
-0.005
-0.316
-0.649
-0.447
-0.313
0.281
-1.897
-2.001
-2.651
-2.174
-1.357
-3.109
-2.165
-1.131
-3.139
-3.059
-4.557
-4.482
-4.913
-5.622
-5.729
-5.591
-6.947
-7.068
-6.976
-8.127
-9.120
-7.926
-8.246
-9.183
-7.297
-8.544
-8.683
-7.682
-9.768
-9.471
-10.471
-10.575
-11.190
-9.993
-11.162
0.914
0.901
0.583
-0.064
-1.101
0.002
0.227
1.233
0.077
-0.741
-0.436
-1.778
-0.777
-1.370
0.262
-1.417
-0.630
-1.550
-2.715
-2.662
-3.891
-4.735
-4.156
-3.747
-3.727
-5.658
-6.166
-5.920
-6.339
-6.489
-5.488
-7.753
-7.969
-7.626
-8.802
-8.986
-8.332
-10.126
-10.594
-10.050
-10.975
-11.020
-11.932
-10.467
-9.408
-11.036
-10.553
11.765
12.749
13.745
12.841
11.609
11.203
12.490
10.927
10.357
10.504
9.892
9.750
12.176
11.288
12.430
13.006
12.350
13.291
12.128
10.402
10.960
10.470
11.267
8.972
8.346
8.739
8.533
6.788
6.328
6.198
4.898
4.333
4.310
4.733
4.454
6.448
7.079
6.837
4.989
4.196
4.416
2.921
3.123
2.947
2.784
2.476
2.336
2.238
2.412
2.774
0.728
0.501
0.225
0.195
0.125
0.888
-1.246
-1.289
-1.824
-1.824
-2.920
-1.426
-1.318
-0.305
-2.050
-1.593
-3.497
-4.137
-3.867
-3.717
-2.952
-3.505
-5.192
-5.813
-5.611
-5.210
-4.472
-4.830
-6.584
-7.124
-7.146
-6.763
-6.405
-6.222
-8.202
-8.632
-8.720
-8.438
-7.850
-8.204
-9.525
1.554
1.367
1.606
0.449
0.820
0.316
-0.904
-1.168
-0.846
-1.989
-2.836
-2.334
-1.519
-0.692
-1.044
-2.646
-2.988
-3.452
-2.234
-1.147
-2.989
-2.490
-4.384
-4.837
-4.420
-5.357
-6.351
-5.104
-5.516
-4.522
-6.025
-6.358
-7.397
-6.032
-6.543
-6.926
-5.489
-7.538
-8.555
-7.115
-7.589
-6.568
-7.798
-8.506
-8.591
-9.486
-8.169
11.805
11.129
10.432
11.871
12.883
13.330
13.673
12.435
12.554
11.866
13.161
13.138
10.808
11.174
10.078
10.135
10.333
10.086
9.302
11.807
12.590
12.697
10.969
10.851
9.681
9.661
9.844
8.328
8.291
8.483
7.826
7.212
7.956
7.641
9.048
7.054
7.280
7.016
5.781
5.051
5.434
3.622
3.145
3.680
7.112
7.465
7.387
5.635
5.356
5.513
4.763
4.835
5.230
3.277
3.129
2.749
2.530
2.857
2.920
1.003
0.673
0.523
0.499
0.542
0.260
0.062
0.057
0.885
0.271
-1.315
-1.459
-1.362
-2.335
-1.856
-2.322
-3.739
-4.434
-4.055
-3.905
-3.484
-3.462
-5.433
-5.857
-6.074
-5.578
-5.145
-5.041
-7.007
-7.268
-7.710
-7.177
2.922
3.101
3.109
1.356
1.133
1.009
0.579
0.831
0.795
-0.909
-1.422
-1.119
-1.590
-0.862
-1.721
-2.923
-3.282
-3.027
-3.958
-3.617
-5.238
-5.790
-6.038
-6.317
-5.388
-7.374
-7.178
-7.857
-8.170
-8.347
-9.177
-7.531
-7.145
-6.672
-8.483
-8.990
-7.861
-9.473
-10.336
-9.949
-8.735
-8.076
-8.197
-9.610
-10.213
-8.877
-10.384
8.613
8.317
7.324
8.294
8.477
8.853
9.054
7.465
10.020
10.231
10.021
10.782
7.699
6.717
7.893
7.685
9.274
10.314
8.945
8.080
8.237
7.904
9.244
6.848
5.610
4.983
5.720
4.708
5.305
3.909
3.315
3.312
2.290
1.507
2.803
3.775
4.433
3.317
2.797
1.953
2.086
0.815
1.002
0.904
1.645
2.296
1.023
0.688
1.277
0.479
-0.576
-0.257
-0.979
-1.630
-2.095
-1.165
-2.723
-2.577
-2.624
-4.183
-4.783
-4.441
-4.533
-4.253
-5.244
-5.476
-5.854
-5.253
-5.932
-7.338
-7.440
-7.642
-8.214
-8.285
-7.810
-9.690
-9.765
-10.158
-10.430
-10.332
-9.991
-11.937
-12.083
-12.477
-12.523
-12.485
-12.064
-14.032
-14.531
-14.395
-14.103
-0.558
-0.404
-0.665
-1.704
-1.880
-1.442
-3.005
-2.781
-3.365
-4.045
-3.787
-4.018
-5.462
-5.653
-5.418
-6.567
-7.491
-6.870
-6.188
-5.286
-6.735
-6.292
-7.962
-8.099
-7.800
-9.302
-9.524
-9.954
-9.271
-8.866
-8.581
-10.634
-10.432
-10.831
-11.903
-11.938
-12.793
-11.937
-11.014
-11.904
-13.167
-14.018
-13.049
-13.334
-12.434
-13.559
-14.203
7.098
6.097
5.352
5.557
7.938
7.397
8.452
8.601
6.385
5.928
5.595
7.164
8.028
8.571
8.716
7.500
6.519
5.601
6.894
7.744
9.174
7.221
7.445
6.974
6.327
6.476
6.900
4.746
4.614
4.126
3.181
2.931
2.580
2.384
3.299
4.095
4.361
4.486
2.619
2.020
2.618
0.520
0.211
0.238
1.306
1.592
0.495
0.891
0.749
1.700
-0.401
-0.740
-0.260
-1.626
-2.479
-1.369
-2.203
-1.276
-2.692
-3.059
-2.584
-3.157
-4.380
-4.649
-5.153
-6.087
-4.983
-3.979
-5.706
-5.201
-6.274
-4.714
-4.799
-3.718
-5.200
-4.970
-5.691
-5.352
-3.669
-2.966
-3.317
-4.027
-4.771
-4.352
-2.792
-2.001
-2.351
-3.181
-3.380
-2.365
-4.138
-0.147
0.294
0.230
-1.688
-1.857
-2.138
-2.528
-2.203
-3.429
-2.989
-3.483
-3.662
-1.821
-1.415
-1.035
-2.333
-2.651
-3.206
-1.266
-0.310
-1.319
-0.366
-2.481
-3.450
-2.352
-2.550
-1.493
-2.884
-3.345
-3.093
-3.197
-4.866
-5.137
-5.128
-5.674
-5.393
-5.388
-7.154
-7.377
-7.428
-8.068
-8.109
-7.666
-9.489
-10.167
-9.468
-9.982
12.633
11.481
10.666
11.765
12.973
13.249
13.721
12.063
12.167
12.897
12.141
11.304
13.822
14.607
13.707
14.235
10.750
10.493
11.507
9.238
10.240
9.084
9.586
7.835
7.018
6.827
7.403
5.563
5.673
5.057
5.098
5.879
4.029
4.354
3.680
4.629
4.408
5.158
3.331
2.935
3.557
1.714
1.189
1.078
2.807
2.314
3.112
1.861
2.475
1.506
0.592
0.102
1.024
-0.371
0.159
-0.779
-1.494
-1.876
-1.016
-2.569
-3.372
-2.207
-3.136
-2.437
-4.434
-4.839
-5.618
-5.372
-5.854
-6.894
-7.768
-7.153
-6.728
-5.924
-6.586
-7.971
-8.122
-7.748
-9.222
-9.007
-9.281
-10.467
-10.257
-11.384
-10.769
-10.392
-10.180
-12.282
-12.417
-12.710
-12.946
2.022
2.574
2.669
0.736
1.022
0.464
-0.380
-0.829
-0.220
-1.576
-1.632
-1.213
-2.926
-2.812
-3.177
-4.063
-4.912
-3.700
-4.465
-3.776
-5.386
-5.541
-6.296
-6.405
-5.803
-7.757
-8.169
-8.211
-7.866
-7.362
-7.417
-9.397
-9.981
-9.753
-9.795
-10.882
-9.655
-9.083
-9.139
-7.990
-9.721
-9.052
-9.967
-11.037
-11.838
-11.030
-11.459
12.795
12.193
12.437
12.655
12.501
13.054
11.483
12.830
14.304
14.792
14.721
14.641
12.291
12.871
12.476
11.234
10.672
10.633
10.068
9.967
11.040
9.769
10.152
8.602
7.491
7.296
7.518
6.153
5.373
6.102
6.161
6.016
6.284
7.240
6.431
6.053
6.793
6.358
4.777
3.775
3.993
2.425
2.784
2.098
5.229
5.065
5.706
3.900
3.332
3.285
3.968
3.049
4.907
3.855
4.602
2.846
4.109
3.520
5.154
3.929
4.524
2.866
4.367
5.348
3.780
4.420
2.343
1.828
1.827
2.341
3.133
1.335
2.717
2.082
3.709
2.905
3.523
3.551
1.659
0.978
1.054
1.930
2.479
2.678
0.708
0.385
-0.083
0.928
1.677
-0.026
1.302
1.408
1.913
0.936
0.166
-0.116
0.466
-0.938
-1.129
-1.856
-0.629
0.303
-0.425
-1.659
-2.673
-1.840
-1.082
-1.210
-0.023
-1.914
-2.980
-1.467
-2.196
-0.049
0.367
-0.110
0.848
0.367
0.901
2.195
2.072
2.618
3.275
2.949
4.315
3.403
2.466
3.590
4.574
5.464
4.674
4.479
4.494
5.444
3.259
3.102
2.310
3.357
-27.324
-27.050
-27.132
-26.084
-28.478
-28.640
-29.304
-28.503
-27.394
-27.606
-26.501
-28.042
-26.161
-25.340
-25.970
-26.243
-27.970
-29.022
-28.004
-26.186
-25.494
-26.262
-27.648
-25.441
-24.074
-23.717
-24.231
-22.939
-22.648
-21.779
-21.118
-21.305
-20.014
-20.497
-19.523
-23.384
-23.742
-24.225
-22.223
-21.957
-22.551
-20.798
-20.696
-21.048
-19.062
-19.599
-18.569
-18.108
-17.136
-18.430
-17.920
-18.836
-17.573
-16.799
-15.787
-17.063
-16.856
-17.838
-16.457
-15.901
-16.288
-14.919
-15.831
-16.727
-14.639
-14.765
-13.216
-12.823
-13.157
-12.325
-12.802
-12.358
-10.950
-10.614
-10.838
-9.934
-10.222
-10.029
-8.491
-7.900
-8.028
-8.325
-7.260
-8.495
-9.212
-10.305
-8.934
-9.003
-7.908
-9.404
-9.357
-19.528
-19.547
-18.686
-19.096
-18.937
-19.908
-17.690
-17.676
-16.924
-17.401
-18.232
-17.502
-16.032
-15.923
-15.965
-14.949
-14.969
-15.140
-13.586
-13.541
-12.467
-11.623
-12.357
-13.004
-11.325
-12.932
-14.027
-12.555
-12.556
-12.734
-11.490
-13.469
-13.350
-14.538
-13.033
-13.485
-11.934
-13.614
-14.724
-13.372
-13.100
-12.058
-12.904
-13.904
-13.438
-14.910
-14.052
-31.926
-32.097
-33.120
-31.674
-32.897
-32.801
-32.630
-33.925
-30.519
-30.122
-30.449
-29.829
-32.297
-33.147
-32.489
-31.454
-31.437
-31.866
-31.544
-29.447
-29.881
-29.721
-30.055
-27.921
-26.979
-27.267
-26.909
-25.524
-24.887
-25.124
-24.734
-24.590
-24.473
-24.670
-25.296
-25.524
-26.330
-25.803
-24.228
-24.028
-24.854
-22.572
-22.467
-21.967
-23.069
-23.058
-22.768
-21.977
-22.346
-21.084
-21.298
-20.833
-21.993
-20.307
-20.839
-19.683
-19.417
-20.058
-18.698
-18.632
-18.137
-19.300
-17.491
-16.832
-17.046
-16.185
-17.683
-18.468
-18.224
-16.630
-16.096
-17.107
-15.768
-16.444
-14.974
-15.239
-14.848
-16.047
-13.993
-13.874
-14.142
-12.716
-12.756
-12.744
-11.355
-10.567
-11.374
-11.172
-10.310
-11.993
-10.921
-22.193
-22.793
-22.500
-20.787
-20.575
-20.674
-19.945
-20.063
-20.382
-18.362
-17.981
-17.882
-18.168
-18.453
-18.881
-16.707
-16.243
-16.121
-16.591
-16.757
-16.381
-16.275
-16.477
-16.647
-17.329
-15.213
-14.322
-15.153
-15.080
-15.087
-16.087
-13.971
-13.991
-14.104
-12.603
-12.366
-11.788
-12.321
-11.260
-12.948
-12.533
-12.699
-13.402
-11.303
-10.872
-10.528
-11.444
-31.897
-31.400
-30.675
-32.091
-30.729
-31.103
-30.387
-29.859
-33.043
-33.742
-32.776
-33.675
-32.353
-31.466
-32.695
-33.019
-30.927
-30.600
-30.048
-31.734
-30.532
-32.959
-31.968
-31.415
-30.429
-30.025
-30.900
-29.208
-29.578
-28.473
-27.788
-27.705
-26.907
-27.482
-26.700
-28.377
-29.037
-27.602
-27.931
-26.633
-25.863
-26.182
-26.017
-27.094
-25.569
-25.073
-25.749
-24.581
-25.062
-24.677
-23.098
-22.836
-23.046
-22.140
-22.449
-22.225
-20.757
-20.485
-20.733
-19.658
-19.877
-19.545
-18.321
-17.600
-18.005
-17.017
-18.925
-20.005
-18.818
-18.555
-18.651
-19.246
-17.206
-16.899
-16.426
-17.187
-17.374
-17.922
-15.762
-15.715
-15.113
-15.446
-15.014
-16.386
-14.456
-14.800
-13.529
-14.015
-13.630
-14.774
-13.159
-25.040
-25.392
-24.831
-23.719
-23.582
-23.815
-22.570
-22.739
-22.663
-21.143
-20.997
-20.959
-19.939
-19.856
-19.022
-20.128
-20.907
-20.440
-18.744
-18.494
-17.870
-16.888
-18.142
-19.221
-17.608
-17.794
-18.385
-17.972
-16.284
-16.119
-15.992
-15.244
-15.334
-15.505
-13.835
-13.109
-13.782
-13.473
-13.299
-14.325
-12.226
-12.548
-11.276
-11.944
-11.018
-11.785
-12.669
-29.506
-29.967
-29.221
-30.788
-30.482
-29.893
-31.272
-30.918
-29.102
-29.803
-28.959
-28.205
-28.240
-28.432
-27.855
-27.474
-30.111
-30.468
-29.121
-30.979
-31.427
-31.749
-31.052
-29.430
-28.762
-29.296
-28.703
-27.271
-26.816
-26.627
-26.405
-26.579
-25.960
-25.594
-26.926
-27.027
-27.256
-27.824
-25.735
-24.844
-25.095
-23.438
-22.889
-23.450
-24.888
-25.080
-25.036
-23.406
-23.388
-22.858
-22.878
-22.943
-23.588
-21.429
-20.810
-21.270
-21.134
-21.688
-20.074
-21.316
-20.492
-21.091
-22.713
-22.968
-23.575
-24.522
-23.308
-24.032
-22.263
-23.399
-22.645
-24.426
-23.132
-23.590
-23.665
-21.672
-21.055
-21.190
-21.388
-22.121
-21.532
-19.966
-19.144
-19.829
-19.673
-20.355
-19.928
-18.230
-17.592
-18.010
-17.820
-22.582
-22.680
-23.037
-21.083
-20.614
-20.962
-20.220
-20.695
-20.002
-18.718
-18.144
-18.826
-17.842
-18.248
-18.032
-16.330
-16.093
-15.748
-15.937
-16.171
-15.424
-15.077
-15.004
-14.893
-15.835
-13.707
-13.428
-13.921
-12.489
-12.343
-12.511
-11.182
-10.969
-11.275
-10.033
-10.002
-10.280
-8.773
-8.594
-8.882
-7.622
-7.904
-7.644
-6.203
-5.692
-6.167
-5.501
-37.130
-36.717
-36.690
-37.507
-37.160
-37.771
-36.181
-37.378
-38.513
-38.774
-38.458
-39.248
-36.069
-36.204
-36.054
-35.103
-35.361
-35.529
-35.206
-33.760
-33.860
-34.524
-34.228
-32.275
-31.479
-31.709
-31.872
-29.961
-29.346
-29.831
-28.566
-27.756
-28.249
-28.330
-29.010
-29.556
-30.114
-29.965
-28.128
-27.516
-28.038
-26.023
-25.694
-25.785
-26.901
-26.572
-26.119
-26.880
-27.578
-25.857
-26.917
-26.241
-27.943
-26.551
-27.286
-25.576
-26.641
-26.422
-27.694
-25.519
-25.672
-24.559
-25.717
-26.745
-24.946
-25.194
-23.578
-23.233
-23.599
-22.451
-22.759
-22.483
-21.041
-20.814
-20.778
-20.035
-19.987
-20.450
-18.662
-18.857
-18.415
-17.569
-16.545
-17.739
-17.498
-18.518
-17.140
-16.487
-16.950
-16.257
-15.518
-25.209
-25.433
-25.507
-23.711
-23.172
-23.593
-23.071
-23.250
-23.332
-21.574
-21.243
-21.298
-20.782
-21.006
-20.925
-19.220
-18.966
-18.610
-18.563
-18.866
-17.940
-17.408
-17.397
-18.067
-17.252
-15.978
-16.008
-15.894
-14.854
-14.915
-14.960
-13.492
-13.368
-13.389
-12.376
-12.345
-12.555
-10.983
-10.894
-10.440
-10.100
-10.527
-10.115
-8.671
-8.675
-8.306
-8.031
-26.953
-26.219
-25.826
-26.942
-26.067
-25.235
-25.757
-26.582
-27.574
-28.366
-26.861
-27.925
-27.956
-27.373
-28.562
-28.630
-25.068
-24.720
-24.127
-24.900
-25.062
-25.614
-25.531
-23.374
-22.388
-21.582
-22.743
-21.647
-22.306
-21.284
-21.725
-22.606
-20.841
-21.379
-19.785
-20.365
-19.994
-20.750
-19.428
-18.390
-18.193
-17.515
-18.180
-16.806
-20.922
-21.960
-20.580
-19.966
-19.966
-20.323
-18.472
-18.439
-17.964
-17.764
-17.783
-18.171
-16.320
-16.218
-15.935
-15.493
-15.854
-14.425
-15.679
-16.728
-14.778
-15.062
-13.391
-13.169
-12.577
-13.184
-13.985
-12.325
-12.981
-11.958
-13.740
-13.257
-13.178
-14.298
-12.142
-11.929
-11.184
-12.532
-13.140
-13.141
-11.370
-10.524
-11.126
-11.749
-10.811
-12.333
-12.296
-16.813
-16.342
-17.481
-15.685
-16.125
-15.055
-14.835
-14.592
-15.457
-13.543
-12.771
-13.127
-13.712
-14.517
-14.236
-12.499
-11.756
-12.806
-11.893
-12.506
-10.771
-10.513
-9.906
-9.820
-10.440
-8.549
-8.569
-7.929
-7.722
-8.179
-7.770
-6.247
-5.563
-6.453
-5.486
-5.528
-6.197
-4.150
-4.132
-3.721
-3.193
-3.445
-3.504
-1.697
-1.470
-1.030
-1.381
-32.166
-30.756
-30.768
-30.140
-33.108
-32.736
-33.322
-33.999
-32.039
-31.249
-31.830
-32.931
-32.656
-32.637
-33.663
-31.987
-30.065
-29.042
-30.515
-30.792
-31.047
-32.006
-30.069
-29.711
-28.760
-28.426
-29.071
-27.442
-27.731
-26.967
-26.238
-26.149
-25.688
-25.880
-26.252
-26.438
-27.018
-25.574
-26.103
-25.042
-24.432
-24.525
-25.229
-23.504
-24.148
-23.560
-23.790
-23.802
-24.431
-24.122
-22.320
-21.690
-22.113
-22.060
-22.882
-22.125
-20.820
-19.908
-20.902
-20.664
-21.495
-20.780
-19.366
-19.266
-18.409
-17.447
-18.507
-19.135
-19.016
-17.048
-17.150
-16.290
-16.431
-16.413
-17.060
-15.004
-15.080
-14.472
-14.134
-14.104
-14.553
-12.649
-12.664
-12.151
-11.824
-11.835
-12.524
-10.428
-10.262
-10.036
-9.757
-24.368
-25.320
-23.850
-23.532
-22.694
-24.038
-23.211
-22.757
-24.177
-22.428
-23.078
-22.148
-21.144
-20.507
-21.319
-20.450
-21.255
-19.612
-19.872
-20.527
-18.694
-18.434
-17.857
-18.393
-17.707
-16.518
-16.732
-16.266
-15.451
-15.835
-15.149
-14.228
-14.021
-14.424
-12.951
-12.696
-13.077
-11.725
-12.205
-10.901
-11.183
-10.837
-11.934
-10.077
-9.363
-9.530
-10.456
-31.516
-30.964
-31.425
-31.147
-32.952
-33.558
-33.088
-33.375
-31.505
-31.698
-30.585
-32.214
-30.790
-31.002
-31.128
-29.759
-29.504
-29.042
-29.187
-29.265
-28.868
-30.517
-29.304
-28.155
-26.891
-26.336
-26.941
-25.967
-26.476
-25.832
-25.367
-25.291
-24.816
-24.767
-25.516
-24.570
-23.975
-24.551
-23.869
-24.293
-25.132
-23.663
-23.510
-24.270
-23.419
-23.228
-23.512
-22.374
-22.762
-22.366
-21.065
-20.678
-21.227
-20.161
-20.382
-20.456
-18.639
-18.196
-18.220
-18.168
-18.476
-18.641
-16.642
-16.196
-15.801
-14.736
-16.256
-17.278
-15.595
-16.333
-17.029
-16.587
-14.929
-14.251
-14.547
-14.842
-15.435
-15.378
-13.451
-12.851
-13.547
-12.822
-13.566
-12.407
-11.663
-10.865
-11.984
-11.044
-10.248
-11.945
-10.631
-22.233
-22.283
-22.071
-21.080
-21.094
-20.966
-19.798
-19.745
-19.767
-18.651
-18.695
-18.861
-17.246
-17.473
-16.836
-16.112
-15.852
-15.216
-16.422
-16.947
-15.817
-16.087
-15.028
-15.386
-15.175
-13.635
-13.454
-13.538
-12.429
-12.528
-12.443
-11.035
-10.988
-10.340
-10.485
-10.752
-10.808
-8.920
-8.592
-8.596
-8.393
-8.923
-8.411
-6.856
-6.601
-6.545
-6.360
-34.917
-33.994
-33.905
-34.410
-34.251
-33.359
-33.946
-35.044
-35.137
-34.217
-35.880
-35.437
-36.295
-36.240
-36.863
-36.707
-32.560
-32.113
-32.149
-31.709
-31.533
-32.345
-32.529
-30.360
-29.266
-29.113
-29.276
-27.957
-28.005
-26.669
-25.706
-25.725
-24.490
-24.471
-24.674
-27.914
-27.682
-28.923
-26.890
-27.304
-28.487
-26.070
-25.118
-25.910
-23.126
-23.242
-23.008
-21.947
-21.818
-22.277
-20.564
-20.543
-20.226
-19.413
-18.416
-19.335
-19.561
-20.547
-19.464
-18.536
-18.411
-17.518
-18.868
-19.912
-17.912
-18.248
-16.407
-16.170
-16.035
-15.557
-15.376
-16.141
-14.245
-14.316
-13.636
-13.300
-13.764
-12.294
-13.198
-14.167
-12.648
-12.400
-11.421
-12.911
-12.375
-11.856
-13.380
-11.674
-12.351
-10.812
-11.168
-26.393
-27.287
-25.521
-26.565
-25.858
-27.600
-26.386
-26.933
-26.910
-24.895
-24.536
-24.312
-24.883
-25.610
-25.200
-23.476
-22.797
-23.637
-22.989
-22.373
-23.126
-22.740
-23.713
-24.492
-24.252
-22.692
-22.141
-23.225
-21.854
-22.385
-21.762
-20.452
-20.518
-20.027
-19.533
-18.730
-20.128
-18.881
-19.664
-18.517
-17.756
-18.083
-17.313
-16.686
-16.262
-17.116
-15.914
-35.927
-34.950
-34.787
-35.414
-36.325
-37.042
-36.763
-35.528
-37.127
-37.556
-37.833
-36.809
-35.251
-35.220
-34.235
-35.862
-33.527
-32.874
-32.991
-32.707
-33.196
-32.418
-33.574
-31.317
-31.312
-30.480
-32.187
-31.252
-32.041
-30.024
-29.970
-30.854
-28.569
-28.335
-27.969
-31.412
-32.335
-31.415
-30.335
-29.225
-29.043
-27.998
-28.235
-27.863
-28.448
-28.556
-29.197
-27.138
-27.023
-26.397
-26.630
-26.355
-27.436
-25.356
-25.462
-24.538
-24.902
-24.829
-25.658
-23.470
-23.251
-22.725
-23.327
-24.081
-22.611
-22.831
-21.680
-20.784
-21.243
-22.249
-22.591
-21.471
-23.441
-23.055
-24.373
-23.558
-22.589
-24.228
-24.056
-24.926
-23.354
-24.512
-25.377
-24.682
-23.462
-23.298
-23.840
-22.196
-21.405
-22.402
-21.740
-26.679
-26.728
-26.596
-25.429
-25.555
-24.514
-25.067
-25.902
-24.142
-24.878
-24.885
-25.729
-23.523
-23.563
-22.712
-22.977
-23.100
-21.897
-23.690
-24.546
-23.327
-24.062
-22.065
-21.146
-21.776
-22.243
-23.106
-22.492
-20.987
-20.755
-20.059
-21.322
-21.338
-22.274
-20.227
-20.401
-19.280
-20.242
-21.248
-19.988
-19.251
-18.276
-19.563
-19.053
-18.729
-18.260
-19.992
-34.689
-33.573
-32.861
-32.898
-34.177
-33.339
-34.842
-33.771
-35.858
-35.645
-36.738
-36.016
-35.304
-36.188
-35.570
-34.573
-33.871
-32.996
-34.335
-34.338
-35.220
-34.336
-34.773
-32.873
-32.605
-31.958
-33.552
-31.828
-32.488
-30.688
-30.114
-30.297
-29.201
-29.818
-28.609
-31.500
-32.411
-30.967
-30.649
-29.327
-28.759
-28.657
-28.782
-29.177
-28.220
-28.777
-27.684
-27.128
-27.684
-26.580
-26.064
-25.749
-26.471
-24.904
-24.938
-24.644
-23.559
-23.432
-23.746
-22.444
-22.881
-22.061
-21.330
-21.618
-20.097
-19.294
-19.516
-20.213
-19.286
-18.318
-18.694
-17.986
-17.130
-16.726
-17.233
-15.921
-15.927
-15.891
-14.567
-14.347
-14.495
-13.535
-13.670
-13.535
-12.020
-11.930
-11.502
-11.541
-11.370
-12.339
-10.635
-27.198
-26.761
-27.101
-26.458
-26.830
-26.624
-24.966
-24.654
-24.935
-24.073
-24.514
-24.164
-22.632
-22.119
-22.533
-21.886
-22.453
-20.914
-21.614
-22.548
-20.435
-20.247
-19.069
-19.023
-18.901
-17.919
-17.842
-18.242
-16.537
-16.167
-16.569
-15.520
-15.891
-15.328
-14.037
-13.947
-13.837
-12.943
-12.951
-13.060
-11.523
-10.885
-11.471
-11.116
-10.032
-11.688
-11.296
-30.408
-30.978
-31.533
-30.127
-31.541
-31.207
-32.391
-32.038
-29.728
-30.445
-29.390
-28.842
-29.398
-28.995
-28.541
-29.775
-31.937
-32.517
-32.722
-30.249
-29.230
-31.004
-31.254
-29.605
-29.021
-28.283
-29.763
-28.320
-28.908
-26.964
-26.785
-27.602
-25.393
-25.660
-24.773
-27.971
-27.567
-28.907
-27.113
-25.920
-25.403
-25.055
-25.598
-24.916
-24.584
-24.540
-25.062
-23.177
-22.800
-23.152
-22.233
-22.549
-22.293
-20.754
-20.298
-20.798
-19.839
-20.267
-19.602
-18.415
-17.649
-18.054
-18.394
-19.292
-17.351
-17.407
-15.987
-16.055
-15.804
-14.902
-14.793
-15.167
-13.526
-13.561
-13.326
-12.347
-11.395
-12.223
-12.426
-13.083
-11.440
-13.068
-12.784
-14.166
-12.812
-13.594
-12.963
-11.429
-11.482
-10.588
-11.281
-23.636
-23.625
-22.939
-22.811
-22.621
-23.442
-21.459
-21.516
-20.819
-20.705
-21.372
-20.539
-19.338
-18.763
-19.499
-18.652
-19.035
-18.903
-17.137
-16.737
-16.257
-15.230
-16.536
-17.190
-17.166
-15.465
-15.954
-14.643
-14.530
-15.041
-14.109
-13.234
-12.565
-13.626
-12.331
-11.897
-12.932
-11.085
-10.421
-10.479
-11.417
-12.100
-12.038
-10.237
-9.796
-10.429
-9.443
-29.845
-29.275
-28.909
-30.027
-31.137
-31.947
-31.441
-31.148
-28.880
-27.925
-28.733
-29.243
-30.070
-30.438
-29.162
-30.625
-28.112
-27.545
-27.509
-29.227
-28.549
-30.670
-28.596
-29.071
-28.143
-28.480
-28.129
-26.772
-26.238
-26.167
-25.786
-26.006
-24.767
-24.466
-25.411
-26.793
-27.137
-27.433
-25.503
-24.718
-25.014
-23.455
-23.713
-22.763
-23.478
-23.063
-23.824
-22.562
-23.060
-22.411
-21.211
-20.674
-21.449
-20.426
-19.563
-21.116
-20.101
-20.900
-19.469
-19.199
-18.383
-19.835
-18.715
-19.330
-17.631
-17.456
-16.648
-16.255
-17.104
-15.485
-15.954
-14.889
-14.479
-14.037
-14.928
-13.126
-13.340
-12.705
-12.339
-11.247
-12.539
-12.853
-13.859
-12.958
-11.977
-10.965
-11.886
-12.651
-13.600
-12.929
-12.101
-22.974
-23.650
-23.135
-21.463
-21.270
-20.695
-21.343
-21.612
-21.933
-19.902
-19.383
-19.500
-19.643
-20.278
-19.952
-18.163
-17.553
-18.090
-17.703
-18.521
-16.393
-16.223
-15.215
-15.536
-14.943
-14.091
-13.332
-13.688
-14.448
-15.297
-13.501
-14.950
-14.211
-14.993
-16.370
-16.377
-17.029
-16.953
-17.010
-17.951
-16.168
-16.254
-15.091
-16.671
-16.276
-16.440
-17.781
-31.885
-30.705
-30.782
-30.644
-31.819
-31.872
-32.668
-30.979
-31.946
-32.278
-30.964
-32.740
-33.162
-34.004
-33.274
-33.195
-29.312
-28.489
-29.362
-28.331
-28.500
-29.023
-28.846
-26.849
-26.293
-27.004
-25.398
-25.791
-26.593
-25.219
-26.011
-27.212
-25.238
-25.837
-25.281
-24.750
-24.040
-25.318
-24.054
-23.189
-22.860
-22.483
-22.018
-23.234
-23.766
-23.259
-23.676
-22.807
-22.476
-21.845
-23.390
-23.747
-24.231
-22.370
-21.888
-21.734
-22.956
-23.420
-23.809
-21.779
-21.057
-22.117
-21.255
-21.944
-19.949
-19.638
-18.750
-18.392
-19.108
-17.497
-16.953
-17.867
-16.636
-17.109
-16.695
-15.215
-14.800
-15.147
-14.264
-14.390
-14.509
-12.812
-12.519
-12.608
-11.970
-10.903
-12.458
-11.941
-12.906
-11.430
-11.273
-21.441
-21.777
-21.108
-20.149
-20.509
-19.544
-19.338
-19.973
-18.380
-18.900
-18.303
-19.796
-18.076
-18.907
-17.314
-17.234
-16.929
-17.704
-16.013
-16.108
-14.785
-13.918
-14.426
-15.159
-13.674
-13.830
-14.459
-13.871
-12.356
-12.385
-11.803
-11.674
-12.371
-10.740
-11.287
-12.174
-10.566
-10.752
-11.522
-9.830
-10.419
-9.536
-11.286
-10.130
-10.784
-9.096
-10.037
-25.026
-24.072
-24.341
-23.041
-24.479
-25.158
-23.564
-24.448
-25.257
-26.112
-25.295
-24.381
-26.334
-26.169
-26.974
-26.870
-23.885
-23.026
-24.761
-24.328
-24.215
-25.648
-23.543
-23.436
-22.008
-21.452
-21.694
-21.366
-21.890
-21.393
-21.794
-22.032
-21.871
-22.931
-21.136
-19.889
-19.469
-19.325
-19.593
-19.584
-19.790
-19.223
-20.190
-18.593
-21.521
-22.149
-21.805
-19.973
-19.587
-19.515
-19.685
-20.198
-20.126
-18.151
-18.022
-17.895
-17.190
-17.048
-17.642
-15.773
-16.000
-15.230
-14.950
-15.398
-13.710
-13.254
-12.989
-13.618
-12.394
-12.158
-11.450
-12.867
-11.451
-12.254
-10.908
-10.655
-10.162
-11.368
-9.442
-9.622
-8.785
-8.573
-9.297
-8.162
-7.517
-7.966
-7.224
-6.208
-5.687
-6.420
-5.517
-18.457
-18.944
-17.401
-18.534
-19.591
-18.057
-18.052
-16.971
-18.568
-18.293
-19.379
-18.088
-17.573
-16.501
-17.918
-17.638
-17.055
-17.103
-19.058
-19.722
-19.511
-20.554
-18.821
-17.715
-19.170
-19.267
-18.888
-20.340
-19.059
-19.275
-19.832
-17.599
-17.641
-16.979
-17.345
-18.180
-17.219
-15.992
-15.971
-15.894
-14.859
-15.042
-14.856
-13.516
-12.663
-13.564
-13.350
-31.777
-30.577
-30.909
-30.459
-33.057
-32.927
-33.866
-33.339
-32.109
-31.451
-32.160
-33.056
-31.546
-31.227
-32.469
-30.706
-29.293
-28.472
-29.364
-28.297
-27.780
-29.368
-28.879
-27.079
-26.153
-25.740
-26.679
-24.997
-25.385
-24.246
-23.576
-23.544
-22.869
-23.030
-23.296
-24.076
-24.671
-23.599
-22.888
-22.948
-23.964
-21.678
-21.913
-20.886
-21.380
-20.923
-20.883
-21.173
-21.862
-21.430
-19.770
-19.070
-19.722
-19.341
-19.897
-19.517
-17.780
-17.305
-17.171
-17.655
-17.744
-18.514
-16.324
-16.213
-15.201
-14.248
-15.057
-16.139
-14.444
-14.498
-13.408
-14.852
-15.020
-15.088
-16.033
-14.093
-14.049
-13.017
-14.603
-14.660
-15.680
-13.964
-14.334
-14.171
-12.429
-12.014
-12.048
-11.839
-11.856
-10.766
-12.200
-21.197
-20.256
-22.000
-20.759
-21.649
-19.876
-20.352
-21.280
-19.875
-19.546
-20.189
-18.819
-18.774
-18.189
-19.533
-17.922
-18.445
-17.961
-16.503
-15.822
-15.904
-14.907
-16.537
-17.636
-16.311
-16.166
-16.639
-15.091
-16.691
-17.797
-16.186
-16.324
-16.768
-15.257
-16.988
-17.997
-16.474
-17.225
-17.851
-17.779
-15.988
-16.263
-15.303
-15.181
-14.386
-14.679
-15.627
-32.376
-31.083
-31.109
-31.227
-33.540
-33.389
-33.678
-34.414
-32.587
-32.546
-33.564
-31.824
-32.458
-31.649
-32.356
-33.301
-29.698
-29.626
-28.858
-29.207
-30.128
-29.363
-29.618
-27.716
-27.330
-28.098
-26.906
-26.320
-26.242
-25.040
-24.450
-24.885
-23.326
-23.782
-22.715
-26.739
-26.902
-27.730
-25.815
-26.195
-27.307
-25.071
-24.510
-25.448
-22.414
-23.086
-21.899
-21.414
-21.904
-21.067
-20.236
-20.567
-19.609
-19.281
-18.880
-19.869
-18.052
-17.688
-18.470
-16.956
-17.425
-16.670
-15.642
-15.803
-14.422
-13.632
-14.032
-14.972
-13.396
-13.357
-13.962
-13.304
-11.966
-11.388
-12.018
-11.030
-10.875
-10.054
-11.626
-10.928
-12.509
-12.048
-12.803
-11.133
-12.612
-11.798
-13.454
-13.155
-12.265
-13.476
-13.958
-24.106
-23.124
-23.717
-24.851
-25.791
-25.254
-24.145
-23.827
-24.778
-23.069
-22.182
-23.255
-22.615
-23.417
-22.550
-21.299
-20.621
-20.967
-21.130
-21.855
-20.415
-20.669
-19.622
-19.772
-19.847
-18.138
-17.923
-18.156
-17.162
-17.271
-17.384
-15.693
-15.661
-15.392
-14.627
-14.603
-13.630
-14.742
-15.679
-14.952
-13.569
-12.712
-13.277
-13.855
-14.605
-14.225
-12.881
-31.483
-30.633
-31.161
-30.614
-32.833
-32.683
-33.429
-33.317
-31.730
-32.576
-30.915
-31.831
-30.874
-30.007
-30.561
-31.594
-29.224
-28.668
-28.675
-29.254
-29.352
-30.189
-29.327
-27.753
-26.697
-26.964
-26.844
-25.291
-24.646
-24.953
-24.576
-24.399
-24.145
-24.857
-24.248
-25.192
-25.921
-25.423
-23.897
-23.616
-24.384
-22.143
-21.913
-21.528
-22.687
-22.567
-22.454
-21.616
-20.597
-21.680
-21.492
-22.253
-21.537
-20.122
-19.298
-19.996
-19.919
-20.568
-20.323
-18.441
-18.025
-18.009
-18.218
-18.415
-17.836
-17.691
-17.706
-17.864
-18.506
-16.381
-16.197
-15.521
-16.329
-15.311
-16.637
-17.235
-18.277
-16.975
-17.371
-17.879
-18.154
-16.152
-16.092
-15.260
-16.395
-16.369
-17.438
-15.493
-15.575
-14.418
-15.755
-22.008
-20.955
-22.762
-22.292
-22.510
-23.266
-21.119
-20.884
-20.242
-21.385
-20.541
-22.295
-21.642
-22.528
-20.715
-21.881
-22.987
-21.472
-21.405
-22.117
-20.206
-19.874
-19.067
-18.858
-19.390
-17.734
-17.953
-17.335
-16.564
-15.635
-16.704
-16.399
-15.662
-17.333
-15.910
-15.041
-16.684
-15.488
-14.915
-14.835
-16.650
-16.219
-17.120
-17.782
-18.406
-18.201
-17.261
-30.274
-30.605
-31.503
-29.841
-30.278
-29.438
-30.042
-31.176
-31.093
-31.195
-32.120
-30.768
-28.824
-28.149
-28.488
-28.798
-30.932
-30.953
-31.910
-30.251
-30.360
-31.427
-29.965
-28.911
-27.753
-27.919
-27.565
-26.469
-25.538
-26.420
-25.875
-25.452
-25.728
-26.734
-25.375
-26.560
-27.557
-26.393
-25.553
-25.763
-26.783
-24.507
-23.651
-24.521
-24.486
-23.533
-24.691
-24.218
-25.083
-24.076
-22.990
-23.049
-22.945
-21.627
-21.392
-21.648
-20.454
-20.263
-20.821
-19.052
-18.632
-18.343
-19.028
-19.803
-18.254
-18.304
-17.202
-17.450
-17.080
-15.884
-15.654
-15.914
-14.763
-15.212
-14.338
-13.637
-13.119
-14.123
-12.616
-13.124
-11.985
-11.644
-10.916
-11.153
-12.267
-12.763
-12.989
-11.237
-11.570
-10.995
-10.318
-24.379
-25.219
-23.441
-24.420
-25.466
-24.152
-23.368
-23.447
-23.461
-21.957
-21.887
-21.884
-20.729
-20.042
-21.181
-19.967
-19.223
-19.425
-20.868
-21.213
-21.124
-21.757
-20.565
-20.314
-19.659
-21.593
-22.149
-22.306
-20.930
-20.238
-20.342
-22.018
-22.795
-22.564
-21.315
-22.150
-20.867
-20.321
-20.543
-19.293
-20.462
-21.527
-19.875
-20.176
-19.945
-19.241
-21.085
-29.641
-28.446
-28.750
-27.817
-30.318
-29.536
-31.191
-30.694
-30.633
-31.119
-31.409
-30.171
-29.282
-28.366
-30.004
-28.935
-27.619
-27.099
-28.332
-25.620
-26.226
-24.812
-26.772
-24.719
-24.152
-24.598
-24.365
-22.593
-22.278
-22.016
-21.763
-21.992
-21.213
-21.890
-21.213
-22.178
-22.401
-22.832
-20.729
-20.311
-21.089
-18.752
-18.450
-18.395
-19.772
-19.346
-19.205
-19.505
-18.420
-20.086
-19.933
-21.031
-19.414
-19.678
-20.033
-18.570
-20.253
-20.026
-21.337
-19.745
-20.443
-18.788
-19.363
-18.494
-20.019
-19.652
-21.290
-21.654
-22.020
-20.805
-21.735
-20.154
-20.189
-19.452
-20.988
-19.450
-19.285
-20.019
-18.106
-18.215
-17.414
-17.447
-17.920
-17.698
-15.900
-15.566
-15.481
-15.417
-15.917
-15.822
-14.328
-18.434
-18.975
-17.365
-18.938
-18.386
-20.014
-18.671
-19.320
-18.971
-17.189
-16.871
-16.489
-16.852
-16.714
-17.592
-15.473
-14.721
-15.476
-15.074
-14.921
-15.134
-15.045
-15.589
-16.080
-16.267
-14.377
-13.665
-14.576
-13.650
-13.288
-14.353
-12.436
-12.706
-11.655
-11.965
-12.802
-11.626
-10.853
-11.018
-10.014
-10.375
-9.475
-9.990
-11.354
-12.222
-11.706
-10.803
-31.111
-31.113
-31.844
-30.122
-32.555
-33.101
-32.502
-32.980
-30.419
-30.940
-30.469
-29.431
-30.494
-30.943
-30.754
-29.426
-31.621
-31.787
-32.624
-29.478
-29.452
-29.221
-30.846
-28.407
-27.568
-27.109
-28.112
-26.394
-26.703
-25.271
-24.377
-24.409
-23.206
-23.427
-23.368
-25.854
-26.660
-25.046
-25.352
-24.745
-24.573
-24.110
-23.326
-24.951
-21.822
-21.011
-21.812
-21.449
-22.083
-21.565
-20.025
-19.991
-19.368
-19.358
-19.067
-20.084
-18.073
-18.234
-17.477
-17.357
-18.035
-16.457
-16.917
-17.781
-15.712
-15.552
-14.368
-13.681
-14.672
-13.642
-14.161
-13.936
-12.148
-11.893
-11.858
-11.308
-11.643
-11.463
-9.854
-9.445
-9.515
-8.936
-8.953
-7.897
-9.199
-10.108
-8.283
-9.212
-10.007
-9.374
-8.225
-23.414
-24.064
-23.350
-22.060
-21.352
-22.080
-21.512
-20.550
-22.153
-21.315
-22.325
-20.891
-20.461
-19.741
-21.163
-19.777
-20.559
-19.485
-18.635
-18.885
-17.403
-16.629
-17.017
-16.936
-17.644
-15.587
-15.404
-15.625
-14.414
-14.375
-14.659
-13.122
-12.440
-13.259
-12.604
-12.620
-13.215
-11.140
-10.460
-11.114
-10.535
-10.654
-9.447
-11.058
-10.820
-12.131
-10.528
-31.220
-30.139
-30.608
-29.721
-32.065
-32.829
-32.526
-31.567
-32.061
-32.992
-31.663
-32.469
-30.592
-31.334
-29.952
-29.894
-29.028
-28.387
-29.509
-27.631
-26.685
-28.692
-28.138
-26.904
-25.827
-26.132
-25.623
-24.483
-24.555
-23.480
-23.608
-24.422
-22.395
-22.325
-22.803
-24.099
-24.890
-23.184
-24.047
-23.050
-22.275
-23.113
-22.268
-24.051
-21.128
-21.297
-20.803
-19.918
-19.827
-20.186
-18.778
-18.956
-18.642
-17.493
-17.372
-17.363
-16.273
-16.430
-16.194
-14.987
-14.746
-15.061
-13.892
-14.171
-12.588
-11.942
-12.012
-11.144
-12.745
-11.532
-11.064
-10.713
-12.568
-12.905
-13.392
-11.935
-11.710
-11.024
-12.958
-13.954
-12.633
-12.988
-11.953
-13.518
-13.537
-13.663
-14.505
-12.606
-13.001
-12.389
-11.718
-22.881
-21.956
-23.769
-22.505
-21.506
-22.536
-23.609
-24.473
-23.816
-23.086
-23.970
-22.727
-22.033
-21.728
-21.180
-22.586
-23.418
-22.996
-21.533
-21.203
-20.986
-20.221
-21.320
-21.535
-22.281
-20.210
-19.266
-20.556
-19.798
-19.449
-20.622
-18.606
-18.769
-17.689
-18.376
-17.752
-19.320
-17.664
-16.804
-18.330
-17.322
-18.271
-16.850
-16.178
-16.052
-15.219
-16.393
-28.719
-28.601
-28.295
-27.869
-29.724
-29.628
-30.714
-29.544
-28.986
-29.838
-29.082
-28.200
-27.349
-26.592
-27.032
-27.350
-29.899
-29.662
-30.646
-29.799
-29.815
-30.552
-30.438
-28.340
-27.289
-27.178
-27.457
-25.822
-25.210
-25.825
-25.814
-25.598
-26.017
-27.033
-26.133
-25.190
-25.895
-25.234
-23.832
-22.813
-22.927
-21.516
-21.243
-21.681
-24.938
-24.839
-25.325
-23.653
-23.853
-23.238
-22.648
-23.234
-22.064
-21.692
-20.879
-22.323
-21.023
-21.925
-20.587
-19.913
-20.334
-19.700
-18.630
-18.733
-17.543
-16.760
-17.415
-17.071
-18.335
-16.175
-16.126
-16.367
-14.905
-14.905
-14.865
-13.694
-13.582
-13.967
-12.327
-11.925
-11.550
-12.456
-12.927
-13.251
-11.147
-10.754
-10.415
-11.068
-11.311
-11.792
-10.068
-20.410
-19.467
-20.283
-20.647
-21.455
-20.901
-19.490
-19.503
-19.757
-18.152
-17.839
-18.167
-17.016
-17.371
-16.990
-15.615
-15.763
-15.126
-14.730
-14.733
-14.013
-13.323
-13.938
-14.358
-12.881
-14.824
-14.417
-14.766
-16.231
-16.314
-16.680
-17.093
-17.095
-16.585
-18.530
-19.149
-18.979
-18.773
-18.493
-18.147
-20.281
-20.791
-20.584
-20.758
-21.121
-21.626
-19.984
-30.714
-29.817
-28.867
-29.758
-30.835
-29.885
-31.583
-31.033
-32.028
-32.789
-32.148
-32.419
-30.160
-30.720
-30.080
-29.206
-30.092
-31.163
-29.540
-28.190
-28.257
-27.774
-29.625
-27.172
-26.478
-27.106
-26.145
-25.189
-25.388
-24.248
-24.528
-25.465
-23.326
-23.748
-23.150
-24.458
-24.307
-25.049
-23.117
-23.115
-24.065
-21.695
-21.464
-21.085
-21.986
-21.898
-22.059
-20.711
-20.812
-20.667
-19.458
-19.650
-18.803
-18.958
-19.616
-17.977
-18.672
-17.796
-19.446
-18.222
-17.335
-17.998
-19.282
-20.182
-19.191
-20.074
-18.045
-18.445
-17.442
-17.029
-16.137
-16.721
-17.462
-18.304
-17.762
-16.151
-15.569
-15.683
-16.459
-17.103
-15.486
-17.032
-18.049
-17.120
-16.148
-15.171
-16.008
-16.717
-17.749
-16.735
-16.167
-21.203
-21.801
-21.343
-19.765
-19.138
-19.653
-19.250
-19.773
-19.480
-17.730
-17.196
-17.423
-17.314
-17.427
-17.944
-15.800
-15.503
-15.142
-15.421
-16.282
-14.294
-14.370
-13.008
-12.179
-13.078
-12.294
-12.123
-11.363
-13.321
-14.244
-13.508
-12.875
-12.138
-12.380
-14.062
-14.841
-14.003
-14.910
-15.533
-15.622
-13.973
-13.313
-13.271
-14.838
-15.527
-15.559
-14.229
-30.147
-28.943
-28.461
-28.271
-30.918
-30.387
-31.803
-31.124
-31.084
-30.581
-31.393
-31.955
-29.693
-29.115
-29.038
-30.466
-29.128
-29.828
-28.165
-28.775
-27.807
-29.799
-29.589
-27.915
-26.565
-26.717
-26.319
-25.383
-25.594
-24.226
-23.374
-23.662
-22.067
-22.338
-21.844
-25.181
-25.089
-26.053
-23.984
-24.032
-25.032
-22.686
-22.578
-21.861
-20.990
-20.837
-21.354
-19.723
-20.103
-19.244
-18.830
-18.265
-19.388
-17.698
-18.057
-17.080
-16.796
-17.485
-16.385
-15.569
-15.900
-15.049
-14.592
-15.110
-13.205
-12.673
-12.515
-11.771
-13.221
-11.627
-11.021
-10.963
-12.412
-13.010
-13.106
-11.625
-10.936
-10.932
-12.414
-13.062
-13.144
-11.550
-12.292
-11.119
-10.475
-9.833
-11.024
-9.481
-10.116
-8.898
-8.943
-22.290
-23.153
-22.337
-20.891
-20.857
-20.048
-20.607
-20.338
-21.494
-19.301
-18.463
-19.535
-18.924
-19.786
-18.767
-17.701
-17.471
-17.924
-16.512
-16.190
-15.865
-14.989
-16.105
-16.738
-15.070
-16.948
-16.243
-17.696
-17.615
-16.811
-18.454
-18.125
-18.975
-17.283
-18.623
-19.346
-17.667
-19.313
-20.406
-19.058
-18.781
-19.006
-19.377
-17.293
-16.867
-16.784
-17.003
-33.180
-33.560
-33.671
-34.517
-33.057
-32.833
-34.026
-32.190
-34.291
-34.063
-34.878
-35.115
-31.918
-31.938
-31.214
-31.628
-32.605
-31.972
-33.170
-30.617
-30.277
-30.966
-31.817
-29.477
-28.757
-28.661
-29.372
-27.407
-27.653
-26.684
-26.202
-26.387
-25.648
-26.445
-25.317
-26.560
-26.505
-27.107
-25.280
-24.452
-24.649
-23.153
-23.268
-22.890
-24.478
-24.814
-24.084
-23.338
-23.132
-23.572
-22.077
-22.274
-21.778
-20.886
-20.646
-21.236
-19.674
-18.916
-20.050
-19.063
-19.749
-18.935
-17.768
-16.846
-17.549
-16.504
-18.627
-18.295
-19.581
-19.135
-19.689
-18.259
-20.249
-20.575
-19.862
-21.476
-21.237
-22.061
-22.498
-22.829
-21.908
-23.779
-24.403
-24.471
-23.536
-23.118
-24.532
-22.611
-22.956
-21.543
-22.572
-22.095
-22.420
-21.873
-20.804
-20.309
-20.998
-19.909
-20.320
-19.878
-18.424
-18.012
-17.753
-18.260
-18.627
-18.799
-16.791
-16.844
-16.243
-16.099
-16.090
-15.566
-14.988
-15.469
-15.535
-16.259
-14.232
-13.328
-14.112
-14.105
-14.026
-15.116
-12.929
-12.949
-12.079
-12.714
-13.529
-12.825
-11.378
-11.337
-10.623
-10.944
-11.186
-11.566
-9.538
-9.247
-8.823
-9.465
-33.750
-32.272
-31.645
-32.138
-34.213
-34.273
-33.438
-35.226
-34.603
-35.665
-34.485
-34.167
-34.067
-33.801
-33.459
-35.095
-31.652
-30.546
-31.945
-31.503
-32.062
-31.747
-32.080
-29.929
-29.172
-29.651
-28.868
-27.912
-27.388
-26.995
-26.357
-26.290
-25.653
-25.460
-26.301
-28.389
-28.879
-29.160
-27.395
-27.305
-28.097
-25.905
-25.269
-26.115
-24.317
-23.957
-24.543
-23.316
-23.596
-23.099
-21.911
-21.608
-22.138
-20.955
-21.542
-20.382
-19.996
-20.625
-19.255
-19.159
-18.889
-19.700
-18.097
-18.329
-16.823
-16.008
-16.309
-15.632
-17.168
-15.398
-15.231
-15.917
-14.043
-13.586
-14.121
-13.113
-13.693
-12.460
-12.377
-13.198
-11.741
-11.499
-10.479
-11.790
-11.423
-11.203
-10.658
-12.695
-12.830
-13.589
-12.644
-25.122
-25.843
-24.316
-24.551
-24.035
-25.226
-23.514
-24.036
-22.786
-22.867
-23.787
-22.300
-22.017
-21.348
-22.594
-21.193
-20.525
-21.844
-20.452
-21.112
-19.107
-18.785
-18.108
-18.552
-17.469
-17.183
-16.840
-17.743
-15.994
-15.647
-16.399
-14.788
-14.204
-14.028
-15.187
-14.245
-16.097
-15.407
-14.663
-16.346
-15.245
-15.997
-15.592
-13.760
-13.439
-13.616
-13.023
-31.209
-29.780
-29.705
-29.618
-31.341
-32.289
-30.647
-31.096
-31.240
-31.914
-31.348
-30.280
-32.285
-33.268
-32.218
-32.111
-28.422
-27.564
-28.577
-27.534
-28.004
-27.657
-28.243
-26.022
-25.167
-25.586
-24.990
-23.867
-23.240
-23.140
-22.559
-22.604
-21.703
-22.163
-21.617
-24.352
-24.952
-25.048
-23.229
-22.755
-23.042
-21.659
-21.313
-21.999
-20.191
-19.608
-20.167
-19.512
-19.772
-20.042
-18.031
-17.738
-17.515
-17.511
-17.450
-18.212
-16.119
-15.933
-16.118
-14.962
-14.043
-15.172
-14.771
-14.990
-14.461
-14.405
-14.190
-13.227
-14.969
-13.996
-14.922
-13.259
-13.430
-12.357
-13.973
-13.673
-14.733
-13.217
-13.168
-13.431
-12.061
-13.811
-13.203
-14.797
-13.976
-14.801
-12.990
-14.484
-14.782
-13.766
-15.394
-20.347
-20.802
-19.920
-19.399
-19.113
-19.742
-18.054
-18.090
-17.634
-17.057
-17.587
-16.824
-15.747
-15.975
-15.395
-14.550
-14.151
-13.779
-14.833
-15.558
-14.478
-14.858
-13.543
-13.910
-12.532
-13.473
-12.720
-14.466
-12.839
-11.758
-13.254
-13.152
-12.545
-14.225
-12.760
-11.786
-13.474
-12.766
-12.333
-13.804
-12.100
-12.315
-12.498
-10.547
-10.120
-10.120
-10.081
-24.126
-23.977
-23.213
-23.651
-24.210
-23.329
-24.204
-25.085
-25.279
-25.139
-26.201
-25.513
-22.855
-22.769
-22.724
-22.043
-25.294
-25.565
-26.071
-25.139
-26.169
-25.128
-24.967
-23.779
-23.085
-23.274
-23.373
-21.615
-21.403
-21.316
-20.332
-19.656
-19.816
-19.006
-20.597
-20.751
-20.999
-21.163
-19.379
-18.921
-19.493
-17.403
-17.021
-17.390
-19.230
-19.150
-20.028
-17.860
-17.376
-17.979
-16.784
-17.072
-16.620
-15.420
-14.933
-15.600
-14.592
-15.112
-14.620
-13.172
-12.828
-13.280
-12.215
-12.718
-10.918
-10.461
-9.969
-9.359
-10.409
-8.870
-9.370
-8.376
-7.764
-8.326
-7.128
-6.962
-6.656
-7.514
-5.763
-6.200
-5.319
-4.654
-4.449
-5.101
-3.377
-3.513
-2.998
-2.261
-1.452
-1.844
-2.632
-16.631
-16.857
-16.984
-15.186
-14.965
-14.714
-14.508
-14.470
-15.108
-13.006
-13.015
-12.685
-12.098
-11.790
-12.692
-10.829
-11.252
-10.161
-10.029
-10.518
-8.888
-8.423
-8.191
-7.135
-8.623
-8.189
-7.808
-7.532
-9.535
-10.161
-10.056
-9.666
-9.420
-10.723
-8.564
-8.730
-7.517
-8.856
-9.271
-7.991
-9.954
-9.499
-10.804
-10.347
-10.289
-9.635
-11.360
-26.709
-26.096
-26.696
-26.204
-25.782
-25.414
-24.817
-26.416
-28.116
-28.744
-28.173
-28.584
-26.824
-27.538
-25.892
-27.168
-24.633
-23.921
-24.415
-24.689
-23.856
-26.162
-24.308
-24.321
-23.042
-23.210
-22.497
-22.270
-21.536
-21.553
-20.449
-19.967
-19.849
-20.028
-20.370
-23.208
-24.024
-23.876
-22.484
-22.308
-22.755
-21.599
-22.212
-21.073
-18.310
-18.109
-17.754
-17.715
-17.990
-18.111
-16.166
-15.782
-15.829
-15.349
-15.689
-15.473
-13.840
-13.376
-13.662
-13.128
-12.381
-13.856
-12.562
-13.093
-11.386
-11.183
-10.345
-10.116
-10.733
-9.003
-9.266
-8.732
-7.879
-7.794
-8.107
-6.428
-6.080
-5.777
-6.282
-6.830
-6.865
-4.852
-4.339
-4.882
-3.876
-3.904
-2.821
-4.156
-3.280
-4.452
-4.990
-20.695
-20.078
-21.217
-19.506
-19.866
-18.893
-18.466
-18.929
-17.831
-17.458
-17.971
-16.738
-16.545
-15.965
-17.142
-15.620
-15.028
-16.306
-14.827
-15.479
-13.547
-13.209
-12.513
-11.522
-12.707
-12.375
-11.788
-13.396
-11.924
-12.444
-12.171
-10.434
-10.124
-10.152
-9.550
-9.581
-10.013
-8.141
-7.832
-8.187
-7.093
-6.287
-7.670
-6.631
-7.563
-6.103
-5.979
-31.112
-30.161
-29.178
-30.083
-32.498
-32.572
-32.788
-33.181
-30.865
-29.835
-31.029
-31.467
-30.923
-31.047
-31.769
-29.989
-30.337
-31.345
-29.654
-28.851
-28.889
-28.562
-30.178
-27.785
-26.482
-26.003
-26.590
-25.468
-26.047
-24.988
-24.610
-24.811
-23.950
-24.781
-23.671
-24.331
-23.825
-24.660
-23.230
-22.283
-22.156
-21.309
-20.807
-21.943
-22.776
-23.087
-22.710
-21.434
-21.097
-21.446
-20.434
-20.990
-20.274
-19.024
-18.569
-19.154
-18.122
-18.144
-17.093
-18.502
-17.666
-18.771
-19.604
-20.563
-19.562
-20.456
-18.304
-18.429
-17.564
-17.714
-16.771
-17.614
-18.534
-18.067
-19.549
-18.746
-19.204
-19.400
-17.404
-17.177
-16.746
-17.548
-17.975
-18.363
-16.393
-15.696
-16.704
-15.751
-16.420
-14.846
-15.356
-20.436
-19.874
-21.179
-19.516
-20.141
-19.081
-18.377
-18.007
-18.873
-17.185
-17.628
-16.624
-16.280
-15.721
-16.953
-15.343
-14.734
-16.019
-14.503
-15.108
-13.248
-12.783
-12.266
-11.577
-12.798
-11.347
-10.992
-11.949
-10.047
-9.593
-10.530
-9.065
-9.457
-8.017
-8.938
-8.254
-9.917
-8.492
-9.339
-8.447
-7.087
-7.022
-6.790
-6.050
-4.993
-6.155
-6.257
-33.042
-31.636
-31.692
-30.959
-34.038
-35.048
-33.750
-34.022
-33.128
-32.551
-32.626
-34.179
-33.447
-33.379
-34.508
-32.819
-30.871
-29.860
-31.340
-29.564
-28.725
-30.047
-30.856
-28.766
-28.591
-28.384
-29.520
-27.363
-27.550
-26.195
-25.015
-24.840
-24.034
-23.760
-24.433
-27.225
-28.159
-26.465
-27.095
-26.987
-27.109
-26.555
-27.316
-26.607
-22.808
-23.022
-22.342
-21.781
-21.587
-22.202
-20.470
-20.856
-19.949
-19.544
-18.988
-20.154
-18.416
-18.932
-17.963
-17.276
-16.487
-17.739
-16.617
-16.945
-15.467
-15.114
-14.913
-15.566
-14.717
-13.575
-13.843
-13.106
-12.515
-12.300
-13.006
-11.189
-11.402
-10.763
-10.236
-10.375
-10.531
-8.806
-8.260
-8.721
-7.976
-8.521
-7.991
-6.513
-6.564
-6.070
-5.993
-25.120
-25.169
-24.892
-24.063
-23.802
-24.461
-22.801
-22.943
-22.385
-21.788
-22.272
-21.520
-20.423
-19.960
-20.648
-19.290
-19.731
-18.642
-18.517
-19.145
-17.222
-16.856
-16.181
-15.866
-16.716
-14.924
-15.149
-14.479
-13.816
-14.252
-13.419
-12.678
-12.259
-13.140
-11.538
-11.948
-10.769
-10.929
-10.198
-11.730
-10.190
-10.281
-10.592
-8.688
-8.133
-8.225
-8.545
-29.032
-27.685
-27.427
-27.797
-29.973
-29.512
-30.011
-31.008
-28.895
-28.340
-28.328
-29.867
-29.587
-28.809
-29.783
-30.384
-26.539
-25.572
-26.507
-26.267
-26.683
-26.771
-26.740
-24.649
-24.018
-23.065
-24.610
-23.625
-24.571
-23.192
-23.421
-24.084
-22.760
-23.297
-21.687
-22.507
-22.895
-22.236
-21.348
-20.269
-20.275
-19.114
-19.067
-18.245
-23.030
-23.986
-23.191
-21.947
-21.792
-22.304
-20.728
-21.030
-20.424
-19.420
-19.055
-19.602
-18.236
-18.660
-17.907
-17.014
-17.487
-16.279
-16.256
-16.728
-15.097
-14.799
-14.121
-14.673
-13.436
-13.275
-12.787
-13.944
-12.145
-12.563
-11.586
-11.138
-11.135
-11.625
-9.687
-9.668
-8.941
-9.201
-8.141
-9.208
-9.952
-11.006
-9.564
-9.975
-10.317
-8.930
-10.492
-18.889
-19.637
-19.215
-17.474
-16.681
-17.124
-17.551
-17.920
-18.236
-16.280
-15.971
-16.561
-15.215
-15.626
-14.874
-13.896
-14.109
-13.403
-12.998
-13.497
-11.699
-11.130
-10.990
-11.782
-10.296
-10.129
-9.421
-9.533
-10.911
-11.645
-11.476
-9.974
-9.424
-9.237
-10.672
-11.457
-11.204
-9.762
-8.929
-10.353
-9.329
-10.111
-8.456
-8.979
-8.719
-8.160
-9.738
-34.274
-32.914
-32.298
-32.489
-35.232
-34.890
-35.242
-36.281
-34.141
-33.424
-33.677
-35.017
-34.874
-35.854
-34.221
-35.071
-32.814
-33.461
-33.265
-30.821
-31.681
-30.770
-31.396
-29.322
-28.541
-29.180
-27.841
-27.549
-28.150
-26.646
-27.356
-28.440
-26.406
-25.878
-26.921
-26.660
-26.331
-27.248
-25.466
-25.627
-26.710
-24.289
-24.702
-23.970
-25.441
-25.907
-24.767
-24.576
-25.267
-24.055
-23.567
-24.051
-22.889
-22.683
-22.192
-23.289
-21.772
-21.252
-22.479
-20.687
-21.283
-20.072
-19.916
-20.371
-18.903
-18.491
-18.198
-18.685
-18.237
-16.723
-16.247
-16.246
-16.329
-16.951
-16.680
-14.807
-14.818
-14.336
-14.084
-14.077
-14.812
-12.720
-12.895
-12.043
-12.006
-11.319
-12.647
-11.156
-10.808
-11.719
-10.252
-23.025
-23.123
-23.170
-21.649
-20.919
-21.367
-21.162
-21.842
-21.286
-19.748
-19.786
-19.149
-19.214
-18.952
-20.015
-18.041
-18.316
-17.826
-16.988
-17.184
-15.943
-15.404
-15.618
-16.375
-15.653
-14.152
-14.014
-13.368
-14.052
-15.023
-14.004
-12.889
-13.285
-12.787
-11.575
-11.461
-11.277
-10.536
-10.821
-10.722
-9.093
-8.877
-8.882
-8.119
-8.016
-7.111
-8.496
-31.198
-29.781
-29.878
-29.213
-31.931
-32.964
-31.670
-31.893
-31.296
-30.632
-32.299
-31.080
-31.968
-32.997
-31.506
-32.063
-28.763
-27.828
-29.142
-28.093
-27.733
-29.137
-28.463
-26.819
-25.745
-25.460
-26.006
-24.492
-24.931
-24.104
-23.476
-23.250
-22.866
-23.624
-22.090
-23.388
-23.013
-23.774
-22.230
-21.968
-22.648
-20.683
-20.895
-20.529
-22.424
-21.594
-23.288
-21.819
-21.421
-22.725
-20.844
-21.288
-20.006
-20.341
-20.181
-21.156
-19.047
-19.293
-18.278
-18.678
-19.416
-17.875
-18.248
-19.044
-16.939
-16.626
-15.794
-15.966
-15.516
-14.458
-14.585
-13.583
-14.045
-14.420
-14.462
-12.464
-12.076
-12.029
-11.791
-10.709
-12.060
-12.103
-12.554
-12.924
-10.938
-11.328
-10.639
-9.645
-8.931
-9.947
-8.955
-19.436
-19.596
-19.408
-18.031
-17.241
-18.089
-17.434
-17.044
-16.651
-18.398
-19.055
-18.978
-17.723
-18.524
-16.978
-16.993
-17.743
-16.236
-16.484
-17.312
-15.243
-15.093
-14.123
-14.468
-13.370
-13.470
-13.266
-14.113
-12.169
-11.585
-12.509
-11.262
-11.746
-11.030
-9.841
-9.970
-9.476
-8.795
-9.204
-8.927
-7.350
-7.140
-6.769
-6.845
-6.953
-7.383
-5.815
-33.512
-33.438
-34.405
-33.412
-32.182
-32.072
-31.478
-31.720
-33.986
-33.481
-33.912
-35.040
-34.419
-34.162
-34.354
-35.418
-32.267
-32.496
-32.279
-30.700
-31.873
-30.142
-30.961
-29.627
-28.666
-29.023
-28.381
-27.419
-27.395
-27.523
-26.894
-26.614
-26.710
-27.683
-26.039
-26.107
-26.230
-26.129
-24.901
-24.480
-25.237
-23.095
-22.619
-22.554
-26.149
-25.257
-26.872
-25.631
-26.418
-24.890
-24.974
-24.204
-24.521
-26.010
-26.742
-26.480
-25.362
-24.778
-26.120
-24.342
-24.737
-23.445
-24.096
-24.761
-23.129
-22.832
-22.123
-22.472
-22.080
-20.684
-20.760
-19.985
-20.019
-20.028
-20.462
-18.546
-17.908
-18.173
-18.323
-18.362
-19.031
-16.877
-17.041
-16.020
-16.358
-16.266
-17.047
-14.949
-14.198
-14.666
-14.857
-23.172
-23.725
-23.732
-21.766
-21.187
-21.140
-22.019
-22.290
-22.812
-20.803
-20.013
-20.379
-21.018
-21.827
-21.325
-19.705
-19.021
-19.829
-19.026
-19.610
-17.984
-17.540
-17.151
-16.750
-17.750
-16.007
-16.537
-15.708
-14.811
-14.269
-15.234
-13.936
-14.384
-13.898
-12.543
-12.613
-11.792
-11.978
-12.614
-11.948
-10.510
-9.799
-10.548
-9.983
-10.154
-8.932
-10.675
-26.506
-25.278
-25.403
-24.396
-26.476
-27.338
-25.654
-26.335
-26.738
-25.792
-27.604
-26.987
-27.678
-28.599
-27.819
-27.553
-24.753
-24.632
-23.726
-25.690
-26.217
-26.179
-25.701
-24.065
-23.330
-23.500
-23.504
-21.812
-21.666
-21.401
-20.876
-20.702
-20.559
-21.203
-20.791
-20.990
-21.361
-21.219
-19.625
-19.065
-19.667
-17.639
-17.066
-17.227
-19.069
-18.430
-18.868
-18.589
-19.349
-18.385
-17.307
-16.495
-17.449
-16.830
-17.612
-16.562
-15.609
-14.865
-15.878
-15.085
-15.311
-15.693
-13.559
-13.075
-12.871
-11.782
-13.390
-13.244
-14.496
-12.624
-13.030
-12.989
-11.157
-10.537
-11.040
-10.572
-11.247
-10.397
-9.203
-9.346
-8.904
-8.177
-8.053
-8.608
-6.779
-6.298
-6.135
-6.755
-7.191
-7.198
-5.733
-17.380
-17.595
-18.167
-16.004
-15.677
-15.198
-15.768
-16.697
-14.849
-15.826
-16.665
-14.909
-15.776
-14.864
-16.563
-15.743
-14.967
-16.724
-15.366
-16.117
-14.543
-14.489
-13.733
-12.942
-14.289
-13.108
-12.780
-12.282
-14.209
-14.962
-14.755
-13.769
-13.020
-13.114
-14.702
-15.268
-13.992
-15.728
-16.341
-15.180
-16.505
-15.838
-17.381
-17.182
-17.676
-18.020
-16.396
-32.474
-31.056
-31.126
-30.746
-32.869
-32.866
-33.841
-32.160
-32.617
-33.616
-32.416
-31.867
-33.374
-32.902
-33.522
-34.281
-30.073
-30.104
-29.052
-29.966
-30.193
-30.677
-30.283
-28.421
-27.577
-28.072
-27.303
-26.306
-26.521
-25.413
-25.465
-26.283
-24.209
-24.363
-23.345
-25.708
-25.367
-26.525
-24.624
-24.985
-26.116
-23.765
-23.888
-22.842
-24.161
-24.057
-25.093
-22.917
-23.041
-22.030
-22.442
-21.800
-23.284
-21.443
-21.295
-21.970
-20.127
-19.712
-20.483
-19.055
-19.600
-18.592
-17.982
-18.455
-16.661
-16.068
-15.939
-16.552
-15.073
-15.367
-16.189
-14.927
-14.270
-13.572
-14.605
-13.357
-12.919
-14.098
-12.389
-11.813
-12.974
-11.440
-11.045
-11.903
-10.158
-10.524
-9.376
-9.376
-8.497
-8.937
-9.993
-23.645
-24.025
-24.278
-22.145
-21.779
-21.553
-21.912
-21.706
-22.760
-20.746
-20.911
-20.549
-19.450
-19.105
-19.587
-18.260
-18.571
-17.553
-17.494
-18.058
-16.154
-15.694
-15.239
-14.336
-15.717
-14.692
-14.307
-15.591
-13.751
-12.821
-14.101
-13.358
-14.243
-13.027
-12.259
-12.626
-11.412
-11.699
-12.495
-11.147
-10.782
-9.868
-11.161
-10.390
-9.730
-11.277
-9.715
-33.425
-34.331
-34.995
-34.906
-32.917
-33.688
-32.532
-32.149
-34.109
-34.877
-33.355
-34.451
-32.233
-31.507
-32.439
-31.821
-33.701
-32.681
-34.333
-33.301
-33.201
-34.430
-33.491
-31.972
-30.827
-31.026
-30.456
-29.678
-30.129
-28.621
-28.120
-28.415
-27.070
-27.436
-26.738
-29.133
-28.636
-30.039
-28.198
-28.698
-29.851
-27.632
-28.169
-27.251
-25.777
-25.128
-26.163
-24.769
-25.212
-24.268
-23.698
-23.182
-24.107
-22.607
-23.013
-21.952
-21.742
-21.156
-22.415
-20.762
-20.401
-21.252
-19.519
-19.139
-18.865
-17.851
-19.276
-20.217
-19.452
-18.165
-18.556
-17.218
-17.749
-17.223
-18.653
-16.753
-17.298
-16.011
-15.956
-15.391
-16.649
-15.010
-14.360
-15.684
-13.931
-14.425
-13.421
-12.880
-12.038
-12.385
-13.297
-26.347
-26.619
-25.867
-25.248
-24.559
-25.638
-24.328
-24.952
-23.747
-23.211
-22.621
-23.614
-22.088
-22.571
-21.785
-20.892
-21.231
-20.411
-19.950
-20.472
-18.615
-18.020
-17.968
-18.240
-18.271
-16.439
-16.071
-16.116
-15.654
-16.028
-15.766
-14.124
-13.626
-13.647
-13.832
-14.316
-14.289
-12.371
-11.871
-11.864
-11.965
-12.627
-12.296
-10.498
-10.597
-9.799
-10.274
-32.068
-30.686
-30.246
-30.020
-31.893
-32.864
-31.647
-31.182
-32.924
-32.972
-32.521
-33.921
-32.766
-32.815
-32.232
-33.739
-30.724
-31.582
-30.840
-29.358
-29.386
-30.289
-29.476
-27.888
-26.983
-27.167
-27.179
-25.470
-25.006
-25.379
-25.396
-25.330
-25.365
-26.443
-25.027
-24.630
-25.090
-24.678
-23.271
-22.481
-22.807
-21.125
-20.391
-21.358
-24.667
-24.995
-25.037
-23.138
-22.897
-22.860
-22.362
-22.428
-22.883
-20.906
-20.322
-20.867
-20.235
-20.837
-20.069
-18.909
-19.007
-18.763
-17.745
-17.868
-16.511
-15.765
-15.817
-16.608
-15.025
-15.152
-14.466
-15.948
-14.355
-14.953
-13.530
-13.718
-14.529
-13.416
-12.612
-13.250
-12.449
-11.398
-11.470
-10.988
-10.266
-9.889
-10.440
-8.932
-8.692
-8.086
-9.106
-20.474
-21.175
-19.674
-19.736
-19.047
-20.473
-18.863
-19.471
-18.091
-18.003
-18.636
-17.514
-16.925
-16.047
-17.350
-16.262
-17.004
-15.595
-15.481
-15.583
-14.671
-14.121
-14.339
-14.026
-15.224
-13.192
-13.422
-12.241
-13.044
-14.052
-12.542
-12.168
-12.704
-12.038
-10.752
-10.868
-10.243
-9.861
-8.931
-10.299
-9.486
-10.221
-8.884
-8.613
-9.092
-8.459
-7.579
-28.871
-29.842
-30.179
-29.272
-29.609
-30.290
-28.909
-30.178
-28.299
-29.183
-27.816
-27.700
-27.779
-28.277
-27.025
-27.324
-31.012
-31.895
-31.484
-30.487
-29.729
-31.833
-30.643
-29.585
-30.119
-30.755
-30.666
-28.954
-29.365
-27.804
-26.964
-27.136
-25.704
-26.082
-25.013
-28.544
-29.337
-27.675
-28.249
-26.918
-26.138
-26.607
-27.504
-26.186
-25.027
-24.842
-25.674
-23.610
-23.738
-23.008
-22.733
-22.567
-23.433
-21.472
-21.712
-20.808
-20.735
-20.262
-21.450
-19.695
-20.191
-19.107
-18.721
-19.169
-17.377
-16.790
-16.527
-17.204
-15.670
-15.688
-15.295
-14.775
-16.593
-16.772
-17.591
-15.959
-14.933
-16.607
-15.848
-15.054
-15.436
-17.203
-17.950
-17.583
-17.208
-16.834
-18.265
-16.488
-17.163
-15.507
-16.255
-25.563
-26.201
-25.037
-24.573
-25.012
-23.993
-23.591
-24.067
-22.873
-22.974
-23.706
-22.208
-22.181
-21.271
-21.804
-22.878
-23.904
-22.242
-23.151
-23.983
-22.555
-22.708
-21.477
-21.466
-20.482
-21.697
-22.681
-20.897
-21.562
-22.313
-20.523
-21.719
-20.929
-22.697
-21.671
-20.978
-22.643
-21.362
-20.582
-22.248
-20.861
-21.653
-19.920
-20.676
-20.232
-21.635
-19.919
-27.466
-26.723
-26.189
-25.983
-28.533
-29.223
-28.169
-29.134
-26.520
-26.055
-27.015
-25.833
-28.206
-28.948
-28.612
-27.632
-27.521
-28.064
-26.735
-27.948
-28.196
-28.602
-28.357
-26.459
-25.595
-25.905
-25.628
-24.167
-23.921
-24.207
-23.572
-23.192
-23.409
-24.479
-23.004
-23.010
-23.422
-22.915
-21.805
-20.970
-20.972
-19.833
-19.766
-20.291
-22.504
-21.457
-22.789
-22.575
-23.610
-22.252
-21.632
-21.834
-21.844
-20.111
-19.869
-20.056
-19.370
-19.781
-19.502
-17.813
-17.420
-17.298
-17.384
-17.297
-17.097
-16.786
-17.048
-17.559
-17.714
-15.620
-15.137
-15.084
-15.379
-14.322
-15.963
-15.887
-16.998
-15.339
-15.568
-14.593
-16.378
-15.653
-14.876
-15.467
-17.073
-17.654
-17.479
-17.113
-18.131
-16.504
-16.475
-18.442
-18.120
-18.598
-17.338
-17.690
-17.084
-16.137
-15.735
-16.566
-15.043
-14.742
-15.427
-13.840
-13.738
-12.950
-14.115
-13.338
-15.112
-13.897
-14.701
-13.004
-13.202
-11.930
-10.943
-11.937
-12.149
-11.432
-13.153
-11.713
-10.766
-12.422
-11.313
-12.249
-10.649
-10.443
-11.122
-9.760
-9.646
-8.741
-9.408
-10.457
-10.822
-9.700
-11.592
-12.073
-11.190
-12.299
-36.460
-35.002
-35.003
-34.360
-37.363
-37.440
-38.390
-37.068
-36.415
-35.996
-37.451
-35.877
-36.994
-38.033
-36.450
-37.054
-34.359
-34.279
-33.269
-34.839
-35.253
-35.457
-35.011
-33.336
-32.686
-32.054
-33.431
-31.666
-31.172
-30.656
-29.434
-28.969
-28.566
-29.114
-28.346
-32.451
-33.171
-33.065
-31.582
-30.914
-30.866
-30.192
-30.212
-30.838
-27.273
-26.748
-27.555
-26.335
-26.806
-26.120
-24.961
-24.550
-25.215
-23.950
-23.104
-24.513
-23.355
-24.152
-22.813
-22.321
-21.533
-22.834
-21.849
-22.588
-20.587
-20.474
-19.350
-18.483
-19.291
-19.099
-19.850
-18.929
-17.811
-17.291
-18.120
-16.898
-16.181
-17.499
-16.130
-16.775
-15.847
-14.943
-14.256
-15.071
-14.431
-15.345
-13.989
-13.546
-12.519
-13.945
-13.455
-28.826
-28.884
-28.440
-27.739
-27.729
-28.121
-26.390
-26.446
-26.082
-25.390
-26.066
-25.054
-24.270
-24.734
-23.686
-23.433
-22.665
-24.067
-22.847
-23.504
-21.753
-21.459
-20.773
-19.904
-21.158
-20.060
-20.728
-19.638
-18.779
-18.786
-17.935
-18.547
-18.248
-19.508
-17.424
-16.462
-17.603
-17.478
-18.380
-16.602
-17.577
-16.783
-18.486
-17.643
-17.739
-18.548
-16.759
-30.605
-29.164
-29.347
-28.594
-31.235
-32.274
-31.253
-30.750
-31.365
-32.408
-30.931
-31.294
-30.542
-30.094
-31.474
-29.913
-28.290
-28.382
-27.264
-29.052
-30.280
-28.909
-28.859
-27.816
-26.707
-26.500
-26.869
-25.426
-24.611
-25.367
-25.101
-24.901
-25.090
-24.600
-26.131
-25.177
-25.839
-25.517
-23.704
-23.312
-24.131
-21.789
-21.370
-21.464
-24.235
-24.429
-24.416
-22.753
-22.383
-22.462
-22.018
-22.515
-21.963
-20.641
-19.923
-20.606
-19.910
-19.016
-20.584
-19.535
-20.590
-19.024
-18.723
-19.137
-17.602
-17.200
-16.776
-16.856
-17.293
-15.342
-15.354
-14.782
-14.488
-14.853
-13.404
-14.568
-14.226
-15.560
-13.533
-12.593
-13.598
-13.690
-14.645
-13.853
-12.643
-11.573
-12.657
-13.015
-14.063
-12.848
-12.317
-21.170
-21.519
-21.459
-19.633
-19.312
-19.162
-18.953
-19.435
-19.207
-17.445
-16.996
-16.942
-17.241
-17.983
-16.192
-17.330
-18.360
-16.707
-16.824
-15.733
-17.497
-16.960
-18.962
-19.418
-19.606
-19.411
-20.513
-18.998
-19.251
-19.766
-18.149
-19.981
-19.580
-21.073
-19.874
-18.791
-20.282
-20.803
-21.774
-20.362
-21.057
-20.192
-21.877
-21.519
-21.353
-22.590
-20.939
-35.746
-35.058
-34.487
-35.804
-36.801
-37.588
-37.220
-36.298
-34.779
-35.343
-33.945
-34.264
-36.385
-37.230
-36.766
-35.693
-34.044
-34.652
-33.716
-31.789
-31.156
-32.288
-32.963
-30.811
-29.404
-29.090
-29.078
-28.619
-29.042
-28.939
-28.580
-28.311
-28.662
-29.735
-28.418
-27.107
-26.648
-26.718
-26.705
-26.824
-27.119
-26.497
-27.267
-26.657
-27.751
-27.418
-28.196
-26.394
-26.029
-25.606
-26.484
-26.774
-27.242
-25.193
-24.895
-24.457
-25.399
-25.864
-26.077
-24.151
-23.473
-24.461
-23.488
-24.152
-22.238
-21.855
-21.273
-21.791
-20.633
-20.335
-20.930
-19.787
-19.183
-19.609
-18.769
-18.095
-17.772
-18.358
-16.802
-17.134
-16.395
-15.749
-15.620
-16.039
-14.469
-13.902
-14.669
-13.615
-12.597
-14.033
-13.478
-25.059
-25.007
-24.408
-24.611
-25.012
-25.154
-23.067
-22.686
-22.494
-22.596
-23.015
-23.041
-21.050
-20.600
-20.615
-20.754
-19.672
-21.255
-21.359
-22.404
-20.762
-21.206
-19.246
-19.089
-18.555
-19.066
-19.396
-19.662
-17.625
-17.023
-17.222
-17.262
-17.983
-17.457
-15.764
-15.526
-15.082
-15.437
-16.130
-15.655
-13.957
-13.323
-13.651
-13.466
-13.938
-13.884
-12.381
-26.909
-26.633
-25.700
-27.457
-28.220
-28.731
-28.907
-28.227
-27.107
-27.692
-27.504
-26.206
-25.854
-26.290
-25.025
-25.409
-26.204
-25.889
-25.268
-26.712
-27.481
-26.928
-27.192
-25.177
-24.581
-23.816
-25.391
-23.890
-24.708
-23.326
-22.407
-21.818
-22.393
-22.007
-23.454
-22.901
-22.224
-23.359
-22.095
-22.549
-23.538
-21.729
-21.693
-22.088
-21.599
-21.872
-20.560
-21.695
-20.964
-22.774
-21.242
-21.888
-21.361
-19.727
-19.161
-19.598
-19.217
-19.505
-19.648
-17.671
-17.497
-17.153
-17.030
-17.497
-15.863
-15.534
-14.902
-14.615
-15.324
-13.549
-13.058
-12.861
-13.568
-13.743
-14.428
-12.249
-12.226
-12.307
-10.982
-10.089
-11.090
-10.785
-11.756
-10.686
-9.619
-9.505
-8.755
-9.564
-8.695
-9.377
-10.514
-20.315
-19.890
-20.417
-19.495
-20.050
-19.564
-18.017
-17.442
-17.783
-17.668
-17.886
-18.305
-16.206
-16.072
-16.125
-15.188
-15.255
-15.385
-13.778
-13.631
-12.721
-11.727
-12.696
-13.690
-11.873
-12.641
-13.394
-12.865
-11.245
-10.947
-10.578
-11.060
-11.786
-10.016
-11.266
-12.270
-10.597
-11.077
-11.124
-11.858
-9.757
-9.999
-8.888
-9.656
-9.505
-10.586
-8.854
-28.957
-28.066
-27.049
-28.224
-28.767
-28.958
-27.770
-29.408
-30.359
-30.499
-31.020
-30.453
-28.655
-29.409
-28.398
-27.726
-28.249
-29.216
-27.415
-28.937
-30.194
-29.175
-28.207
-27.993
-26.690
-26.494
-26.749
-25.546
-25.578
-25.605
-25.240
-24.982
-25.073
-26.049
-24.403
-24.258
-24.258
-24.207
-22.980
-22.333
-22.764
-20.970
-21.122
-20.445
-24.579
-25.220
-24.645
-23.086
-23.151
-22.804
-22.114
-22.295
-22.251
-20.657
-19.985
-20.456
-20.189
-20.891
-20.161
-18.785
-18.580
-18.015
-18.502
-19.205
-17.592
-17.518
-16.597
-16.727
-16.956
-15.181
-15.180
-15.003
-14.055
-13.904
-14.512
-12.701
-11.925
-12.800
-11.997
-12.660
-11.719
-10.697
-10.112
-11.025
-9.762
-10.440
-9.132
-8.770
-8.042
-8.408
-9.385
-20.116
-20.476
-20.094
-18.675
-18.291
-18.715
-17.851
-18.153
-17.773
-16.360
-16.308
-15.972
-15.426
-15.874
-15.527
-13.990
-14.017
-13.701
-13.082
-13.070
-12.352
-11.804
-12.405
-13.363
-11.517
-12.170
-11.254
-13.109
-11.928
-11.155
-12.792
-11.562
-12.162
-10.494
-11.714
-11.275
-12.753
-10.933
-10.704
-9.895
-11.356
-10.609
-11.401
-12.730
-13.446
-12.889
-13.100
-21.721
-21.355
-20.547
-20.944
-22.851
-22.517
-23.561
-23.322
-20.529
-20.878
-19.682
-20.162
-22.120
-22.293
-21.409
-23.062
-22.454
-23.118
-21.903
-22.908
-24.130
-22.237
-23.195
-21.818
-20.972
-20.901
-21.288
-19.578
-19.844
-18.896
-18.471
-18.970
-17.454
-17.976
-16.781
-18.690
-18.228
-19.259
-17.560
-17.899
-19.014
-16.664
-15.821
-16.623
-16.693
-17.488
-16.195
-15.662
-14.941
-16.132
-14.827
-14.384
-15.433
-13.627
-13.960
-13.029
-12.685
-12.492
-13.327
-11.438
-11.156
-11.793
-10.254
-9.875
-9.620
-8.725
-9.831
-9.050
-10.826
-9.704
-8.693
-9.760
-10.707
-10.881
-10.484
-12.192
-12.108
-12.744
-12.992
-13.378
-12.479
-14.340
-14.062
-14.976
-15.035
-14.363
-15.988
-15.365
-16.228
-14.503
-15.484
-16.597
-17.258
-17.029
-15.193
-15.264
-14.544
-14.468
-13.371
-14.611
-15.018
-14.649
-16.127
-14.577
-14.822
-13.485
-15.165
-14.667
-16.170
-15.098
-14.172
-16.087
-15.786
-17.574
-17.966
-17.762
-18.429
-18.174
-19.514
-18.148
-17.069
-18.350
-19.083
-18.792
-20.109
-19.264
-19.740
-20.014
-17.949
-18.144
-17.303
-17.238
-17.089
-17.854
-15.885
-15.242
-15.301
-16.116
-30.584
-29.193
-28.486
-28.980
-31.001
-32.072
-30.771
-30.504
-31.550
-32.544
-31.280
-31.548
-30.739
-30.799
-29.913
-31.589
-28.740
-27.682
-28.725
-30.020
-31.294
-29.979
-29.483
-29.004
-27.584
-27.312
-27.332
-26.885
-27.324
-25.449
-25.038
-25.716
-23.550
-23.311
-23.070
-27.081
-27.062
-28.099
-26.095
-26.243
-27.028
-25.295
-25.625
-25.413
-22.794
-22.934
-23.105
-21.280
-20.993
-20.873
-20.469
-20.722
-20.693
-19.004
-18.697
-18.929
-18.123
-18.465
-18.418
-16.607
-16.507
-16.407
-15.716
-15.745
-14.885
-14.349
-14.577
-15.386
-14.358
-13.232
-13.041
-12.359
-13.303
-13.203
-14.328
-12.231
-12.546
-11.250
-12.379
-12.219
-13.405
-11.340
-11.613
-11.438
-9.848
-9.362
-9.756
-9.150
-8.237
-9.780
-8.891
-23.821
-23.181
-23.778
-23.210
-23.761
-23.162
-21.706
-21.255
-21.465
-21.199
-21.208
-21.970
-19.881
-19.827
-19.126
-19.441
-19.542
-18.351
-20.320
-21.324
-20.206
-20.900
-18.918
-18.314
-19.137
-17.967
-18.266
-17.748
-16.616
-16.915
-15.977
-15.559
-16.137
-14.954
-14.695
-15.473
-13.988
-13.982
-14.701
-13.253
-13.268
-12.957
-12.393
-14.172
-13.743
-14.270
-15.181
-30.917
-29.709
-29.822
-28.917
-32.128
-31.845
-32.573
-32.881
-30.526
-29.715
-30.168
-31.358
-31.248
-32.243
-30.513
-31.206
-29.186
-29.009
-28.150
-30.031
-30.739
-30.414
-29.945
-28.522
-28.012
-27.284
-28.752
-27.293
-28.033
-26.434
-26.367
-27.085
-24.986
-25.052
-24.216
-26.490
-25.791
-27.112
-25.915
-26.182
-26.871
-25.535
-26.194
-25.581
-24.535
-24.303
-25.271
-23.237
-23.131
-23.265
-21.866
-21.797
-21.693
-20.637
-20.236
-20.875
-19.462
-19.674
-19.158
-18.282
-18.226
-18.618
-16.944
-17.020
-15.755
-14.855
-15.374
-14.932
-16.198
-14.241
-14.651
-13.289
-13.918
-13.436
-14.807
-12.924
-13.262
-11.979
-12.599
-13.561
-12.112
-11.595
-10.629
-11.978
-11.576
-11.243
-10.836
-12.896
-13.561
-12.816
-13.286
-24.126
-24.210
-23.429
-23.608
-23.248
-24.400
-22.497
-22.969
-21.717
-21.811
-22.471
-21.582
-20.579
-20.059
-21.066
-19.577
-19.596
-20.177
-18.241
-18.330
-17.024
-16.133
-16.746
-15.984
-17.594
-16.112
-15.223
-15.880
-17.166
-17.394
-18.026
-16.612
-16.420
-15.603
-17.615
-17.303
-18.620
-17.400
-16.401
-17.291
-18.501
-19.349
-18.645
-18.423
-19.298
-17.607
-18.179
