9.135
7.976
7.069
8.168
8.940
8.070
9.718
8.993
10.447
10.744
10.481
11.187
9.159
9.445
8.144
9.758
7.635
6.666
7.501
9.032
9.101
10.246
8.725
7.796
7.522
7.459
8.328
6.210
6.168
5.214
4.364
4.466
3.104
3.358
2.981
6.053
6.428
6.712
4.653
4.344
5.149
2.809
2.299
2.790
1.718
1.591
1.831
0.528
-0.409
0.780
0.096
0.977
-0.284
-1.018
-0.599
-1.133
-2.377
-2.695
-2.154
-3.406
-3.023
-3.497
-4.718
-4.605
-5.931
-6.801
-6.230
-6.927
-5.328
-6.787
-7.018
-6.031
-8.134
-7.960
-8.983
-8.554
-8.595
-7.822
-9.954
-10.164
-10.598
-10.447
-11.461
-10.504
-9.521
-8.441
-9.639
-9.814
-9.240
-10.877
-9.607
2.235
2.159
2.893
0.829
0.820
0.607
-0.388
-0.048
-1.006
-1.197
-0.791
-1.314
-2.608
-3.228
-2.510
-3.340
-2.784
-4.183
-3.865
-3.297
-5.039
-5.325
-5.905
-5.286
-6.472
-6.961
-6.446
-7.500
-8.115
-7.616
-8.574
-9.140
-9.929
-9.625
-8.698
-8.132
-9.664
-7.966
-7.042
-8.357
-7.524
-8.485
-6.916
-6.980
-5.935
-7.754
-6.951
12.501
12.258
13.055
12.066
13.854
14.030
13.928
14.698
12.347
12.866
11.313
12.904
11.447
10.456
11.216
11.928
11.015
11.177
10.920
9.652
9.782
10.523
9.832
8.112
7.580
8.179
7.495
6.085
5.469
6.194
5.080
4.114
5.224
5.839
5.928
5.618
6.356
5.745
4.317
3.293
3.423
2.090
2.233
2.112
3.906
4.314
3.217
3.124
2.823
3.818
1.941
2.207
1.256
1.224
0.681
1.933
0.284
0.702
0.145
-1.076
-0.989
-1.597
-1.902
-1.777
-2.470
-3.112
-2.611
-1.822
-2.481
-4.009
-4.859
-4.227
-4.094
-5.036
-3.221
-4.275
-4.360
-3.414
-5.617
-5.445
-6.188
-6.490
-6.824
-6.004
-7.645
-7.176
-7.907
-8.886
-9.565
-9.357
-8.646
0.722
0.609
-0.121
0.520
0.945
1.133
-1.019
-1.214
-1.473
-1.332
-0.947
-0.913
-2.799
-2.955
-3.164
-3.594
-3.197
-3.766
-4.985
-5.015
-6.185
-6.962
-6.391
-5.462
-6.731
-7.646
-7.554
-8.559
-7.706
-8.176
-8.500
-6.511
-6.081
-5.694
-6.681
-5.834
-7.611
-7.005
-6.198
-7.997
-6.843
-5.837
-6.725
-7.851
-7.526
-8.919
-7.805
12.204
11.281
10.256
11.346
11.829
12.651
10.886
11.773
12.152
11.137
12.620
12.613
13.605
14.345
13.759
13.879
11.440
12.477
10.755
9.913
9.896
9.526
11.327
8.979
7.618
7.036
7.542
6.990
7.709
6.752
6.298
6.333
5.851
6.621
4.928
5.749
6.031
5.367
4.644
3.837
4.041
2.715
3.034
1.829
5.535
4.563
6.266
5.487
5.054
6.543
4.766
5.343
4.766
3.288
2.788
3.293
2.498
2.885
2.528
0.954
0.437
0.622
0.481
1.230
-0.787
-0.946
-2.064
-2.301
-1.830
-3.287
-3.438
-4.229
-3.334
-2.927
-2.607
-4.804
-5.377
-4.794
-5.436
-4.888
-5.519
-6.877
-7.474
-6.832
-7.669
-7.882
-8.683
-7.096
-7.505
-7.339
-5.997
2.335
3.233
1.710
1.380
1.680
1.315
-0.006
-0.396
0.023
-1.139
-1.271
-0.960
-2.524
-2.634
-2.599
-3.581
-3.435
-4.575
-3.416
-2.696
-4.227
-4.035
-5.469
-6.238
-5.968
-5.142
-4.534
-4.594
-6.452
-6.984
-6.208
-7.341
-6.759
-7.901
-8.432
-7.994
-9.027
-9.347
-8.707
-10.024
-10.180
-10.977
-10.713
-9.317
-9.912
-8.909
-8.507
11.991
10.956
11.080
11.143
11.625
12.370
10.600
11.475
11.755
12.166
10.690
12.224
13.397
13.441
13.588
14.110
9.416
8.965
9.144
9.232
10.057
9.745
9.158
7.695
6.901
6.114
7.506
6.148
6.944
5.478
5.168
5.672
4.204
4.785
4.001
5.194
4.578
5.931
4.385
4.915
5.875
4.089
3.522
4.730
2.845
2.779
2.467
1.751
1.752
2.169
0.424
0.411
0.083
-0.639
-0.918
-0.217
-1.921
-1.760
-2.182
-3.174
-4.101
-3.282
-2.921
-2.076
-3.761
-3.443
-5.059
-5.072
-5.264
-6.121
-5.904
-6.018
-7.533
-7.807
-7.428
-8.574
-8.050
-8.764
-9.857
-9.616
-10.499
-10.829
-10.909
-10.299
-12.303
-12.275
-12.724
-13.304
-14.361
-13.286
-12.968
3.041
3.446
2.807
1.674
1.378
1.820
0.611
0.770
0.732
-0.767
-0.958
-0.842
-1.857
-1.737
-2.784
-2.166
-2.937
-1.275
-2.612
-1.882
-3.881
-3.952
-5.151
-5.597
-4.811
-6.096
-5.577
-6.382
-7.420
-7.194
-7.788
-8.584
-8.314
-9.373
-9.177
-8.483
-9.767
-10.334
-10.012
-11.233
-10.689
-11.379
-9.782
-11.511
-11.937
-10.894
-12.292
12.697
11.522
10.664
11.632
12.849
12.670
13.780
12.032
12.625
11.655
13.368
12.794
13.907
14.006
14.838
13.888
11.213
12.123
10.471
9.296
8.951
8.940
10.820
8.690
7.836
8.380
7.540
6.481
5.988
5.761
5.078
5.067
4.207
3.415
4.867
6.637
7.344
7.175
5.373
4.770
5.211
3.593
3.551
3.917
3.456
4.165
2.637
2.918
2.108
3.749
2.201
1.903
2.872
1.118
1.573
0.611
0.082
-0.848
-0.253
0.443
1.364
0.601
-0.751
-0.602
-1.908
-2.705
-2.374
-2.904
-1.450
-3.334
-3.422
-2.914
-4.795
-4.704
-5.098
-5.927
-5.965
-5.615
-7.301
-7.391
-7.559
-8.374
-8.162
-8.438
-9.805
-9.869
-9.842
-10.833
-11.871
-10.729
-10.548
2.242
1.841
2.382
1.053
1.300
1.157
-0.338
-0.294
-1.032
-0.880
-0.049
-0.921
-2.239
-2.444
-2.161
-3.384
-3.056
-3.458
-4.672
-4.681
-5.839
-6.730
-6.090
-6.575
-5.159
-6.907
-6.809
-6.531
-8.405
-8.808
-8.629
-9.215
-9.064
-10.270
-9.048
-8.099
-8.964
-10.199
-10.648
-10.955
-9.694
-8.740
-10.400
-9.411
-9.592
-10.269
-8.419
9.240
9.003
9.891
8.294
9.962
9.389
10.143
10.962
10.145
10.088
9.775
11.189
7.931
7.317
8.082
7.410
8.232
7.165
8.257
9.954
10.957
10.412
8.732
9.357
8.396
8.416
8.695
6.902
6.853
6.552
5.474
4.893
5.186
4.461
6.170
6.035
6.083
6.458
4.597
4.263
5.127
2.770
2.562
2.343
4.555
4.569
5.120
3.131
3.146
2.572
2.424
2.404
3.147
1.026
0.549
1.247
0.035
0.332
-0.023
-1.380
-1.747
-1.509
-2.324
-1.946
-3.471
-4.055
-3.892
-3.425
-4.968
-3.794
-4.039
-4.467
-2.306
-1.755
-1.801
-2.074
-0.972
-2.624
-2.529
-2.474
-3.506
-1.687
-1.320
-0.931
-2.680
-3.429
-3.195
-2.018
-1.619
-2.663
-1.145
2.193
2.811
2.325
0.687
0.665
0.345
-0.328
-0.273
-0.041
-1.811
-2.117
-1.869
-2.723
-2.174
-2.649
-4.169
-4.293
-4.743
-4.726
-3.971
-5.950
-6.175
-7.082
-6.806
-7.903
-7.556
-8.100
-6.662
-8.426
-9.273
-7.923
-9.183
-8.652
-9.246
-10.622
-11.147
-11.102
-10.598
-10.036
-10.039
-11.962
-11.819
-12.659
-12.616
-11.807
-13.497
-12.910
10.479
9.821
9.936
10.342
10.735
9.846
10.994
11.476
11.844
11.671
12.538
12.330
9.768
9.604
8.793
10.328
8.329
7.893
7.795
8.635
10.024
8.460
8.273
7.627
6.214
6.128
5.994
5.284
5.380
5.653
5.591
5.344
5.747
5.677
6.756
3.786
3.559
3.501
3.007
2.515
2.688
1.695
1.880
1.979
4.578
4.993
4.572
3.190
2.825
3.351
2.163
2.366
2.277
0.700
0.629
0.488
-0.392
0.058
-0.541
-1.734
-1.595
-2.284
-2.591
-1.987
-3.905
-4.343
-4.825
-4.257
-5.556
-5.632
-5.953
-4.961
-6.833
-7.179
-6.573
-8.063
-7.851
-8.288
-9.174
-9.350
-8.847
-10.506
-10.377
-10.802
-11.380
-11.252
-11.010
-12.833
-13.518
-13.120
-13.031
0.250
0.248
-0.368
-0.465
-0.287
0.097
-1.870
-1.815
-2.570
-2.345
-1.669
-2.285
-3.805
-4.410
-3.914
-4.441
-4.392
-3.718
-5.816
-5.863
-6.895
-7.848
-7.097
-6.223
-7.720
-7.891
-7.332
-7.953
-9.344
-9.414
-9.724
-10.242
-10.198
-9.743
-11.692
-11.673
-12.125
-12.431
-13.394
-12.050
-12.655
-11.669
-13.096
-13.529
-14.539
-12.909
-13.792
7.250
6.224
5.359
6.656
8.563
9.264
9.032
8.277
7.452
7.936
6.604
7.973
6.724
7.493
5.818
6.454
5.724
4.734
5.641
7.019
8.237
7.113
6.715
5.769
5.142
4.572
5.751
4.029
4.465
2.946
2.597
3.004
1.526
1.739
0.604
3.310
2.971
3.985
2.164
1.426
1.843
0.182
0.470
-0.449
1.295
1.450
2.185
0.094
-0.048
-0.746
0.154
1.102
-0.733
-0.158
-1.082
0.625
-0.160
0.317
0.500
-1.594
-1.493
-2.073
-2.439
-2.037
-3.585
-3.937
-4.324
-3.686
-5.017
-5.097
-4.326
-5.727
-6.003
-6.510
-5.564
-7.091
-6.612
-7.585
-8.303
-9.099
-8.635
-8.070
-7.344
-8.960
-7.701
-8.581
-6.952
-7.056
-6.123
-7.810
-6.597
-0.767
-1.679
-0.279
-1.329
-0.563
-1.857
-2.309
-3.178
-1.778
-2.674
-1.834
-2.874
-3.949
-4.648
-3.652
-4.405
-5.357
-4.489
-3.285
-2.777
-2.945
-2.091
-3.446
-3.777
-4.193
-2.316
-1.759
-1.561
-2.861
-3.310
-3.653
-1.792
-2.221
-1.349
-0.734
-1.264
-0.321
0.419
0.001
0.615
1.748
2.225
2.319
1.564
1.553
2.354
0.581
5.708
5.475
4.635
6.369
6.956
6.982
7.852
7.025
5.808
4.906
6.717
5.902
4.626
3.716
4.406
4.710
5.469
5.078
4.772
7.880
8.052
8.995
6.712
7.363
7.464
7.308
8.505
6.525
6.796
5.184
4.255
4.405
2.888
2.778
2.936
6.582
7.659
5.982
6.218
5.096
4.559
4.583
5.240
4.568
1.808
2.059
1.538
0.527
0.252
0.762
-0.581
-0.135
-0.926
-1.718
-2.406
-1.300
-2.674
-1.977
-3.186
-3.651
-4.419
-3.114
-4.448
-3.947
-5.803
-6.259
-6.787
-6.255
-7.285
-7.880
-7.294
-8.462
-8.990
-9.599
-8.393
-9.947
-10.285
-9.393
-11.187
-10.997
-11.708
-12.118
-12.094
-11.714
-13.617
-14.086
-13.616
-14.387
-14.001
-14.132
-15.476
3.223
3.218
2.655
2.501
3.205
1.954
1.472
0.648
1.875
0.708
1.423
-0.123
0.143
-0.379
0.883
-0.895
-1.557
-1.483
-0.349
-0.305
0.088
0.498
0.190
1.117
0.178
-1.081
-1.170
-1.976
-1.030
-0.066
-1.007
-2.099
-2.172
-3.080
-1.955
-0.899
-2.147
-2.686
-2.385
-2.386
-4.230
-4.594
-4.457
-5.020
-4.601
-6.127
-4.870
13.524
12.480
11.534
12.290
13.758
13.881
12.893
14.628
14.803
15.332
15.479
14.649
13.094
12.280
13.828
12.622
12.856
13.876
12.213
11.454
11.229
11.281
12.824
10.369
8.991
8.312
8.841
8.379
9.185
7.870
7.114
6.957
6.445
7.310
5.896
7.240
7.597
7.041
5.950
5.795
6.597
4.324
3.738
4.082
5.647
6.187
5.598
4.222
4.187
3.764
3.241
3.444
3.487
1.765
1.619
1.511
0.919
1.075
1.267
-0.493
-1.032
-0.361
-1.280
-0.667
-2.615
-3.003
-3.584
-3.154
-4.028
-4.769
-4.625
-5.464
-5.453
-5.458
-4.841
-6.966
-7.645
-7.419
-7.029
-6.381
-8.077
-6.645
-5.596
-6.689
-7.485
-8.546
-7.229
-7.255
-7.803
-6.166
-7.614
3.810
4.122
4.218
2.267
1.841
1.997
1.624
2.200
1.865
0.146
-0.163
-0.486
-0.164
0.198
0.380
-1.693
-2.198
-2.105
-2.180
-1.700
-2.806
-2.878
-3.333
-2.780
-3.265
-4.819
-5.113
-5.056
-5.819
-6.016
-5.407
-7.161
-7.089
-7.338
-8.263
-8.011
-8.292
-9.594
-9.979
-10.338
-9.611
-8.929
-9.195
-11.003
-10.930
-11.454
-11.520
5.533
6.724
7.531
7.197
5.976
5.240
6.880
6.185
4.961
4.722
5.776
4.271
4.434
3.897
4.772
3.773
6.706
7.789
6.219
7.101
8.380
7.078
6.221
6.255
5.268
5.630
5.208
3.901
3.877
2.957
2.878
3.167
2.358
2.481
3.042
3.381
3.490
3.960
1.973
1.187
1.551
-0.101
-0.026
-0.282
0.805
0.881
0.668
-0.197
-0.156
0.169
-1.546
-1.474
-1.868
-2.731
-2.867
-2.243
-4.035
-3.963
-4.499
-4.854
-5.059
-4.269
-6.098
-5.852
-7.357
-8.086
-7.772
-7.116
-7.746
-9.239
-9.956
-9.407
-9.412
-8.824
-8.964
-10.899
-11.034
-11.489
-11.349
-10.988
-10.853
-12.807
-13.037
-13.407
-13.275
-14.337
-13.184
-12.705
-11.613
-12.915
-13.085
-1.224
-1.248
-2.163
-1.248
-1.166
-0.403
-2.624
-2.484
-2.987
-3.762
-3.590
-3.819
-5.109
-5.216
-5.165
-6.359
-6.469
-6.121
-7.596
-7.580
-8.475
-9.291
-8.605
-8.255
-9.667
-7.741
-7.916
-6.670
-8.065
-9.166
-7.631
-7.436
-7.879
-7.719
-5.856
-5.586
-5.463
-5.178
-5.719
-5.461
-3.738
-3.041
-3.696
-3.263
-2.188
-3.753
-3.471
6.381
5.141
4.482
4.522
7.420
6.926
7.617
8.250
6.027
6.828
5.364
5.609
7.095
7.815
6.319
7.566
5.397
5.900
4.379
5.773
5.203
6.932
6.220
4.548
3.868
3.876
4.339
2.375
2.303
1.738
2.090
2.699
1.343
1.628
0.256
1.545
2.005
0.515
1.655
0.565
-0.426
0.758
0.864
1.560
1.560
2.583
1.200
0.768
-0.295
1.287
0.747
1.715
0.001
0.314
-0.761
0.924
0.877
1.972
0.389
0.518
-0.579
1.113
0.899
1.261
0.964
1.236
0.606
0.515
1.325
-0.755
-0.566
-0.911
-1.964
-2.036
-1.772
-3.335
-3.325
-3.619
-4.548
-4.345
-5.312
-5.016
-4.093
-5.682
-5.780
-6.262
-5.056
-6.906
-7.563
-7.416
-6.547
-0.473
-1.405
-0.468
-0.630
0.344
-0.797
-1.908
-1.833
-1.700
-3.233
-3.281
-3.321
-4.568
-4.603
-5.457
-4.784
-3.899
-4.619
-6.063
-6.001
-7.267
-8.109
-7.589
-6.762
-8.460
-8.056
-8.580
-7.157
-9.134
-9.904
-8.586
-9.844
-10.041
-9.095
-11.188
-11.783
-11.772
-11.024
-10.182
-10.591
-12.374
-12.046
-13.192
-12.733
-13.153
-11.832
-13.497
11.926
12.443
13.282
12.878
12.989
13.621
12.608
13.582
11.252
12.008
10.889
10.399
10.900
10.157
11.365
10.498
11.453
11.937
11.074
9.077
8.410
9.473
10.389
8.137
8.136
8.958
8.502
6.708
6.792
5.606
5.372
5.737
4.543
5.291
3.748
6.565
6.860
7.415
5.323
4.262
4.228
3.120
2.982
3.334
3.883
3.201
4.731
3.145
3.899
2.352
2.592
2.274
3.407
1.367
1.529
0.524
0.985
0.834
1.874
-0.364
-0.438
-0.362
-1.663
-1.517
-2.950
-3.829
-3.314
-2.527
-3.635
-4.565
-4.858
-5.313
-4.477
-4.084
-3.778
-5.838
-6.233
-6.500
-5.848
-5.486
-4.994
-7.145
-6.966
-7.346
-8.302
-8.947
-7.903
-9.123
-10.175
-8.721
-9.018
1.737
1.837
1.046
1.069
1.536
0.039
0.977
0.968
1.908
-0.225
-0.409
-1.220
0.057
0.356
1.040
-1.025
-1.357
-0.540
-2.147
-1.774
-3.388
-4.145
-4.106
-4.599
-3.364
-5.115
-5.943
-5.621
-4.576
-4.048
-3.775
-5.670
-6.550
-5.234
-6.096
-6.113
-5.358
-7.420
-7.400
-7.492
-8.738
-8.861
-8.483
-9.980
-9.936
-10.062
-10.854
11.244
9.864
9.640
9.892
11.717
11.115
12.717
11.755
12.211
11.951
12.142
13.232
11.377
11.330
10.600
12.317
8.766
8.827
7.782
8.855
9.615
9.399
8.618
7.404
6.280
6.387
5.443
5.774
6.471
4.462
4.481
5.403
2.985
2.605
2.467
5.680
4.960
6.693
5.246
4.494
4.546
3.616
2.890
4.396
2.828
3.261
3.488
1.332
0.941
0.738
1.298
1.315
2.159
-0.004
0.236
-0.863
-0.298
-0.101
0.449
-1.682
-1.852
-2.465
-1.815
-1.470
-2.412
-2.436
-2.963
-2.953
-2.455
-4.476
-4.683
-4.531
-5.428
-5.068
-5.353
-6.875
-7.254
-6.830
-7.775
-7.351
-7.766
-9.177
-9.756
-9.604
-9.352
-8.791
-8.998
-10.823
-11.042
-10.930
-11.490
2.819
1.913
3.497
2.339
3.284
1.775
1.430
0.467
1.839
1.420
1.087
2.481
0.400
0.466
-0.597
0.716
1.827
0.478
0.226
1.107
-1.013
-1.209
-2.227
-3.025
-2.017
-2.826
-2.006
-3.056
-4.129
-4.809
-4.586
-3.683
-2.781
-3.306
-4.789
-5.558
-5.366
-4.264
-5.177
-3.913
-3.196
-2.226
-3.477
-3.080
-2.516
-2.367
-4.041
12.101
11.367
10.563
10.948
11.003
11.269
10.161
10.750
12.563
12.633
13.508
11.890
13.294
13.926
12.950
13.837
12.267
11.653
12.893
12.635
13.661
12.245
13.138
11.389
10.336
10.151
10.555
8.915
9.115
8.463
7.552
7.140
7.084
8.011
6.489
7.847
8.282
6.878
7.621
6.623
5.655
6.664
7.165
7.340
5.962
6.157
5.845
4.608
4.752
3.934
3.968
4.158
4.398
2.464
2.050
2.150
1.942
2.368
2.109
0.423
-0.021
0.181
-0.101
0.779
-1.327
-1.499
-2.485
-2.091
-2.791
-3.614
-3.138
-4.180
-4.606
-5.073
-3.971
-5.785
-5.456
-6.504
-6.476
-7.137
-5.713
-7.297
-6.788
-8.253
-7.688
-8.190
-6.733
-8.463
-9.565
-8.235
-8.228
5.312
4.786
5.555
4.325
4.839
4.431
2.871
2.466
2.937
1.948
2.020
2.153
0.444
0.430
0.222
-0.561
-0.448
-0.385
-1.949
-2.177
-2.837
-3.876
-2.657
-1.860
-2.514
-3.963
-4.301
-3.682
-5.021
-5.345
-4.539
-6.304
-6.050
-6.651
-7.417
-7.036
-7.749
-8.652
-8.365
-8.844
-10.006
-10.115
-9.988
-11.293
-11.644
-12.085
-11.061
8.364
7.455
6.626
8.126
9.339
10.111
9.723
8.762
7.413
8.090
6.758
6.767
9.031
9.771
9.490
8.288
6.885
7.692
6.448
5.964
5.821
7.108
5.950
4.684
3.530
3.237
3.792
2.484
2.890
2.203
1.502
1.216
0.983
1.137
1.569
1.204
0.392
0.752
1.622
1.722
1.244
2.490
3.184
2.963
-0.469
-0.553
-0.624
-1.444
-2.412
-1.199
-1.579
-0.609
-1.893
-2.578
-2.221
-2.536
-3.916
-4.099
-4.069
-4.897
-5.717
-4.414
-5.389
-4.605
-6.653
-6.800
-7.883
-7.487
-8.567
-8.735
-8.127
-9.293
-9.701
-10.277
-9.245
-10.559
-9.974
-11.231
-11.669
-12.173
-11.234
-12.719
-13.502
-13.196
-12.202
-11.437
-11.673
-13.128
-12.660
-13.884
-13.640
1.429
2.040
0.786
0.632
-0.111
1.237
-0.223
-0.627
0.560
-1.402
-2.146
-1.225
-2.271
-1.433
-2.727
-3.205
-3.868
-2.518
-4.052
-3.401
-5.365
-5.674
-6.319
-6.703
-5.818
-7.516
-7.933
-8.338
-7.223
-6.284
-7.028
-8.345
-8.491
-8.035
-9.672
-10.054
-9.469
-10.854
-10.989
-10.684
-12.204
-12.306
-13.086
-12.301
-12.088
-11.655
-13.345
13.510
13.682
14.635
13.734
13.451
12.582
14.371
13.222
12.318
11.396
12.240
12.547
14.719
15.663
14.648
14.935
12.462
12.847
12.515
9.945
9.876
10.128
11.157
8.707
8.267
8.610
8.813
6.677
6.604
5.948
5.765
6.123
4.829
5.116
3.786
6.085
6.176
6.753
4.742
4.636
5.506
3.200
2.981
2.572
4.942
4.603
5.998
4.220
4.656
3.182
4.277
5.215
4.334
3.091
2.918
3.219
1.794
2.077
1.511
0.766
1.034
-0.111
0.307
0.905
-0.853
-0.999
-2.011
-2.871
-2.352
-1.450
-2.307
-0.738
-0.986
-0.243
-1.681
-0.198
-0.738
0.735
0.131
0.763
0.759
-0.986
-0.583
-1.547
-2.110
-2.792
-1.584
-3.080
-3.587
-3.890
-2.450
2.899
3.713
2.870
1.590
0.767
1.630
1.135
1.953
1.105
-0.145
-0.209
-1.034
-0.402
0.061
-0.079
-1.908
-1.914
-2.421
-2.787
-2.246
-4.161
-4.570
-5.056
-5.985
-4.590
-5.695
-6.009
-6.535
-4.716
-3.918
-4.200
-5.300
-5.845
-6.060
-4.321
-3.558
-3.909
-5.137
-5.686
-5.928
-4.161
-3.830
-3.233
-4.745
-4.251
-4.761
-5.728
11.871
11.788
12.556
10.905
12.112
12.278
13.036
11.254
12.960
13.882
12.922
13.002
10.617
9.800
10.633
10.383
11.877
11.825
12.798
9.294
9.375
8.975
10.700
8.264
7.555
8.142
7.354
6.117
6.323
5.229
5.366
6.251
4.120
4.374
4.159
5.333
5.120
5.762
3.946
3.763
4.630
2.334
2.233
1.732
2.860
2.824
2.999
1.548
1.590
1.261
0.388
0.431
0.663
-0.960
-0.896
-1.137
-2.103
-2.002
-1.907
-3.499
-4.275
-3.800
-3.687
-3.531
-3.995
-4.107
-4.282
-5.353
-3.737
-4.054
-3.951
-3.100
-5.168
-5.574
-6.022
-4.829
-4.471
-4.038
-6.006
-6.511
-6.832
-5.626
-5.257
-4.893
-6.801
-7.159
-7.678
-6.460
-6.096
-5.598
-7.377
1.835
1.971
2.253
0.325
0.143
0.260
-0.615
-0.547
-0.075
-2.059
-2.541
-2.112
-2.833
-2.305
-2.923
-4.227
-4.611
-4.155
-5.172
-4.990
-6.272
-6.915
-6.885
-6.658
-6.441
-8.404
-8.528
-8.818
-9.179
-10.276
-8.795
-8.922
-9.502
-7.837
-9.389
-10.459
-8.870
-9.166
-8.105
-9.239
-10.082
-11.150
-9.900
-9.801
-9.939
-10.493
-8.765
11.196
10.749
11.668
10.047
10.100
9.647
10.611
9.399
11.726
10.970
12.037
12.603
12.197
11.856
12.328
13.189
10.188
9.233
9.913
12.086
13.122
12.572
11.011
11.181
11.040
11.290
11.585
9.558
9.457
9.267
8.501
8.117
8.079
8.281
8.706
8.492
8.381
8.998
7.233
7.296
8.253
5.896
6.005
5.117
6.640
6.424
6.534
5.622
5.194
6.065
4.468
4.864
4.111
3.238
3.026
3.701
2.093
2.474
1.550
0.905
-0.014
0.746
1.168
2.206
0.262
0.616
-1.184
-1.662
-1.453
-1.774
-1.248
-1.576
-3.281
-3.639
-3.443
-3.809
-3.452
-3.422
-5.283
-5.739
-5.498
-5.822
-5.762
-5.038
-7.186
-7.368
-7.074
-8.346
-8.315
-8.061
-9.312
5.404
6.197
5.020
4.193
3.525
4.455
3.351
4.113
2.764
2.374
2.235
3.049
1.033
0.517
1.193
0.149
-0.067
0.675
-1.091
-1.569
-1.659
-2.529
-1.211
-0.116
-1.236
-2.061
-1.888
-3.128
-1.909
-0.831
-2.243
-2.628
-2.399
-2.309
-4.124
-4.657
-4.393
-4.921
-4.534
-6.021
-4.703
-4.834
-3.667
-5.684
-6.731
-5.450
-5.604
9.190
7.634
7.203
7.385
9.597
8.947
9.477
10.600
9.518
9.028
9.062
10.570
9.887
9.739
10.949
9.436
6.932
5.822
7.173
6.877
7.041
7.643
7.333
5.356
4.851
5.656
4.267
3.988
3.415
3.256
2.037
1.563
1.356
1.476
1.716
4.968
5.608
5.592
4.175
4.393
5.246
3.299
2.298
3.589
-0.169
-0.340
-0.383
-1.109
-1.019
-0.971
-2.541
-2.765
-2.919
-3.581
-3.569
-3.136
-4.875
-4.702
-5.277
-5.926
-5.496
-6.693
-6.551
-5.893
-7.784
-8.081
-8.775
-9.308
-8.259
-9.879
-10.391
-10.648
-9.244
-8.831
-8.480
-10.149
-10.685
-10.968
-9.609
-8.955
-9.079
-10.769
-11.516
-10.419
-11.398
-10.566
-12.100
-12.208
-11.466
-12.762
-12.769
2.990
3.949
2.412
2.451
3.190
2.521
1.013
0.901
0.722
-0.115
0.149
-0.159
-1.448
-1.899
-1.301
-2.572
-2.240
-3.439
-2.795
-2.038
-3.889
-3.965
-5.117
-5.008
-5.302
-6.391
-6.605
-6.234
-7.691
-8.420
-8.099
-7.396
-6.826
-6.704
-8.609
-8.780
-8.335
-9.837
-10.224
-9.612
-10.894
-10.610
-11.241
-12.143
-12.981
-12.476
-11.725
12.937
11.694
10.999
11.252
13.950
14.843
13.590
14.230
12.645
13.542
11.935
12.310
13.595
12.873
13.981
14.393
11.830
12.554
10.858
11.140
10.420
11.850
12.228
10.072
9.771
10.053
10.366
8.231
7.962
7.675
8.065
8.607
7.761
8.654
7.146
7.517
7.652
8.135
6.146
5.607
6.237
4.123
3.603
3.863
7.053
7.658
7.025
5.532
5.500
5.183
4.572
4.667
4.892
3.135
2.444
3.248
2.478
2.805
2.749
0.965
0.330
0.754
0.583
1.402
-0.627
-0.992
-1.782
-1.965
-1.699
-3.056
-3.265
-3.975
-2.985
-2.086
-3.866
-3.131
-2.233
-3.007
-4.505
-5.211
-4.581
-5.001
-4.357
-4.827
-6.518
-6.625
-7.128
-6.810
-6.077
-7.853
-6.719
3.459
3.881
3.961
1.925
1.477
1.471
1.407
1.859
1.538
-0.134
-0.521
-0.304
-1.029
-0.686
-0.944
-2.404
-2.389
-2.712
-3.333
-3.020
-4.451
-5.045
-5.045
-4.424
-5.390
-6.317
-6.600
-7.199
-6.064
-5.030
-6.748
-6.299
-5.788
-5.842
-7.818
-8.166
-8.340
-8.185
-7.662
-7.837
-9.692
-10.143
-10.210
-10.068
-9.605
-11.158
-9.710
9.537
8.363
7.589
8.738
9.065
9.985
8.502
8.376
10.619
11.160
10.197
11.349
9.986
10.709
10.441
9.129
7.618
6.786
7.099
8.395
8.669
9.375
8.346
6.926
6.377
6.838
6.663
4.861
4.822
4.316
4.364
4.733
4.024
4.153
4.848
4.285
4.714
4.721
2.828
2.264
2.776
0.743
0.604
0.521
2.604
2.428
2.538
1.385
1.700
1.039
0.257
0.604
-0.521
-0.335
-0.544
0.374
-1.562
-1.954
-1.212
-2.753
-3.293
-2.510
-3.474
-2.794
-4.720
-5.036
-5.721
-5.510
-6.462
-6.191
-6.032
-5.501
-7.716
-8.208
-8.230
-8.028
-7.368
-7.784
-9.491
-9.820
-9.559
-10.537
-10.632
-10.326
-12.002
-11.947
-12.170
-13.080
-12.893
-14.106
-12.979
-0.137
0.150
0.237
-1.646
-1.855
-1.941
-2.628
-2.374
-2.424
-4.070
-4.243
-4.351
-5.173
-5.200
-6.145
-4.956
-5.667
-3.963
-5.084
-4.127
-6.137
-6.072
-7.517
-7.520
-8.272
-7.928
-7.863
-7.230
-9.413
-9.543
-10.118
-9.743
-9.250
-9.279
-11.245
-11.493
-11.764
-12.006
-12.995
-11.656
-12.399
-11.624
-12.429
-13.683
-13.676
-13.777
-14.562
11.987
10.573
10.303
10.767
13.011
13.016
12.935
14.019
12.038
11.765
12.993
11.297
12.223
12.021
13.213
11.505
9.424
8.415
9.366
9.079
9.765
9.333
9.555
7.509
6.720
7.099
6.701
5.305
5.467
4.410
3.831
4.250
2.496
2.646
2.017
4.846
5.105
5.396
3.388
3.042
3.786
1.550
1.302
0.926
1.445
1.157
1.982
0.309
0.813
-0.181
-0.687
-0.792
-0.132
-1.895
-2.203
-1.657
-3.224
-2.926
-3.390
-4.529
-5.432
-4.444
-4.618
-3.602
-5.674
-5.690
-7.059
-7.555
-6.982
-7.790
-7.310
-7.611
-9.319
-9.790
-9.450
-10.000
-9.432
-10.240
-11.401
-12.020
-11.893
-11.136
-10.676
-10.340
-12.429
-12.136
-13.182
-13.009
-13.553
-12.141
-13.685
1.298
2.090
1.287
-0.066
-0.316
-0.148
-1.178
-1.103
-1.018
-2.609
-3.282
-2.968
-2.780
-2.101
-2.430
-4.265
-4.935
-4.442
-4.662
-3.999
-5.705
-5.705
-6.692
-6.657
-7.714
-6.523
-6.921
-5.458
-7.219
-8.251
-6.642
-7.276
-7.801
-7.751
-5.837
-5.999
-5.203
-4.990
-5.492
-4.907
-3.567
-2.751
-3.456
-3.339
-2.304
-4.024
-3.624
9.597
8.530
7.631
8.740
9.316
8.299
9.900
9.638
10.913
11.596
11.403
10.725
9.641
8.678
10.143
10.195
8.075
7.436
7.436
9.414
9.784
10.434
9.145
8.020
7.629
8.320
7.671
6.188
5.772
5.334
4.977
5.142
4.405
5.342
3.857
6.143
6.885
6.498
4.842
4.338
5.048
2.858
2.607
2.676
3.594
4.098
3.577
2.204
1.681
2.344
1.283
1.420
0.202
1.568
1.891
2.324
0.292
-0.040
-0.478
0.574
1.320
-0.369
1.210
2.235
0.710
1.433
-0.579
-0.340
-0.955
-1.645
-1.543
-1.336
-3.071
-3.641
-3.087
-3.791
-4.819
-3.426
-3.677
-3.907
-2.589
-4.496
-4.587
-4.047
-5.930
-5.973
-6.370
-6.773
-7.827
-6.579
-6.330
1.987
2.198
2.233
0.525
0.306
0.249
-0.460
-0.303
-1.437
-0.488
0.498
-0.804
-1.341
-0.902
-1.289
-2.798
-3.357
-2.770
-3.458
-3.000
-4.636
-5.088
-5.473
-5.169
-5.305
-6.975
-7.501
-7.047
-7.813
-7.476
-7.636
-9.343
-9.430
-9.783
-10.092
-9.760
-11.197
-9.853
-8.769
-10.390
-10.192
-9.351
-10.246
-11.491
-11.298
-11.949
-12.271
8.145
8.438
9.471
8.378
9.372
9.196
10.254
9.633
7.940
6.992
8.746
8.026
6.977
6.984
6.838
6.108
7.556
6.503
7.883
8.547
9.308
9.276
7.536
7.656
7.146
7.386
7.531
5.585
5.284
5.224
5.271
5.362
5.124
6.103
4.849
5.064
5.584
5.192
3.603
3.309
4.070
1.785
1.527
1.244
3.942
4.223
3.976
2.558
2.383
2.506
1.446
0.471
1.695
1.409
2.287
1.559
0.132
-0.621
0.007
0.019
-0.316
-0.839
1.302
2.198
1.447
2.323
0.408
-0.419
0.903
-0.182
0.570
-0.781
-1.160
-1.963
-0.667
-1.935
-1.341
-2.508
-3.053
-3.571
-2.549
-4.120
-3.573
-4.871
-4.866
-5.729
-5.352
-3.958
-4.615
-3.307
-3.366
1.099
1.571
1.386
-0.460
-0.934
-0.770
-1.193
-0.723
-1.088
-2.746
-2.839
-3.093
-3.677
-3.888
-3.179
-4.986
-4.770
-5.516
-5.895
-5.555
-7.067
-7.622
-7.777
-7.680
-7.259
-9.308
-9.219
-9.795
-10.048
-9.414
-10.135
-11.443
-11.477
-11.947
-12.341
-12.251
-12.129
-13.866
-13.941
-14.093
-14.830
-14.534
-14.549
-16.323
-16.758
-16.508
-16.875
11.447
10.205
10.422
9.462
11.337
11.137
12.227
10.426
11.621
12.353
11.707
10.776
12.685
12.484
13.628
12.852
9.626
8.877
10.371
9.382
10.015
10.052
9.157
7.911
6.871
6.472
7.204
5.656
6.067
4.981
5.156
5.972
4.237
3.578
3.641
4.600
3.981
5.186
3.703
3.171
3.361
2.283
2.851
1.250
5.098
5.412
5.977
4.124
4.708
3.383
3.400
2.673
4.109
2.612
3.413
2.116
1.723
2.352
1.384
0.527
-0.152
0.635
-0.293
0.137
-1.322
-1.696
-1.978
-1.686
-3.049
-1.585
-0.489
-2.031
-1.839
-2.788
-1.845
-0.728
-0.438
-0.846
0.595
0.712
0.731
1.750
1.650
1.580
3.064
3.813
3.195
3.540
3.586
4.582
2.870
2.160
1.604
3.204
1.398
2.088
0.492
0.956
0.008
1.662
0.580
1.441
0.354
-0.592
-1.480
-0.392
-0.841
0.071
-1.017
-1.899
-1.670
-3.160
-3.936
-3.655
-4.225
-2.859
-4.557
-4.886
-3.881
-5.794
-6.368
-5.562
-6.738
-6.113
-7.235
-7.849
-7.394
-8.347
-8.826
-9.561
-9.432
-8.165
-7.591
-9.024
-7.270
-7.865
-6.385
-7.113
11.296
11.168
11.118
12.087
12.486
12.623
12.354
13.370
10.071
9.626
10.329
9.306
11.487
12.511
11.198
10.807
9.916
9.627
9.085
11.111
12.492
11.007
10.219
10.428
9.556
9.370
10.025
8.187
8.496
7.788
6.932
6.721
6.404
6.997
6.567
7.161
6.910
7.578
5.980
6.200
7.301
4.835
4.917
4.193
4.955
4.715
4.466
4.104
4.244
4.296
2.568
2.090
2.426
1.951
2.421
2.072
0.529
-0.031
0.544
-0.126
-1.153
0.528
-0.051
0.874
-1.152
-1.019
-2.528
-2.938
-2.570
-3.268
-2.728
-3.594
-4.664
-5.066
-4.493
-5.832
-6.738
-5.515
-6.186
-6.931
-5.407
-6.596
-5.769
-7.540
-6.932
-6.039
-7.399
-8.041
-9.023
-7.661
-8.180
4.082
4.773
3.509
3.165
2.343
3.703
2.730
3.426
2.738
1.406
0.608
1.030
1.272
2.061
1.454
0.023
0.206
-0.873
-0.119
0.459
-0.689
-0.702
-1.318
-1.378
-0.683
-2.731
-2.729
-3.319
-3.274
-2.586
-3.293
-4.626
-5.346
-4.524
-5.232
-4.493
-6.200
-5.410
-4.520
-6.231
-5.866
-6.647
-5.110
-6.312
-5.484
-7.096
-6.689
8.174
8.709
9.451
9.292
9.275
9.874
9.941
8.845
7.431
6.754
8.139
6.706
7.136
6.941
6.250
7.386
7.637
6.887
8.186
7.735
7.584
9.129
6.943
6.987
5.792
5.626
5.794
4.551
4.896
4.159
3.746
3.814
3.193
2.503
4.020
3.303
3.097
3.606
2.103
2.208
3.162
0.827
0.090
0.972
2.510
3.265
1.748
1.785
2.652
1.395
0.676
1.062
0.289
-0.517
-0.022
-1.249
-1.382
-0.787
-1.985
-2.253
-2.599
-1.611
-3.387
-3.047
-4.690
-5.440
-5.362
-4.789
-6.150
-6.130
-6.394
-7.105
-5.331
-5.170
-4.396
-5.973
-5.237
-5.992
-7.247
-7.889
-7.104
-7.933
-7.196
-8.175
-9.138
-9.946
-9.561
-8.902
-8.955
-9.593
-7.896
0.110
0.907
-0.559
-0.644
-1.097
-1.460
0.234
0.570
1.170
-0.489
-0.741
0.320
-1.604
-1.379
-2.455
-1.903
-1.882
-2.920
-0.746
0.230
-0.911
-0.093
-2.221
-2.815
-1.979
-3.045
-2.303
-3.491
-4.142
-3.825
-4.815
-5.015
-4.989
-4.560
-6.492
-6.895
-6.450
-7.315
-6.855
-8.284
-7.753
-8.464
-6.854
-8.586
-8.029
-9.549
-8.775
12.162
11.526
11.751
11.960
11.913
12.527
10.860
12.114
13.680
14.092
14.171
13.769
11.756
12.268
11.914
10.697
9.999
9.580
9.629
9.736
11.189
8.938
9.566
9.000
7.571
7.204
7.418
6.748
7.178
6.807
6.438
6.075
6.526
6.898
7.263
5.286
4.901
5.311
4.296
4.027
4.450
3.118
2.235
3.723
5.135
5.406
4.626
4.027
3.777
4.430
2.772
2.859
2.631
1.469
1.255
1.576
0.313
0.683
0.016
-0.996
-0.826
-1.664
-1.898
-1.372
-3.248
-3.776
-4.120
-4.782
-3.523
-5.219
-4.727
-5.691
-6.390
-6.834
-5.873
-7.553
-7.167
-8.269
-8.275
-7.610
-8.918
-9.145
-9.878
-8.402
-9.784
-8.987
-10.364
-10.786
-11.174
-11.646
-10.321
2.688
3.500
2.546
1.354
1.444
1.201
0.184
0.186
0.316
-1.171
-1.108
-1.494
-2.301
-2.263
-2.128
-3.693
-3.681
-3.556
-4.869
-4.980
-5.729
-6.719
-5.535
-5.655
-4.490
-6.483
-6.519
-6.184
-7.970
-8.062
-8.059
-8.898
-8.328
-9.055
-10.279
-10.581
-10.072
-11.242
-11.268
-10.860
-12.654
-12.736
-12.811
-13.764
-13.584
-13.798
-14.793
9.520
8.261
7.687
7.702
10.374
10.579
9.814
11.272
10.347
10.469
11.248
9.909
9.196
10.070
8.990
8.375
8.297
7.288
9.010
7.822
7.164
8.654
8.785
6.977
5.567
5.174
5.004
5.256
4.170
5.493
4.661
3.781
5.054
5.657
5.552
5.977
7.044
5.856
5.479
4.860
4.478
4.608
4.707
5.328
3.756
3.024
3.993
3.216
2.458
3.996
2.794
3.560
2.089
1.905
1.213
2.489
1.018
1.604
0.314
0.276
1.012
-0.359
-0.583
-0.022
-1.956
-2.449
-2.876
-3.450
-2.319
-3.757
-4.312
-3.180
-4.693
-4.050
-4.842
-6.031
-6.508
-6.088
-7.020
-7.937
-6.556
-7.437
-6.600
-7.930
-8.518
-8.773
-9.363
-8.002
-8.567
-8.169
-6.913
3.237
3.157
3.197
2.055
2.289
1.823
0.803
0.481
0.956
-0.416
-0.421
-0.297
-1.635
-1.382
-1.849
-2.940
-2.628
-2.946
-4.253
-4.195
-5.368
-6.307
-5.470
-5.184
-4.716
-6.773
-7.677
-6.723
-7.032
-7.208
-6.163
-8.311
-8.288
-8.413
-9.536
-9.621
-9.468
-10.804
-10.930
-10.878
-11.788
-11.508
-11.732
-13.195
-13.449
-13.358
-13.861
9.487
10.470
11.205
11.075
8.802
9.276
7.770
8.698
8.431
8.807
7.579
8.032
10.070
9.334
10.611
10.836
9.986
9.148
10.753
9.104
9.042
10.072
9.433
7.640
6.530
6.868
5.758
5.953
6.678
4.729
4.771
5.750
3.242
2.914
2.647
5.748
6.733
5.304
4.790
3.582
3.142
2.665
2.747
3.099
2.987
3.549
3.426
1.491
1.105
1.388
0.570
0.934
0.594
-0.887
-1.194
-0.925
-1.964
-1.768
-1.855
-3.436
-3.911
-3.285
-4.077
-3.569
-5.219
-5.629
-6.040
-5.568
-7.082
-6.241
-6.502
-5.244
-7.299
-7.146
-8.233
-7.452
-8.027
-6.503
-8.170
-9.016
-8.529
-7.211
-7.431
-6.219
-7.312
-7.119
-8.376
-6.567
-6.463
-6.913
-5.502
1.198
0.527
0.885
0.991
1.805
0.989
-0.294
-0.414
-1.156
-0.544
0.376
-0.928
-1.622
-2.543
-1.297
-1.673
-1.968
-0.614
-2.517
-1.825
-3.796
-4.332
-4.765
-4.253
-5.133
-5.916
-6.647
-5.652
-6.808
-7.168
-6.166
-8.088
-7.851
-8.631
-9.222
-9.330
-10.172
-9.060
-8.093
-8.950
-10.114
-11.057
-10.320
-9.773
-8.825
-9.795
-10.649
13.904
12.674
12.554
12.847
13.655
14.538
12.860
13.475
14.197
14.524
13.366
14.950
15.104
14.888
15.917
15.345
11.256
10.485
10.970
11.092
11.929
11.382
11.471
9.528
8.759
9.069
8.895
7.268
6.804
6.739
6.754
7.185
5.953
6.718
5.339
6.867
7.308
7.390
5.439
4.668
4.979
3.249
2.933
3.334
5.044
4.268
5.673
4.366
4.949
3.779
3.470
2.864
4.145
2.501
3.054
1.753
1.698
2.312
1.381
0.558
-0.207
1.036
-0.215
0.067
-1.119
-1.654
-1.523
-2.556
-0.817
-1.250
-0.296
-2.021
-1.522
-2.401
-0.642
-1.598
-0.871
-2.596
-1.267
-2.020
-1.265
0.033
0.976
-0.060
0.473
-0.119
0.439
1.887
2.195
2.574
2.042
2.181
2.200
2.285
0.732
0.556
0.614
-0.293
0.101
-0.334
-1.750
-1.734
-2.163
-2.549
-2.376
-2.164
-4.097
-4.249
-4.689
-4.615
-3.899
-5.888
-6.167
-6.992
-6.712
-7.913
-7.277
-6.417
-8.043
-7.736
-6.951
-8.699
-7.802
-8.456
-6.730
-8.197
-9.176
-7.400
-8.291
-9.079
-7.308
-8.901
-8.359
-9.988
-8.607
-9.125
-7.543
-8.966
12.778
11.720
12.080
11.577
12.173
12.833
12.105
11.244
13.991
13.748
14.958
14.272
13.094
12.149
13.665
13.632
10.281
9.795
9.576
10.373
10.923
11.015
10.291
8.814
7.880
7.657
8.292
6.508
6.748
6.049
5.386
5.060
5.137
6.063
5.055
5.533
5.646
5.879
4.157
3.885
4.699
2.388
2.346
2.033
3.823
3.988
3.902
2.500
2.755
2.193
1.377
1.220
1.623
0.038
0.123
-0.573
-0.836
-0.175
-1.643
-1.409
-2.031
-0.481
-2.176
-2.906
-1.908
-2.583
-1.019
-1.382
0.054
-1.190
-0.195
-1.070
-2.332
-2.309
-3.287
-2.164
-1.954
-1.242
-3.326
-4.284
-3.144
-3.382
-3.928
-3.984
-2.049
-1.289
-2.173
-1.534
-0.616
-2.297
-1.021
1.601
1.739
1.956
0.079
-0.134
-0.231
-0.712
-0.275
-0.481
-2.281
-2.601
-2.557
-2.954
-3.787
-2.227
-3.395
-4.246
-2.561
-3.830
-3.502
-4.415
-4.632
-4.859
-4.692
-4.373
-6.374
-6.577
-6.896
-6.869
-6.926
-7.953
-6.052
-4.991
-6.501
-6.000
-5.130
-6.943
-5.781
-5.589
-4.877
-6.988
-7.127
-7.906
-6.920
-6.213
-7.919
-6.687
8.682
7.230
7.116
6.653
9.427
9.498
10.390
8.939
8.875
9.880
8.129
8.693
9.224
9.007
10.292
8.767
6.520
5.579
7.006
6.818
6.655
8.169
6.236
5.796
4.404
4.294
4.089
3.527
2.494
3.502
2.847
2.123
3.104
3.964
3.480
4.019
4.982
4.295
2.957
3.042
3.988
1.752
0.952
1.888
1.837
0.974
1.526
2.011
2.630
2.558
0.619
0.785
-0.167
0.071
-0.115
0.946
-1.236
-1.038
-1.834
-1.940
-1.357
-2.756
-2.406
-1.689
-3.595
-3.852
-4.743
-4.455
-4.821
-5.962
-6.387
-5.595
-7.103
-6.591
-7.309
-8.372
-9.167
-8.812
-8.174
-7.125
-8.179
-9.085
-10.112
-8.945
-8.960
-7.890
-9.398
-9.656
-10.703
-9.142
-9.829
1.411
2.178
0.516
1.217
0.454
2.189
0.974
0.906
1.789
-0.252
-0.052
-0.390
-1.543
-1.428
-2.300
-2.014
-1.191
-2.324
-3.294
-3.522
-4.251
-5.201
-4.137
-3.174
-4.909
-4.366
-3.633
-4.349
-5.747
-5.981
-5.649
-7.006
-6.897
-7.187
-8.260
-7.950
-8.655
-9.470
-9.739
-10.320
-9.201
-9.092
-8.282
-10.248
-9.838
-10.589
-11.123
15.460
14.209
13.772
14.497
16.322
16.392
17.333
15.863
15.048
14.512
14.296
15.892
16.201
16.723
16.794
15.559
13.017
12.142
12.500
12.863
13.053
13.510
13.383
11.324
10.499
10.972
10.231
9.126
8.507
8.455
7.563
7.440
6.671
7.225
6.019
9.347
10.214
9.795
8.137
7.391
7.560
6.255
6.694
5.969
5.947
5.031
6.561
5.663
6.534
4.932
5.151
5.959
4.869
3.983
3.338
4.358
3.067
3.635
2.550
1.811
1.368
2.168
0.941
1.413
-0.387
-0.962
-1.206
-1.968
-0.617
-2.109
-1.887
-1.844
-3.580
-3.744
-3.842
-4.490
-4.592
-4.107
-5.868
-5.761
-6.386
-6.836
-6.567
-7.563
-7.401
-7.526
-6.648
-8.749
-8.693
-9.452
-9.250
5.044
4.629
5.216
3.939
4.411
3.594
2.662
2.870
2.220
1.740
2.260
1.460
0.437
-0.160
0.783
-0.461
0.113
-0.668
-1.717
-1.547
-3.004
-3.713
-3.631
-4.478
-2.874
-4.062
-3.302
-4.952
-4.536
-5.067
-3.577
-5.478
-6.238
-4.804
-5.930
-5.016
-6.550
-6.587
-5.729
-7.281
-7.190
-8.057
-6.490
-7.653
-8.092
-6.734
-8.266
10.254
9.711
9.112
9.055
10.787
9.972
11.503
11.157
9.122
8.758
8.317
9.431
11.296
10.787
11.855
11.973
10.730
11.493
10.062
12.035
12.677
12.885
11.479
10.649
9.776
10.157
9.673
8.356
7.930
8.504
7.719
7.087
7.822
8.552
8.320
7.539
8.056
7.702
6.140
5.329
5.631
4.003
3.828
4.070
6.436
6.014
6.532
5.424
5.683
5.582
3.981
3.644
3.871
2.933
3.305
2.817
1.571
1.232
1.677
0.545
1.056
0.280
-0.647
-1.198
-0.855
-1.503
-0.184
0.894
-0.274
-0.724
-0.919
0.059
-2.023
-1.705
-2.715
-2.680
-1.895
-3.527
-3.364
-4.127
-2.626
-4.039
-3.245
-4.486
-5.125
-5.854
-5.693
-4.778
-4.032
-5.638
-4.300
2.931
2.993
2.956
1.480
1.410
1.267
0.447
0.278
0.756
-0.916
-1.431
-0.780
-1.824
-1.446
-1.803
-3.320
-3.455
-3.635
-4.148
-3.872
-5.381
-5.889
-6.191
-5.784
-7.260
-6.281
-7.168
-6.447
-5.083
-4.144
-5.093
-5.053
-6.009
-4.965
-3.927
-4.242
-3.704
-2.600
-2.629
-2.558
-1.316
-1.433
-1.297
-0.053
0.799
0.214
-0.257
13.055
11.876
11.035
12.023
12.718
11.891
13.647
12.251
14.224
15.141
14.325
13.892
13.756
14.096
13.055
14.578
11.284
10.283
11.078
12.039
11.992
13.105
12.088
10.602
10.261
9.829
11.126
9.020
9.510
8.114
7.705
7.900
6.954
7.019
7.305
8.301
7.915
9.072
7.237
7.508
8.671
6.191
5.296
6.068
5.447
5.061
5.229
4.729
4.972
5.051
3.160
2.856
2.761
2.592
2.764
3.147
1.101
0.739
1.100
0.176
-0.741
0.715
0.140
1.066
-0.995
-0.879
-2.324
-2.301
-2.480
-3.520
-3.378
-4.299
-3.982
-4.025
-3.218
-5.327
-5.318
-6.015
-5.606
-4.824
-6.536
-5.517
-6.187
-4.585
-5.677
-5.589
-4.851
-6.943
-6.924
-7.769
-7.034
6.301
7.328
5.619
6.032
6.905
5.948
4.777
4.895
4.644
3.483
2.695
3.462
3.263
3.288
4.039
1.890
1.777
1.716
0.663
0.998
-0.581
-1.320
-1.158
-0.509
-1.397
-2.570
-3.184
-2.393
-3.238
-3.421
-2.466
-4.490
-4.193
-5.246
-5.119
-4.316
-5.708
-6.131
-5.712
-6.873
-6.924
-7.261
-6.260
-8.135
-8.816
-8.729
-7.826
10.821
11.263
12.199
11.401
11.802
11.460
12.697
11.910
10.768
10.855
9.799
11.534
9.494
9.026
8.932
9.547
10.517
11.085
10.659
8.767
9.097
9.388
9.145
7.162
6.563
6.988
6.933
5.008
4.615
4.610
4.382
4.360
4.093
5.063
3.601
4.433
5.014
4.736
2.955
2.642
3.345
1.290
1.359
0.490
2.936
2.305
3.441
2.065
2.684
1.865
0.805
0.228
1.024
-0.052
0.083
-1.116
0.440
0.438
1.473
-0.417
0.192
-0.421
-1.782
-1.962
-2.898
-3.813
-2.961
-2.170
-2.859
-4.307
-4.346
-4.226
-5.562
-5.693
-5.518
-6.801
-7.743
-6.855
-6.901
-6.088
-6.815
-8.281
-8.930
-8.582
-8.239
-7.747
-7.575
-9.610
-9.599
-10.060
-10.247
1.003
1.784
1.055
-0.377
-1.127
-0.479
-0.638
-0.061
-0.158
-2.094
-2.411
-2.703
-2.357
-2.150
-1.637
-3.781
-4.388
-4.172
-4.027
-3.491
-4.733
-4.787
-5.468
-4.780
-6.226
-6.172
-7.077
-6.509
-5.284
-4.881
-4.317
-5.977
-6.109
-6.965
-5.216
-4.320
-4.932
-5.992
-6.312
-6.965
-5.198
-4.900
-4.350
-5.950
-6.530
-5.261
-6.695
9.382
8.433
8.150
8.985
8.718
8.385
9.422
7.869
9.558
10.148
8.618
10.020
10.786
11.364
10.736
11.288
7.077
6.355
6.623
5.851
5.771
5.677
7.153
4.667
3.465
3.304
3.469
2.292
2.361
2.239
1.697
1.694
1.201
2.124
0.892
0.917
1.022
0.135
0.621
-0.302
-1.084
-0.426
-0.853
0.574
-0.019
0.390
-0.292
-1.222
-1.568
-0.940
-2.345
-1.967
-2.406
-3.692
-4.068
-3.517
-4.904
-4.635
-5.193
-6.181
-6.517
-5.835
-7.266
-7.274
-8.138
-8.852
-8.114
-9.129
-7.924
-7.097
-6.105
-7.336
-6.840
-7.559
-6.708
-5.501
-4.647
-5.532
-5.349
-5.955
-5.742
-3.885
-3.572
-3.824
-2.868
-3.225
-2.706
-1.499
-1.486
-0.748
-1.154
-1.450
-1.722
-2.355
-0.910
-0.346
-0.091
-1.877
-1.238
-2.458
-2.684
-1.873
-3.226
-3.553
-4.248
-2.938
-4.285
-3.548
-4.707
-5.310
-5.201
-6.527
-7.212
-6.874
-6.044
-7.065
-8.243
-8.171
-8.448
-9.384
-9.033
-9.712
-10.612
-11.201
-11.121
-10.494
-9.735
-10.035
-11.814
-12.192
-12.498
-11.613
-11.193
-10.959
-13.015
-13.054
-13.714
-13.606
10.787
9.758
9.423
10.165
10.221
9.360
10.108
10.956
11.275
11.895
11.749
10.383
11.919
11.462
12.750
12.170
8.408
8.590
7.923
6.737
6.368
7.332
7.723
5.386
5.113
5.760
5.341
3.708
3.455
2.679
2.708
3.371
1.664
1.494
2.052
3.596
3.767
4.456
2.301
2.164
3.142
0.641
0.400
0.263
0.262
-0.339
0.260
-0.545
-0.035
-0.564
-1.996
-2.385
-2.629
-2.171
-1.914
-1.542
-3.614
-3.880
-4.279
-3.945
-3.716
-5.049
-3.365
-2.269
-3.965
-3.361
-5.433
-5.990
-6.094
-5.496
-5.130
-4.698
-6.876
-7.252
-7.441
-6.984
-5.996
-7.166
-8.129
-9.034
-7.940
-8.477
-7.497
-9.087
-9.144
-8.687
-8.921
-10.694
-10.938
-11.082
-11.264
-0.071
0.218
-1.167
0.300
0.170
1.366
-0.661
-0.233
-0.468
-2.140
-2.320
-2.470
-3.036
-3.299
-2.481
-4.409
-5.035
-4.260
-5.099
-5.578
-5.352
-5.868
-5.013
-5.999
-4.315
-4.385
-3.726
-3.798
-5.452
-6.090
-6.152
-4.841
-5.502
-4.039
-4.342
-3.840
-3.555
-5.436
-5.008
-6.211
-6.297
-7.143
-6.905
-5.427
-4.787
-6.041
-4.732
12.517
11.092
10.785
11.038
12.885
12.736
12.254
13.942
13.499
14.500
13.267
13.475
12.608
12.271
11.890
13.575
9.979
10.349
9.016
9.485
9.810
9.852
9.930
7.889
7.013
6.198
7.462
6.510
7.359
5.611
6.132
7.267
5.019
5.121
4.043
5.738
4.891
6.503
5.173
5.929
6.999
5.216
4.231
4.874
5.093
6.120
4.430
4.577
4.687
5.279
3.096
2.537
2.639
2.796
3.139
3.466
1.334
1.016
0.620
1.406
1.708
2.309
0.220
0.053
-0.599
-1.329
-0.623
-1.658
0.011
-0.245
-1.016
-0.078
1.081
1.884
1.028
1.556
0.885
1.471
2.944
3.684
2.903
3.306
2.375
3.624
4.399
4.364
4.225
5.775
5.789
6.510
6.126
6.043
7.103
5.905
5.671
5.923
4.566
6.185
5.727
7.289
5.551
5.690
4.452
6.126
5.836
7.232
5.593
5.874
4.483
6.132
7.214
5.421
5.925
3.949
3.836
3.764
2.828
1.834
2.830
2.897
2.645
3.956
1.847
2.084
0.873
1.814
1.165
2.798
1.418
0.368
2.016
1.516
1.272
2.507
0.617
-0.435
0.646
1.041
12.031
11.199
11.706
11.420
13.444
13.529
14.128
13.802
11.857
12.119
12.412
10.843
11.683
12.264
10.653
11.886
9.675
9.119
9.315
9.460
9.647
10.487
9.328
8.057
7.471
8.061
7.492
6.035
5.559
5.252
4.802
4.909
4.092
4.904
3.447
5.974
6.490
6.687
4.657
4.283
4.967
2.850
2.205
2.202
3.125
3.689
2.677
1.896
1.578
2.166
0.724
1.250
0.313
-0.366
-1.079
0.001
-1.340
-0.650
-1.709
-2.551
-3.096
-2.201
-3.406
-2.934
-4.659
-5.205
-5.574
-5.117
-5.711
-6.877
-7.363
-7.414
-6.896
-6.403
-6.214
-8.242
-8.149
-8.679
-9.289
-10.243
-9.439
-8.914
-9.870
-8.239
-8.401
-8.666
-8.851
-6.902
-6.471
-6.611
-6.679
2.819
1.767
3.488
3.345
3.357
4.409
2.314
2.430
1.293
2.263
3.189
2.386
0.995
0.110
0.806
1.076
1.505
0.002
1.488
2.582
0.695
1.202
-0.791
-1.219
-1.260
-1.367
-0.940
-2.461
-1.161
-1.547
-0.073
-2.077
-1.752
-3.099
-1.733
-0.707
-1.683
-2.736
-2.779
-3.780
-2.341
-2.375
-1.306
-3.323
-3.833
-4.158
-2.887
6.271
6.074
5.051
6.561
7.673
7.893
7.863
8.447
6.067
6.221
5.087
6.797
5.300
5.546
5.395
4.270
6.537
7.612
6.016
7.470
7.858
8.581
6.401
6.542
6.160
7.077
5.611
5.327
4.919
4.201
3.117
3.084
1.851
1.779
2.020
6.164
6.707
7.021
5.454
4.965
4.925
4.312
3.754
5.199
0.530
0.393
-0.357
0.283
0.444
1.182
-0.941
-1.103
-1.894
-0.646
0.307
-1.438
-0.462
-1.436
0.416
-0.314
0.603
-1.274
-0.165
0.439
-0.667
-0.582
-1.569
-1.075
-2.436
-2.250
-1.445
-2.823
-3.188
-3.841
-2.436
-3.986
-3.276
-4.515
-5.061
-5.630
-5.773
-4.298
-3.425
-3.969
-5.128
-5.477
-4.449
-6.425
-6.559
-7.352
-6.391
3.177
2.564
2.491
3.702
4.191
4.486
2.478
1.665
2.706
2.014
2.792
1.119
1.705
0.892
2.610
1.258
2.067
1.141
-0.084
-0.037
-1.318
-2.205
-1.635
-2.139
-0.801
-2.624
-2.238
-3.511
-2.930
-2.158
-2.837
-4.328
-4.618
-4.366
-5.364
-5.403
-5.024
-6.799
-7.254
-6.558
-7.573
-8.213
-6.874
-8.367
-7.865
-8.796
-9.293
11.740
10.334
10.447
10.095
12.772
13.716
12.847
12.559
12.001
11.155
12.363
12.769
11.778
12.758
11.001
11.509
9.075
8.216
9.314
8.088
7.921
8.763
8.852
6.646
5.531
5.470
4.653
5.345
6.366
4.365
4.645
5.478
3.623
3.840
3.752
5.180
6.137
5.183
4.074
2.969
2.655
1.987
2.471
1.952
2.174
1.973
1.946
1.142
1.372
1.381
-0.300
-0.611
-0.944
-0.742
-0.608
-0.014
-2.192
-2.296
-2.946
-2.469
-1.653
-3.404
-2.460
-1.426
-3.434
-3.354
-4.852
-4.778
-5.208
-5.917
-6.024
-5.886
-7.243
-7.363
-7.271
-8.422
-9.415
-8.221
-8.541
-9.478
-7.592
-8.839
-8.978
-7.977
-10.063
-9.766
-10.766
-10.870
-11.485
-10.288
-11.457
0.619
0.606
0.288
-0.359
-1.397
-0.293
-0.068
0.938
-0.218
-1.036
-0.731
-2.073
-1.072
-1.666
-0.033
-1.712
-0.925
-1.845
-3.010
-2.957
-4.186
-5.030
-4.452
-4.042
-4.022
-5.953
-6.461
-6.215
-6.634
-6.784
-5.783
-8.048
-8.264
-7.921
-9.097
-9.281
-8.627
-10.421
-10.889
-10.345
-11.271
-11.315
-12.227
-10.762
-9.703
-11.331
-10.848
11.470
12.454
13.450
12.546
11.314
10.908
12.194
10.632
10.062
10.209
9.597
9.455
11.881
10.993
12.135
12.710
12.055
12.996
11.832
10.107
10.665
10.175
10.972
8.677
8.050
8.444
8.238
6.493
6.033
5.903
4.603
4.038
4.015
4.438
4.159
6.153
6.784
6.542
4.694
3.901
4.121
2.625
2.828
2.652
2.489
2.181
2.041
1.943
2.117
2.479
0.432
0.206
-0.070
-0.100
-0.170
0.593
-1.541
-1.584
-2.119
-2.120
-3.215
-1.722
-1.613
-0.600
-2.345
-1.888
-3.792
-4.432
-4.162
-4.012
-3.247
-3.800
-5.487
-6.108
-5.906
-5.505
-4.767
-5.125
-6.880
-7.419
-7.441
-7.058
-6.700
-6.517
-8.497
-8.927
-9.015
-8.733
-8.145
-8.499
-9.820
1.259
1.072
1.311
0.154
0.525
0.021
-1.199
-1.463
-1.142
-2.285
-3.131
-2.629
-1.814
-0.987
-1.339
-2.942
-3.283
-3.747
-2.529
-1.442
-3.284
-2.785
-4.679
-5.132
-4.715
-5.653
-6.646
-5.399
-5.811
-4.817
-6.320
-6.654
-7.692
-6.328
-6.838
-7.221
-5.784
-7.834
-8.850
-7.410
-7.884
-6.863
-8.093
-8.801
-8.886
-9.781
-8.464
11.509
10.834
10.136
11.576
12.588
13.035
13.378
12.140
12.259
11.571
12.866
12.843
10.513
10.879
9.782
9.839
10.038
9.791
9.007
11.511
12.295
12.402
10.674
10.556
9.386
9.366
9.549
8.033
7.995
8.188
7.531
6.916
7.661
7.346
8.753
6.759
6.985
6.721
5.486
4.756
5.139
3.327
2.850
3.385
6.817
7.170
7.092
5.340
5.061
5.218
4.468
4.539
4.935
2.982
2.834
2.453
2.235
2.562
2.625
0.708
0.378
0.228
0.204
0.247
-0.036
-0.233
-0.238
0.590
-0.024
-1.611
-1.754
-1.657
-2.630
-2.151
-2.617
-4.035
-4.729
-4.350
-4.200
-3.779
-3.757
-5.728
-6.153
-6.369
-5.873
-5.440
-5.336
-7.302
-7.564
-8.005
-7.472
2.627
2.806
2.814
1.061
0.838
0.714
0.284
0.536
0.499
-1.205
-1.717
-1.414
-1.885
-1.157
-2.016
-3.218
-3.577
-3.322
-4.253
-3.912
-5.533
-6.085
-6.333
-6.612
-5.683
-7.669
-7.473
-8.152
-8.465
-8.642
-9.472
-7.826
-7.440
-6.967
-8.778
-9.285
-8.156
-9.769
-10.631
-10.244
-9.031
-8.371
-8.492
-9.905
-10.508
-9.172
-10.679
8.318
8.022
7.028
7.998
8.181
8.558
8.758
7.170
9.725
9.935
9.726
10.487
7.403
6.422
7.598
7.390
8.979
10.019
8.650
7.785
7.942
7.609
8.949
6.553
5.315
4.688
5.425
4.413
5.010
3.614
3.020
3.017
1.995
1.212
2.508
3.480
4.137
3.022
2.502
1.658
1.791
0.520
0.707
0.609
1.350
2.001
0.728
0.393
0.982
0.184
-0.871
-0.552
-1.274
-1.925
-2.390
-1.460
-3.018
-2.872
-2.919
-4.478
-5.078
-4.736
-4.828
-4.548
-5.539
-5.771
-6.149
-5.548
-6.227
-7.633
-7.735
-7.937
-8.509
-8.580
-8.105
-9.985
-10.060
-10.453
-10.725
-10.627
-10.286
-12.232
-12.378
-12.773
-12.818
-12.780
-12.359
-14.327
-14.826
-14.690
-14.398
-0.853
-0.700
-0.960
-1.999
-2.175
-1.738
-3.300
-3.076
-3.660
-4.340
-4.083
-4.313
-5.757
-5.948
-5.714
-6.862
-7.786
-7.165
-6.483
-5.581
-7.030
-6.587
-8.257
-8.394
-8.095
-9.597
-9.819
-10.249
-9.566
-9.161
-8.876
-10.929
-10.727
-11.127
-12.198
-12.233
-13.088
-12.232
-11.309
-12.199
-13.463
-14.313
-13.344
-13.629
-12.729
-13.854
-14.498
6.803
5.802
5.057
5.261
7.643
7.102
8.156
8.306
6.090
5.633
5.300
6.869
7.733
8.276
8.421
7.205
6.224
5.306
6.599
7.449
8.879
6.926
7.150
6.679
6.031
6.181
6.605
4.451
4.319
3.831
2.886
2.636
2.285
2.088
3.004
3.800
4.066
4.191
2.324
1.725
2.323
0.225
-0.084
-0.057
1.011
1.297
0.200
0.595
0.454
1.405
-0.696
-1.036
-0.555
-1.922
-2.774
-1.664
-2.498
-1.571
-2.987
-3.354
-2.879
-3.452
-4.675
-4.945
-5.448
-6.382
-5.278
-4.274
-6.002
-5.496
-6.569
-5.009
-5.094
-4.013
-5.495
-5.265
-5.986
-5.647
-3.964
-3.261
-3.612
-4.322
-5.066
-4.648
-3.088
-2.296
-2.646
-3.476
-3.675
-2.660
-4.433
-0.442
-0.001
-0.065
-1.983
-2.152
-2.433
-2.823
-2.498
-3.724
-3.284
-3.778
-3.957
-2.116
-1.711
-1.330
-2.628
-2.946
-3.501
-1.562
-0.605
-1.614
-0.661
-2.776
-3.745
-2.647
-2.846
-1.788
-3.179
-3.640
-3.388
-3.492
-5.161
-5.432
-5.423
-5.969
-5.688
-5.684
-7.449
-7.672
-7.723
-8.363
-8.404
-7.961
-9.784
-10.462
-9.763
-10.277
12.338
11.186
10.371
11.469
12.678
12.953
13.426
11.768
11.872
12.602
11.846
11.009
13.527
14.312
13.412
13.939
10.455
10.198
11.212
8.943
9.945
8.789
9.291
7.539
6.723
6.532
7.108
5.268
5.378
4.761
4.803
5.584
3.734
4.058
3.385
4.334
4.112
4.863
3.036
2.640
3.262
1.419
0.894
0.783
2.512
2.019
2.817
1.566
2.180
1.211
0.297
-0.193
0.728
-0.666
-0.136
-1.074
-1.789
-2.171
-1.312
-2.864
-3.667
-2.502
-3.431
-2.732
-4.729
-5.134
-5.913
-5.668
-6.149
-7.189
-8.064
-7.448
-7.023
-6.219
-6.881
-8.266
-8.417
-8.043
-9.518
-9.303
-9.576
-10.762
-10.552
-11.679
-11.064
-10.688
-10.475
-12.577
-12.712
-13.005
-13.241
1.727
2.279
2.374
0.440
0.727
0.168
-0.675
-1.124
-0.515
-1.871
-1.927
-1.508
-3.222
-3.107
-3.473
-4.358
-5.207
-3.995
-4.760
-4.071
-5.682
-5.837
-6.591
-6.700
-6.099
-8.052
-8.464
-8.506
-8.161
-7.657
-7.712
-9.692
-10.276
-10.048
-10.090
-11.177
-9.950
-9.378
-9.434
-8.285
-10.016
-9.347
-10.262
-11.332
-12.133
-11.325
-11.755
12.500
11.898
12.141
12.360
12.206
12.759
11.188
12.535
14.009
14.497
14.426
14.346
11.996
12.575
12.180
10.939
10.377
10.338
9.772
9.672
10.745
9.474
9.857
8.307
7.196
7.001
7.223
5.858
5.078
5.807
5.866
5.721
5.989
6.944
6.136
5.758
6.497
6.063
4.482
3.480
3.698
2.129
2.489
1.803
4.934
4.770
5.411
3.605
3.037
2.990
3.672
2.753
4.612
3.560
4.306
2.551
3.814
3.225
4.859
3.633
4.229
2.571
4.072
5.053
3.484
4.125
2.047
1.533
1.532
2.046
2.838
1.040
2.422
1.787
3.414
2.610
3.228
3.256
1.364
0.683
0.758
1.635
2.183
2.383
0.413
0.090
-0.378
0.633
1.382
-0.321
1.007
1.113
1.617
0.641
-0.129
-0.411
0.171
-1.233
-1.424
-2.151
-0.924
0.008
-0.720
-1.954
-2.968
-2.135
-1.377
-1.506
-0.318
-2.209
-3.275
-1.763
-2.492
-0.344
0.071
-0.405
0.553
0.072
0.606
1.900
1.777
2.323
2.980
2.654
4.020
3.108
2.171
3.295
4.279
5.169
4.379
4.184
4.199
5.149
2.964
2.807
2.015
3.062
-27.619
-27.345
-27.428
-26.379
-28.774
-28.935
-29.599
-28.798
-27.689
-27.902
-26.796
-28.337
-26.456
-25.635
-26.265
-26.538
-28.265
-29.317
-28.299
-26.481
-25.789
-26.557
-27.943
-25.736
-24.369
-24.012
-24.526
-23.234
-22.943
-22.074
-21.413
-21.600
-20.309
-20.792
-19.818
-23.679
-24.037
-24.521
-22.518
-22.252
-22.846
-21.093
-20.991
-21.343
-19.358
-19.894
-18.864
-18.403
-17.431
-18.725
-18.216
-19.131
-17.868
-17.094
-16.082
-17.358
-17.151
-18.133
-16.752
-16.196
-16.583
-15.215
-16.126
-17.022
-14.934
-15.060
-13.511
-13.118
-13.452
-12.620
-13.097
-12.654
-11.245
-10.909
-11.133
-10.229
-10.517
-10.324
-8.786
-8.195
-8.323
-8.620
-7.556
-8.790
-9.507
-10.600
-9.229
-9.298
-8.203
-9.699
-9.652
-19.823
-19.842
-18.981
-19.391
-19.232
-20.203
-17.985
-17.971
-17.219
-17.696
-18.527
-17.797
-16.327
-16.218
-16.260
-15.244
-15.264
-15.435
-13.882
-13.836
-12.762
-11.918
-12.652
-13.299
-11.620
-13.228
-14.322
-12.850
-12.852
-13.029
-11.785
-13.764
-13.645
-14.834
-13.328
-13.780
-12.229
-13.909
-15.020
-13.667
-13.395
-12.353
-13.199
-14.199
-13.733
-15.206
-14.347
-32.222
-32.392
-33.415
-31.970
-33.192
-33.096
-32.925
-34.220
-30.814
-30.417
-30.744
-30.124
-32.592
-33.442
-32.784
-31.750
-31.732
-32.161
-31.840
-29.742
-30.176
-30.016
-30.351
-28.216
-27.274
-27.562
-27.204
-25.819
-25.182
-25.420
-25.029
-24.885
-24.768
-24.965
-25.591
-25.819
-26.625
-26.098
-24.523
-24.323
-25.149
-22.867
-22.762
-22.263
-23.364
-23.353
-23.063
-22.272
-22.641
-21.379
-21.593
-21.128
-22.288
-20.603
-21.134
-19.978
-19.712
-20.354
-18.993
-18.927
-18.432
-19.595
-17.786
-17.127
-17.341
-16.481
-17.978
-18.763
-18.519
-16.925
-16.392
-17.402
-16.063
-16.739
-15.269
-15.534
-15.143
-16.342
-14.288
-14.169
-14.437
-13.011
-13.051
-13.039
-11.650
-10.862
-11.669
-11.467
-10.606
-12.288
-11.216
-22.488
-23.088
-22.795
-21.082
-20.870
-20.969
-20.240
-20.358
-20.677
-18.658
-18.276
-18.177
-18.463
-18.748
-19.176
-17.002
-16.538
-16.416
-16.886
-17.052
-16.676
-16.570
-16.772
-16.942
-17.624
-15.508
-14.617
-15.448
-15.375
-15.382
-16.382
-14.266
-14.286
-14.399
-12.898
-12.661
-12.083
-12.616
-11.555
-13.244
-12.829
-12.994
-13.697
-11.599
-11.167
-10.823
-11.739
-32.192
-31.695
-30.970
-32.386
-31.024
-31.398
-30.682
-30.155
-33.338
-34.037
-33.071
-33.970
-32.649
-31.761
-32.990
-33.314
-31.222
-30.895
-30.343
-32.029
-30.827
-33.254
-32.263
-31.710
-30.725
-30.320
-31.195
-29.503
-29.873
-28.768
-28.083
-28.000
-27.202
-27.777
-26.995
-28.672
-29.332
-27.897
-28.226
-26.928
-26.159
-26.477
-26.312
-27.389
-25.864
-25.368
-26.044
-24.876
-25.357
-24.972
-23.393
-23.131
-23.341
-22.435
-22.744
-22.521
-21.053
-20.780
-21.028
-19.954
-20.173
-19.840
-18.616
-17.895
-18.300
-17.312
-19.220
-20.300
-19.113
-18.850
-18.946
-19.541
-17.502
-17.194
-16.722
-17.483
-17.669
-18.217
-16.057
-16.010
-15.408
-15.741
-15.309
-16.681
-14.752
-15.095
-13.824
-14.311
-13.925
-15.069
-13.455
-25.335
-25.688
-25.126
-24.014
-23.878
-24.110
-22.865
-23.034
-22.959
-21.438
-21.292
-21.254
-20.234
-20.151
-19.318
-20.423
-21.202
-20.735
-19.039
-18.790
-18.165
-17.183
-18.437
-19.517
-17.903
-18.090
-18.680
-18.267
-16.579
-16.415
-16.287
-15.539
-15.630
-15.800
-14.130
-13.404
-14.077
-13.768
-13.594
-14.620
-12.522
-12.843
-11.571
-12.239
-11.313
-12.080
-12.964
-29.801
-30.263
-29.516
-31.083
-30.777
-30.188
-31.567
-31.213
-29.397
-30.098
-29.254
-28.500
-28.536
-28.728
-28.150
-27.769
-30.406
-30.763
-29.416
-31.275
-31.722
-32.045
-31.347
-29.725
-29.057
-29.591
-28.998
-27.566
-27.111
-26.922
-26.700
-26.875
-26.256
-25.889
-27.222
-27.322
-27.551
-28.119
-26.030
-25.139
-25.391
-23.733
-23.184
-23.746
-25.183
-25.375
-25.331
-23.701
-23.683
-23.153
-23.173
-23.238
-23.883
-21.725
-21.105
-21.566
-21.429
-21.983
-20.369
-21.611
-20.787
-21.386
-23.008
-23.263
-23.870
-24.817
-23.604
-24.327
-22.559
-23.694
-22.940
-24.721
-23.427
-23.885
-23.960
-21.967
-21.350
-21.485
-21.683
-22.416
-21.827
-20.261
-19.440
-20.124
-19.968
-20.650
-20.223
-18.525
-17.887
-18.306
-18.115
-22.877
-22.975
-23.332
-21.378
-20.909
-21.257
-20.515
-20.990
-20.297
-19.013
-18.439
-19.121
-18.137
-18.543
-18.327
-16.625
-16.388
-16.043
-16.233
-16.466
-15.719
-15.372
-15.299
-15.188
-16.130
-14.002
-13.724
-14.216
-12.784
-12.638
-12.806
-11.477
-11.264
-11.570
-10.329
-10.297
-10.575
-9.068
-8.889
-9.177
-7.917
-8.199
-7.939
-6.498
-5.988
-6.462
-5.796
-37.425
-37.012
-36.985
-37.802
-37.455
-38.066
-36.476
-37.673
-38.808
-39.070
-38.753
-39.543
-36.364
-36.499
-36.349
-35.398
-35.656
-35.824
-35.502
-34.056
-34.155
-34.819
-34.524
-32.570
-31.775
-32.004
-32.167
-30.256
-29.641
-30.126
-28.861
-28.051
-28.544
-28.625
-29.305
-29.851
-30.409
-30.260
-28.423
-27.811
-28.333
-26.318
-25.989
-26.080
-27.196
-26.867
-26.414
-27.175
-27.873
-26.152
-27.212
-26.536
-28.238
-26.846
-27.581
-25.871
-26.937
-26.718
-27.989
-25.814
-25.967
-24.855
-26.012
-27.040
-25.241
-25.489
-23.873
-23.528
-23.894
-22.746
-23.054
-22.779
-21.336
-21.109
-21.074
-20.330
-20.282
-20.745
-18.957
-19.152
-18.710
-17.864
-16.840
-18.034
-17.793
-18.813
-17.435
-16.782
-17.245
-16.553
-15.813
-25.504
-25.728
-25.802
-24.006
-23.467
-23.888
-23.366
-23.545
-23.628
-21.870
-21.538
-21.593
-21.077
-21.301
-21.220
-19.515
-19.261
-18.905
-18.858
-19.161
-18.235
-17.704
-17.692
-18.362
-17.547
-16.273
-16.303
-16.189
-15.149
-15.210
-15.255
-13.787
-13.663
-13.684
-12.671
-12.640
-12.850
-11.278
-11.189
-10.735
-10.395
-10.822
-10.410
-8.967
-8.970
-8.601
-8.326
-27.248
-26.514
-26.121
-27.237
-26.362
-25.530
-26.053
-26.877
-27.869
-28.661
-27.156
-28.220
-28.251
-27.669
-28.857
-28.925
-25.363
-25.015
-24.422
-25.196
-25.357
-25.909
-25.827
-23.669
-22.683
-21.878
-23.038
-21.942
-22.601
-21.579
-22.021
-22.901
-21.136
-21.674
-20.080
-20.660
-20.289
-21.045
-19.723
-18.685
-18.488
-17.810
-18.475
-17.101
-21.217
-22.255
-20.875
-20.261
-20.261
-20.618
-18.767
-18.734
-18.259
-18.060
-18.078
-18.467
-16.615
-16.514
-16.230
-15.788
-16.149
-14.720
-15.974
-17.023
-15.074
-15.358
-13.686
-13.464
-12.873
-13.479
-14.281
-12.620
-13.277
-12.253
-14.035
-13.552
-13.473
-14.593
-12.437
-12.224
-11.479
-12.827
-13.435
-13.436
-11.665
-10.819
-11.421
-12.044
-11.106
-12.628
-12.591
-17.108
-16.637
-17.776
-15.981
-16.420
-15.350
-15.130
-14.887
-15.752
-13.839
-13.066
-13.422
-14.007
-14.812
-14.531
-12.794
-12.051
-13.101
-12.188
-12.801
-11.066
-10.808
-10.201
-10.115
-10.736
-8.844
-8.864
-8.224
-8.017
-8.474
-8.065
-6.542
-5.858
-6.748
-5.781
-5.823
-6.493
-4.445
-4.427
-4.016
-3.488
-3.740
-3.799
-1.992
-1.766
-1.325
-1.676
-32.461
-31.051
-31.064
-30.435
-33.403
-33.031
-33.617
-34.294
-32.334
-31.544
-32.125
-33.226
-32.951
-32.932
-33.958
-32.282
-30.360
-29.337
-30.810
-31.087
-31.342
-32.301
-30.365
-30.006
-29.055
-28.722
-29.366
-27.737
-28.026
-27.262
-26.533
-26.444
-25.983
-26.175
-26.547
-26.733
-27.313
-25.869
-26.398
-25.337
-24.727
-24.820
-25.524
-23.799
-24.443
-23.855
-24.086
-24.097
-24.726
-24.417
-22.615
-21.985
-22.408
-22.355
-23.177
-22.420
-21.115
-20.203
-21.198
-20.959
-21.790
-21.075
-19.661
-19.562
-18.704
-17.742
-18.803
-19.430
-19.311
-17.343
-17.445
-16.585
-16.726
-16.708
-17.355
-15.299
-15.376
-14.767
-14.429
-14.399
-14.848
-12.944
-12.959
-12.446
-12.119
-12.131
-12.819
-10.723
-10.557
-10.331
-10.053
-24.663
-25.616
-24.145
-23.827
-22.989
-24.333
-23.506
-23.052
-24.473
-22.723
-23.373
-22.443
-21.439
-20.802
-21.614
-20.745
-21.550
-19.907
-20.167
-20.822
-18.989
-18.729
-18.152
-18.688
-18.002
-16.813
-17.027
-16.561
-15.746
-16.130
-15.444
-14.523
-14.316
-14.719
-13.246
-12.991
-13.372
-12.020
-12.500
-11.196
-11.478
-11.132
-12.229
-10.372
-9.659
-9.826
-10.751
-31.811
-31.259
-31.720
-31.442
-33.247
-33.853
-33.383
-33.670
-31.800
-31.993
-30.881
-32.509
-31.085
-31.297
-31.424
-30.054
-29.799
-29.338
-29.483
-29.560
-29.163
-30.812
-29.599
-28.450
-27.186
-26.631
-27.236
-26.262
-26.771
-26.127
-25.663
-25.586
-25.111
-25.062
-25.812
-24.865
-24.270
-24.846
-24.164
-24.588
-25.427
-23.958
-23.805
-24.565
-23.714
-23.523
-23.807
-22.669
-23.057
-22.661
-21.360
-20.973
-21.522
-20.456
-20.677
-20.751
-18.934
-18.491
-18.515
-18.463
-18.771
-18.936
-16.937
-16.491
-16.096
-15.031
-16.551
-17.573
-15.890
-16.628
-17.324
-16.883
-15.224
-14.546
-14.843
-15.137
-15.731
-15.673
-13.746
-13.146
-13.842
-13.117
-13.861
-12.702
-11.958
-11.160
-12.279
-11.339
-10.543
-12.240
-10.926
-22.529
-22.578
-22.366
-21.375
-21.389
-21.261
-20.093
-20.040
-20.062
-18.946
-18.990
-19.156
-17.541
-17.768
-17.131
-16.407
-16.147
-15.511
-16.717
-17.242
-16.112
-16.382
-15.323
-15.681
-15.471
-13.930
-13.749
-13.833
-12.724
-12.823
-12.738
-11.331
-11.283
-10.635
-10.780
-11.048
-11.103
-9.215
-8.887
-8.891
-8.688
-9.218
-8.706
-7.151
-6.897
-6.840
-6.655
-35.212
-34.289
-34.201
-34.705
-34.546
-33.655
-34.241
-35.339
-35.432
-34.512
-36.175
-35.732
-36.590
-36.535
-37.158
-37.002
-32.855
-32.408
-32.444
-32.005
-31.828
-32.640
-32.825
-30.655
-29.561
-29.408
-29.571
-28.252
-28.300
-26.965
-26.002
-26.020
-24.785
-24.766
-24.969
-28.209
-27.977
-29.219
-27.185
-27.600
-28.782
-26.365
-25.413
-26.206
-23.421
-23.537
-23.303
-22.242
-22.113
-22.572
-20.859
-20.839
-20.521
-19.708
-18.711
-19.630
-19.856
-20.842
-19.759
-18.831
-18.706
-17.813
-19.163
-20.208
-18.208
-18.543
-16.702
-16.465
-16.330
-15.852
-15.672
-16.437
-14.540
-14.611
-13.931
-13.595
-14.059
-12.589
-13.493
-14.462
-12.943
-12.695
-11.716
-13.206
-12.670
-12.151
-13.675
-11.969
-12.646
-11.107
-11.463
-26.688
-27.582
-25.816
-26.860
-26.153
-27.895
-26.682
-27.228
-27.205
-25.190
-24.831
-24.607
-25.178
-25.905
-25.495
-23.771
-23.092
-23.932
-23.284
-22.668
-23.421
-23.035
-24.008
-24.787
-24.547
-22.987
-22.436
-23.520
-22.149
-22.680
-22.057
-20.747
-20.813
-20.322
-19.828
-19.026
-20.423
-19.176
-19.959
-18.812
-18.051
-18.378
-17.608
-16.981
-16.557
-17.411
-16.210
-36.223
-35.245
-35.082
-35.709
-36.620
-37.337
-37.058
-35.823
-37.422
-37.851
-38.128
-37.104
-35.546
-35.515
-34.530
-36.157
-33.822
-33.169
-33.286
-33.002
-33.491
-32.713
-33.869
-31.612
-31.607
-30.775
-32.482
-31.547
-32.336
-30.319
-30.265
-31.149
-28.864
-28.630
-28.264
-31.707
-32.630
-31.710
-30.630
-29.520
-29.338
-28.293
-28.530
-28.158
-28.743
-28.851
-29.492
-27.433
-27.318
-26.692
-26.925
-26.650
-27.731
-25.651
-25.757
-24.833
-25.197
-25.124
-25.953
-23.765
-23.546
-23.021
-23.622
-24.376
-22.906
-23.126
-21.975
-21.079
-21.538
-22.545
-22.886
-21.766
-23.736
-23.351
-24.668
-23.853
-22.884
-24.523
-24.351
-25.222
-23.650
-24.807
-25.672
-24.977
-23.757
-23.594
-24.135
-22.491
-21.700
-22.697
-22.035
-26.974
-27.024
-26.891
-25.724
-25.850
-24.809
-25.362
-26.197
-24.437
-25.173
-25.180
-26.024
-23.818
-23.858
-23.007
-23.272
-23.395
-22.192
-23.985
-24.842
-23.623
-24.357
-22.360
-21.441
-22.071
-22.538
-23.402
-22.787
-21.282
-21.050
-20.354
-21.618
-21.633
-22.569
-20.522
-20.696
-19.575
-20.537
-21.543
-20.283
-19.546
-18.571
-19.858
-19.348
-19.024
-18.555
-20.288
-34.984
-33.868
-33.156
-33.193
-34.473
-33.634
-35.137
-34.066
-36.153
-35.940
-37.033
-36.311
-35.599
-36.483
-35.865
-34.868
-34.166
-33.291
-34.631
-34.633
-35.515
-34.631
-35.068
-33.168
-32.900
-32.253
-33.847
-32.123
-32.783
-30.983
-30.409
-30.592
-29.496
-30.113
-28.904
-31.795
-32.706
-31.262
-30.944
-29.622
-29.054
-28.953
-29.077
-29.472
-28.515
-29.072
-27.979
-27.423
-27.979
-26.875
-26.359
-26.044
-26.766
-25.199
-25.233
-24.939
-23.854
-23.727
-24.041
-22.739
-23.177
-22.357
-21.625
-21.913
-20.392
-19.589
-19.811
-20.508
-19.581
-18.613
-18.989
-18.281
-17.425
-17.021
-17.528
-16.216
-16.222
-16.186
-14.863
-14.642
-14.790
-13.830
-13.965
-13.830
-12.316
-12.226
-11.797
-11.836
-11.665
-12.634
-10.930
-27.493
-27.056
-27.396
-26.753
-27.125
-26.919
-25.262
-24.949
-25.230
-24.368
-24.809
-24.459
-22.927
-22.414
-22.828
-22.181
-22.748
-21.210
-21.909
-22.844
-20.731
-20.542
-19.364
-19.318
-19.196
-18.214
-18.137
-18.537
-16.832
-16.462
-16.864
-15.815
-16.186
-15.623
-14.332
-14.243
-14.132
-13.238
-13.246
-13.355
-11.818
-11.180
-11.766
-11.411
-10.328
-11.983
-11.591
-30.703
-31.274
-31.828
-30.422
-31.836
-31.502
-32.686
-32.333
-30.023
-30.740
-29.685
-29.137
-29.693
-29.290
-28.836
-30.070
-32.232
-32.812
-33.017
-30.544
-29.525
-31.299
-31.549
-29.900
-29.316
-28.578
-30.058
-28.616
-29.203
-27.259
-27.080
-27.897
-25.688
-25.956
-25.068
-28.266
-27.862
-29.203
-27.408
-26.215
-25.698
-25.350
-25.893
-25.211
-24.879
-24.835
-25.358
-23.472
-23.095
-23.447
-22.528
-22.844
-22.588
-21.049
-20.593
-21.094
-20.134
-20.562
-19.897
-18.710
-17.945
-18.349
-18.689
-19.587
-17.646
-17.702
-16.282
-16.351
-16.099
-15.197
-15.088
-15.462
-13.821
-13.856
-13.621
-12.642
-11.690
-12.518
-12.721
-13.378
-11.735
-13.363
-13.079
-14.461
-13.107
-13.889
-13.258
-11.724
-11.777
-10.883
-11.576
-23.931
-23.921
-23.235
-23.106
-22.916
-23.738
-21.754
-21.811
-21.114
-21.000
-21.668
-20.834
-19.633
-19.058
-19.794
-18.947
-19.330
-19.198
-17.432
-17.032
-16.552
-15.525
-16.831
-17.485
-17.461
-15.760
-16.249
-14.938
-14.825
-15.336
-14.404
-13.529
-12.860
-13.922
-12.626
-12.193
-13.227
-11.380
-10.716
-10.774
-11.712
-12.395
-12.333
-10.532
-10.091
-10.724
-9.738
-30.140
-29.570
-29.204
-30.322
-31.432
-32.242
-31.736
-31.443
-29.175
-28.220
-29.028
-29.538
-30.365
-30.733
-29.457
-30.920
-28.407
-27.840
-27.804
-29.522
-28.844
-30.965
-28.891
-29.366
-28.438
-28.775
-28.425
-27.067
-26.534
-26.462
-26.081
-26.301
-25.062
-24.761
-25.706
-27.088
-27.432
-27.729
-25.798
-25.013
-25.309
-23.750
-24.008
-23.059
-23.773
-23.358
-24.119
-22.857
-23.355
-22.706
-21.506
-20.970
-21.745
-20.721
-19.858
-21.411
-20.396
-21.195
-19.764
-19.494
-18.678
-20.130
-19.010
-19.625
-17.926
-17.752
-16.944
-16.550
-17.400
-15.781
-16.249
-15.184
-14.774
-14.332
-15.223
-13.421
-13.635
-13.000
-12.634
-11.543
-12.834
-13.148
-14.154
-13.253
-12.272
-11.260
-12.181
-12.946
-13.895
-13.224
-12.397
-23.269
-23.945
-23.430
-21.759
-21.565
-20.990
-21.639
-21.907
-22.228
-20.197
-19.678
-19.795
-19.938
-20.574
-20.247
-18.458
-17.848
-18.385
-17.998
-18.816
-16.688
-16.518
-15.510
-15.831
-15.238
-14.386
-13.627
-13.983
-14.743
-15.592
-13.796
-15.245
-14.506
-15.288
-16.666
-16.673
-17.324
-17.248
-17.305
-18.246
-16.463
-16.549
-15.386
-16.966
-16.571
-16.735
-18.076
-32.180
-31.000
-31.077
-30.939
-32.114
-32.167
-32.963
-31.274
-32.241
-32.574
-31.259
-33.035
-33.457
-34.299
-33.569
-33.490
-29.607
-28.784
-29.657
-28.626
-28.795
-29.318
-29.142
-27.144
-26.588
-27.299
-25.693
-26.086
-26.888
-25.514
-26.306
-27.507
-25.534
-26.133
-25.576
-25.045
-24.335
-25.613
-24.349
-23.485
-23.155
-22.779
-22.313
-23.529
-24.061
-23.554
-23.971
-23.102
-22.771
-22.140
-23.685
-24.042
-24.526
-22.665
-22.183
-22.029
-23.251
-23.715
-24.104
-22.074
-21.352
-22.412
-21.550
-22.239
-20.244
-19.933
-19.045
-18.688
-19.403
-17.792
-17.248
-18.162
-16.931
-17.404
-16.990
-15.510
-15.095
-15.442
-14.559
-14.685
-14.804
-13.107
-12.814
-12.903
-12.265
-11.198
-12.753
-12.236
-13.201
-11.725
-11.568
-21.736
-22.072
-21.403
-20.444
-20.804
-19.839
-19.633
-20.268
-18.675
-19.195
-18.598
-20.091
-18.371
-19.203
-17.609
-17.529
-17.224
-17.999
-16.308
-16.403
-15.080
-14.213
-14.721
-15.454
-13.969
-14.125
-14.754
-14.167
-12.651
-12.680
-12.098
-11.969
-12.666
-11.035
-11.582
-12.469
-10.861
-11.047
-11.817
-10.125
-10.714
-9.832
-11.581
-10.425
-11.079
-9.391
-10.332
-25.321
-24.367
-24.636
-23.337
-24.775
-25.453
-23.860
-24.743
-25.552
-26.407
-25.590
-24.677
-26.629
-26.464
-27.269
-27.165
-24.180
-23.321
-25.056
-24.623
-24.510
-25.943
-23.838
-23.731
-22.303
-21.747
-21.989
-21.662
-22.185
-21.688
-22.089
-22.327
-22.167
-23.227
-21.431
-20.184
-19.764
-19.620
-19.888
-19.879
-20.085
-19.518
-20.485
-18.888
-21.816
-22.445
-22.100
-20.268
-19.882
-19.810
-19.980
-20.493
-20.421
-18.446
-18.317
-18.191
-17.485
-17.344
-17.937
-16.068
-16.295
-15.526
-15.245
-15.693
-14.005
-13.549
-13.284
-13.913
-12.689
-12.453
-11.745
-13.162
-11.746
-12.549
-11.203
-10.950
-10.457
-11.663
-9.737
-9.917
-9.080
-8.868
-9.592
-8.458
-7.812
-8.262
-7.519
-6.504
-5.982
-6.715
-5.812
-18.752
-19.239
-17.696
-18.829
-19.886
-18.352
-18.348
-17.266
-18.863
-18.588
-19.674
-18.383
-17.868
-16.796
-18.213
-17.933
-17.351
-17.399
-19.353
-20.018
-19.807
-20.849
-19.116
-18.010
-19.465
-19.562
-19.183
-20.635
-19.354
-19.571
-20.127
-17.894
-17.936
-17.274
-17.640
-18.475
-17.514
-16.287
-16.266
-16.189
-15.154
-15.338
-15.151
-13.811
-12.958
-13.859
-13.646
-32.072
-30.873
-31.204
-30.754
-33.352
-33.222
-34.161
-33.634
-32.404
-31.747
-32.455
-33.351
-31.841
-31.522
-32.764
-31.001
-29.588
-28.767
-29.659
-28.593
-28.075
-29.663
-29.174
-27.374
-26.448
-26.036
-26.974
-25.292
-25.680
-24.541
-23.871
-23.839
-23.164
-23.326
-23.591
-24.371
-24.966
-23.894
-23.183
-23.243
-24.259
-21.973
-22.208
-21.181
-21.675
-21.218
-21.178
-21.468
-22.158
-21.725
-20.065
-19.365
-20.017
-19.636
-20.192
-19.812
-18.075
-17.600
-17.466
-17.950
-18.039
-18.809
-16.619
-16.508
-15.497
-14.543
-15.352
-16.434
-14.739
-14.793
-13.703
-15.147
-15.315
-15.383
-16.329
-14.389
-14.344
-13.313
-14.898
-14.955
-15.975
-14.259
-14.629
-14.466
-12.724
-12.309
-12.343
-12.134
-12.151
-11.061
-12.495
-21.492
-20.551
-22.295
-21.054
-21.944
-20.172
-20.647
-21.575
-20.170
-19.842
-20.484
-19.114
-19.069
-18.484
-19.828
-18.217
-18.741
-18.256
-16.799
-16.117
-16.199
-15.202
-16.832
-17.931
-16.606
-16.462
-16.935
-15.386
-16.986
-18.092
-16.481
-16.620
-17.063
-15.552
-17.283
-18.292
-16.770
-17.520
-18.146
-18.074
-16.283
-16.558
-15.598
-15.476
-14.682
-14.974
-15.922
-32.672
-31.378
-31.404
-31.522
-33.835
-33.684
-33.973
-34.709
-32.882
-32.841
-33.859
-32.119
-32.753
-31.945
-32.651
-33.596
-29.993
-29.921
-29.153
-29.502
-30.423
-29.658
-29.913
-28.012
-27.625
-28.393
-27.201
-26.615
-26.537
-25.335
-24.745
-25.181
-23.622
-24.077
-23.010
-27.034
-27.198
-28.025
-26.111
-26.490
-27.603
-25.366
-24.805
-25.743
-22.710
-23.381
-22.194
-21.709
-22.199
-21.362
-20.531
-20.862
-19.904
-19.576
-19.175
-20.164
-18.347
-17.983
-18.766
-17.251
-17.720
-16.965
-15.937
-16.098
-14.717
-13.927
-14.327
-15.268
-13.691
-13.652
-14.257
-13.599
-12.261
-11.683
-12.313
-11.325
-11.171
-10.349
-11.921
-11.224
-12.805
-12.343
-13.098
-11.428
-12.907
-12.093
-13.749
-13.450
-12.560
-13.771
-14.253
-24.401
-23.419
-24.012
-25.146
-26.086
-25.549
-24.440
-24.122
-25.073
-23.364
-22.477
-23.550
-22.910
-23.712
-22.845
-21.594
-20.916
-21.262
-21.426
-22.150
-20.711
-20.964
-19.917
-20.067
-20.142
-18.434
-18.218
-18.451
-17.457
-17.566
-17.679
-15.988
-15.956
-15.687
-14.922
-14.898
-13.925
-15.037
-15.974
-15.247
-13.864
-13.007
-13.573
-14.150
-14.900
-14.520
-13.177
-31.778
-30.928
-31.456
-30.910
-33.128
-32.978
-33.724
-33.612
-32.025
-32.871
-31.210
-32.126
-31.170
-30.302
-30.856
-31.889
-29.519
-28.963
-28.970
-29.549
-29.648
-30.485
-29.622
-28.048
-26.992
-27.259
-27.139
-25.586
-24.941
-25.248
-24.871
-24.695
-24.440
-25.152
-24.543
-25.487
-26.216
-25.718
-24.192
-23.911
-24.679
-22.438
-22.208
-21.823
-22.982
-22.862
-22.749
-21.911
-20.892
-21.975
-21.787
-22.549
-21.832
-20.417
-19.593
-20.291
-20.214
-20.863
-20.618
-18.737
-18.320
-18.305
-18.513
-18.710
-18.131
-17.986
-18.001
-18.159
-18.801
-16.676
-16.492
-15.816
-16.624
-15.606
-16.932
-17.530
-18.572
-17.271
-17.666
-18.174
-18.449
-16.447
-16.387
-15.555
-16.690
-16.665
-17.733
-15.788
-15.870
-14.713
-16.050
-22.303
-21.250
-23.057
-22.588
-22.805
-23.561
-21.414
-21.179
-20.537
-21.680
-20.836
-22.590
-21.938
-22.823
-21.010
-22.176
-23.282
-21.767
-21.700
-22.412
-20.501
-20.169
-19.363
-19.153
-19.685
-18.029
-18.248
-17.630
-16.859
-15.930
-16.999
-16.694
-15.957
-17.628
-16.205
-15.336
-16.979
-15.783
-15.210
-15.130
-16.945
-16.514
-17.415
-18.077
-18.701
-18.496
-17.556
-30.569
-30.900
-31.798
-30.136
-30.573
-29.733
-30.338
-31.471
-31.388
-31.490
-32.415
-31.063
-29.119
-28.444
-28.783
-29.093
-31.227
-31.248
-32.205
-30.546
-30.655
-31.722
-30.260
-29.206
-28.048
-28.214
-27.860
-26.764
-25.834
-26.715
-26.170
-25.747
-26.023
-27.029
-25.670
-26.855
-27.852
-26.688
-25.849
-26.058
-27.079
-24.803
-23.946
-24.816
-24.781
-23.828
-24.986
-24.514
-25.379
-24.371
-23.285
-23.344
-23.240
-21.922
-21.687
-21.943
-20.749
-20.558
-21.116
-19.347
-18.927
-18.638
-19.323
-20.098
-18.549
-18.599
-17.497
-17.745
-17.375
-16.179
-15.949
-16.209
-15.058
-15.507
-14.633
-13.932
-13.414
-14.418
-12.911
-13.419
-12.280
-11.939
-11.212
-11.448
-12.562
-13.058
-13.284
-11.532
-11.865
-11.291
-10.613
-24.674
-25.514
-23.736
-24.715
-25.761
-24.447
-23.664
-23.742
-23.756
-22.252
-22.182
-22.180
-21.024
-20.338
-21.476
-20.262
-19.518
-19.720
-21.163
-21.508
-21.420
-22.052
-20.860
-20.609
-19.954
-21.889
-22.444
-22.601
-21.226
-20.533
-20.637
-22.313
-23.090
-22.859
-21.610
-22.445
-21.162
-20.617
-20.838
-19.588
-20.757
-21.822
-20.171
-20.471
-20.240
-19.536
-21.380
-29.936
-28.741
-29.045
-28.112
-30.613
-29.831
-31.486
-30.989
-30.929
-31.414
-31.704
-30.466
-29.577
-28.661
-30.299
-29.230
-27.914
-27.394
-28.627
-25.915
-26.522
-25.107
-27.067
-25.014
-24.447
-24.893
-24.660
-22.888
-22.573
-22.312
-22.059
-22.287
-21.508
-22.185
-21.508
-22.473
-22.697
-23.127
-21.024
-20.606
-21.384
-19.047
-18.745
-18.690
-20.067
-19.641
-19.501
-19.800
-18.715
-20.381
-20.229
-21.326
-19.709
-19.973
-20.328
-18.865
-20.548
-20.321
-21.632
-20.040
-20.738
-19.083
-19.659
-18.789
-20.314
-19.947
-21.585
-21.949
-22.315
-21.100
-22.031
-20.449
-20.484
-19.748
-21.283
-19.745
-19.580
-20.314
-18.401
-18.510
-17.709
-17.742
-18.215
-17.993
-16.195
-15.861
-15.776
-15.712
-16.212
-16.117
-14.623
-18.730
-19.270
-17.660
-19.233
-18.681
-20.309
-18.966
-19.615
-19.267
-17.484
-17.166
-16.784
-17.147
-17.009
-17.888
-15.768
-15.016
-15.772
-15.369
-15.216
-15.429
-15.340
-15.884
-16.375
-16.562
-14.672
-13.960
-14.871
-13.945
-13.583
-14.649
-12.732
-13.001
-11.950
-12.260
-13.097
-11.921
-11.148
-11.313
-10.309
-10.671
-9.770
-10.285
-11.649
-12.517
-12.001
-11.098
-31.406
-31.408
-32.139
-30.418
-32.850
-33.396
-32.797
-33.276
-30.714
-31.235
-30.765
-29.727
-30.790
-31.238
-31.050
-29.721
-31.916
-32.082
-32.919
-29.773
-29.747
-29.516
-31.141
-28.702
-27.863
-27.404
-28.407
-26.689
-26.998
-25.567
-24.672
-24.704
-23.501
-23.723
-23.663
-26.149
-26.956
-25.341
-25.647
-25.040
-24.868
-24.405
-23.621
-25.246
-22.117
-21.306
-22.107
-21.744
-22.378
-21.860
-20.320
-20.286
-19.663
-19.654
-19.362
-20.379
-18.368
-18.529
-17.772
-17.652
-18.331
-16.753
-17.212
-18.076
-16.007
-15.847
-14.663
-13.976
-14.967
-13.937
-14.456
-14.232
-12.443
-12.188
-12.153
-11.603
-11.938
-11.758
-10.149
-9.740
-9.810
-9.231
-9.248
-8.192
-9.494
-10.403
-8.578
-9.507
-10.303
-9.670
-8.520
-23.709
-24.359
-23.645
-22.355
-21.647
-22.375
-21.807
-20.845
-22.448
-21.610
-22.621
-21.186
-20.756
-20.036
-21.458
-20.073
-20.854
-19.780
-18.930
-19.180
-17.698
-16.924
-17.313
-17.231
-17.939
-15.883
-15.699
-15.920
-14.709
-14.670
-14.954
-13.417
-12.735
-13.555
-12.899
-12.915
-13.510
-11.435
-10.755
-11.409
-10.830
-10.949
-9.742
-11.353
-11.116
-12.426
-10.823
-31.515
-30.434
-30.904
-30.016
-32.360
-33.124
-32.821
-31.862
-32.357
-33.287
-31.958
-32.764
-30.887
-31.629
-30.247
-30.189
-29.323
-28.682
-29.804
-27.926
-26.981
-28.987
-28.433
-27.199
-26.122
-26.427
-25.918
-24.778
-24.850
-23.775
-23.903
-24.717
-22.690
-22.620
-23.098
-24.394
-25.185
-23.479
-24.342
-23.345
-22.570
-23.408
-22.563
-24.346
-21.424
-21.592
-21.098
-20.213
-20.122
-20.481
-19.073
-19.251
-18.937
-17.788
-17.667
-17.658
-16.568
-16.725
-16.490
-15.282
-15.041
-15.356
-14.188
-14.466
-12.883
-12.237
-12.307
-11.439
-13.040
-11.827
-11.359
-11.009
-12.863
-13.200
-13.687
-12.230
-12.005
-11.319
-13.253
-14.249
-12.928
-13.283
-12.248
-13.813
-13.832
-13.959
-14.800
-12.901
-13.296
-12.684
-12.013
-23.176
-22.251
-24.064
-22.800
-21.801
-22.831
-23.904
-24.769
-24.111
-23.381
-24.265
-23.023
-22.328
-22.023
-21.475
-22.881
-23.714
-23.291
-21.828
-21.498
-21.281
-20.516
-21.615
-21.830
-22.576
-20.505
-19.561
-20.851
-20.093
-19.744
-20.917
-18.901
-19.064
-17.984
-18.671
-18.047
-19.616
-17.959
-17.099
-18.625
-17.617
-18.566
-17.145
-16.473
-16.347
-15.515
-16.688
-29.014
-28.896
-28.590
-28.164
-30.020
-29.923
-31.009
-29.839
-29.281
-30.133
-29.377
-28.495
-27.644
-26.887
-27.327
-27.645
-30.194
-29.957
-30.941
-30.094
-30.111
-30.847
-30.733
-28.635
-27.584
-27.473
-27.752
-26.117
-25.505
-26.120
-26.110
-25.894
-26.312
-27.328
-26.428
-25.485
-26.190
-25.529
-24.127
-23.109
-23.222
-21.811
-21.539
-21.976
-25.233
-25.134
-25.620
-23.948
-24.148
-23.533
-22.943
-23.529
-22.359
-21.987
-21.174
-22.618
-21.318
-22.220
-20.882
-20.208
-20.629
-19.995
-18.926
-19.028
-17.838
-17.055
-17.710
-17.366
-18.630
-16.470
-16.421
-16.662
-15.200
-15.200
-15.160
-13.989
-13.878
-14.262
-12.622
-12.220
-11.845
-12.751
-13.222
-13.547
-11.442
-11.050
-10.710
-11.363
-11.606
-12.087
-10.364
-20.705
-19.762
-20.578
-20.942
-21.750
-21.197
-19.785
-19.799
-20.052
-18.447
-18.134
-18.462
-17.311
-17.666
-17.286
-15.910
-16.058
-15.421
-15.025
-15.028
-14.308
-13.618
-14.233
-14.653
-13.176
-15.119
-14.712
-15.061
-16.526
-16.609
-16.975
-17.388
-17.390
-16.880
-18.825
-19.444
-19.274
-19.068
-18.788
-18.442
-20.576
-21.086
-20.879
-21.053
-21.416
-21.922
-20.279
-31.009
-30.112
-29.162
-30.053
-31.130
-30.181
-31.878
-31.328
-32.323
-33.084
-32.443
-32.714
-30.455
-31.015
-30.375
-29.501
-30.388
-31.458
-29.835
-28.485
-28.552
-28.069
-29.920
-27.467
-26.773
-27.401
-26.440
-25.484
-25.683
-24.543
-24.823
-25.760
-23.621
-24.043
-23.445
-24.753
-24.602
-25.344
-23.412
-23.410
-24.360
-21.990
-21.759
-21.380
-22.281
-22.193
-22.354
-21.006
-21.107
-20.962
-19.754
-19.945
-19.098
-19.253
-19.911
-18.272
-18.967
-18.091
-19.741
-18.517
-17.630
-18.293
-19.577
-20.477
-19.486
-20.369
-18.340
-18.740
-17.737
-17.325
-16.432
-17.016
-17.757
-18.599
-18.058
-16.447
-15.864
-15.978
-16.754
-17.398
-15.781
-17.327
-18.344
-17.415
-16.443
-15.466
-16.303
-17.013
-18.045
-17.030
-16.462
-21.498
-22.096
-21.638
-20.060
-19.433
-19.948
-19.546
-20.068
-19.775
-18.025
-17.491
-17.718
-17.609
-17.722
-18.239
-16.095
-15.798
-15.438
-15.716
-16.577
-14.589
-14.665
-13.303
-12.474
-13.373
-12.589
-12.418
-11.659
-13.616
-14.539
-13.803
-13.170
-12.434
-12.675
-14.357
-15.136
-14.298
-15.205
-15.828
-15.917
-14.268
-13.608
-13.566
-15.133
-15.822
-15.854
-14.524
-30.443
-29.238
-28.756
-28.567
-31.213
-30.682
-32.098
-31.419
-31.380
-30.877
-31.688
-32.250
-29.988
-29.410
-29.333
-30.762
-29.423
-30.123
-28.460
-29.070
-28.102
-30.094
-29.884
-28.210
-26.860
-27.012
-26.614
-25.679
-25.889
-24.522
-23.669
-23.957
-22.362
-22.633
-22.139
-25.476
-25.384
-26.348
-24.279
-24.327
-25.327
-22.981
-22.873
-22.156
-21.285
-21.133
-21.649
-20.018
-20.398
-19.539
-19.125
-18.560
-19.683
-17.993
-18.352
-17.376
-17.091
-17.780
-16.680
-15.864
-16.195
-15.344
-14.887
-15.406
-13.501
-12.968
-12.810
-12.066
-13.517
-11.922
-11.317
-11.258
-12.707
-13.305
-13.402
-11.920
-11.231
-11.227
-12.709
-13.357
-13.439
-11.845
-12.587
-11.414
-10.770
-10.128
-11.319
-9.776
-10.411
-9.193
-9.238
-22.585
-23.448
-22.632
-21.187
-21.152
-20.344
-20.902
-20.633
-21.790
-19.596
-18.759
-19.830
-19.219
-20.081
-19.063
-17.996
-17.766
-18.219
-16.807
-16.485
-16.160
-15.284
-16.400
-17.033
-15.365
-17.243
-16.538
-17.992
-17.910
-17.106
-18.749
-18.420
-19.271
-17.579
-18.918
-19.641
-17.962
-19.608
-20.701
-19.353
-19.076
-19.302
-19.672
-17.588
-17.162
-17.079
-17.298
-33.475
-33.855
-33.966
-34.812
-33.352
-33.128
-34.321
-32.485
-34.587
-34.358
-35.173
-35.410
-32.213
-32.233
-31.509
-31.923
-32.900
-32.267
-33.465
-30.913
-30.572
-31.261
-32.112
-29.772
-29.053
-28.956
-29.667
-27.702
-27.948
-26.980
-26.497
-26.682
-25.943
-26.740
-25.612
-26.855
-26.800
-27.402
-25.575
-24.747
-24.944
-23.448
-23.563
-23.185
-24.773
-25.109
-24.379
-23.633
-23.427
-23.867
-22.373
-22.569
-22.073
-21.181
-20.941
-21.531
-19.969
-19.211
-20.345
-19.358
-20.044
-19.230
-18.063
-17.141
-17.844
-16.800
-18.922
-18.590
-19.876
-19.430
-19.984
-18.554
-20.544
-20.870
-20.157
-21.771
-21.533
-22.356
-22.793
-23.124
-22.204
-24.074
-24.698
-24.766
-23.831
-23.413
-24.827
-22.906
-23.252
-21.838
-22.867
-22.391
-22.715
-22.168
-21.099
-20.604
-21.293
-20.204
-20.615
-20.173
-18.719
-18.307
-18.049
-18.555
-18.922
-19.094
-17.087
-17.139
-16.538
-16.394
-16.386
-15.861
-15.283
-15.764
-15.830
-16.555
-14.527
-13.623
-14.407
-14.400
-14.321
-15.411
-13.224
-13.244
-12.375
-13.009
-13.824
-13.120
-11.673
-11.632
-10.918
-11.239
-11.481
-11.861
-9.833
-9.542
-9.118
-9.760
-34.045
-32.567
-31.940
-32.433
-34.508
-34.568
-33.733
-35.521
-34.898
-35.961
-34.780
-34.462
-34.362
-34.096
-33.754
-35.390
-31.947
-30.841
-32.241
-31.798
-32.357
-32.042
-32.375
-30.224
-29.467
-29.947
-29.163
-28.207
-27.683
-27.290
-26.652
-26.585
-25.948
-25.755
-26.596
-28.684
-29.174
-29.455
-27.690
-27.600
-28.393
-26.200
-25.564
-26.410
-24.612
-24.252
-24.839
-23.611
-23.891
-23.394
-22.206
-21.903
-22.434
-21.250
-21.837
-20.677
-20.291
-20.920
-19.550
-19.454
-19.184
-19.995
-18.392
-18.624
-17.118
-16.303
-16.604
-15.927
-17.463
-15.693
-15.526
-16.213
-14.338
-13.881
-14.416
-13.408
-13.988
-12.755
-12.672
-13.493
-12.036
-11.794
-10.774
-12.085
-11.718
-11.499
-10.953
-12.990
-13.125
-13.884
-12.939
-25.417
-26.138
-24.612
-24.846
-24.330
-25.521
-23.809
-24.331
-23.081
-23.162
-24.082
-22.595
-22.312
-21.643
-22.889
-21.488
-20.820
-22.139
-20.747
-21.408
-19.402
-19.080
-18.403
-18.847
-17.764
-17.478
-17.135
-18.038
-16.290
-15.942
-16.694
-15.083
-14.499
-14.324
-15.483
-14.540
-16.392
-15.702
-14.958
-16.642
-15.540
-16.292
-15.887
-14.055
-13.734
-13.911
-13.318
-31.504
-30.075
-30.000
-29.913
-31.636
-32.584
-30.942
-31.392
-31.535
-32.209
-31.643
-30.576
-32.580
-33.564
-32.513
-32.406
-28.717
-27.859
-28.872
-27.829
-28.299
-27.952
-28.538
-26.317
-25.462
-25.881
-25.285
-24.162
-23.536
-23.435
-22.854
-22.899
-21.998
-22.458
-21.912
-24.648
-25.247
-25.343
-23.524
-23.050
-23.337
-21.954
-21.609
-22.294
-20.486
-19.903
-20.462
-19.807
-20.067
-20.337
-18.326
-18.033
-17.810
-17.806
-17.745
-18.507
-16.414
-16.229
-16.413
-15.257
-14.338
-15.467
-15.066
-15.285
-14.756
-14.700
-14.486
-13.522
-15.264
-14.291
-15.217
-13.554
-13.725
-12.652
-14.268
-13.968
-15.028
-13.512
-13.463
-13.726
-12.356
-14.106
-13.498
-15.092
-14.271
-15.096
-13.285
-14.779
-15.077
-14.061
-15.689
-20.642
-21.097
-20.215
-19.694
-19.408
-20.037
-18.349
-18.385
-17.929
-17.352
-17.882
-17.119
-16.042
-16.270
-15.690
-14.845
-14.446
-14.075
-15.128
-15.853
-14.773
-15.153
-13.838
-14.206
-12.827
-13.768
-13.015
-14.761
-13.134
-12.053
-13.549
-13.447
-12.840
-14.520
-13.055
-12.081
-13.769
-13.061
-12.628
-14.099
-12.395
-12.610
-12.793
-10.842
-10.415
-10.415
-10.376
-24.421
-24.273
-23.508
-23.946
-24.505
-23.624
-24.499
-25.380
-25.574
-25.434
-26.496
-25.808
-23.150
-23.064
-23.019
-22.339
-25.589
-25.860
-26.367
-25.434
-26.464
-25.423
-25.262
-24.074
-23.380
-23.569
-23.668
-21.910
-21.698
-21.611
-20.627
-19.951
-20.111
-19.301
-20.892
-21.046
-21.295
-21.458
-19.674
-19.216
-19.788
-17.698
-17.317
-17.685
-19.525
-19.445
-20.323
-18.155
-17.672
-18.274
-17.079
-17.367
-16.915
-15.715
-15.228
-15.895
-14.887
-15.407
-14.915
-13.467
-13.123
-13.575
-12.510
-13.013
-11.213
-10.756
-10.264
-9.654
-10.705
-9.165
-9.665
-8.671
-8.059
-8.621
-7.423
-7.258
-6.951
-7.809
-6.058
-6.495
-5.614
-4.949
-4.744
-5.396
-3.672
-3.808
-3.293
-2.556
-1.747
-2.139
-2.927
-16.926
-17.152
-17.279
-15.481
-15.260
-15.009
-14.803
-14.765
-15.403
-13.301
-13.310
-12.980
-12.393
-12.085
-12.987
-11.124
-11.548
-10.456
-10.324
-10.813
-9.183
-8.718
-8.486
-7.430
-8.918
-8.485
-8.103
-7.827
-9.830
-10.456
-10.351
-9.961
-9.716
-11.018
-8.860
-9.025
-7.812
-9.151
-9.566
-8.286
-10.249
-9.794
-11.099
-10.642
-10.584
-9.930
-11.655
-27.004
-26.391
-26.991
-26.499
-26.077
-25.709
-25.113
-26.711
-28.411
-29.039
-28.468
-28.879
-27.119
-27.833
-26.187
-27.463
-24.928
-24.216
-24.711
-24.984
-24.151
-26.457
-24.603
-24.616
-23.337
-23.505
-22.793
-22.565
-21.832
-21.848
-20.744
-20.262
-20.144
-20.324
-20.665
-23.503
-24.319
-24.171
-22.779
-22.603
-23.051
-21.894
-22.507
-21.368
-18.605
-18.404
-18.049
-18.010
-18.285
-18.406
-16.461
-16.077
-16.124
-15.645
-15.984
-15.768
-14.135
-13.672
-13.957
-13.423
-12.676
-14.151
-12.857
-13.388
-11.681
-11.478
-10.640
-10.411
-11.028
-9.299
-9.562
-9.027
-8.174
-8.089
-8.402
-6.723
-6.375
-6.072
-6.577
-7.125
-7.160
-5.148
-4.634
-5.177
-4.171
-4.199
-3.116
-4.451
-3.576
-4.747
-5.285
-20.990
-20.373
-21.512
-19.801
-20.162
-19.188
-18.761
-19.224
-18.126
-17.753
-18.266
-17.033
-16.840
-16.261
-17.437
-15.915
-15.323
-16.601
-15.122
-15.774
-13.842
-13.504
-12.808
-11.817
-13.002
-12.670
-12.083
-13.691
-12.219
-12.739
-12.466
-10.730
-10.419
-10.448
-9.845
-9.876
-10.308
-8.436
-8.127
-8.482
-7.388
-6.582
-7.965
-6.926
-7.858
-6.398
-6.274
-31.407
-30.456
-29.473
-30.378
-32.793
-32.867
-33.083
-33.476
-31.160
-30.131
-31.324
-31.763
-31.218
-31.342
-32.064
-30.284
-30.633
-31.640
-29.949
-29.146
-29.184
-28.857
-30.473
-28.080
-26.777
-26.299
-26.886
-25.763
-26.342
-25.283
-24.905
-25.106
-24.245
-25.076
-23.966
-24.626
-24.120
-24.955
-23.525
-22.578
-22.452
-21.604
-21.102
-22.238
-23.071
-23.382
-23.005
-21.729
-21.392
-21.741
-20.730
-21.285
-20.569
-19.319
-18.864
-19.449
-18.418
-18.439
-17.388
-18.798
-17.961
-19.066
-19.899
-20.858
-19.857
-20.751
-18.599
-18.724
-17.859
-18.009
-17.066
-17.909
-18.829
-18.362
-19.844
-19.041
-19.499
-19.695
-17.699
-17.472
-17.041
-17.843
-18.270
-18.658
-16.688
-15.991
-16.999
-16.046
-16.715
-15.141
-15.651
-20.731
-20.169
-21.474
-19.811
-20.436
-19.376
-18.672
-18.302
-19.168
-17.480
-17.923
-16.919
-16.575
-16.016
-17.248
-15.638
-15.029
-16.314
-14.799
-15.403
-13.543
-13.078
-12.561
-11.872
-13.093
-11.642
-11.287
-12.244
-10.342
-9.888
-10.825
-9.361
-9.753
-8.313
-9.233
-8.549
-10.212
-8.787
-9.634
-8.742
-7.382
-7.317
-7.085
-6.345
-5.288
-6.450
-6.552
-33.337
-31.932
-31.987
-31.254
-34.333
-35.343
-34.045
-34.317
-33.423
-32.846
-32.921
-34.474
-33.742
-33.674
-34.803
-33.114
-31.166
-30.155
-31.635
-29.859
-29.020
-30.343
-31.151
-29.062
-28.886
-28.679
-29.815
-27.658
-27.845
-26.490
-25.310
-25.135
-24.329
-24.055
-24.728
-27.520
-28.454
-26.761
-27.391
-27.282
-27.404
-26.850
-27.611
-26.902
-23.103
-23.317
-22.637
-22.076
-21.882
-22.497
-20.765
-21.151
-20.244
-19.839
-19.283
-20.449
-18.711
-19.227
-18.258
-17.571
-16.782
-18.034
-16.913
-17.240
-15.762
-15.410
-15.209
-15.861
-15.012
-13.870
-14.138
-13.401
-12.810
-12.595
-13.301
-11.484
-11.697
-11.058
-10.531
-10.670
-10.827
-9.101
-8.555
-9.016
-8.271
-8.817
-8.286
-6.808
-6.859
-6.365
-6.288
-25.415
-25.464
-25.187
-24.358
-24.097
-24.756
-23.096
-23.238
-22.681
-22.083
-22.567
-21.815
-20.718
-20.255
-20.943
-19.585
-20.026
-18.937
-18.812
-19.440
-17.518
-17.151
-16.476
-16.161
-17.011
-15.219
-15.444
-14.774
-14.111
-14.547
-13.714
-12.973
-12.554
-13.435
-11.833
-12.243
-11.064
-11.224
-10.493
-12.025
-10.485
-10.576
-10.888
-8.984
-8.428
-8.520
-8.841
-29.327
-27.980
-27.722
-28.092
-30.268
-29.807
-30.306
-31.303
-29.190
-28.635
-28.623
-30.162
-29.882
-29.104
-30.078
-30.679
-26.835
-25.867
-26.802
-26.562
-26.978
-27.066
-27.035
-24.944
-24.313
-23.360
-24.905
-23.920
-24.866
-23.487
-23.716
-24.379
-23.055
-23.593
-21.982
-22.802
-23.191
-22.531
-21.643
-20.564
-20.570
-19.409
-19.362
-18.540
-23.325
-24.281
-23.486
-22.242
-22.087
-22.599
-21.023
-21.325
-20.719
-19.715
-19.350
-19.897
-18.531
-18.955
-18.203
-17.309
-17.782
-16.574
-16.551
-17.023
-15.392
-15.094
-14.416
-14.968
-13.731
-13.571
-13.082
-14.240
-12.440
-12.858
-11.881
-11.433
-11.430
-11.920
-9.982
-9.963
-9.236
-9.496
-8.437
-9.503
-10.247
-11.301
-9.859
-10.270
-10.612
-9.226
-10.787
-19.184
-19.932
-19.510
-17.769
-16.976
-17.419
-17.846
-18.215
-18.531
-16.575
-16.266
-16.856
-15.511
-15.922
-15.169
-14.191
-14.404
-13.698
-13.293
-13.792
-11.994
-11.425
-11.285
-12.077
-10.591
-10.424
-9.716
-9.828
-11.206
-11.940
-11.771
-10.269
-9.719
-9.532
-10.967
-11.752
-11.499
-10.057
-9.224
-10.648
-9.624
-10.406
-8.751
-9.274
-9.014
-8.455
-10.033
-34.569
-33.209
-32.593
-32.784
-35.528
-35.185
-35.537
-36.576
-34.436
-33.719
-33.972
-35.312
-35.169
-36.150
-34.516
-35.366
-33.109
-33.756
-33.560
-31.116
-31.976
-31.066
-31.691
-29.617
-28.836
-29.475
-28.136
-27.844
-28.445
-26.941
-27.651
-28.735
-26.701
-26.173
-27.216
-26.955
-26.626
-27.543
-25.761
-25.922
-27.005
-24.585
-24.998
-24.265
-25.736
-26.202
-25.063
-24.871
-25.562
-24.350
-23.862
-24.347
-23.184
-22.978
-22.487
-23.584
-22.067
-21.548
-22.774
-20.982
-21.578
-20.367
-20.211
-20.666
-19.198
-18.786
-18.494
-18.980
-18.532
-17.018
-16.542
-16.541
-16.624
-17.246
-16.975
-15.102
-15.113
-14.631
-14.379
-14.372
-15.107
-13.015
-13.190
-12.338
-12.301
-11.614
-12.943
-11.452
-11.103
-12.014
-10.547
-23.320
-23.418
-23.465
-21.944
-21.214
-21.662
-21.457
-22.137
-21.581
-20.043
-20.082
-19.444
-19.510
-19.247
-20.310
-18.336
-18.611
-18.121
-17.283
-17.479
-16.238
-15.699
-15.914
-16.670
-15.948
-14.447
-14.309
-13.663
-14.347
-15.318
-14.299
-13.184
-13.580
-13.083
-11.870
-11.756
-11.572
-10.832
-11.116
-11.017
-9.388
-9.172
-9.177
-8.415
-8.311
-7.406
-8.791
-31.493
-30.076
-30.173
-29.508
-32.226
-33.259
-31.965
-32.188
-31.592
-30.927
-32.594
-31.375
-32.263
-33.292
-31.801
-32.358
-29.058
-28.123
-29.437
-28.388
-28.028
-29.432
-28.758
-27.114
-26.040
-25.756
-26.301
-24.787
-25.226
-24.400
-23.771
-23.545
-23.161
-23.919
-22.385
-23.683
-23.308
-24.069
-22.525
-22.263
-22.943
-20.978
-21.190
-20.824
-22.719
-21.889
-23.583
-22.114
-21.717
-23.020
-21.139
-21.583
-20.301
-20.636
-20.476
-21.451
-19.342
-19.588
-18.573
-18.973
-19.711
-18.170
-18.543
-19.339
-17.234
-16.921
-16.089
-16.262
-15.811
-14.753
-14.880
-13.878
-14.340
-14.715
-14.757
-12.759
-12.371
-12.324
-12.087
-11.004
-12.355
-12.398
-12.849
-13.219
-11.233
-11.624
-10.935
-9.940
-9.226
-10.242
-9.250
-19.731
-19.891
-19.703
-18.326
-17.536
-18.384
-17.730
-17.339
-16.946
-18.693
-19.350
-19.273
-18.018
-18.819
-17.273
-17.288
-18.039
-16.531
-16.779
-17.607
-15.538
-15.388
-14.418
-14.763
-13.665
-13.766
-13.561
-14.408
-12.464
-11.880
-12.804
-11.557
-12.041
-11.325
-10.136
-10.265
-9.772
-9.090
-9.499
-9.222
-7.645
-7.435
-7.064
-7.140
-7.248
-7.678
-6.110
-33.807
-33.733
-34.700
-33.707
-32.478
-32.367
-31.773
-32.015
-34.281
-33.776
-34.207
-35.335
-34.714
-34.458
-34.649
-35.713
-32.562
-32.791
-32.574
-30.995
-32.168
-30.438
-31.256
-29.922
-28.961
-29.318
-28.676
-27.714
-27.690
-27.818
-27.189
-26.909
-27.005
-27.978
-26.334
-26.402
-26.525
-26.424
-25.196
-24.775
-25.532
-23.390
-22.914
-22.850
-26.444
-25.552
-27.167
-25.926
-26.713
-25.185
-25.269
-24.499
-24.817
-26.305
-27.037
-26.775
-25.658
-25.073
-26.415
-24.637
-25.032
-23.740
-24.391
-25.056
-23.425
-23.128
-22.418
-22.767
-22.375
-20.979
-21.056
-20.280
-20.314
-20.323
-20.757
-18.842
-18.203
-18.468
-18.618
-18.657
-19.326
-17.172
-17.336
-16.315
-16.654
-16.562
-17.342
-15.244
-14.494
-14.961
-15.152
-23.467
-24.020
-24.027
-22.061
-21.482
-21.435
-22.314
-22.585
-23.107
-21.098
-20.308
-20.674
-21.313
-22.122
-21.620
-20.000
-19.316
-20.124
-19.321
-19.905
-18.280
-17.835
-17.447
-17.045
-18.045
-16.302
-16.832
-16.003
-15.106
-14.564
-15.529
-14.231
-14.679
-14.194
-12.838
-12.908
-12.087
-12.273
-12.909
-12.244
-10.805
-10.094
-10.843
-10.278
-10.449
-9.227
-10.970
-26.802
-25.573
-25.698
-24.691
-26.772
-27.633
-25.949
-26.631
-27.033
-26.088
-27.900
-27.282
-27.973
-28.894
-28.114
-27.848
-25.048
-24.927
-24.022
-25.985
-26.512
-26.474
-25.996
-24.360
-23.625
-23.795
-23.799
-22.107
-21.961
-21.696
-21.171
-20.998
-20.854
-21.498
-21.086
-21.286
-21.656
-21.514
-19.921
-19.360
-19.962
-17.934
-17.361
-17.522
-19.364
-18.725
-19.163
-18.884
-19.644
-18.680
-17.603
-16.790
-17.744
-17.125
-17.908
-16.857
-15.905
-15.160
-16.173
-15.380
-15.606
-15.988
-13.855
-13.370
-13.166
-12.077
-13.685
-13.540
-14.792
-12.919
-13.325
-13.284
-11.452
-10.832
-11.335
-10.867
-11.542
-10.692
-9.498
-9.641
-9.200
-8.472
-8.348
-8.903
-7.074
-6.593
-6.430
-7.050
-7.486
-7.493
-6.028
-17.675
-17.891
-18.462
-16.299
-15.972
-15.494
-16.063
-16.992
-15.144
-16.121
-16.960
-15.204
-16.071
-15.159
-16.858
-16.038
-15.262
-17.019
-15.661
-16.412
-14.839
-14.784
-14.028
-13.237
-14.584
-13.403
-13.075
-12.577
-14.504
-15.257
-15.050
-14.064
-13.315
-13.410
-14.997
-15.564
-14.287
-16.023
-16.636
-15.476
-16.800
-16.133
-17.676
-17.477
-17.972
-18.315
-16.691
-32.769
-31.351
-31.421
-31.041
-33.164
-33.161
-34.136
-32.455
-32.912
-33.911
-32.711
-32.162
-33.669
-33.197
-33.817
-34.576
-30.368
-30.399
-29.347
-30.261
-30.488
-30.972
-30.578
-28.716
-27.872
-28.367
-27.598
-26.601
-26.816
-25.708
-25.761
-26.578
-24.504
-24.658
-23.641
-26.003
-25.662
-26.820
-24.919
-25.280
-26.411
-24.060
-24.183
-23.137
-24.456
-24.353
-25.388
-23.212
-23.336
-22.325
-22.737
-22.095
-23.579
-21.738
-21.590
-22.265
-20.422
-20.007
-20.778
-19.350
-19.895
-18.887
-18.277
-18.750
-16.956
-16.363
-16.234
-16.847
-15.368
-15.662
-16.484
-15.222
-14.565
-13.867
-14.900
-13.652
-13.214
-14.393
-12.684
-12.109
-13.269
-11.736
-11.341
-12.198
-10.453
-10.820
-9.671
-9.671
-8.792
-9.232
-10.288
-23.940
-24.320
-24.573
-22.441
-22.074
-21.849
-22.207
-22.001
-23.055
-21.041
-21.206
-20.844
-19.745
-19.400
-19.882
-18.555
-18.866
-17.848
-17.789
-18.353
-16.449
-15.989
-15.534
-14.631
-16.012
-14.987
-14.602
-15.886
-14.046
-13.116
-14.396
-13.653
-14.538
-13.322
-12.554
-12.921
-11.707
-11.994
-12.790
-11.442
-11.077
-10.163
-11.456
-10.685
-10.025
-11.573
-10.010
-33.720
-34.627
-35.290
-35.201
-33.212
-33.983
-32.827
-32.444
-34.405
-35.172
-33.650
-34.746
-32.528
-31.802
-32.734
-32.116
-33.996
-32.976
-34.628
-33.596
-33.496
-34.725
-33.786
-32.267
-31.122
-31.321
-30.751
-29.973
-30.424
-28.916
-28.415
-28.710
-27.365
-27.731
-27.033
-29.428
-28.931
-30.334
-28.493
-28.993
-30.146
-27.927
-28.464
-27.546
-26.072
-25.423
-26.458
-25.064
-25.507
-24.563
-23.993
-23.477
-24.402
-22.902
-23.308
-22.247
-22.037
-21.451
-22.710
-21.057
-20.697
-21.547
-19.814
-19.435
-19.160
-18.146
-19.571
-20.512
-19.747
-18.460
-18.851
-17.514
-18.044
-17.518
-18.948
-17.048
-17.594
-16.306
-16.252
-15.687
-16.944
-15.305
-14.655
-15.979
-14.227
-14.720
-13.717
-13.175
-12.333
-12.680
-13.593
-26.642
-26.914
-26.162
-25.543
-24.854
-25.933
-24.623
-25.247
-24.042
-23.506
-22.916
-23.909
-22.383
-22.866
-22.080
-21.188
-21.526
-20.706
-20.245
-20.767
-18.910
-18.315
-18.263
-18.535
-18.566
-16.734
-16.366
-16.411
-15.949
-16.324
-16.061
-14.419
-13.921
-13.943
-14.127
-14.611
-14.584
-12.666
-12.166
-12.159
-12.260
-12.922
-12.591
-10.793
-10.893
-10.094
-10.569
-32.364
-30.981
-30.541
-30.315
-32.188
-33.159
-31.942
-31.477
-33.220
-33.267
-32.816
-34.216
-33.061
-33.110
-32.527
-34.034
-31.020
-31.877
-31.135
-29.653
-29.681
-30.584
-29.771
-28.183
-27.278
-27.462
-27.474
-25.765
-25.301
-25.674
-25.691
-25.625
-25.660
-26.738
-25.322
-24.926
-25.385
-24.973
-23.566
-22.776
-23.103
-21.420
-20.686
-21.653
-24.962
-25.290
-25.332
-23.433
-23.192
-23.155
-22.657
-22.723
-23.178
-21.201
-20.617
-21.162
-20.530
-21.133
-20.364
-19.205
-19.302
-19.058
-18.040
-18.163
-16.806
-16.060
-16.112
-16.903
-15.320
-15.447
-14.761
-16.243
-14.650
-15.248
-13.825
-14.013
-14.824
-13.711
-12.907
-13.546
-12.744
-11.693
-11.765
-11.284
-10.561
-10.184
-10.735
-9.227
-8.987
-8.381
-9.401
-20.769
-21.470
-19.969
-20.031
-19.342
-20.768
-19.158
-19.766
-18.386
-18.299
-18.931
-17.809
-17.220
-16.342
-17.645
-16.557
-17.299
-15.890
-15.776
-15.878
-14.966
-14.416
-14.634
-14.321
-15.519
-13.487
-13.717
-12.536
-13.339
-14.347
-12.837
-12.463
-12.999
-12.333
-11.047
-11.163
-10.538
-10.156
-9.226
-10.594
-9.781
-10.516
-9.179
-8.908
-9.387
-8.754
-7.874
-29.166
-30.137
-30.474
-29.567
-29.904
-30.585
-29.204
-30.473
-28.594
-29.478
-28.111
-27.995
-28.074
-28.572
-27.320
-27.619
-31.307
-32.190
-31.779
-30.782
-30.024
-32.128
-30.938
-29.880
-30.414
-31.050
-30.961
-29.249
-29.660
-28.099
-27.259
-27.431
-25.999
-26.377
-25.308
-28.839
-29.632
-27.970
-28.544
-27.213
-26.433
-26.902
-27.799
-26.481
-25.322
-25.137
-25.969
-23.905
-24.033
-23.303
-23.028
-22.862
-23.728
-21.767
-22.007
-21.103
-21.030
-20.557
-21.746
-19.991
-20.486
-19.403
-19.016
-19.464
-17.673
-17.085
-16.822
-17.500
-15.965
-15.983
-15.590
-15.070
-16.889
-17.067
-17.886
-16.254
-15.228
-16.903
-16.143
-15.349
-15.731
-17.498
-18.245
-17.878
-17.504
-17.130
-18.560
-16.784
-17.458
-15.803
-16.550
-25.858
-26.496
-25.332
-24.868
-25.307
-24.288
-23.886
-24.363
-23.168
-23.269
-24.001
-22.503
-22.476
-21.566
-22.099
-23.173
-24.199
-22.537
-23.446
-24.278
-22.850
-23.003
-21.772
-21.761
-20.777
-21.992
-22.976
-21.192
-21.857
-22.608
-20.818
-22.015
-21.224
-22.992
-21.966
-21.273
-22.938
-21.657
-20.877
-22.543
-21.156
-21.948
-20.215
-20.971
-20.527
-21.930
-20.214
-27.761
-27.019
-26.484
-26.278
-28.828
-29.518
-28.464
-29.430
-26.815
-26.350
-27.310
-26.128
-28.501
-29.243
-28.907
-27.927
-27.816
-28.359
-27.030
-28.243
-28.491
-28.898
-28.653
-26.754
-25.890
-26.201
-25.923
-24.462
-24.216
-24.502
-23.867
-23.487
-23.704
-24.774
-23.299
-23.305
-23.718
-23.210
-22.100
-21.265
-21.267
-20.128
-20.061
-20.586
-22.799
-21.752
-23.084
-22.870
-23.905
-22.547
-21.927
-22.129
-22.139
-20.406
-20.164
-20.352
-19.665
-20.077
-19.797
-18.108
-17.715
-17.593
-17.679
-17.592
-17.392
-17.081
-17.343
-17.854
-18.009
-15.915
-15.433
-15.379
-15.674
-14.617
-16.258
-16.182
-17.293
-15.634
-15.864
-14.888
-16.673
-15.948
-15.171
-15.762
-17.368
-17.949
-17.774
-17.408
-18.426
-16.799
-16.770
-18.737
-18.415
-18.893
-17.633
-17.985
-17.379
-16.432
-16.031
-16.861
-15.338
-15.037
-15.723
-14.135
-14.033
-13.245
-14.410
-13.633
-15.407
-14.192
-14.996
-13.299
-13.497
-12.225
-11.238
-12.232
-12.444
-11.727
-13.448
-12.008
-11.061
-12.717
-11.608
-12.544
-10.944
-10.738
-11.417
-10.055
-9.941
-9.036
-9.703
-10.753
-11.117
-9.995
-11.887
-12.368
-11.485
-12.594
-36.756
-35.297
-35.298
-34.655
-37.658
-37.735
-38.686
-37.363
-36.710
-36.291
-37.746
-36.172
-37.289
-38.328
-36.745
-37.349
-34.654
-34.574
-33.564
-35.134
-35.548
-35.752
-35.306
-33.631
-32.981
-32.350
-33.726
-31.962
-31.467
-30.951
-29.729
-29.264
-28.861
-29.409
-28.641
-32.746
-33.466
-33.360
-31.877
-31.209
-31.161
-30.488
-30.507
-31.133
-27.568
-27.043
-27.850
-26.630
-27.101
-26.415
-25.256
-24.846
-25.510
-24.245
-23.400
-24.808
-23.650
-24.447
-23.108
-22.616
-21.828
-23.129
-22.144
-22.883
-20.882
-20.769
-19.645
-18.778
-19.586
-19.394
-20.145
-19.224
-18.106
-17.587
-18.415
-17.193
-16.476
-17.794
-16.425
-17.071
-16.142
-15.238
-14.551
-15.366
-14.726
-15.641
-14.284
-13.841
-12.815
-14.240
-13.751
-29.121
-29.180
-28.735
-28.034
-28.024
-28.416
-26.685
-26.741
-26.377
-25.685
-26.361
-25.349
-24.566
-25.029
-23.981
-23.728
-22.960
-24.362
-23.142
-23.799
-22.049
-21.754
-21.068
-20.199
-21.453
-20.355
-21.024
-19.933
-19.074
-19.081
-18.230
-18.842
-18.543
-19.803
-17.719
-16.757
-17.898
-17.773
-18.675
-16.897
-17.873
-17.078
-18.781
-17.938
-18.034
-18.843
-17.054
-30.900
-29.459
-29.643
-28.889
-31.531
-32.569
-31.548
-31.045
-31.660
-32.703
-31.226
-31.589
-30.837
-30.389
-31.769
-30.208
-28.585
-28.677
-27.559
-29.347
-30.575
-29.204
-29.154
-28.111
-27.002
-26.795
-27.164
-25.721
-24.906
-25.662
-25.396
-25.196
-25.385
-24.895
-26.426
-25.473
-26.134
-25.812
-23.999
-23.607
-24.426
-22.084
-21.665
-21.759
-24.531
-24.724
-24.712
-23.048
-22.678
-22.757
-22.313
-22.810
-22.258
-20.936
-20.218
-20.901
-20.205
-19.311
-20.879
-19.831
-20.886
-19.319
-19.018
-19.433
-17.897
-17.495
-17.071
-17.152
-17.589
-15.638
-15.649
-15.077
-14.783
-15.149
-13.700
-14.863
-14.521
-15.855
-13.828
-12.889
-13.894
-13.985
-14.941
-14.148
-12.938
-11.868
-12.952
-13.310
-14.358
-13.143
-12.613
-21.465
-21.814
-21.754
-19.928
-19.608
-19.457
-19.248
-19.730
-19.502
-17.740
-17.291
-17.237
-17.536
-18.278
-16.487
-17.625
-18.655
-17.002
-17.119
-16.028
-17.792
-17.255
-19.257
-19.713
-19.901
-19.707
-20.808
-19.293
-19.546
-20.061
-18.444
-20.276
-19.875
-21.368
-20.169
-19.086
-20.578
-21.098
-22.069
-20.657
-21.352
-20.487
-22.172
-21.814
-21.648
-22.885
-21.234
-36.041
-35.353
-34.782
-36.099
-37.096
-37.884
-37.515
-36.593
-35.075
-35.638
-34.240
-34.559
-36.680
-37.525
-37.061
-35.988
-34.339
-34.947
-34.011
-32.084
-31.451
-32.583
-33.258
-31.106
-29.699
-29.385
-29.373
-28.914
-29.337
-29.234
-28.875
-28.606
-28.957
-30.030
-28.713
-27.402
-26.943
-27.013
-27.000
-27.119
-27.414
-26.792
-27.562
-26.952
-28.046
-27.713
-28.491
-26.689
-26.324
-25.901
-26.779
-27.069
-27.537
-25.488
-25.190
-24.753
-25.694
-26.159
-26.372
-24.446
-23.769
-24.756
-23.783
-24.447
-22.533
-22.150
-21.568
-22.086
-20.928
-20.630
-21.225
-20.082
-19.478
-19.904
-19.064
-18.390
-18.067
-18.653
-17.097
-17.429
-16.690
-16.044
-15.915
-16.335
-14.764
-14.197
-14.964
-13.910
-12.892
-14.328
-13.773
-25.354
-25.302
-24.703
-24.906
-25.307
-25.450
-23.362
-22.981
-22.790
-22.892
-23.310
-23.336
-21.345
-20.895
-20.910
-21.049
-19.967
-21.550
-21.655
-22.699
-21.057
-21.501
-19.541
-19.384
-18.850
-19.361
-19.691
-19.957
-17.920
-17.319
-17.517
-17.557
-18.278
-17.752
-16.059
-15.821
-15.377
-15.732
-16.426
-15.950
-14.252
-13.618
-13.947
-13.761
-14.233
-14.179
-12.676
-27.204
-26.928
-25.995
-27.752
-28.515
-29.026
-29.203
-28.522
-27.402
-27.987
-27.800
-26.501
-26.149
-26.586
-25.320
-25.704
-26.499
-26.184
-25.563
-27.007
-27.777
-27.224
-27.488
-25.472
-24.876
-24.111
-25.687
-24.185
-25.003
-23.621
-22.702
-22.113
-22.688
-22.302
-23.749
-23.196
-22.519
-23.654
-22.390
-22.845
-23.833
-22.024
-21.988
-22.383
-21.894
-22.168
-20.855
-21.990
-21.259
-23.069
-21.537
-22.183
-21.656
-20.022
-19.456
-19.893
-19.512
-19.800
-19.943
-17.966
-17.792
-17.449
-17.325
-17.792
-16.158
-15.829
-15.197
-14.910
-15.619
-13.844
-13.353
-13.156
-13.864
-14.038
-14.723
-12.544
-12.521
-12.602
-11.277
-10.384
-11.385
-11.080
-12.051
-10.981
-9.914
-9.800
-9.050
-9.859
-8.990
-9.672
-10.809
-20.611
-20.185
-20.713
-19.790
-20.345
-19.859
-18.312
-17.738
-18.078
-17.963
-18.181
-18.601
-16.501
-16.367
-16.420
-15.483
-15.550
-15.680
-14.074
-13.926
-13.016
-12.022
-12.991
-13.986
-12.168
-12.936
-13.689
-13.160
-11.540
-11.242
-10.873
-11.355
-12.081
-10.311
-11.561
-12.565
-10.892
-11.372
-11.419
-12.153
-10.052
-10.295
-9.183
-9.952
-9.800
-10.881
-9.149
-29.252
-28.361
-27.344
-28.519
-29.062
-29.253
-28.065
-29.703
-30.654
-30.794
-31.315
-30.748
-28.950
-29.704
-28.693
-28.022
-28.544
-29.511
-27.710
-29.232
-30.489
-29.470
-28.502
-28.288
-26.985
-26.789
-27.044
-25.841
-25.873
-25.900
-25.535
-25.277
-25.368
-26.344
-24.698
-24.553
-24.553
-24.502
-23.275
-22.628
-23.059
-21.266
-21.417
-20.740
-24.874
-25.515
-24.941
-23.381
-23.446
-23.099
-22.409
-22.590
-22.546
-20.952
-20.280
-20.751
-20.485
-21.186
-20.456
-19.080
-18.875
-18.310
-18.797
-19.500
-17.887
-17.813
-16.892
-17.022
-17.251
-15.476
-15.475
-15.298
-14.350
-14.200
-14.807
-12.996
-12.220
-13.095
-12.292
-12.955
-12.014
-10.993
-10.408
-11.320
-10.057
-10.735
-9.427
-9.065
-8.337
-8.704
-9.680
-20.411
-20.771
-20.389
-18.970
-18.586
-19.010
-18.146
-18.448
-18.068
-16.655
-16.603
-16.267
-15.722
-16.169
-15.822
-14.285
-14.312
-13.996
-13.377
-13.366
-12.647
-12.099
-12.701
-13.659
-11.813
-12.466
-11.549
-13.404
-12.223
-11.450
-13.087
-11.857
-12.457
-10.789
-12.009
-11.570
-13.048
-11.228
-10.999
-10.190
-11.652
-10.904
-11.696
-13.025
-13.741
-13.184
-13.395
-22.016
-21.650
-20.842
-21.239
-23.146
-22.812
-23.856
-23.617
-20.824
-21.173
-19.977
-20.457
-22.415
-22.588
-21.704
-23.357
-22.749
-23.413
-22.198
-23.204
-24.425
-22.532
-23.490
-22.113
-21.268
-21.196
-21.583
-19.873
-20.139
-19.191
-18.766
-19.265
-17.749
-18.271
-17.076
-18.985
-18.523
-19.554
-17.855
-18.194
-19.309
-16.959
-16.116
-16.918
-16.988
-17.783
-16.490
-15.957
-15.236
-16.427
-15.122
-14.679
-15.728
-13.922
-14.255
-13.324
-12.980
-12.787
-13.622
-11.733
-11.452
-12.088
-10.549
-10.170
-9.915
-9.020
-10.127
-9.345
-11.121
-9.999
-8.988
-10.056
-11.002
-11.176
-10.779
-12.487
-12.403
-13.039
-13.287
-13.673
-12.774
-14.635
-14.357
-15.272
-15.330
-14.659
-16.284
-15.660
-16.523
-14.798
-15.779
-16.892
-17.553
-17.325
-15.488
-15.559
-14.839
-14.763
-13.666
-14.906
-15.313
-14.944
-16.422
-14.872
-15.117
-13.781
-15.460
-14.962
-16.465
-15.393
-14.467
-16.382
-16.081
-17.869
-18.262
-18.057
-18.724
-18.469
-19.809
-18.443
-17.364
-18.645
-19.378
-19.087
-20.404
-19.559
-20.035
-20.309
-18.245
-18.439
-17.598
-17.533
-17.384
-18.149
-16.180
-15.537
-15.596
-16.411
-30.879
-29.489
-28.781
-29.275
-31.296
-32.367
-31.067
-30.800
-31.846
-32.839
-31.575
-31.843
-31.034
-31.094
-30.208
-31.884
-29.035
-27.978
-29.020
-30.315
-31.589
-30.274
-29.778
-29.299
-27.880
-27.607
-27.628
-27.180
-27.619
-25.744
-25.333
-26.011
-23.845
-23.607
-23.365
-27.376
-27.357
-28.395
-26.390
-26.538
-27.323
-25.590
-25.921
-25.708
-23.089
-23.229
-23.400
-21.575
-21.288
-21.168
-20.764
-21.017
-20.988
-19.299
-18.993
-19.224
-18.418
-18.760
-18.713
-16.902
-16.802
-16.702
-16.011
-16.040
-15.180
-14.644
-14.872
-15.681
-14.653
-13.527
-13.337
-12.654
-13.598
-13.498
-14.623
-12.526
-12.841
-11.545
-12.674
-12.514
-13.701
-11.635
-11.909
-11.733
-10.143
-9.657
-10.051
-9.445
-8.533
-10.075
-9.186
-24.116
-23.476
-24.073
-23.505
-24.056
-23.457
-22.002
-21.550
-21.760
-21.494
-21.503
-22.265
-20.176
-20.123
-19.421
-19.736
-19.837
-18.647
-20.616
-21.619
-20.501
-21.195
-19.213
-18.609
-19.432
-18.262
-18.561
-18.043
-16.912
-17.210
-16.272
-15.854
-16.432
-15.249
-14.990
-15.768
-14.283
-14.277
-14.996
-13.548
-13.563
-13.252
-12.688
-14.467
-14.038
-14.565
-15.476
-31.212
-30.005
-30.117
-29.212
-32.423
-32.140
-32.868
-33.177
-30.821
-30.010
-30.463
-31.654
-31.543
-32.538
-30.808
-31.501
-29.481
-29.304
-28.445
-30.326
-31.034
-30.709
-30.240
-28.818
-28.307
-27.579
-29.047
-27.588
-28.328
-26.729
-26.662
-27.380
-25.281
-25.347
-24.511
-26.785
-26.086
-27.407
-26.210
-26.477
-27.167
-25.830
-26.489
-25.876
-24.831
-24.598
-25.567
-23.532
-23.426
-23.560
-22.161
-22.092
-21.988
-20.933
-20.531
-21.171
-19.757
-19.969
-19.453
-18.577
-18.521
-18.913
-17.239
-17.315
-16.050
-15.150
-15.669
-15.227
-16.493
-14.537
-14.946
-13.584
-14.213
-13.731
-15.103
-13.219
-13.557
-12.274
-12.895
-13.856
-12.407
-11.890
-10.924
-12.273
-11.871
-11.538
-11.132
-13.191
-13.856
-13.111
-13.581
-24.421
-24.505
-23.724
-23.903
-23.543
-24.695
-22.792
-23.264
-22.012
-22.106
-22.766
-21.877
-20.874
-20.355
-21.362
-19.872
-19.891
-20.472
-18.537
-18.625
-17.319
-16.428
-17.041
-16.279
-17.889
-16.407
-15.518
-16.175
-17.461
-17.689
-18.321
-16.907
-16.715
-15.898
-17.910
-17.598
-18.915
-17.695
-16.696
-17.586
-18.796
-19.644
-18.940
-18.719
-19.593
-17.902
-18.474
