9.106
7.947
7.040
8.138
8.911
8.041
9.689
8.964
10.418
10.714
10.452
11.157
9.130
9.415
8.114
9.729
7.606
6.637
7.472
9.003
9.072
10.217
8.696
7.767
7.493
7.430
8.299
6.181
6.139
5.185
4.334
4.437
3.075
3.328
2.952
6.024
6.399
6.683
4.623
4.315
5.119
2.780
2.270
2.761
1.689
1.562
1.801
0.499
-0.438
0.751
0.067
0.948
-0.313
-1.047
-0.628
-1.162
-2.406
-2.724
-2.183
-3.435
-3.052
-3.526
-4.747
-4.634
-5.960
-6.830
-6.259
-6.957
-5.358
-6.816
-7.048
-6.060
-8.164
-7.990
-9.013
-8.583
-8.624
-7.851
-9.983
-10.193
-10.627
-10.477
-11.490
-10.533
-9.550
-8.470
-9.668
-9.843
-9.269
-10.906
-9.636
2.206
2.130
2.864
0.800
0.791
0.578
-0.417
-0.077
-1.035
-1.227
-0.820
-1.343
-2.637
-3.257
-2.539
-3.369
-2.813
-4.213
-3.895
-3.326
-5.068
-5.354
-5.934
-5.315
-6.502
-6.990
-6.475
-7.529
-8.144
-7.646
-8.603
-9.169
-9.958
-9.655
-8.727
-8.162
-9.693
-7.996
-7.071
-8.386
-7.553
-8.514
-6.945
-7.009
-5.964
-7.783
-6.981
12.472
12.228
13.026
12.037
13.825
14.001
13.899
14.668
12.318
12.837
11.284
12.875
11.418
10.427
11.187
11.899
10.985
11.148
10.891
9.622
9.753
10.493
9.803
8.083
7.551
8.150
7.466
6.056
5.440
6.164
5.050
4.084
5.194
5.810
5.899
5.588
6.326
5.716
4.288
3.264
3.394
2.061
2.204
2.083
3.877
4.285
3.187
3.095
2.793
3.789
1.912
2.178
1.226
1.195
0.652
1.904
0.255
0.673
0.115
-1.105
-1.018
-1.627
-1.931
-1.807
-2.499
-3.141
-2.640
-1.852
-2.510
-4.038
-4.888
-4.256
-4.124
-5.065
-3.251
-4.304
-4.389
-3.443
-5.646
-5.474
-6.217
-6.519
-6.854
-6.033
-7.674
-7.205
-7.936
-8.915
-9.594
-9.386
-8.676
0.692
0.579
-0.151
0.491
0.915
1.104
-1.048
-1.243
-1.503
-1.361
-0.976
-0.943
-2.828
-2.984
-3.194
-3.624
-3.226
-3.796
-5.014
-5.044
-6.214
-6.991
-6.420
-5.491
-6.760
-7.675
-7.584
-8.588
-7.736
-8.205
-8.529
-6.540
-6.110
-5.723
-6.711
-5.863
-7.640
-7.034
-6.228
-8.026
-6.872
-5.866
-6.754
-7.880
-7.555
-8.948
-7.834
12.175
11.252
10.227
11.317
11.800
12.622
10.857
11.744
12.123
11.108
12.591
12.584
13.575
14.316
13.730
13.850
11.411
12.448
10.726
9.883
9.867
9.497
11.298
8.950
7.589
7.007
7.513
6.961
7.680
6.723
6.269
6.304
5.822
6.592
4.899
5.720
6.002
5.338
4.615
3.807
4.012
2.686
3.005
1.800
5.506
4.534
6.237
5.458
5.024
6.513
4.736
5.313
4.736
3.259
2.759
3.263
2.469
2.856
2.499
0.924
0.407
0.592
0.452
1.200
-0.816
-0.976
-2.093
-2.331
-1.860
-3.316
-3.467
-4.259
-3.363
-2.956
-2.636
-4.833
-5.407
-4.823
-5.465
-4.917
-5.548
-6.906
-7.503
-6.861
-7.698
-7.911
-8.712
-7.126
-7.535
-7.368
-6.026
2.306
3.203
1.681
1.351
1.650
1.286
-0.035
-0.425
-0.006
-1.168
-1.300
-0.990
-2.553
-2.663
-2.628
-3.610
-3.465
-4.604
-3.445
-2.725
-4.256
-4.064
-5.498
-6.267
-5.998
-5.171
-4.564
-4.623
-6.481
-7.014
-6.237
-7.370
-6.788
-7.930
-8.461
-8.024
-9.056
-9.376
-8.736
-10.053
-10.209
-11.006
-10.742
-9.346
-9.941
-8.939
-8.536
11.962
10.927
11.051
11.114
11.596
12.341
10.570
11.446
11.726
12.136
10.661
12.195
13.368
13.412
13.559
14.081
9.387
8.936
9.115
9.203
10.028
9.716
9.129
7.666
6.872
6.084
7.477
6.119
6.915
5.449
5.139
5.643
4.175
4.756
3.972
5.165
4.549
5.902
4.356
4.885
5.846
4.060
3.493
4.701
2.816
2.750
2.438
1.721
1.723
2.139
0.395
0.382
0.054
-0.668
-0.947
-0.246
-1.950
-1.789
-2.211
-3.203
-4.130
-3.311
-2.950
-2.105
-3.790
-3.472
-5.088
-5.101
-5.294
-6.150
-5.933
-6.047
-7.562
-7.836
-7.458
-8.604
-8.079
-8.793
-9.886
-9.645
-10.528
-10.858
-10.938
-10.328
-12.332
-12.304
-12.753
-13.334
-14.390
-13.315
-12.997
3.012
3.417
2.778
1.645
1.349
1.791
0.582
0.741
0.703
-0.796
-0.987
-0.871
-1.886
-1.766
-2.813
-2.195
-2.967
-1.304
-2.641
-1.911
-3.910
-3.981
-5.180
-5.626
-4.840
-6.125
-5.606
-6.411
-7.449
-7.224
-7.817
-8.613
-8.343
-9.403
-9.206
-8.512
-9.796
-10.363
-10.041
-11.262
-10.718
-11.408
-9.811
-11.541
-11.966
-10.923
-12.321
12.668
11.493
10.634
11.603
12.820
12.641
13.751
12.003
12.596
11.626
13.338
12.765
13.878
13.976
14.809
13.858
11.184
12.093
10.442
9.267
8.922
8.911
10.790
8.661
7.807
8.351
7.511
6.452
5.959
5.732
5.049
5.038
4.178
3.386
4.838
6.608
7.315
7.145
5.344
4.740
5.182
3.564
3.521
3.888
3.427
4.136
2.608
2.889
2.079
3.720
2.172
1.874
2.843
1.088
1.543
0.582
0.053
-0.877
-0.282
0.413
1.334
0.572
-0.780
-0.631
-1.937
-2.735
-2.403
-2.933
-1.479
-3.363
-3.451
-2.943
-4.824
-4.733
-5.128
-5.957
-5.994
-5.644
-7.330
-7.421
-7.588
-8.403
-8.191
-8.467
-9.834
-9.898
-9.872
-10.862
-11.900
-10.758
-10.578
2.213
1.811
2.353
1.024
1.271
1.128
-0.367
-0.324
-1.061
-0.910
-0.078
-0.950
-2.268
-2.474
-2.191
-3.413
-3.086
-3.487
-4.701
-4.710
-5.868
-6.760
-6.119
-6.604
-5.189
-6.936
-6.838
-6.560
-8.434
-8.837
-8.658
-9.245
-9.094
-10.299
-9.077
-8.128
-8.994
-10.228
-10.677
-10.985
-9.724
-8.769
-10.429
-9.440
-9.621
-10.298
-8.448
9.210
8.974
9.862
8.265
9.933
9.360
10.114
10.933
10.115
10.059
9.746
11.160
7.901
7.288
8.053
7.381
8.202
7.135
8.228
9.925
10.927
10.383
8.703
9.328
8.367
8.386
8.665
6.873
6.823
6.522
5.445
4.864
5.157
4.432
6.140
6.006
6.053
6.429
4.568
4.234
5.097
2.741
2.533
2.314
4.526
4.540
5.091
3.102
3.117
2.543
2.395
2.375
3.118
0.997
0.520
1.218
0.006
0.303
-0.052
-1.409
-1.776
-1.538
-2.353
-1.975
-3.500
-4.084
-3.921
-3.454
-4.997
-3.823
-4.068
-4.496
-2.335
-1.784
-1.831
-2.103
-1.001
-2.653
-2.558
-2.503
-3.535
-1.716
-1.349
-0.960
-2.709
-3.459
-3.224
-2.048
-1.648
-2.693
-1.174
2.164
2.782
2.296
0.658
0.635
0.316
-0.357
-0.302
-0.070
-1.841
-2.146
-1.898
-2.752
-2.203
-2.678
-4.198
-4.323
-4.772
-4.755
-4.000
-5.980
-6.204
-7.112
-6.835
-7.933
-7.585
-8.129
-6.692
-8.455
-9.302
-7.952
-9.213
-8.681
-9.275
-10.651
-11.176
-11.131
-10.627
-10.065
-10.068
-11.991
-11.848
-12.689
-12.645
-11.836
-13.526
-12.939
10.449
9.792
9.907
10.313
10.705
9.817
10.965
11.446
11.815
11.642
12.509
12.301
9.739
9.575
8.764
10.298
8.300
7.864
7.766
8.605
9.995
8.431
8.244
7.598
6.185
6.099
5.965
5.255
5.351
5.624
5.561
5.315
5.717
5.648
6.726
3.756
3.530
3.472
2.978
2.486
2.659
1.666
1.851
1.950
4.549
4.964
4.543
3.161
2.796
3.321
2.133
2.337
2.248
0.671
0.600
0.458
-0.421
0.029
-0.571
-1.763
-1.625
-2.313
-2.620
-2.016
-3.935
-4.372
-4.855
-4.287
-5.585
-5.661
-5.982
-4.990
-6.863
-7.208
-6.602
-8.092
-7.881
-8.318
-9.203
-9.379
-8.877
-10.535
-10.407
-10.831
-11.410
-11.281
-11.039
-12.862
-13.547
-13.149
-13.060
0.221
0.218
-0.398
-0.494
-0.316
0.068
-1.899
-1.845
-2.599
-2.374
-1.698
-2.314
-3.834
-4.439
-3.943
-4.470
-4.422
-3.748
-5.846
-5.892
-6.924
-7.878
-7.127
-6.252
-7.750
-7.921
-7.361
-7.982
-9.373
-9.444
-9.753
-10.272
-10.227
-9.772
-11.721
-11.703
-12.155
-12.460
-13.423
-12.080
-12.684
-11.698
-13.125
-13.558
-14.568
-12.939
-13.821
7.221
6.195
5.330
6.627
8.534
9.235
9.003
8.248
7.423
7.906
6.575
7.944
6.695
7.463
5.789
6.425
5.695
4.705
5.612
6.990
8.208
7.084
6.686
5.740
5.113
4.543
5.722
4.000
4.435
2.917
2.568
2.975
1.497
1.710
0.575
3.281
2.942
3.956
2.135
1.397
1.814
0.153
0.441
-0.478
1.265
1.421
2.156
0.065
-0.077
-0.775
0.125
1.073
-0.762
-0.187
-1.112
0.596
-0.190
0.288
0.471
-1.623
-1.522
-2.102
-2.468
-2.066
-3.614
-3.967
-4.353
-3.716
-5.046
-5.126
-4.355
-5.757
-6.032
-6.539
-5.593
-7.121
-6.642
-7.614
-8.332
-9.128
-8.664
-8.100
-7.373
-8.989
-7.730
-8.610
-6.981
-7.085
-6.152
-7.839
-6.626
-0.796
-1.708
-0.308
-1.358
-0.592
-1.886
-2.338
-3.208
-1.807
-2.703
-1.863
-2.904
-3.978
-4.677
-3.682
-4.434
-5.386
-4.519
-3.314
-2.806
-2.974
-2.120
-3.475
-3.806
-4.222
-2.345
-1.788
-1.590
-2.890
-3.340
-3.682
-1.821
-2.251
-1.378
-0.764
-1.293
-0.351
0.390
-0.028
0.586
1.719
2.196
2.290
1.534
1.523
2.324
0.552
5.679
5.446
4.606
6.340
6.927
6.953
7.822
6.995
5.779
4.877
6.688
5.873
4.597
3.687
4.377
4.681
5.440
5.049
4.742
7.850
8.022
8.966
6.683
7.334
7.435
7.278
8.475
6.496
6.766
5.155
4.225
4.376
2.858
2.749
2.907
6.553
7.630
5.952
6.189
5.067
4.530
4.554
5.210
4.539
1.778
2.030
1.508
0.497
0.223
0.733
-0.610
-0.165
-0.955
-1.747
-2.435
-1.329
-2.704
-2.006
-3.216
-3.680
-4.448
-3.144
-4.477
-3.976
-5.832
-6.289
-6.816
-6.284
-7.314
-7.910
-7.323
-8.491
-9.020
-9.628
-8.422
-9.976
-10.314
-9.423
-11.216
-11.026
-11.737
-12.147
-12.124
-11.743
-13.646
-14.116
-13.645
-14.417
-14.030
-14.161
-15.505
3.194
3.189
2.626
2.472
3.176
1.925
1.443
0.619
1.846
0.679
1.393
-0.152
0.114
-0.408
0.854
-0.924
-1.586
-1.512
-0.378
-0.334
0.059
0.469
0.161
1.088
0.149
-1.110
-1.199
-2.005
-1.059
-0.095
-1.036
-2.128
-2.201
-3.109
-1.984
-0.928
-2.176
-2.716
-2.415
-2.415
-4.259
-4.623
-4.487
-5.049
-4.630
-6.156
-4.899
13.495
12.450
11.505
12.261
13.729
13.852
12.863
14.599
14.774
15.303
15.450
14.620
13.065
12.251
13.799
12.593
12.827
13.846
12.184
11.425
11.199
11.251
12.795
10.340
8.962
8.283
8.812
8.350
9.156
7.840
7.085
6.928
6.416
7.281
5.866
7.211
7.567
7.011
5.921
5.766
6.568
4.294
3.709
4.053
5.618
6.158
5.569
4.193
4.158
3.734
3.212
3.414
3.458
1.736
1.590
1.482
0.890
1.046
1.238
-0.522
-1.061
-0.390
-1.310
-0.697
-2.644
-3.032
-3.614
-3.183
-4.057
-4.799
-4.654
-5.493
-5.483
-5.487
-4.870
-6.996
-7.675
-7.448
-7.059
-6.410
-8.106
-6.674
-5.626
-6.718
-7.515
-8.576
-7.258
-7.284
-7.832
-6.195
-7.644
3.781
4.093
4.189
2.238
1.812
1.968
1.595
2.171
1.836
0.117
-0.192
-0.515
-0.193
0.169
0.351
-1.722
-2.227
-2.134
-2.209
-1.729
-2.835
-2.908
-3.363
-2.810
-3.295
-4.848
-5.142
-5.085
-5.849
-6.046
-5.436
-7.191
-7.118
-7.368
-8.292
-8.041
-8.321
-9.623
-10.008
-10.367
-9.640
-8.959
-9.224
-11.032
-10.959
-11.483
-11.550
5.504
6.695
7.502
7.168
5.947
5.211
6.851
6.156
4.932
4.693
5.747
4.242
4.404
3.868
4.742
3.744
6.677
7.760
6.190
7.072
8.351
7.048
6.191
6.225
5.238
5.600
5.179
3.872
3.848
2.927
2.848
3.138
2.328
2.452
3.013
3.352
3.461
3.931
1.944
1.158
1.522
-0.131
-0.055
-0.311
0.776
0.851
0.638
-0.226
-0.186
0.140
-1.576
-1.503
-1.897
-2.760
-2.897
-2.272
-4.064
-3.992
-4.528
-4.883
-5.088
-4.298
-6.127
-5.882
-7.386
-8.115
-7.802
-7.145
-7.776
-9.268
-9.985
-9.436
-9.441
-8.853
-8.993
-10.929
-11.063
-11.519
-11.378
-11.017
-10.882
-12.836
-13.067
-13.436
-13.304
-14.366
-13.214
-12.734
-11.642
-12.944
-13.114
-1.254
-1.278
-2.192
-1.278
-1.195
-0.432
-2.654
-2.513
-3.016
-3.791
-3.620
-3.848
-5.138
-5.245
-5.194
-6.388
-6.499
-6.150
-7.625
-7.610
-8.505
-9.320
-8.634
-8.284
-9.696
-7.770
-7.945
-6.699
-8.094
-9.195
-7.661
-7.465
-7.909
-7.748
-5.886
-5.615
-5.493
-5.207
-5.748
-5.490
-3.768
-3.071
-3.725
-3.292
-2.217
-3.782
-3.500
6.352
5.111
4.453
4.493
7.390
6.897
7.588
8.221
5.998
6.799
5.335
5.580
7.066
7.786
6.290
7.537
5.368
5.871
4.350
5.744
5.173
6.902
6.191
4.519
3.839
3.846
4.309
2.346
2.273
1.709
2.061
2.670
1.313
1.599
0.226
1.516
1.976
0.485
1.626
0.536
-0.455
0.729
0.834
1.531
1.531
2.554
1.171
0.739
-0.324
1.258
0.718
1.686
-0.028
0.285
-0.790
0.895
0.848
1.943
0.360
0.488
-0.608
1.083
0.870
1.232
0.935
1.207
0.577
0.486
1.296
-0.784
-0.595
-0.941
-1.993
-2.065
-1.801
-3.364
-3.354
-3.648
-4.577
-4.375
-5.341
-5.045
-4.122
-5.711
-5.809
-6.291
-5.086
-6.935
-7.593
-7.445
-6.576
-0.502
-1.434
-0.497
-0.659
0.315
-0.826
-1.937
-1.862
-1.729
-3.262
-3.310
-3.350
-4.598
-4.633
-5.486
-4.813
-3.928
-4.648
-6.092
-6.030
-7.296
-8.138
-7.618
-6.791
-8.489
-8.086
-8.609
-7.186
-9.163
-9.933
-8.616
-9.873
-10.071
-9.124
-11.217
-11.813
-11.801
-11.053
-10.211
-10.620
-12.403
-12.076
-13.221
-12.762
-13.182
-11.861
-13.527
11.896
12.414
13.253
12.849
12.960
13.592
12.578
13.553
11.223
11.979
10.860
10.370
10.870
10.128
11.336
10.469
11.424
11.908
11.045
9.048
8.381
9.444
10.359
8.108
8.107
8.929
8.472
6.679
6.762
5.577
5.342
5.708
4.513
5.262
3.719
6.536
6.831
7.386
5.294
4.233
4.199
3.090
2.952
3.305
3.854
3.172
4.702
3.116
3.869
2.323
2.562
2.245
3.377
1.338
1.500
0.495
0.956
0.805
1.845
-0.393
-0.467
-0.391
-1.693
-1.546
-2.979
-3.858
-3.343
-2.556
-3.664
-4.594
-4.887
-5.342
-4.506
-4.113
-3.808
-5.868
-6.263
-6.530
-5.877
-5.515
-5.023
-7.175
-6.995
-7.376
-8.331
-8.976
-7.932
-9.152
-10.204
-8.751
-9.047
1.708
1.808
1.017
1.040
1.507
0.010
0.947
0.939
1.879
-0.255
-0.439
-1.249
0.028
0.327
1.011
-1.054
-1.386
-0.569
-2.177
-1.803
-3.417
-4.175
-4.135
-4.629
-3.394
-5.144
-5.972
-5.650
-4.605
-4.077
-3.804
-5.699
-6.580
-5.263
-6.125
-6.142
-5.387
-7.450
-7.430
-7.522
-8.767
-8.890
-8.512
-10.009
-9.965
-10.091
-10.883
11.215
9.835
9.611
9.863
11.688
11.086
12.687
11.726
12.182
11.922
12.113
13.203
11.347
11.301
10.571
12.287
8.737
8.798
7.753
8.826
9.586
9.369
8.588
7.375
6.251
6.358
5.414
5.745
6.442
4.433
4.452
5.374
2.956
2.576
2.438
5.650
4.931
6.664
5.217
4.465
4.517
3.586
2.861
4.367
2.799
3.232
3.459
1.303
0.912
0.709
1.269
1.286
2.130
-0.033
0.207
-0.893
-0.327
-0.130
0.420
-1.711
-1.881
-2.494
-1.844
-1.499
-2.441
-2.465
-2.992
-2.982
-2.484
-4.505
-4.712
-4.560
-5.457
-5.097
-5.382
-6.904
-7.283
-6.859
-7.804
-7.380
-7.795
-9.207
-9.786
-9.633
-9.381
-8.820
-9.027
-10.852
-11.071
-10.959
-11.519
2.790
1.884
3.467
2.310
3.255
1.746
1.401
0.438
1.809
1.391
1.058
2.451
0.371
0.437
-0.626
0.687
1.798
0.449
0.197
1.078
-1.042
-1.239
-2.256
-3.054
-2.046
-2.855
-2.035
-3.086
-4.158
-4.839
-4.615
-3.712
-2.810
-3.335
-4.818
-5.587
-5.395
-4.293
-5.206
-3.942
-3.225
-2.256
-3.507
-3.109
-2.546
-2.396
-4.070
12.071
11.337
10.533
10.918
10.974
11.240
10.132
10.721
12.534
12.604
13.478
11.861
13.265
13.897
12.921
13.808
12.238
11.624
12.864
12.606
13.632
12.216
13.108
11.360
10.306
10.121
10.526
8.886
9.085
8.434
7.523
7.111
7.055
7.981
6.460
7.817
8.253
6.848
7.592
6.594
5.625
6.634
7.136
7.311
5.933
6.128
5.816
4.579
4.723
3.905
3.938
4.129
4.369
2.435
2.020
2.121
1.913
2.339
2.079
0.393
-0.050
0.151
-0.130
0.750
-1.356
-1.528
-2.514
-2.121
-2.820
-3.643
-3.168
-4.209
-4.635
-5.103
-4.000
-5.814
-5.485
-6.534
-6.505
-7.166
-5.743
-7.326
-6.817
-8.282
-7.717
-8.219
-6.763
-8.492
-9.594
-8.264
-8.257
5.282
4.757
5.526
4.296
4.810
4.402
2.842
2.437
2.908
1.919
1.991
2.123
0.415
0.401
0.193
-0.590
-0.478
-0.414
-1.978
-2.206
-2.866
-3.905
-2.686
-1.889
-2.543
-3.992
-4.330
-3.712
-5.050
-5.374
-4.568
-6.333
-6.079
-6.680
-7.446
-7.065
-7.779
-8.681
-8.394
-8.873
-10.035
-10.144
-10.017
-11.322
-11.673
-12.114
-11.090
8.335
7.426
6.597
8.097
9.310
10.082
9.694
8.733
7.384
8.061
6.729
6.737
9.002
9.742
9.461
8.259
6.856
7.663
6.419
5.935
5.792
7.079
5.920
4.655
3.500
3.208
3.763
2.455
2.860
2.174
1.473
1.186
0.954
1.108
1.539
1.175
0.363
0.723
1.592
1.692
1.215
2.461
3.155
2.934
-0.498
-0.582
-0.654
-1.473
-2.441
-1.228
-1.608
-0.638
-1.922
-2.608
-2.251
-2.565
-3.945
-4.128
-4.098
-4.926
-5.746
-4.443
-5.418
-4.634
-6.682
-6.829
-7.912
-7.516
-8.596
-8.764
-8.156
-9.322
-9.730
-10.306
-9.274
-10.589
-10.003
-11.260
-11.699
-12.202
-11.263
-12.748
-13.531
-13.226
-12.231
-11.467
-11.702
-13.157
-12.689
-13.913
-13.670
1.399
2.010
0.756
0.603
-0.140
1.207
-0.252
-0.656
0.530
-1.431
-2.175
-1.255
-2.300
-1.462
-2.756
-3.234
-3.898
-2.547
-4.081
-3.431
-5.394
-5.703
-6.348
-6.733
-5.847
-7.545
-7.962
-8.368
-7.252
-6.313
-7.058
-8.374
-8.520
-8.064
-9.701
-10.083
-9.498
-10.883
-11.018
-10.714
-12.233
-12.335
-13.115
-12.330
-12.117
-11.684
-13.374
13.481
13.653
14.605
13.705
13.422
12.553
14.342
13.193
12.288
11.367
12.211
12.518
14.690
15.634
14.618
14.906
12.432
12.818
12.485
9.916
9.847
10.099
11.128
8.678
8.237
8.581
8.784
6.648
6.575
5.919
5.736
6.094
4.800
5.087
3.757
6.056
6.147
6.724
4.713
4.607
5.476
3.171
2.952
2.543
4.913
4.573
5.968
4.191
4.627
3.153
4.247
5.186
4.305
3.062
2.889
3.190
1.765
2.048
1.482
0.737
1.005
-0.140
0.277
0.876
-0.882
-1.028
-2.040
-2.900
-2.381
-1.480
-2.337
-0.767
-1.015
-0.272
-1.710
-0.227
-0.767
0.706
0.102
0.734
0.730
-1.015
-0.612
-1.576
-2.139
-2.821
-1.613
-3.109
-3.617
-3.919
-2.479
2.870
3.683
2.841
1.560
0.737
1.600
1.106
1.924
1.076
-0.174
-0.239
-1.063
-0.431
0.031
-0.108
-1.937
-1.943
-2.450
-2.816
-2.275
-4.190
-4.599
-5.085
-6.014
-4.619
-5.724
-6.038
-6.564
-4.745
-3.947
-4.229
-5.329
-5.874
-6.089
-4.350
-3.587
-3.938
-5.166
-5.715
-5.957
-4.190
-3.859
-3.262
-4.774
-4.280
-4.790
-5.757
11.842
11.759
12.527
10.876
12.083
12.249
13.007
11.225
12.931
13.853
12.893
12.973
10.588
9.771
10.604
10.354
11.848
11.795
12.769
9.264
9.346
8.946
10.671
8.235
7.526
8.113
7.325
6.088
6.294
5.200
5.337
6.222
4.091
4.345
4.130
5.303
5.091
5.733
3.917
3.733
4.601
2.305
2.204
1.703
2.831
2.795
2.970
1.519
1.561
1.232
0.359
0.401
0.634
-0.989
-0.925
-1.166
-2.132
-2.031
-1.936
-3.528
-4.304
-3.829
-3.716
-3.560
-4.024
-4.137
-4.312
-5.382
-3.766
-4.083
-3.980
-3.129
-5.197
-5.603
-6.052
-4.858
-4.500
-4.067
-6.035
-6.540
-6.861
-5.655
-5.286
-4.922
-6.830
-7.189
-7.707
-6.489
-6.125
-5.628
-7.406
1.806
1.941
2.223
0.296
0.114
0.231
-0.644
-0.577
-0.105
-2.088
-2.570
-2.141
-2.862
-2.335
-2.952
-4.256
-4.640
-4.184
-5.201
-5.019
-6.301
-6.944
-6.914
-6.687
-6.471
-8.433
-8.557
-8.847
-9.209
-10.305
-8.824
-8.952
-9.532
-7.866
-9.418
-10.489
-8.900
-9.195
-8.134
-9.268
-10.111
-11.179
-9.929
-9.830
-9.969
-10.522
-8.794
11.167
10.720
11.639
10.018
10.071
9.618
10.582
9.370
11.697
10.941
12.008
12.574
12.167
11.827
12.299
13.159
10.159
9.204
9.884
12.057
13.093
12.542
10.982
11.152
11.011
11.261
11.555
9.529
9.428
9.238
8.472
8.088
8.049
8.252
8.677
8.463
8.351
8.969
7.204
7.267
8.224
5.867
5.975
5.088
6.611
6.395
6.504
5.593
5.165
6.036
4.439
4.834
4.081
3.209
2.996
3.672
2.064
2.445
1.521
0.876
-0.043
0.717
1.139
2.177
0.233
0.587
-1.213
-1.691
-1.482
-1.803
-1.277
-1.606
-3.310
-3.669
-3.472
-3.838
-3.481
-3.451
-5.312
-5.768
-5.527
-5.851
-5.791
-5.067
-7.215
-7.398
-7.103
-8.375
-8.344
-8.090
-9.341
5.375
6.167
4.991
4.164
3.496
4.426
3.322
4.084
2.735
2.345
2.206
3.020
1.004
0.488
1.164
0.119
-0.096
0.646
-1.121
-1.599
-1.689
-2.558
-1.240
-0.145
-1.266
-2.090
-1.917
-3.157
-1.938
-0.860
-2.272
-2.657
-2.428
-2.338
-4.153
-4.686
-4.422
-4.950
-4.563
-6.050
-4.732
-4.863
-3.696
-5.713
-6.760
-5.480
-5.633
9.161
7.605
7.174
7.356
9.568
8.918
9.448
10.571
9.488
8.999
9.033
10.540
9.858
9.710
10.919
9.407
6.903
5.793
7.144
6.847
7.012
7.614
7.304
5.327
4.822
5.627
4.238
3.959
3.385
3.227
2.008
1.534
1.327
1.447
1.687
4.938
5.579
5.563
4.146
4.364
5.217
3.269
2.269
3.560
-0.198
-0.369
-0.412
-1.138
-1.048
-1.000
-2.570
-2.794
-2.948
-3.610
-3.598
-3.165
-4.904
-4.731
-5.306
-5.955
-5.525
-6.722
-6.581
-5.922
-7.814
-8.110
-8.804
-9.338
-8.288
-9.908
-10.420
-10.677
-9.273
-8.860
-8.509
-10.178
-10.714
-10.997
-9.638
-8.984
-9.108
-10.798
-11.546
-10.449
-11.427
-10.595
-12.129
-12.238
-11.495
-12.791
-12.798
2.961
3.919
2.382
2.422
3.161
2.492
0.984
0.872
0.693
-0.144
0.120
-0.189
-1.477
-1.928
-1.331
-2.601
-2.269
-3.468
-2.824
-2.067
-3.919
-3.994
-5.146
-5.038
-5.332
-6.420
-6.634
-6.263
-7.721
-8.449
-8.128
-7.426
-6.856
-6.733
-8.638
-8.809
-8.364
-9.866
-10.254
-9.641
-10.923
-10.640
-11.270
-12.172
-13.010
-12.505
-11.754
12.908
11.665
10.970
11.223
13.920
14.814
13.561
14.201
12.616
13.512
11.906
12.280
13.566
12.844
13.952
14.363
11.801
12.525
10.829
11.111
10.391
11.821
12.199
10.043
9.742
10.024
10.337
8.201
7.932
7.646
8.036
8.578
7.731
8.625
7.117
7.488
7.623
8.106
6.117
5.578
6.208
4.094
3.574
3.834
7.024
7.629
6.996
5.503
5.471
5.154
4.543
4.638
4.863
3.106
2.414
3.218
2.448
2.776
2.720
0.936
0.300
0.725
0.554
1.373
-0.657
-1.021
-1.811
-1.994
-1.728
-3.085
-3.294
-4.005
-3.015
-2.115
-3.895
-3.161
-2.263
-3.036
-4.534
-5.240
-4.610
-5.030
-4.386
-4.856
-6.547
-6.654
-7.157
-6.839
-6.107
-7.882
-6.748
3.430
3.852
3.932
1.896
1.448
1.441
1.378
1.830
1.508
-0.163
-0.550
-0.334
-1.059
-0.715
-0.973
-2.433
-2.418
-2.741
-3.362
-3.049
-4.480
-5.075
-5.074
-4.453
-5.419
-6.346
-6.629
-7.228
-6.093
-5.059
-6.777
-6.328
-5.818
-5.871
-7.847
-8.195
-8.369
-8.214
-7.691
-7.867
-9.722
-10.172
-10.239
-10.097
-9.634
-11.187
-9.739
9.508
8.334
7.560
8.709
9.036
9.956
8.473
8.347
10.589
11.130
10.168
11.320
9.957
10.680
10.412
9.100
7.589
6.757
7.070
8.366
8.640
9.345
8.317
6.897
6.348
6.809
6.634
4.832
4.793
4.287
4.335
4.703
3.995
4.124
4.819
4.256
4.685
4.692
2.799
2.235
2.746
0.713
0.575
0.491
2.575
2.399
2.509
1.356
1.671
1.010
0.228
0.574
-0.550
-0.364
-0.573
0.345
-1.592
-1.983
-1.241
-2.782
-3.323
-2.539
-3.503
-2.823
-4.749
-5.065
-5.750
-5.539
-6.492
-6.220
-6.062
-5.530
-7.746
-8.237
-8.259
-8.058
-7.397
-7.813
-9.521
-9.849
-9.588
-10.567
-10.661
-10.355
-12.031
-11.976
-12.199
-13.109
-12.922
-14.136
-13.008
-0.166
0.120
0.208
-1.675
-1.884
-1.971
-2.658
-2.404
-2.453
-4.099
-4.272
-4.380
-5.202
-5.229
-6.174
-4.985
-5.697
-3.992
-5.113
-4.156
-6.166
-6.101
-7.547
-7.549
-8.301
-7.957
-7.893
-7.259
-9.443
-9.572
-10.147
-9.772
-9.279
-9.308
-11.274
-11.522
-11.794
-12.035
-13.025
-11.685
-12.428
-11.654
-12.458
-13.712
-13.705
-13.806
-14.591
11.958
10.544
10.274
10.738
12.982
12.987
12.906
13.990
12.009
11.735
12.964
11.268
12.194
11.992
13.184
11.476
9.395
8.386
9.337
9.050
9.736
9.304
9.525
7.480
6.691
7.070
6.672
5.276
5.438
4.380
3.802
4.221
2.467
2.617
1.988
4.816
5.076
5.367
3.359
3.013
3.757
1.521
1.273
0.897
1.416
1.127
1.953
0.280
0.784
-0.211
-0.717
-0.821
-0.161
-1.924
-2.232
-1.686
-3.253
-2.955
-3.420
-4.558
-5.461
-4.474
-4.647
-3.631
-5.703
-5.719
-7.088
-7.584
-7.011
-7.819
-7.339
-7.640
-9.349
-9.819
-9.480
-10.029
-9.461
-10.269
-11.430
-12.050
-11.923
-11.165
-10.705
-10.369
-12.458
-12.165
-13.211
-13.039
-13.582
-12.170
-13.714
1.269
2.061
1.257
-0.096
-0.345
-0.177
-1.207
-1.133
-1.047
-2.638
-3.312
-2.997
-2.809
-2.130
-2.459
-4.295
-4.964
-4.472
-4.691
-4.028
-5.734
-5.734
-6.721
-6.687
-7.743
-6.552
-6.950
-5.488
-7.249
-8.280
-6.672
-7.305
-7.830
-7.780
-5.866
-6.028
-5.232
-5.019
-5.521
-4.937
-3.596
-2.780
-3.485
-3.369
-2.333
-4.053
-3.653
9.568
8.501
7.602
8.711
9.287
8.269
9.870
9.609
10.884
11.567
11.373
10.696
9.612
8.649
10.114
10.166
8.045
7.407
7.407
9.385
9.755
10.405
9.116
7.991
7.600
8.290
7.642
6.158
5.743
5.304
4.948
5.113
4.376
5.313
3.828
6.113
6.855
6.468
4.813
4.309
5.019
2.828
2.578
2.647
3.565
4.069
3.548
2.175
1.652
2.315
1.254
1.390
0.173
1.539
1.862
2.294
0.263
-0.069
-0.507
0.544
1.291
-0.398
1.181
2.206
0.681
1.404
-0.608
-0.369
-0.984
-1.675
-1.573
-1.365
-3.100
-3.670
-3.117
-3.821
-4.848
-3.455
-3.706
-3.936
-2.618
-4.525
-4.616
-4.076
-5.959
-6.002
-6.399
-6.803
-7.856
-6.608
-6.359
1.958
2.169
2.204
0.496
0.277
0.220
-0.489
-0.332
-1.466
-0.517
0.469
-0.833
-1.371
-0.931
-1.318
-2.827
-3.387
-2.799
-3.487
-3.029
-4.665
-5.118
-5.502
-5.198
-5.334
-7.004
-7.530
-7.076
-7.842
-7.505
-7.665
-9.372
-9.459
-9.812
-10.121
-9.790
-11.227
-9.882
-8.798
-10.420
-10.221
-9.380
-10.275
-11.520
-11.327
-11.979
-12.300
8.115
8.409
9.442
8.349
9.343
9.167
10.225
9.604
7.911
6.963
8.717
7.996
6.947
6.954
6.809
6.079
7.527
6.474
7.853
8.518
9.278
9.247
7.507
7.626
7.117
7.357
7.502
5.556
5.255
5.195
5.241
5.333
5.095
6.074
4.820
5.034
5.555
5.163
3.574
3.280
4.041
1.756
1.498
1.215
3.913
4.194
3.947
2.529
2.354
2.477
1.416
0.442
1.666
1.379
2.258
1.530
0.102
-0.650
-0.022
-0.011
-0.345
-0.868
1.273
2.169
1.418
2.294
0.379
-0.449
0.874
-0.211
0.541
-0.810
-1.189
-1.992
-0.696
-1.964
-1.370
-2.537
-3.082
-3.601
-2.578
-4.149
-3.602
-4.900
-4.895
-5.758
-5.381
-3.988
-4.645
-3.336
-3.395
1.070
1.541
1.357
-0.489
-0.963
-0.799
-1.222
-0.752
-1.117
-2.776
-2.868
-3.122
-3.706
-3.917
-3.208
-5.016
-4.799
-5.545
-5.924
-5.585
-7.096
-7.651
-7.806
-7.709
-7.288
-9.337
-9.248
-9.824
-10.077
-9.443
-10.165
-11.472
-11.506
-11.976
-12.370
-12.280
-12.159
-13.896
-13.970
-14.122
-14.859
-14.563
-14.578
-16.352
-16.788
-16.537
-16.904
11.418
10.176
10.392
9.433
11.308
11.108
12.198
10.397
11.592
12.324
11.678
10.747
12.655
12.455
13.598
12.823
9.596
8.848
10.342
9.353
9.986
10.023
9.128
7.882
6.842
6.443
7.175
5.627
6.038
4.952
5.127
5.943
4.208
3.548
3.612
4.571
3.952
5.157
3.673
3.141
3.332
2.254
2.821
1.221
5.069
5.382
5.948
4.095
4.679
3.354
3.371
2.644
4.080
2.583
3.384
2.087
1.694
2.323
1.355
0.497
-0.181
0.606
-0.322
0.108
-1.351
-1.725
-2.007
-1.715
-3.078
-1.614
-0.518
-2.060
-1.868
-2.817
-1.874
-0.757
-0.467
-0.875
0.566
0.683
0.702
1.720
1.621
1.551
3.035
3.784
3.166
3.511
3.557
4.553
2.841
2.130
1.575
3.175
1.369
2.059
0.463
0.927
-0.021
1.633
0.551
1.412
0.325
-0.621
-1.509
-0.421
-0.870
0.041
-1.047
-1.928
-1.700
-3.189
-3.965
-3.684
-4.254
-2.888
-4.587
-4.915
-3.910
-5.823
-6.398
-5.591
-6.767
-6.142
-7.264
-7.878
-7.423
-8.376
-8.855
-9.590
-9.461
-8.194
-7.620
-9.053
-7.299
-7.895
-6.414
-7.142
11.267
11.139
11.088
12.058
12.457
12.594
12.325
13.340
10.041
9.597
10.300
9.277
11.457
12.482
11.169
10.777
9.887
9.598
9.056
11.082
12.462
10.978
10.190
10.399
9.527
9.341
9.996
8.158
8.466
7.759
6.902
6.692
6.375
6.967
6.538
7.132
6.880
7.549
5.951
6.171
7.272
4.806
4.888
4.164
4.926
4.686
4.437
4.075
4.215
4.267
2.539
2.061
2.397
1.922
2.392
2.043
0.499
-0.060
0.515
-0.156
-1.182
0.499
-0.080
0.845
-1.182
-1.048
-2.558
-2.967
-2.599
-3.298
-2.757
-3.624
-4.693
-5.095
-4.522
-5.861
-6.767
-5.544
-6.215
-6.961
-5.436
-6.626
-5.798
-7.569
-6.962
-6.068
-7.428
-8.070
-9.053
-7.690
-8.209
4.053
4.744
3.480
3.136
2.314
3.674
2.701
3.397
2.709
1.377
0.579
1.001
1.242
2.032
1.425
-0.006
0.176
-0.902
-0.148
0.430
-0.718
-0.731
-1.348
-1.407
-0.712
-2.760
-2.758
-3.348
-3.303
-2.615
-3.322
-4.655
-5.375
-4.553
-5.261
-4.522
-6.229
-5.439
-4.549
-6.260
-5.895
-6.676
-5.140
-6.341
-5.513
-7.125
-6.719
8.145
8.680
9.422
9.263
9.246
9.845
9.912
8.815
7.402
6.725
8.110
6.677
7.107
6.911
6.220
7.357
7.608
6.858
8.157
7.706
7.554
9.100
6.914
6.958
5.763
5.597
5.764
4.521
4.867
4.130
3.717
3.785
3.164
2.473
3.991
3.274
3.067
3.577
2.074
2.179
3.133
0.798
0.061
0.943
2.481
3.236
1.719
1.756
2.623
1.366
0.647
1.033
0.260
-0.546
-0.052
-1.278
-1.412
-0.816
-2.014
-2.282
-2.628
-1.640
-3.416
-3.076
-4.719
-5.469
-5.391
-4.818
-6.179
-6.159
-6.424
-7.134
-5.361
-5.199
-4.425
-6.003
-5.266
-6.021
-7.276
-7.918
-7.133
-7.962
-7.225
-8.204
-9.167
-9.975
-9.590
-8.931
-8.984
-9.622
-7.926
0.081
0.877
-0.588
-0.673
-1.126
-1.489
0.205
0.540
1.141
-0.518
-0.770
0.291
-1.633
-1.408
-2.485
-1.932
-1.911
-2.950
-0.776
0.201
-0.940
-0.122
-2.250
-2.845
-2.008
-3.074
-2.332
-3.521
-4.171
-3.854
-4.844
-5.044
-5.018
-4.589
-6.522
-6.924
-6.479
-7.345
-6.884
-8.313
-7.783
-8.493
-6.883
-8.615
-8.059
-9.578
-8.804
12.133
11.497
11.722
11.931
11.883
12.498
10.831
12.085
13.651
14.063
14.142
13.740
11.727
12.239
11.885
10.668
9.970
9.551
9.600
9.707
11.160
8.909
9.537
8.970
7.542
7.174
7.389
6.718
7.149
6.777
6.408
6.046
6.497
6.869
7.234
5.257
4.872
5.282
4.267
3.998
4.421
3.089
2.206
3.694
5.106
5.377
4.597
3.998
3.748
4.401
2.743
2.830
2.601
1.440
1.226
1.547
0.284
0.654
-0.013
-1.026
-0.855
-1.693
-1.928
-1.401
-3.277
-3.805
-4.149
-4.811
-3.552
-5.248
-4.757
-5.720
-6.419
-6.863
-5.902
-7.582
-7.197
-8.299
-8.305
-7.639
-8.947
-9.174
-9.907
-8.431
-9.813
-9.017
-10.393
-10.815
-11.203
-11.676
-10.350
2.659
3.471
2.517
1.325
1.415
1.171
0.155
0.157
0.286
-1.201
-1.137
-1.523
-2.330
-2.293
-2.157
-3.722
-3.710
-3.585
-4.898
-5.009
-5.758
-6.749
-5.565
-5.684
-4.519
-6.512
-6.548
-6.213
-7.999
-8.091
-8.088
-8.927
-8.357
-9.084
-10.309
-10.610
-10.102
-11.271
-11.297
-10.889
-12.683
-12.765
-12.840
-13.793
-13.613
-13.827
-14.822
9.491
8.232
7.658
7.673
10.345
10.550
9.784
11.242
10.318
10.440
11.219
9.880
9.166
10.041
8.961
8.346
8.267
7.259
8.981
7.793
7.135
8.625
8.756
6.948
5.538
5.145
4.975
5.227
4.140
5.464
4.632
3.752
5.025
5.627
5.523
5.948
7.015
5.827
5.450
4.831
4.449
4.579
4.678
5.299
3.727
2.995
3.964
3.186
2.429
3.967
2.765
3.531
2.060
1.876
1.184
2.460
0.988
1.575
0.285
0.246
0.982
-0.388
-0.612
-0.051
-1.986
-2.478
-2.905
-3.479
-2.348
-3.787
-4.342
-3.209
-4.722
-4.080
-4.871
-6.060
-6.537
-6.117
-7.049
-7.966
-6.585
-7.466
-6.629
-7.959
-8.547
-8.802
-9.393
-8.031
-8.596
-8.199
-6.942
3.208
3.128
3.168
2.026
2.259
1.794
0.773
0.452
0.927
-0.446
-0.450
-0.327
-1.665
-1.411
-1.878
-2.969
-2.657
-2.976
-4.282
-4.224
-5.397
-6.336
-5.499
-5.213
-4.745
-6.802
-7.706
-6.752
-7.062
-7.237
-6.192
-8.340
-8.317
-8.442
-9.565
-9.651
-9.497
-10.834
-10.959
-10.907
-11.817
-11.537
-11.762
-13.224
-13.478
-13.387
-13.890
9.458
10.441
11.176
11.045
8.772
9.246
7.740
8.669
8.402
8.777
7.550
8.003
10.041
9.304
10.582
10.807
9.957
9.119
10.724
9.075
9.013
10.043
9.404
7.611
6.501
6.839
5.729
5.924
6.649
4.700
4.742
5.721
3.213
2.885
2.618
5.719
6.704
5.275
4.760
3.553
3.112
2.635
2.718
3.070
2.958
3.519
3.397
1.462
1.076
1.359
0.541
0.904
0.565
-0.916
-1.223
-0.954
-1.993
-1.797
-1.884
-3.465
-3.940
-3.314
-4.106
-3.598
-5.249
-5.658
-6.069
-5.597
-7.111
-6.270
-6.531
-5.273
-7.328
-7.175
-8.262
-7.482
-8.057
-6.532
-8.199
-9.045
-8.558
-7.241
-7.460
-6.248
-7.341
-7.148
-8.405
-6.597
-6.492
-6.943
-5.531
1.169
0.498
0.855
0.962
1.776
0.960
-0.324
-0.443
-1.186
-0.573
0.347
-0.957
-1.651
-2.572
-1.326
-1.702
-1.997
-0.643
-2.546
-1.854
-3.825
-4.361
-4.794
-4.283
-5.162
-5.945
-6.676
-5.681
-6.838
-7.198
-6.195
-8.117
-7.880
-8.660
-9.251
-9.359
-10.201
-9.089
-8.122
-8.979
-10.143
-11.087
-10.349
-9.802
-8.854
-9.824
-10.678
13.875
12.645
12.525
12.818
13.626
14.509
12.831
13.446
14.168
14.495
13.337
14.921
15.075
14.859
15.888
15.315
11.227
10.456
10.940
11.063
11.900
11.353
11.442
9.499
8.730
9.040
8.866
7.238
6.775
6.710
6.725
7.156
5.924
6.689
5.310
6.838
7.279
7.361
5.410
4.639
4.950
3.219
2.904
3.305
5.015
4.239
5.644
4.337
4.920
3.750
3.441
2.834
4.116
2.472
3.025
1.724
1.669
2.283
1.352
0.529
-0.236
1.006
-0.244
0.038
-1.148
-1.683
-1.553
-2.586
-0.846
-1.279
-0.325
-2.050
-1.551
-2.431
-0.671
-1.627
-0.900
-2.625
-1.297
-2.049
-1.295
0.004
0.947
-0.089
0.444
-0.148
0.409
1.858
2.166
2.545
2.013
2.152
2.171
2.256
0.702
0.527
0.584
-0.323
0.072
-0.363
-1.779
-1.763
-2.192
-2.579
-2.405
-2.194
-4.126
-4.279
-4.718
-4.644
-3.928
-5.917
-6.196
-7.021
-6.741
-7.943
-7.306
-6.446
-8.073
-7.766
-6.980
-8.728
-7.831
-8.485
-6.759
-8.226
-9.205
-7.429
-8.320
-9.109
-7.337
-8.930
-8.388
-10.017
-8.637
-9.155
-7.572
-8.995
12.749
11.690
12.051
11.548
12.144
12.804
12.076
11.215
13.962
13.719
14.929
14.243
13.065
12.120
13.636
13.602
10.252
9.766
9.547
10.344
10.894
10.985
10.262
8.785
7.851
7.628
8.263
6.479
6.719
6.020
5.357
5.031
5.108
6.034
5.026
5.504
5.617
5.850
4.128
3.855
4.669
2.359
2.317
2.004
3.794
3.959
3.873
2.471
2.725
2.164
1.347
1.190
1.593
0.009
0.094
-0.602
-0.865
-0.204
-1.673
-1.438
-2.060
-0.510
-2.205
-2.935
-1.938
-2.613
-1.048
-1.412
0.025
-1.219
-0.224
-1.100
-2.361
-2.338
-3.316
-2.193
-1.983
-1.271
-3.355
-4.313
-3.173
-3.411
-3.957
-4.014
-2.078
-1.318
-2.202
-1.563
-0.645
-2.326
-1.051
1.572
1.709
1.927
0.050
-0.163
-0.260
-0.741
-0.304
-0.510
-2.310
-2.630
-2.586
-2.983
-3.816
-2.256
-3.424
-4.275
-2.590
-3.859
-3.531
-4.444
-4.661
-4.888
-4.721
-4.402
-6.403
-6.606
-6.926
-6.898
-6.955
-7.983
-6.081
-5.020
-6.530
-6.029
-5.159
-6.972
-5.810
-5.618
-4.906
-7.017
-7.156
-7.935
-6.949
-6.243
-7.948
-6.716
8.653
7.201
7.087
6.623
9.398
9.469
10.361
8.910
8.846
9.851
8.100
8.664
9.195
8.978
10.262
8.738
6.491
5.550
6.976
6.788
6.626
8.140
6.206
5.767
4.375
4.265
4.060
3.497
2.465
3.472
2.818
2.094
3.075
3.934
3.450
3.990
4.953
4.266
2.928
3.013
3.958
1.723
0.923
1.859
1.808
0.945
1.496
1.982
2.600
2.529
0.590
0.756
-0.197
0.042
-0.145
0.917
-1.265
-1.067
-1.863
-1.970
-1.386
-2.785
-2.436
-1.718
-3.624
-3.882
-4.772
-4.484
-4.851
-5.991
-6.416
-5.624
-7.132
-6.621
-7.338
-8.402
-9.196
-8.841
-8.203
-7.154
-8.208
-9.114
-10.141
-8.974
-8.990
-7.919
-9.427
-9.685
-10.732
-9.171
-9.858
1.381
2.149
0.487
1.188
0.425
2.160
0.945
0.877
1.760
-0.281
-0.081
-0.419
-1.572
-1.457
-2.329
-2.044
-1.220
-2.353
-3.323
-3.551
-4.280
-5.230
-4.166
-3.203
-4.938
-4.395
-3.662
-4.378
-5.776
-6.010
-5.678
-7.035
-6.927
-7.216
-8.289
-7.979
-8.685
-9.500
-9.768
-10.350
-9.230
-9.121
-8.312
-10.277
-9.867
-10.618
-11.153
15.430
14.180
13.742
14.468
16.293
16.363
17.304
15.834
15.019
14.483
14.267
15.863
16.171
16.694
16.765
15.530
12.987
12.113
12.471
12.833
13.024
13.480
13.354
11.295
10.469
10.942
10.202
9.097
8.478
8.426
7.534
7.411
6.642
7.196
5.989
9.318
10.184
9.765
8.107
7.362
7.530
6.226
6.665
5.940
5.918
5.002
6.531
5.634
6.505
4.902
5.121
5.930
4.840
3.953
3.309
4.328
3.037
3.606
2.521
1.782
1.339
2.139
0.911
1.383
-0.416
-0.991
-1.236
-1.997
-0.646
-2.138
-1.916
-1.873
-3.609
-3.774
-3.871
-4.519
-4.621
-4.137
-5.897
-5.790
-6.415
-6.865
-6.596
-7.593
-7.430
-7.555
-6.677
-8.778
-8.722
-9.481
-9.279
5.015
4.599
5.186
3.910
4.381
3.565
2.632
2.841
2.191
1.711
2.231
1.431
0.407
-0.189
0.754
-0.490
0.084
-0.697
-1.746
-1.576
-3.033
-3.742
-3.660
-4.507
-2.903
-4.091
-3.331
-4.981
-4.565
-5.096
-3.606
-5.508
-6.267
-4.833
-5.959
-5.045
-6.579
-6.616
-5.758
-7.310
-7.220
-8.086
-6.520
-7.682
-8.121
-6.763
-8.296
10.224
9.681
9.083
9.025
10.757
9.943
11.473
11.127
9.093
8.729
8.288
9.402
11.267
10.758
11.826
11.943
10.701
11.464
10.033
12.005
12.648
12.856
11.450
10.619
9.747
10.128
9.643
8.327
7.901
8.475
7.690
7.058
7.792
8.523
8.291
7.510
8.027
7.673
6.111
5.300
5.602
3.974
3.798
4.041
6.407
5.985
6.503
5.395
5.654
5.553
3.952
3.615
3.842
2.904
3.276
2.788
1.542
1.203
1.648
0.516
1.027
0.251
-0.676
-1.227
-0.885
-1.533
-0.214
0.864
-0.303
-0.753
-0.948
0.030
-2.052
-1.734
-2.745
-2.709
-1.924
-3.556
-3.393
-4.156
-2.655
-4.068
-3.274
-4.515
-5.154
-5.883
-5.723
-4.807
-4.061
-5.667
-4.330
2.901
2.964
2.927
1.451
1.380
1.238
0.417
0.248
0.727
-0.945
-1.460
-0.809
-1.853
-1.476
-1.832
-3.350
-3.484
-3.665
-4.178
-3.901
-5.410
-5.918
-6.220
-5.814
-7.289
-6.310
-7.197
-6.476
-5.113
-4.173
-5.123
-5.083
-6.038
-4.994
-3.956
-4.271
-3.734
-2.629
-2.658
-2.587
-1.345
-1.463
-1.326
-0.082
0.770
0.185
-0.286
13.026
11.847
11.006
11.994
12.689
11.862
13.618
12.222
14.195
15.112
14.296
13.863
13.727
14.066
13.025
14.549
11.254
10.254
11.048
12.010
11.963
13.076
12.059
10.573
10.232
9.800
11.097
8.991
9.481
8.084
7.676
7.870
6.924
6.990
7.275
8.272
7.886
9.042
7.208
7.479
8.642
6.161
5.267
6.039
5.418
5.031
5.200
4.700
4.943
5.022
3.130
2.827
2.732
2.562
2.734
3.118
1.071
0.709
1.071
0.147
-0.770
0.686
0.110
1.037
-1.024
-0.908
-2.353
-2.330
-2.509
-3.549
-3.407
-4.328
-4.011
-4.054
-3.248
-5.356
-5.348
-6.044
-5.636
-4.853
-6.565
-5.547
-6.217
-4.614
-5.706
-5.618
-4.880
-6.972
-6.953
-7.798
-7.063
6.272
7.299
5.589
6.003
6.876
5.919
4.748
4.865
4.615
3.453
2.666
3.433
3.234
3.259
4.010
1.861
1.748
1.687
0.634
0.969
-0.610
-1.349
-1.187
-0.538
-1.426
-2.600
-3.213
-2.422
-3.268
-3.450
-2.496
-4.519
-4.222
-5.275
-5.148
-4.345
-5.737
-6.160
-5.741
-6.902
-6.953
-7.291
-6.289
-8.164
-8.845
-8.758
-7.855
10.792
11.234
12.170
11.371
11.773
11.431
12.668
11.881
10.739
10.826
9.769
11.505
9.465
8.997
8.903
9.517
10.488
11.056
10.629
8.738
9.068
9.359
9.116
7.133
6.534
6.959
6.903
4.979
4.586
4.581
4.353
4.330
4.064
5.034
3.572
4.404
4.985
4.707
2.925
2.613
3.315
1.261
1.330
0.461
2.907
2.275
3.411
2.036
2.655
1.836
0.776
0.199
0.995
-0.081
0.054
-1.145
0.411
0.408
1.444
-0.446
0.163
-0.450
-1.812
-1.991
-2.927
-3.842
-2.990
-2.199
-2.888
-4.337
-4.376
-4.255
-5.591
-5.722
-5.548
-6.830
-7.772
-6.884
-6.930
-6.117
-6.844
-8.310
-8.959
-8.611
-8.268
-7.777
-7.604
-9.640
-9.628
-10.090
-10.276
0.974
1.754
1.026
-0.406
-1.156
-0.509
-0.667
-0.090
-0.187
-2.123
-2.440
-2.732
-2.386
-2.179
-1.666
-3.810
-4.417
-4.202
-4.056
-3.521
-4.762
-4.816
-5.498
-4.809
-6.255
-6.201
-7.106
-6.539
-5.313
-4.910
-4.346
-6.006
-6.138
-6.994
-5.245
-4.349
-4.962
-6.022
-6.341
-6.994
-5.227
-4.929
-4.379
-5.979
-6.559
-5.290
-6.725
9.353
8.404
8.121
8.956
8.688
8.355
9.392
7.840
9.529
10.119
8.589
9.990
10.757
11.335
10.707
11.258
7.048
6.326
6.594
5.822
5.742
5.648
7.124
4.638
3.436
3.275
3.440
2.263
2.332
2.210
1.668
1.664
1.172
2.095
0.862
0.887
0.993
0.106
0.592
-0.332
-1.113
-0.455
-0.882
0.545
-0.048
0.361
-0.321
-1.251
-1.597
-0.969
-2.374
-1.996
-2.435
-3.721
-4.097
-3.546
-4.933
-4.664
-5.222
-6.210
-6.546
-5.864
-7.295
-7.303
-8.167
-8.881
-8.143
-9.158
-7.953
-7.126
-6.134
-7.366
-6.869
-7.588
-6.737
-5.531
-4.676
-5.561
-5.378
-5.984
-5.771
-3.914
-3.601
-3.853
-2.898
-3.254
-2.735
-1.528
-1.516
-0.778
-1.184
-1.479
-1.751
-2.384
-0.940
-0.375
-0.121
-1.907
-1.267
-2.487
-2.714
-1.902
-3.255
-3.583
-4.277
-2.967
-4.314
-3.577
-4.736
-5.339
-5.230
-6.556
-7.241
-6.904
-6.073
-7.094
-8.272
-8.200
-8.477
-9.413
-9.063
-9.741
-10.641
-11.230
-11.150
-10.523
-9.764
-10.065
-11.843
-12.221
-12.527
-11.642
-11.222
-10.988
-13.044
-13.083
-13.744
-13.635
10.758
9.729
9.394
10.136
10.192
9.331
10.079
10.927
11.246
11.866
11.720
10.354
11.890
11.433
12.721
12.141
8.379
8.561
7.894
6.707
6.339
7.303
7.693
5.356
5.084
5.731
5.312
3.679
3.426
2.650
2.679
3.342
1.635
1.465
2.022
3.567
3.738
4.427
2.271
2.135
3.113
0.612
0.371
0.233
0.233
-0.368
0.231
-0.574
-0.064
-0.594
-2.025
-2.414
-2.658
-2.200
-1.943
-1.572
-3.644
-3.909
-4.308
-3.974
-3.745
-5.078
-3.394
-2.298
-3.995
-3.391
-5.462
-6.019
-6.123
-5.525
-5.159
-4.727
-6.905
-7.281
-7.470
-7.013
-6.026
-7.195
-8.158
-9.063
-7.969
-8.506
-7.526
-9.116
-9.173
-8.716
-8.950
-10.723
-10.967
-11.111
-11.293
-0.100
0.189
-1.196
0.271
0.141
1.337
-0.691
-0.262
-0.498
-2.169
-2.349
-2.499
-3.065
-3.328
-2.510
-4.438
-5.064
-4.289
-5.129
-5.607
-5.381
-5.897
-5.042
-6.028
-4.344
-4.415
-3.755
-3.827
-5.481
-6.119
-6.181
-4.871
-5.532
-4.068
-4.371
-3.869
-3.584
-5.465
-5.037
-6.240
-6.326
-7.172
-6.934
-5.456
-4.817
-6.070
-4.761
12.487
11.063
10.755
11.009
12.856
12.707
12.224
13.912
13.469
14.471
13.237
13.446
12.579
12.241
11.861
13.545
9.950
10.320
8.987
9.456
9.781
9.823
9.901
7.859
6.984
6.169
7.433
6.481
7.330
5.581
6.103
7.237
4.990
5.092
4.014
5.708
4.862
6.473
5.143
5.899
6.970
5.187
4.202
4.844
5.064
6.091
4.401
4.548
4.657
5.250
3.067
2.508
2.610
2.767
3.110
3.437
1.305
0.987
0.591
1.377
1.679
2.280
0.191
0.023
-0.628
-1.359
-0.653
-1.687
-0.018
-0.274
-1.046
-0.107
1.051
1.855
0.999
1.527
0.856
1.441
2.915
3.655
2.873
3.277
2.346
3.595
4.370
4.335
4.196
5.745
5.760
6.481
6.096
6.014
7.074
5.875
5.641
5.894
4.537
6.155
5.697
7.260
5.522
5.661
4.423
6.097
5.807
7.203
5.564
5.845
4.453
6.103
7.185
5.392
5.896
3.919
3.807
3.734
2.799
1.805
2.801
2.868
2.616
3.926
1.818
2.055
0.843
1.785
1.136
2.769
1.389
0.338
1.987
1.487
1.243
2.478
0.587
-0.464
0.617
1.012
12.002
11.170
11.677
11.391
13.415
13.499
14.099
13.773
11.828
12.089
12.383
10.814
11.653
12.235
10.624
11.856
9.646
9.090
9.285
9.431
9.618
10.458
9.298
8.028
7.442
8.032
7.462
6.006
5.530
5.223
4.773
4.880
4.063
4.875
3.418
5.945
6.461
6.658
4.627
4.254
4.938
2.820
2.176
2.173
3.095
3.660
2.648
1.867
1.549
2.137
0.694
1.221
0.284
-0.395
-1.108
-0.028
-1.370
-0.679
-1.738
-2.580
-3.125
-2.231
-3.435
-2.963
-4.688
-5.234
-5.603
-5.147
-5.740
-6.906
-7.392
-7.443
-6.926
-6.432
-6.243
-8.271
-8.178
-8.708
-9.318
-10.272
-9.469
-8.943
-9.899
-8.269
-8.430
-8.695
-8.880
-6.932
-6.501
-6.640
-6.708
2.790
1.738
3.459
3.316
3.328
4.380
2.284
2.400
1.264
2.234
3.160
2.357
0.966
0.080
0.777
1.047
1.476
-0.027
1.459
2.553
0.666
1.173
-0.820
-1.248
-1.290
-1.396
-0.969
-2.491
-1.190
-1.576
-0.102
-2.106
-1.782
-3.128
-1.762
-0.737
-1.712
-2.765
-2.808
-3.809
-2.371
-2.404
-1.335
-3.352
-3.862
-4.187
-2.916
6.241
6.045
5.022
6.532
7.644
7.864
7.834
8.418
6.038
6.192
5.058
6.768
5.271
5.517
5.366
4.241
6.508
7.583
5.987
7.441
7.829
8.551
6.372
6.513
6.131
7.048
5.582
5.298
4.890
4.171
3.088
3.055
1.822
1.749
1.991
6.135
6.678
6.992
5.424
4.936
4.896
4.283
3.725
5.170
0.501
0.364
-0.386
0.254
0.415
1.152
-0.970
-1.133
-1.923
-0.675
0.278
-1.467
-0.491
-1.466
0.387
-0.344
0.574
-1.304
-0.195
0.409
-0.696
-0.612
-1.598
-1.104
-2.466
-2.279
-1.474
-2.852
-3.217
-3.870
-2.465
-4.015
-3.305
-4.544
-5.090
-5.659
-5.802
-4.327
-3.454
-3.999
-5.157
-5.506
-4.478
-6.454
-6.588
-7.381
-6.420
3.148
2.535
2.461
3.673
4.162
4.457
2.449
1.636
2.677
1.985
2.763
1.090
1.676
0.863
2.581
1.229
2.038
1.111
-0.113
-0.066
-1.347
-2.234
-1.664
-2.168
-0.830
-2.653
-2.267
-3.540
-2.960
-2.187
-2.866
-4.357
-4.647
-4.395
-5.393
-5.432
-5.053
-6.829
-7.283
-6.587
-7.603
-8.242
-6.903
-8.396
-7.894
-8.825
-9.323
11.710
10.305
10.418
10.066
12.743
13.687
12.818
12.530
11.972
11.126
12.334
12.740
11.749
12.729
10.972
11.479
9.046
8.186
9.284
8.058
7.892
8.734
8.823
6.617
5.501
5.441
4.624
5.315
6.337
4.336
4.616
5.448
3.593
3.811
3.723
5.151
6.108
5.154
4.045
2.939
2.626
1.958
2.442
1.923
2.145
1.944
1.917
1.113
1.343
1.352
-0.329
-0.641
-0.973
-0.771
-0.638
-0.044
-2.221
-2.325
-2.976
-2.498
-1.682
-3.434
-2.489
-1.456
-3.463
-3.383
-4.882
-4.807
-5.238
-5.946
-6.053
-5.915
-7.272
-7.392
-7.300
-8.451
-9.444
-8.250
-8.570
-9.508
-7.621
-8.868
-9.008
-8.006
-10.092
-9.795
-10.796
-10.899
-11.515
-10.318
-11.486
0.590
0.577
0.259
-0.388
-1.426
-0.322
-0.097
0.908
-0.247
-1.066
-0.760
-2.103
-1.102
-1.695
-0.062
-1.741
-0.954
-1.874
-3.039
-2.986
-4.216
-5.059
-4.481
-4.071
-4.052
-5.983
-6.490
-6.244
-6.663
-6.813
-5.812
-8.078
-8.294
-7.950
-9.126
-9.310
-8.656
-10.450
-10.918
-10.374
-11.300
-11.345
-12.256
-10.791
-9.732
-11.360
-10.877
11.441
12.425
13.421
12.517
11.285
10.878
12.165
10.603
10.033
10.180
9.568
9.426
11.852
10.964
12.106
12.681
12.025
12.966
11.803
10.078
10.636
10.146
10.943
8.648
8.021
8.414
8.209
6.464
6.004
5.874
4.574
4.009
3.985
4.408
4.130
6.124
6.755
6.512
4.665
3.872
4.092
2.596
2.798
2.623
2.460
2.152
2.012
1.914
2.088
2.450
0.403
0.177
-0.099
-0.129
-0.199
0.564
-1.571
-1.614
-2.149
-2.149
-3.244
-1.751
-1.642
-0.630
-2.374
-1.917
-3.822
-4.461
-4.191
-4.041
-3.277
-3.830
-5.516
-6.137
-5.935
-5.535
-4.797
-5.155
-6.909
-7.448
-7.470
-7.087
-6.729
-6.546
-8.527
-8.956
-9.045
-8.762
-8.174
-8.529
-9.849
1.230
1.043
1.282
0.125
0.496
-0.008
-1.229
-1.492
-1.171
-2.314
-3.160
-2.658
-1.843
-1.016
-1.368
-2.971
-3.313
-3.776
-2.558
-1.471
-3.313
-2.815
-4.708
-5.161
-4.744
-5.682
-6.675
-5.428
-5.840
-4.846
-6.349
-6.683
-7.721
-6.357
-6.867
-7.250
-5.813
-7.863
-8.880
-7.439
-7.914
-6.892
-8.122
-8.830
-8.915
-9.810
-8.493
11.480
10.805
10.107
11.547
12.558
13.005
13.349
12.111
12.229
11.542
12.837
12.814
10.484
10.850
9.753
9.810
10.009
9.762
8.978
11.482
12.266
12.372
10.644
10.527
9.357
9.337
9.520
8.004
7.966
8.158
7.501
6.887
7.632
7.317
8.723
6.730
6.956
6.691
5.457
4.727
5.109
3.297
2.820
3.355
6.787
7.141
7.063
5.311
5.032
5.188
4.439
4.510
4.906
2.953
2.805
2.424
2.205
2.533
2.596
0.679
0.349
0.198
0.174
0.218
-0.065
-0.262
-0.267
0.561
-0.053
-1.640
-1.783
-1.686
-2.659
-2.180
-2.646
-4.064
-4.758
-4.380
-4.229
-3.808
-3.786
-5.757
-6.182
-6.398
-5.903
-5.470
-5.365
-7.331
-7.593
-8.034
-7.501
2.598
2.777
2.784
1.032
0.808
0.684
0.255
0.507
0.470
-1.234
-1.746
-1.443
-1.914
-1.187
-2.046
-3.247
-3.607
-3.352
-4.283
-3.941
-5.562
-6.115
-6.362
-6.641
-5.713
-7.698
-7.502
-8.181
-8.494
-8.671
-9.501
-7.855
-7.469
-6.996
-8.807
-9.314
-8.185
-9.798
-10.661
-10.273
-9.060
-8.400
-8.521
-9.935
-10.537
-9.201
-10.708
8.288
7.992
6.999
7.969
8.152
8.529
8.729
7.140
9.696
9.906
9.697
10.458
7.374
6.393
7.569
7.360
8.950
9.989
8.620
7.756
7.913
7.580
8.920
6.524
5.286
4.659
5.395
4.384
4.981
3.584
2.991
2.988
1.966
1.183
2.478
3.450
4.108
2.993
2.472
1.629
1.762
0.491
0.678
0.580
1.321
1.971
0.699
0.364
0.952
0.155
-0.900
-0.582
-1.303
-1.955
-2.420
-1.489
-3.048
-2.901
-2.948
-4.508
-5.107
-4.765
-4.857
-4.578
-5.568
-5.801
-6.178
-5.578
-6.256
-7.662
-7.764
-7.966
-8.539
-8.609
-8.134
-10.014
-10.090
-10.482
-10.754
-10.656
-10.315
-12.262
-12.407
-12.802
-12.847
-12.809
-12.388
-14.356
-14.855
-14.719
-14.427
-0.882
-0.729
-0.989
-2.029
-2.204
-1.767
-3.329
-3.105
-3.689
-4.369
-4.112
-4.342
-5.787
-5.978
-5.743
-6.892
-7.815
-7.195
-6.512
-5.611
-7.059
-6.616
-8.286
-8.424
-8.124
-9.626
-9.849
-10.278
-9.596
-9.190
-8.905
-10.958
-10.757
-11.156
-12.227
-12.262
-13.118
-12.262
-11.338
-12.228
-13.492
-14.343
-13.373
-13.658
-12.759
-13.883
-14.527
6.774
5.773
5.028
5.232
7.613
7.073
8.127
8.277
6.060
5.604
5.271
6.839
7.704
8.247
8.392
7.176
6.195
5.277
6.570
7.420
8.850
6.897
7.121
6.650
6.002
6.152
6.576
4.422
4.290
3.802
2.857
2.607
2.256
2.059
2.975
3.770
4.036
4.162
2.295
1.696
2.294
0.195
-0.113
-0.086
0.982
1.268
0.171
0.566
0.425
1.376
-0.725
-1.065
-0.584
-1.951
-2.803
-1.693
-2.527
-1.600
-3.016
-3.383
-2.908
-3.481
-4.704
-4.974
-5.477
-6.411
-5.307
-4.303
-6.031
-5.525
-6.599
-5.038
-5.123
-4.042
-5.524
-5.294
-6.015
-5.676
-3.993
-3.291
-3.641
-4.351
-5.095
-4.677
-3.117
-2.325
-2.676
-3.505
-3.704
-2.689
-4.462
-0.472
-0.030
-0.094
-2.012
-2.181
-2.462
-2.852
-2.527
-3.753
-3.313
-3.807
-3.986
-2.145
-1.740
-1.359
-2.657
-2.976
-3.530
-1.591
-0.634
-1.643
-0.691
-2.806
-3.774
-2.676
-2.875
-1.817
-3.208
-3.669
-3.418
-3.521
-5.190
-5.462
-5.452
-5.998
-5.718
-5.713
-7.478
-7.701
-7.752
-8.393
-8.433
-7.991
-9.814
-10.491
-9.792
-10.307
12.309
11.156
10.342
11.440
12.649
12.924
13.397
11.739
11.843
12.572
11.816
10.980
13.497
14.283
13.383
13.910
10.425
10.169
11.182
8.914
9.915
8.760
9.262
7.510
6.693
6.502
7.079
5.239
5.349
4.732
4.774
5.555
3.705
4.029
3.356
4.305
4.083
4.834
3.007
2.611
3.232
1.390
0.865
0.754
2.483
1.990
2.788
1.536
2.151
1.182
0.267
-0.222
0.699
-0.696
-0.165
-1.103
-1.819
-2.200
-1.341
-2.893
-3.696
-2.531
-3.460
-2.761
-4.759
-5.163
-5.942
-5.697
-6.178
-7.218
-8.093
-7.477
-7.053
-6.249
-6.910
-8.296
-8.446
-8.073
-9.547
-9.332
-9.605
-10.792
-10.582
-11.708
-11.093
-10.717
-10.504
-12.606
-12.741
-13.034
-13.270
1.698
2.249
2.344
0.411
0.698
0.139
-0.704
-1.154
-0.544
-1.900
-1.957
-1.537
-3.251
-3.136
-3.502
-4.387
-5.236
-4.024
-4.789
-4.101
-5.711
-5.866
-6.620
-6.729
-6.128
-8.081
-8.493
-8.536
-8.190
-7.686
-7.741
-9.722
-10.305
-10.077
-10.119
-11.206
-9.979
-9.407
-9.463
-8.314
-10.045
-9.376
-10.291
-11.362
-12.162
-11.354
-11.784
12.471
11.869
12.112
12.331
12.177
12.730
11.158
12.506
13.980
14.468
14.397
14.316
11.967
12.546
12.151
10.909
10.348
10.309
9.743
9.643
10.716
9.444
9.828
8.278
7.167
6.971
7.193
5.829
5.049
5.777
5.837
5.692
5.960
6.915
6.107
5.729
6.468
6.034
4.452
3.451
3.669
2.100
2.460
1.774
4.904
4.740
5.382
3.576
3.008
2.961
3.643
2.724
4.582
3.531
4.277
2.522
3.784
3.196
4.829
3.604
4.200
2.542
4.043
5.024
3.455
4.096
2.018
1.504
1.503
2.017
2.809
1.011
2.393
1.758
3.384
2.581
3.198
3.227
1.334
0.654
0.729
1.605
2.154
2.354
0.384
0.061
-0.407
0.604
1.353
-0.350
0.978
1.084
1.588
0.612
-0.158
-0.440
0.142
-1.262
-1.454
-2.180
-0.953
-0.021
-0.750
-1.983
-2.998
-2.165
-1.406
-1.535
-0.347
-2.238
-3.304
-1.792
-2.521
-0.373
0.042
-0.434
0.524
0.043
0.576
1.870
1.748
2.294
2.951
2.625
3.991
3.079
2.142
3.265
4.250
5.140
4.349
4.155
4.169
5.120
2.935
2.778
1.985
3.033
-27.649
-27.375
-27.457
-26.408
-28.803
-28.964
-29.628
-28.827
-27.718
-27.931
-26.825
-28.366
-26.485
-25.664
-26.294
-26.567
-28.294
-29.346
-28.328
-26.510
-25.818
-26.586
-27.973
-25.765
-24.399
-24.041
-24.555
-23.264
-22.972
-22.104
-21.442
-21.629
-20.338
-20.821
-19.847
-23.708
-24.067
-24.550
-22.547
-22.281
-22.875
-21.122
-21.021
-21.372
-19.387
-19.923
-18.893
-18.432
-17.460
-18.754
-18.245
-19.160
-17.897
-17.123
-16.111
-17.387
-17.180
-18.162
-16.781
-16.226
-16.612
-15.244
-16.155
-17.051
-14.963
-15.089
-13.541
-13.148
-13.481
-12.650
-13.126
-12.683
-11.274
-10.938
-11.162
-10.258
-10.546
-10.353
-8.816
-8.225
-8.352
-8.649
-7.585
-8.819
-9.537
-10.629
-9.258
-9.327
-8.233
-9.728
-9.681
-19.852
-19.872
-19.010
-19.420
-19.261
-20.232
-18.015
-18.000
-17.248
-17.725
-18.557
-17.827
-16.356
-16.247
-16.289
-15.273
-15.294
-15.464
-13.911
-13.865
-12.791
-11.947
-12.681
-13.328
-11.649
-13.257
-14.351
-12.880
-12.881
-13.058
-11.814
-13.793
-13.674
-14.863
-13.357
-13.809
-12.258
-13.938
-15.049
-13.696
-13.424
-12.382
-13.228
-14.228
-13.762
-15.235
-14.376
-32.251
-32.421
-33.444
-31.999
-33.221
-33.125
-32.954
-34.249
-30.843
-30.447
-30.773
-30.153
-32.621
-33.471
-32.813
-31.779
-31.761
-32.190
-31.869
-29.771
-30.205
-30.045
-30.380
-28.245
-27.303
-27.591
-27.233
-25.848
-25.211
-25.449
-25.058
-24.914
-24.797
-24.994
-25.620
-25.848
-26.654
-26.127
-24.553
-24.352
-25.179
-22.897
-22.791
-22.292
-23.393
-23.382
-23.092
-22.301
-22.671
-21.409
-21.622
-21.157
-22.318
-20.632
-21.164
-20.008
-19.741
-20.383
-19.022
-18.956
-18.461
-19.625
-17.815
-17.156
-17.370
-16.510
-18.007
-18.792
-18.548
-16.955
-16.421
-17.431
-16.092
-16.769
-15.298
-15.563
-15.172
-16.371
-14.317
-14.198
-14.466
-13.040
-13.081
-13.068
-11.680
-10.891
-11.698
-11.497
-10.635
-12.317
-11.245
-22.518
-23.117
-22.824
-21.111
-20.899
-20.998
-20.269
-20.387
-20.707
-18.687
-18.306
-18.206
-18.493
-18.777
-19.206
-17.031
-16.567
-16.445
-16.915
-17.081
-16.705
-16.600
-16.801
-16.972
-17.653
-15.537
-14.647
-15.477
-15.404
-15.411
-16.411
-14.295
-14.315
-14.428
-12.927
-12.690
-12.112
-12.646
-11.584
-13.273
-12.858
-13.023
-13.726
-11.628
-11.196
-10.852
-11.768
-32.221
-31.724
-30.999
-32.415
-31.053
-31.427
-30.711
-30.184
-33.367
-34.067
-33.100
-33.999
-32.678
-31.790
-33.019
-33.343
-31.251
-30.925
-30.373
-32.058
-30.857
-33.283
-32.292
-31.739
-30.754
-30.349
-31.224
-29.532
-29.902
-28.798
-28.112
-28.029
-27.231
-27.807
-27.024
-28.701
-29.361
-27.926
-28.255
-26.957
-26.188
-26.507
-26.341
-27.418
-25.893
-25.397
-26.073
-24.906
-25.386
-25.001
-23.422
-23.160
-23.371
-22.464
-22.773
-22.550
-21.082
-20.809
-21.057
-19.983
-20.202
-19.869
-18.645
-17.924
-18.329
-17.341
-19.249
-20.329
-19.143
-18.880
-18.975
-19.570
-17.531
-17.223
-16.751
-17.512
-17.698
-18.246
-16.086
-16.039
-15.438
-15.770
-15.338
-16.710
-14.781
-15.124
-13.853
-14.340
-13.954
-15.099
-13.484
-25.364
-25.717
-25.155
-24.043
-23.907
-24.139
-22.894
-23.064
-22.988
-21.467
-21.322
-21.284
-20.263
-20.180
-19.347
-20.452
-21.231
-20.764
-19.068
-18.819
-18.194
-17.212
-18.466
-19.546
-17.933
-18.119
-18.709
-18.296
-16.609
-16.444
-16.316
-15.568
-15.659
-15.830
-14.159
-13.433
-14.106
-13.797
-13.623
-14.650
-12.551
-12.873
-11.601
-12.268
-11.342
-12.109
-12.993
-29.831
-30.292
-29.545
-31.113
-30.807
-30.218
-31.596
-31.242
-29.426
-30.127
-29.283
-28.529
-28.565
-28.757
-28.180
-27.798
-30.435
-30.793
-29.445
-31.304
-31.751
-32.074
-31.376
-29.754
-29.087
-29.621
-29.027
-27.595
-27.140
-26.951
-26.730
-26.904
-26.285
-25.918
-27.251
-27.351
-27.580
-28.149
-26.059
-25.168
-25.420
-23.762
-23.213
-23.775
-25.212
-25.405
-25.361
-23.730
-23.712
-23.182
-23.202
-23.267
-23.913
-21.754
-21.134
-21.595
-21.458
-22.012
-20.398
-21.640
-20.816
-21.415
-23.038
-23.292
-23.899
-24.846
-23.633
-24.356
-22.588
-23.723
-22.969
-24.751
-23.456
-23.914
-23.989
-21.996
-21.379
-21.514
-21.713
-22.445
-21.856
-20.290
-19.469
-20.153
-19.998
-20.679
-20.252
-18.554
-17.916
-18.335
-18.144
-22.906
-23.005
-23.361
-21.408
-20.939
-21.286
-20.544
-21.020
-20.326
-19.042
-18.468
-19.151
-18.166
-18.572
-18.356
-16.654
-16.417
-16.072
-16.262
-16.496
-15.748
-15.401
-15.328
-15.217
-16.159
-14.031
-13.753
-14.245
-12.813
-12.667
-12.836
-11.507
-11.293
-11.599
-10.358
-10.327
-10.605
-9.097
-8.918
-9.206
-7.947
-8.228
-7.968
-6.527
-6.017
-6.491
-5.825
-37.454
-37.041
-37.014
-37.831
-37.484
-38.095
-36.505
-37.702
-38.838
-39.099
-38.782
-39.572
-36.393
-36.528
-36.378
-35.428
-35.686
-35.853
-35.531
-34.085
-34.184
-34.848
-34.553
-32.600
-31.804
-32.033
-32.196
-30.286
-29.670
-30.156
-28.890
-28.080
-28.573
-28.654
-29.334
-29.880
-30.438
-30.289
-28.452
-27.840
-28.362
-26.348
-26.018
-26.110
-27.225
-26.896
-26.443
-27.204
-27.903
-26.182
-27.242
-26.565
-28.267
-26.875
-27.610
-25.900
-26.966
-26.747
-28.019
-25.843
-25.996
-24.884
-26.041
-27.069
-25.270
-25.519
-23.903
-23.557
-23.924
-22.775
-23.083
-22.808
-21.365
-21.138
-21.103
-20.360
-20.311
-20.774
-18.986
-19.181
-18.740
-17.893
-16.870
-18.064
-17.822
-18.842
-17.464
-16.811
-17.274
-16.582
-15.843
-25.533
-25.757
-25.831
-24.035
-23.496
-23.917
-23.395
-23.574
-23.657
-21.899
-21.567
-21.622
-21.106
-21.330
-21.249
-19.544
-19.291
-18.935
-18.887
-19.190
-18.265
-17.733
-17.721
-18.391
-17.577
-16.302
-16.333
-16.218
-15.178
-15.239
-15.284
-13.816
-13.692
-13.713
-12.700
-12.669
-12.880
-11.307
-11.219
-10.764
-10.424
-10.851
-10.439
-8.996
-8.999
-8.630
-8.355
-27.278
-26.543
-26.150
-27.266
-26.391
-25.559
-26.082
-26.906
-27.898
-28.690
-27.185
-28.250
-28.280
-27.698
-28.886
-28.954
-25.392
-25.044
-24.451
-25.225
-25.386
-25.938
-25.856
-23.699
-22.713
-21.907
-23.068
-21.972
-22.631
-21.608
-22.050
-22.930
-21.165
-21.703
-20.109
-20.690
-20.319
-21.074
-19.752
-18.714
-18.517
-17.839
-18.504
-17.130
-21.247
-22.285
-20.904
-20.291
-20.290
-20.648
-18.796
-18.763
-18.289
-18.089
-18.107
-18.496
-16.645
-16.543
-16.259
-15.817
-16.178
-14.749
-16.003
-17.052
-15.103
-15.387
-13.715
-13.493
-12.902
-13.509
-14.310
-12.649
-13.306
-12.282
-14.064
-13.581
-13.503
-14.623
-12.467
-12.253
-11.509
-12.856
-13.464
-13.465
-11.694
-10.849
-11.450
-12.074
-11.135
-12.657
-12.621
-17.137
-16.666
-17.805
-16.010
-16.450
-15.380
-15.159
-14.916
-15.781
-13.868
-13.095
-13.452
-14.036
-14.841
-14.560
-12.823
-12.081
-13.130
-12.217
-12.830
-11.095
-10.838
-10.230
-10.144
-10.765
-8.873
-8.893
-8.253
-8.047
-8.503
-8.094
-6.571
-5.887
-6.777
-5.810
-5.852
-6.522
-4.474
-4.456
-4.045
-3.517
-3.770
-3.828
-2.022
-1.795
-1.354
-1.705
-32.490
-31.080
-31.093
-30.464
-33.432
-33.060
-33.646
-34.324
-32.363
-31.573
-32.154
-33.255
-32.980
-32.961
-33.987
-32.311
-30.389
-29.366
-30.839
-31.117
-31.371
-32.330
-30.394
-30.035
-29.084
-28.751
-29.395
-27.766
-28.055
-27.292
-26.562
-26.473
-26.013
-26.204
-26.576
-26.763
-27.342
-25.898
-26.427
-25.366
-24.757
-24.849
-25.553
-23.829
-24.472
-23.885
-24.115
-24.126
-24.755
-24.446
-22.644
-22.014
-22.437
-22.384
-23.206
-22.449
-21.144
-20.232
-21.227
-20.988
-21.819
-21.104
-19.690
-19.591
-18.733
-17.771
-18.832
-19.459
-19.340
-17.373
-17.474
-16.614
-16.755
-16.738
-17.384
-15.329
-15.405
-14.796
-14.458
-14.428
-14.878
-12.974
-12.988
-12.475
-12.149
-12.160
-12.848
-10.753
-10.586
-10.360
-10.082
-24.692
-25.645
-24.174
-23.856
-23.018
-24.362
-23.536
-23.081
-24.502
-22.752
-23.402
-22.472
-21.468
-20.832
-21.643
-20.774
-21.579
-19.936
-20.196
-20.851
-19.018
-18.759
-18.181
-18.718
-18.032
-16.842
-17.057
-16.590
-15.775
-16.159
-15.473
-14.552
-14.345
-14.748
-13.275
-13.020
-13.401
-12.050
-12.529
-11.226
-11.507
-11.161
-12.258
-10.401
-9.688
-9.855
-10.780
-31.840
-31.288
-31.749
-31.472
-33.277
-33.882
-33.412
-33.700
-31.829
-32.022
-30.910
-32.538
-31.114
-31.327
-31.453
-30.083
-29.828
-29.367
-29.512
-29.589
-29.192
-30.841
-29.628
-28.479
-27.215
-26.661
-27.265
-26.291
-26.800
-26.156
-25.692
-25.615
-25.140
-25.091
-25.841
-24.894
-24.300
-24.875
-24.193
-24.617
-25.456
-23.987
-23.834
-24.594
-23.743
-23.553
-23.836
-22.698
-23.086
-22.690
-21.390
-21.002
-21.551
-20.486
-20.706
-20.780
-18.963
-18.521
-18.544
-18.492
-18.800
-18.965
-16.967
-16.520
-16.126
-15.061
-16.580
-17.602
-15.919
-16.657
-17.354
-16.912
-15.254
-14.576
-14.872
-15.167
-15.760
-15.702
-13.775
-13.175
-13.872
-13.147
-13.891
-12.731
-11.987
-11.190
-12.308
-11.368
-10.573
-12.269
-10.956
-22.558
-22.607
-22.395
-21.405
-21.418
-21.290
-20.122
-20.070
-20.091
-18.975
-19.019
-19.185
-17.570
-17.798
-17.160
-16.436
-16.177
-15.540
-16.746
-17.272
-16.142
-16.411
-15.352
-15.710
-15.500
-13.959
-13.778
-13.863
-12.754
-12.852
-12.767
-11.360
-11.312
-10.664
-10.809
-11.077
-11.132
-9.245
-8.917
-8.920
-8.717
-9.247
-8.735
-7.180
-6.926
-6.869
-6.685
-35.241
-34.319
-34.230
-34.734
-34.575
-33.684
-34.270
-35.369
-35.462
-34.541
-36.204
-35.761
-36.619
-36.564
-37.187
-37.031
-32.884
-32.438
-32.473
-32.034
-31.857
-32.669
-32.854
-30.684
-29.590
-29.437
-29.600
-28.281
-28.330
-26.994
-26.031
-26.049
-24.814
-24.796
-24.999
-28.239
-28.006
-29.248
-27.214
-27.629
-28.812
-26.394
-25.443
-26.235
-23.450
-23.566
-23.332
-22.271
-22.142
-22.602
-20.888
-20.868
-20.550
-19.737
-18.740
-19.660
-19.886
-20.871
-19.788
-18.860
-18.735
-17.842
-19.192
-20.237
-18.237
-18.573
-16.731
-16.495
-16.359
-15.882
-15.701
-16.466
-14.569
-14.641
-13.960
-13.624
-14.088
-12.618
-13.523
-14.492
-12.972
-12.724
-11.745
-13.235
-12.700
-12.180
-13.704
-11.998
-12.676
-11.136
-11.493
-26.717
-27.611
-25.845
-26.889
-26.182
-27.924
-26.711
-27.257
-27.235
-25.219
-24.860
-24.637
-25.207
-25.935
-25.524
-23.800
-23.121
-23.961
-23.314
-22.697
-23.450
-23.064
-24.037
-24.816
-24.576
-23.016
-22.465
-23.549
-22.178
-22.709
-22.086
-20.776
-20.842
-20.352
-19.857
-19.055
-20.453
-19.206
-19.988
-18.841
-18.080
-18.407
-17.637
-17.010
-16.586
-17.440
-16.239
-36.252
-35.275
-35.111
-35.738
-36.649
-37.366
-37.088
-35.853
-37.451
-37.880
-38.157
-37.133
-35.575
-35.545
-34.560
-36.186
-33.851
-33.199
-33.315
-33.031
-33.521
-32.743
-33.899
-31.641
-31.636
-30.804
-32.511
-31.577
-32.365
-30.348
-30.294
-31.178
-28.893
-28.659
-28.293
-31.736
-32.659
-31.739
-30.659
-29.550
-29.367
-28.322
-28.559
-28.187
-28.772
-28.881
-29.522
-27.462
-27.347
-26.722
-26.955
-26.680
-27.760
-25.680
-25.786
-24.862
-25.227
-25.154
-25.983
-23.795
-23.575
-23.050
-23.651
-24.405
-22.935
-23.156
-22.004
-21.108
-21.567
-22.574
-22.915
-21.795
-23.765
-23.380
-24.697
-23.883
-22.913
-24.552
-24.380
-25.251
-23.679
-24.836
-25.702
-25.006
-23.786
-23.623
-24.164
-22.521
-21.730
-22.726
-22.064
-27.003
-27.053
-26.920
-25.753
-25.880
-24.839
-25.391
-26.226
-24.466
-25.203
-25.210
-26.053
-23.848
-23.888
-23.036
-23.301
-23.424
-22.221
-24.014
-24.871
-23.652
-24.386
-22.389
-21.471
-22.100
-22.567
-23.431
-22.816
-21.311
-21.079
-20.383
-21.647
-21.662
-22.599
-20.551
-20.725
-19.604
-20.566
-21.573
-20.312
-19.576
-18.600
-19.887
-19.377
-19.053
-18.585
-20.317
-35.013
-33.897
-33.185
-33.222
-34.502
-33.663
-35.166
-34.095
-36.182
-35.969
-37.062
-36.340
-35.628
-36.512
-35.894
-34.897
-34.195
-33.320
-34.660
-34.662
-35.544
-34.660
-35.097
-33.198
-32.930
-32.282
-33.876
-32.152
-32.813
-31.012
-30.438
-30.621
-29.525
-30.142
-28.934
-31.824
-32.736
-31.291
-30.973
-29.652
-29.083
-28.982
-29.106
-29.501
-28.545
-29.101
-28.008
-27.452
-28.009
-26.904
-26.388
-26.073
-26.795
-25.228
-25.263
-24.968
-23.883
-23.757
-24.070
-22.768
-23.206
-22.386
-21.654
-21.942
-20.421
-19.618
-19.840
-20.537
-19.610
-18.642
-19.018
-18.310
-17.454
-17.050
-17.557
-16.245
-16.251
-16.215
-14.892
-14.671
-14.819
-13.859
-13.994
-13.859
-12.345
-12.255
-11.826
-11.865
-11.694
-12.663
-10.959
-27.522
-27.085
-27.426
-26.782
-27.155
-26.949
-25.291
-24.978
-25.260
-24.397
-24.838
-24.488
-22.956
-22.443
-22.858
-22.210
-22.777
-21.239
-21.938
-22.873
-20.760
-20.571
-19.393
-19.347
-19.225
-18.244
-18.166
-18.566
-16.861
-16.491
-16.893
-15.844
-16.215
-15.652
-14.361
-14.272
-14.161
-13.267
-13.275
-13.384
-11.847
-11.209
-11.795
-11.441
-10.357
-12.012
-11.620
-30.732
-31.303
-31.857
-30.452
-31.866
-31.532
-32.715
-32.362
-30.052
-30.769
-29.715
-29.166
-29.722
-29.319
-28.865
-30.099
-32.262
-32.841
-33.046
-30.573
-29.555
-31.329
-31.579
-29.929
-29.345
-28.608
-30.087
-28.645
-29.232
-27.288
-27.109
-27.926
-25.718
-25.985
-25.097
-28.296
-27.891
-29.232
-27.437
-26.244
-25.728
-25.380
-25.923
-25.240
-24.908
-24.864
-25.387
-23.501
-23.124
-23.477
-22.557
-22.874
-22.617
-21.079
-20.622
-21.123
-20.163
-20.592
-19.927
-18.739
-17.974
-18.378
-18.719
-19.616
-17.675
-17.731
-16.312
-16.380
-16.128
-15.227
-15.117
-15.491
-13.850
-13.885
-13.651
-12.671
-11.719
-12.548
-12.750
-13.407
-11.764
-13.392
-13.108
-14.491
-13.136
-13.918
-13.287
-11.754
-11.806
-10.912
-11.606
-23.960
-23.950
-23.264
-23.135
-22.945
-23.767
-21.783
-21.840
-21.144
-21.029
-21.697
-20.863
-19.663
-19.087
-19.824
-18.976
-19.359
-19.227
-17.461
-17.061
-16.581
-15.554
-16.860
-17.514
-17.491
-15.790
-16.279
-14.967
-14.855
-15.366
-14.433
-13.558
-12.889
-13.951
-12.655
-12.222
-13.256
-11.409
-10.745
-10.804
-11.741
-12.424
-12.362
-10.562
-10.120
-10.754
-9.767
-30.169
-29.599
-29.234
-30.351
-31.461
-32.271
-31.765
-31.472
-29.204
-28.249
-29.058
-29.567
-30.395
-30.762
-29.487
-30.949
-28.436
-27.869
-27.833
-29.551
-28.873
-30.994
-28.920
-29.396
-28.468
-28.805
-28.454
-27.096
-26.563
-26.491
-26.110
-26.330
-25.091
-24.790
-25.735
-27.117
-27.461
-27.758
-25.827
-25.042
-25.338
-23.779
-24.038
-23.088
-23.802
-23.388
-24.148
-22.887
-23.385
-22.735
-21.535
-20.999
-21.774
-20.750
-19.888
-21.440
-20.425
-21.224
-19.793
-19.523
-18.708
-20.160
-19.039
-19.654
-17.955
-17.781
-16.973
-16.580
-17.429
-15.810
-16.278
-15.213
-14.803
-14.361
-15.252
-13.450
-13.664
-13.029
-12.663
-11.572
-12.863
-13.178
-14.183
-13.283
-12.302
-11.289
-12.210
-12.975
-13.924
-13.254
-12.426
-23.299
-23.974
-23.459
-21.788
-21.595
-21.019
-21.668
-21.936
-22.258
-20.226
-19.707
-19.824
-19.968
-20.603
-20.276
-18.487
-17.877
-18.414
-18.027
-18.845
-16.718
-16.548
-15.539
-15.860
-15.267
-14.415
-13.656
-14.013
-14.772
-15.621
-13.825
-15.274
-14.535
-15.317
-16.695
-16.702
-17.354
-17.278
-17.334
-18.275
-16.492
-16.578
-15.415
-16.995
-16.601
-16.764
-18.105
-32.209
-31.030
-31.106
-30.969
-32.144
-32.196
-32.992
-31.304
-32.270
-32.603
-31.289
-33.065
-33.486
-34.328
-33.599
-33.519
-29.636
-28.813
-29.686
-28.655
-28.824
-29.347
-29.171
-27.173
-26.617
-27.328
-25.722
-26.116
-26.917
-25.543
-26.335
-27.536
-25.563
-26.162
-25.606
-25.074
-24.365
-25.642
-24.378
-23.514
-23.184
-22.808
-22.342
-23.559
-24.091
-23.583
-24.000
-23.131
-22.800
-22.169
-23.714
-24.072
-24.555
-22.694
-22.212
-22.058
-23.280
-23.744
-24.133
-22.103
-21.381
-22.441
-21.580
-22.269
-20.274
-19.963
-19.074
-18.717
-19.433
-17.821
-17.277
-18.191
-16.961
-17.433
-17.020
-15.540
-15.124
-15.472
-14.589
-14.714
-14.833
-13.136
-12.843
-12.932
-12.294
-11.227
-12.782
-12.266
-13.231
-11.754
-11.597
-21.765
-22.101
-21.433
-20.473
-20.833
-19.868
-19.662
-20.297
-18.704
-19.224
-18.627
-20.120
-18.400
-19.232
-17.638
-17.558
-17.253
-18.028
-16.337
-16.432
-15.110
-14.243
-14.751
-15.483
-13.998
-14.154
-14.783
-14.196
-12.680
-12.710
-12.127
-11.998
-12.695
-11.064
-11.611
-12.498
-10.890
-11.077
-11.847
-10.154
-10.743
-9.861
-11.610
-10.454
-11.109
-9.421
-10.361
-25.350
-24.396
-24.665
-23.366
-24.804
-25.482
-23.889
-24.772
-25.581
-26.436
-25.619
-24.706
-26.658
-26.493
-27.298
-27.194
-24.209
-23.350
-25.085
-24.653
-24.540
-25.972
-23.867
-23.760
-22.332
-21.776
-22.018
-21.691
-22.214
-21.717
-22.118
-22.356
-22.196
-23.256
-21.460
-20.213
-19.793
-19.649
-19.917
-19.908
-20.114
-19.547
-20.514
-18.918
-21.845
-22.474
-22.129
-20.297
-19.912
-19.839
-20.009
-20.522
-20.450
-18.475
-18.346
-18.220
-17.514
-17.373
-17.966
-16.097
-16.325
-15.555
-15.274
-15.722
-14.034
-13.578
-13.313
-13.942
-12.718
-12.482
-11.775
-13.191
-11.775
-12.578
-11.232
-10.979
-10.487
-11.693
-9.766
-9.946
-9.109
-8.897
-9.622
-8.487
-7.842
-8.291
-7.549
-6.533
-6.012
-6.744
-5.841
-18.781
-19.268
-17.726
-18.859
-19.915
-18.381
-18.377
-17.296
-18.892
-18.617
-19.704
-18.412
-17.897
-16.825
-18.242
-17.962
-17.380
-17.428
-19.383
-20.047
-19.836
-20.879
-19.146
-18.039
-19.494
-19.592
-19.213
-20.664
-19.383
-19.600
-20.157
-17.924
-17.965
-17.303
-17.669
-18.504
-17.543
-16.317
-16.295
-16.218
-15.183
-15.367
-15.181
-13.840
-12.988
-13.888
-13.675
-32.101
-30.902
-31.233
-30.784
-33.382
-33.251
-34.191
-33.663
-32.433
-31.776
-32.484
-33.380
-31.870
-31.551
-32.793
-31.031
-29.617
-28.797
-29.689
-28.622
-28.104
-29.692
-29.203
-27.403
-26.477
-26.065
-27.003
-25.321
-25.709
-24.571
-23.900
-23.868
-23.193
-23.355
-23.620
-24.401
-24.995
-23.924
-23.212
-23.272
-24.288
-22.003
-22.237
-21.210
-21.705
-21.247
-21.207
-21.497
-22.187
-21.754
-20.095
-19.395
-20.046
-19.665
-20.221
-19.841
-18.105
-17.630
-17.496
-17.979
-18.068
-18.838
-16.648
-16.538
-15.526
-14.572
-15.381
-16.464
-14.768
-14.822
-13.732
-15.176
-15.344
-15.412
-16.358
-14.418
-14.373
-13.342
-14.927
-14.984
-16.004
-14.289
-14.659
-14.496
-12.753
-12.338
-12.373
-12.163
-12.181
-11.090
-12.524
-21.522
-20.581
-22.324
-21.083
-21.973
-20.201
-20.676
-21.604
-20.199
-19.871
-20.514
-19.143
-19.098
-18.513
-19.857
-18.246
-18.770
-18.285
-16.828
-16.146
-16.229
-15.231
-16.861
-17.960
-16.636
-16.491
-16.964
-15.415
-17.015
-18.121
-16.510
-16.649
-17.092
-15.581
-17.312
-18.321
-16.799
-17.549
-18.175
-18.103
-16.312
-16.587
-15.627
-15.506
-14.711
-15.004
-15.951
-32.701
-31.407
-31.433
-31.551
-33.864
-33.714
-34.003
-34.739
-32.911
-32.870
-33.888
-32.148
-32.782
-31.974
-32.680
-33.626
-30.022
-29.951
-29.182
-29.532
-30.452
-29.687
-29.942
-28.041
-27.655
-28.422
-27.230
-26.644
-26.566
-25.364
-24.774
-25.210
-23.651
-24.107
-23.039
-27.063
-27.227
-28.055
-26.140
-26.520
-27.632
-25.395
-24.834
-25.772
-22.739
-23.410
-22.223
-21.738
-22.228
-21.391
-20.560
-20.892
-19.933
-19.606
-19.204
-20.193
-18.376
-18.012
-18.795
-17.280
-17.749
-16.995
-15.966
-16.128
-14.746
-13.956
-14.356
-15.297
-13.720
-13.681
-14.286
-13.628
-12.290
-11.712
-12.342
-11.354
-11.200
-10.378
-11.950
-11.253
-12.834
-12.372
-13.127
-11.458
-12.936
-12.122
-13.778
-13.479
-12.589
-13.800
-14.282
-24.430
-23.448
-24.042
-25.175
-26.115
-25.578
-24.469
-24.152
-25.102
-23.393
-22.506
-23.579
-22.939
-23.741
-22.875
-21.623
-20.946
-21.291
-21.455
-22.180
-20.740
-20.993
-19.947
-20.096
-20.171
-18.463
-18.247
-18.480
-17.486
-17.595
-17.708
-16.017
-15.986
-15.717
-14.952
-14.927
-13.954
-15.066
-16.003
-15.276
-13.893
-13.036
-13.602
-14.179
-14.929
-14.549
-13.206
-31.807
-30.957
-31.485
-30.939
-33.158
-33.008
-33.754
-33.641
-32.055
-32.900
-31.239
-32.155
-31.199
-30.331
-30.885
-31.919
-29.549
-28.992
-28.999
-29.578
-29.677
-30.514
-29.652
-28.078
-27.021
-27.289
-27.169
-25.615
-24.970
-25.277
-24.901
-24.724
-24.469
-25.181
-24.572
-25.517
-26.245
-25.747
-24.221
-23.940
-24.709
-22.467
-22.237
-21.853
-23.011
-22.892
-22.778
-21.941
-20.921
-22.004
-21.816
-22.578
-21.862
-20.447
-19.622
-20.320
-20.243
-20.893
-20.647
-18.766
-18.350
-18.334
-18.542
-18.739
-18.160
-18.016
-18.031
-18.188
-18.830
-16.705
-16.522
-15.846
-16.653
-15.635
-16.961
-17.559
-18.602
-17.300
-17.695
-18.203
-18.478
-16.476
-16.416
-15.584
-16.719
-16.694
-17.762
-15.817
-15.899
-14.742
-16.079
-22.332
-21.279
-23.087
-22.617
-22.834
-23.590
-21.443
-21.208
-20.566
-21.710
-20.865
-22.619
-21.967
-22.852
-21.040
-22.205
-23.311
-21.796
-21.729
-22.441
-20.530
-20.199
-19.392
-19.182
-19.714
-18.059
-18.278
-17.659
-16.888
-15.959
-17.028
-16.724
-15.986
-17.657
-16.234
-15.365
-17.008
-15.812
-15.239
-15.159
-16.974
-16.544
-17.444
-18.106
-18.730
-18.525
-17.585
-30.598
-30.929
-31.828
-30.165
-30.602
-29.762
-30.367
-31.501
-31.417
-31.519
-32.444
-31.092
-29.148
-28.473
-28.813
-29.122
-31.256
-31.278
-32.234
-30.575
-30.685
-31.751
-30.290
-29.235
-28.077
-28.243
-27.889
-26.793
-25.863
-26.744
-26.199
-25.776
-26.052
-27.058
-25.699
-26.884
-27.881
-26.717
-25.878
-26.088
-27.108
-24.832
-23.976
-24.845
-24.810
-23.857
-25.015
-24.543
-25.408
-24.400
-23.315
-23.373
-23.269
-21.951
-21.716
-21.972
-20.778
-20.587
-21.145
-19.376
-18.956
-18.667
-19.352
-20.127
-18.579
-18.628
-17.526
-17.774
-17.404
-16.208
-15.978
-16.238
-15.087
-15.536
-14.662
-13.961
-13.444
-14.447
-12.940
-13.448
-12.309
-11.968
-11.241
-11.477
-12.591
-13.087
-13.313
-11.561
-11.894
-11.320
-10.642
-24.704
-25.543
-23.765
-24.744
-25.790
-24.476
-23.693
-23.771
-23.786
-22.281
-22.211
-22.209
-21.053
-20.367
-21.506
-20.292
-19.547
-19.749
-21.192
-21.537
-21.449
-22.082
-20.889
-20.638
-19.983
-21.918
-22.474
-22.630
-21.255
-20.563
-20.666
-22.343
-23.120
-22.888
-21.639
-22.474
-21.191
-20.646
-20.868
-19.617
-20.786
-21.851
-20.200
-20.500
-20.269
-19.565
-21.409
-29.966
-28.771
-29.074
-28.141
-30.642
-29.861
-31.515
-31.018
-30.958
-31.443
-31.733
-30.495
-29.606
-28.690
-30.328
-29.259
-27.944
-27.424
-28.656
-25.944
-26.551
-25.136
-27.096
-25.043
-24.477
-24.922
-24.689
-22.918
-22.602
-22.341
-22.088
-22.316
-21.537
-22.214
-21.537
-22.502
-22.726
-23.157
-21.053
-20.635
-21.413
-19.076
-18.774
-18.719
-20.096
-19.670
-19.530
-19.829
-18.745
-20.410
-20.258
-21.355
-19.738
-20.002
-20.357
-18.894
-20.577
-20.350
-21.661
-20.069
-20.767
-19.112
-19.688
-18.818
-20.343
-19.976
-21.614
-21.979
-22.344
-21.130
-22.060
-20.478
-20.513
-19.777
-21.312
-19.774
-19.610
-20.343
-18.430
-18.539
-17.738
-17.771
-18.244
-18.022
-16.224
-15.890
-15.806
-15.741
-16.241
-16.147
-14.652
-18.759
-19.299
-17.689
-19.262
-18.710
-20.338
-18.995
-19.644
-19.296
-17.513
-17.195
-16.813
-17.176
-17.038
-17.917
-15.797
-15.045
-15.801
-15.398
-15.245
-15.458
-15.369
-15.913
-16.404
-16.591
-14.701
-13.989
-14.901
-13.974
-13.612
-14.678
-12.761
-13.030
-11.979
-12.289
-13.126
-11.950
-11.178
-11.342
-10.339
-10.700
-9.799
-10.314
-11.678
-12.546
-12.030
-11.127
-31.435
-31.437
-32.169
-30.447
-32.879
-33.426
-32.827
-33.305
-30.744
-31.264
-30.794
-29.756
-30.819
-31.267
-31.079
-29.751
-31.946
-32.111
-32.948
-29.802
-29.776
-29.545
-31.170
-28.732
-27.892
-27.433
-28.437
-26.718
-27.027
-25.596
-24.701
-24.733
-23.530
-23.752
-23.692
-26.178
-26.985
-25.370
-25.677
-25.069
-24.897
-24.434
-23.650
-25.275
-22.146
-21.335
-22.136
-21.773
-22.408
-21.890
-20.349
-20.315
-19.692
-19.683
-19.392
-20.408
-18.397
-18.558
-17.801
-17.681
-18.360
-16.782
-17.241
-18.106
-16.036
-15.876
-14.692
-14.005
-14.996
-13.966
-14.486
-14.261
-12.472
-12.218
-12.182
-11.632
-11.967
-11.787
-10.178
-9.769
-9.839
-9.260
-9.278
-8.221
-9.523
-10.432
-8.607
-9.536
-10.332
-9.699
-8.549
-23.738
-24.388
-23.674
-22.384
-21.676
-22.404
-21.836
-20.875
-22.477
-21.640
-22.650
-21.215
-20.785
-20.065
-21.487
-20.102
-20.884
-19.809
-18.959
-19.209
-17.727
-16.953
-17.342
-17.260
-17.968
-15.912
-15.728
-15.949
-14.738
-14.699
-14.984
-13.446
-12.764
-13.584
-12.929
-12.944
-13.539
-11.464
-10.784
-11.438
-10.859
-10.979
-9.772
-11.382
-11.145
-12.455
-10.852
-31.544
-30.464
-30.933
-30.045
-32.389
-33.153
-32.850
-31.891
-32.386
-33.316
-31.987
-32.794
-30.917
-31.658
-30.276
-30.219
-29.352
-28.711
-29.834
-27.955
-27.010
-29.016
-28.462
-27.228
-26.152
-26.457
-25.947
-24.807
-24.879
-23.804
-23.933
-24.747
-22.720
-22.649
-23.127
-24.424
-25.214
-23.508
-24.371
-23.374
-22.599
-23.438
-22.592
-24.375
-21.453
-21.621
-21.128
-20.242
-20.151
-20.510
-19.102
-19.280
-18.966
-17.817
-17.696
-17.688
-16.598
-16.754
-16.519
-15.311
-15.070
-15.386
-14.217
-14.496
-12.912
-12.267
-12.336
-11.468
-13.070
-11.856
-11.388
-11.038
-12.893
-13.230
-13.716
-12.259
-12.035
-11.348
-13.282
-14.278
-12.957
-13.312
-12.277
-13.843
-13.862
-13.988
-14.829
-12.930
-13.325
-12.713
-12.043
-23.206
-22.280
-24.093
-22.829
-21.830
-22.860
-23.933
-24.798
-24.140
-23.410
-24.294
-23.052
-22.357
-22.053
-21.504
-22.910
-23.743
-23.320
-21.857
-21.527
-21.310
-20.545
-21.644
-21.859
-22.605
-20.534
-19.590
-20.880
-20.122
-19.774
-20.946
-18.930
-19.094
-18.014
-18.700
-18.076
-19.645
-17.988
-17.129
-18.654
-17.646
-18.595
-17.175
-16.502
-16.377
-15.544
-16.717
-29.043
-28.925
-28.619
-28.193
-30.049
-29.952
-31.039
-29.868
-29.310
-30.163
-29.406
-28.524
-27.673
-26.917
-27.356
-27.674
-30.223
-29.986
-30.971
-30.123
-30.140
-30.876
-30.762
-28.664
-27.614
-27.502
-27.781
-26.146
-25.535
-26.149
-26.139
-25.923
-26.341
-27.357
-26.457
-25.514
-26.219
-25.559
-24.156
-23.138
-23.251
-21.840
-21.568
-22.005
-25.262
-25.163
-25.649
-23.977
-24.177
-23.562
-22.973
-23.558
-22.389
-22.017
-21.204
-22.647
-21.347
-22.249
-20.911
-20.237
-20.658
-20.025
-18.955
-19.058
-17.867
-17.084
-17.739
-17.395
-18.660
-16.499
-16.450
-16.692
-15.229
-15.229
-15.190
-14.019
-13.907
-14.291
-12.652
-12.249
-11.874
-12.780
-13.251
-13.576
-11.471
-11.079
-10.739
-11.393
-11.636
-12.116
-10.393
-20.734
-19.791
-20.607
-20.971
-21.779
-21.226
-19.814
-19.828
-20.082
-18.476
-18.163
-18.491
-17.340
-17.695
-17.315
-15.939
-16.087
-15.450
-15.054
-15.058
-14.337
-13.648
-14.262
-14.682
-13.205
-15.149
-14.741
-15.091
-16.555
-16.638
-17.004
-17.417
-17.419
-16.909
-18.854
-19.473
-19.303
-19.097
-18.817
-18.472
-20.605
-21.115
-20.908
-21.082
-21.445
-21.951
-20.309
-31.039
-30.141
-29.191
-30.082
-31.159
-30.210
-31.907
-31.357
-32.353
-33.113
-32.473
-32.743
-30.484
-31.044
-30.404
-29.530
-30.417
-31.487
-29.864
-28.514
-28.581
-28.098
-29.949
-27.496
-26.802
-27.431
-26.469
-25.513
-25.713
-24.572
-24.852
-25.790
-23.650
-24.073
-23.475
-24.783
-24.632
-25.374
-23.442
-23.439
-24.390
-22.019
-21.788
-21.410
-22.310
-22.222
-22.383
-21.035
-21.136
-20.991
-19.783
-19.975
-19.127
-19.283
-19.940
-18.301
-18.996
-18.120
-19.770
-18.546
-17.659
-18.322
-19.607
-20.506
-19.516
-20.398
-18.369
-18.770
-17.766
-17.354
-16.461
-17.045
-17.786
-18.629
-18.087
-16.476
-15.893
-16.007
-16.783
-17.427
-15.811
-17.356
-18.373
-17.444
-16.473
-15.495
-16.332
-17.042
-18.074
-17.059
-16.491
-21.527
-22.125
-21.667
-20.089
-19.463
-19.977
-19.575
-20.097
-19.804
-18.054
-17.520
-17.748
-17.638
-17.751
-18.268
-16.125
-15.828
-15.467
-15.745
-16.606
-14.618
-14.695
-13.332
-12.503
-13.403
-12.618
-12.447
-11.688
-13.646
-14.569
-13.832
-13.199
-12.463
-12.704
-14.386
-15.165
-14.327
-15.234
-15.857
-15.946
-14.298
-13.637
-13.595
-15.163
-15.851
-15.883
-14.554
-30.472
-29.268
-28.785
-28.596
-31.242
-30.711
-32.127
-31.449
-31.409
-30.906
-31.718
-32.280
-30.017
-29.439
-29.363
-30.791
-29.453
-30.152
-28.489
-29.099
-28.131
-30.123
-29.913
-28.240
-26.889
-27.041
-26.643
-25.708
-25.918
-24.551
-23.698
-23.986
-22.391
-22.662
-22.168
-25.505
-25.413
-26.377
-24.309
-24.356
-25.357
-23.011
-22.902
-22.185
-21.315
-21.162
-21.678
-20.047
-20.427
-19.568
-19.154
-18.589
-19.712
-18.022
-18.381
-17.405
-17.120
-17.809
-16.710
-15.893
-16.224
-15.374
-14.917
-15.435
-13.530
-12.997
-12.839
-12.096
-13.546
-11.952
-11.346
-11.287
-12.736
-13.334
-13.431
-11.949
-11.260
-11.256
-12.738
-13.386
-13.468
-11.875
-12.616
-11.443
-10.800
-10.158
-11.348
-9.805
-10.440
-9.222
-9.267
-22.614
-23.477
-22.661
-21.216
-21.181
-20.373
-20.931
-20.662
-21.819
-19.625
-18.788
-19.860
-19.248
-20.111
-19.092
-18.026
-17.796
-18.248
-16.836
-16.514
-16.189
-15.313
-16.429
-17.062
-15.395
-17.272
-16.568
-18.021
-17.939
-17.135
-18.778
-18.449
-19.300
-17.608
-18.947
-19.670
-17.992
-19.638
-20.730
-19.382
-19.105
-19.331
-19.701
-17.617
-17.191
-17.109
-17.327
-33.504
-33.884
-33.995
-34.841
-33.381
-33.157
-34.351
-32.514
-34.616
-34.388
-35.202
-35.439
-32.242
-32.262
-31.538
-31.953
-32.929
-32.296
-33.494
-30.942
-30.602
-31.290
-32.141
-29.801
-29.082
-28.985
-29.697
-27.731
-27.977
-27.009
-26.526
-26.711
-25.972
-26.770
-25.641
-26.884
-26.829
-27.432
-25.605
-24.777
-24.973
-23.477
-23.592
-23.214
-24.802
-25.138
-24.409
-23.662
-23.456
-23.896
-22.402
-22.599
-22.102
-21.210
-20.970
-21.560
-19.998
-19.240
-20.374
-19.387
-20.073
-19.259
-18.093
-17.170
-17.874
-16.829
-18.951
-18.619
-19.905
-19.459
-20.013
-18.583
-20.574
-20.899
-20.186
-21.801
-21.562
-22.385
-22.822
-23.153
-22.233
-24.103
-24.727
-24.795
-23.860
-23.442
-24.857
-22.935
-23.281
-21.867
-22.896
-22.420
-22.744
-22.197
-21.128
-20.633
-21.323
-20.233
-20.644
-20.202
-18.748
-18.337
-18.078
-18.584
-18.952
-19.123
-17.116
-17.168
-16.567
-16.423
-16.415
-15.890
-15.312
-15.793
-15.859
-16.584
-14.556
-13.652
-14.436
-14.430
-14.350
-15.440
-13.253
-13.273
-12.404
-13.038
-13.853
-13.149
-11.703
-11.661
-10.948
-11.268
-11.510
-11.890
-9.862
-9.572
-9.147
-9.789
-34.074
-32.596
-31.969
-32.462
-34.537
-34.597
-33.763
-35.550
-34.928
-35.990
-34.809
-34.491
-34.391
-34.126
-33.783
-35.420
-31.976
-30.870
-32.270
-31.827
-32.387
-32.072
-32.404
-30.253
-29.496
-29.976
-29.192
-28.236
-27.712
-27.319
-26.681
-26.614
-25.977
-25.785
-26.626
-28.713
-29.203
-29.484
-27.720
-27.630
-28.422
-26.230
-25.593
-26.439
-24.641
-24.282
-24.868
-23.640
-23.921
-23.424
-22.236
-21.932
-22.463
-21.279
-21.867
-20.706
-20.320
-20.949
-19.580
-19.483
-19.213
-20.024
-18.421
-18.653
-17.147
-16.332
-16.634
-15.956
-17.492
-15.722
-15.555
-16.242
-14.367
-13.910
-14.445
-13.437
-14.017
-12.784
-12.702
-13.522
-12.065
-11.823
-10.803
-12.114
-11.748
-11.528
-10.982
-13.019
-13.155
-13.913
-12.968
-25.446
-26.167
-24.641
-24.875
-24.360
-25.551
-23.838
-24.360
-23.110
-23.191
-24.111
-22.625
-22.341
-21.672
-22.918
-21.517
-20.849
-22.168
-20.776
-21.437
-19.431
-19.109
-18.432
-18.876
-17.793
-17.507
-17.164
-18.067
-16.319
-15.971
-16.723
-15.112
-14.528
-14.353
-15.512
-14.569
-16.421
-15.732
-14.987
-16.671
-15.569
-16.321
-15.916
-14.084
-13.764
-13.940
-13.347
-31.533
-30.104
-30.029
-29.942
-31.665
-32.613
-30.971
-31.421
-31.564
-32.238
-31.672
-30.605
-32.610
-33.593
-32.542
-32.435
-28.746
-27.889
-28.901
-27.858
-28.328
-27.981
-28.568
-26.347
-25.491
-25.911
-25.314
-24.192
-23.565
-23.464
-22.884
-22.928
-22.027
-22.487
-21.941
-24.677
-25.277
-25.372
-23.553
-23.079
-23.366
-21.983
-21.638
-22.323
-20.515
-19.932
-20.491
-19.837
-20.097
-20.366
-18.355
-18.062
-17.840
-17.835
-17.774
-18.536
-16.443
-16.258
-16.442
-15.286
-14.367
-15.497
-15.095
-15.315
-14.786
-14.730
-14.515
-13.551
-15.293
-14.320
-15.246
-13.583
-13.754
-12.681
-14.297
-13.998
-15.057
-13.542
-13.492
-13.755
-12.385
-14.135
-13.527
-15.121
-14.300
-15.126
-13.314
-14.808
-15.106
-14.091
-15.718
-20.671
-21.126
-20.244
-19.723
-19.437
-20.066
-18.379
-18.415
-17.958
-17.381
-17.912
-17.148
-16.071
-16.299
-15.719
-14.875
-14.476
-14.104
-15.158
-15.882
-14.802
-15.182
-13.867
-14.235
-12.856
-13.797
-13.044
-14.790
-13.164
-12.082
-13.578
-13.476
-12.869
-14.550
-13.084
-12.110
-13.799
-13.090
-12.657
-14.129
-12.425
-12.640
-12.822
-10.871
-10.445
-10.444
-10.405
-24.450
-24.302
-23.537
-23.975
-24.534
-23.653
-24.528
-25.409
-25.604
-25.464
-26.525
-25.837
-23.179
-23.093
-23.048
-22.368
-25.619
-25.889
-26.396
-25.463
-26.493
-25.452
-25.292
-24.103
-23.409
-23.599
-23.697
-21.939
-21.728
-21.640
-20.656
-19.980
-20.140
-19.330
-20.921
-21.075
-21.324
-21.488
-19.703
-19.245
-19.817
-17.727
-17.346
-17.714
-19.554
-19.474
-20.352
-18.184
-17.701
-18.303
-17.108
-17.396
-16.944
-15.744
-15.258
-15.924
-14.917
-15.436
-14.944
-13.496
-13.152
-13.605
-12.539
-13.042
-11.242
-10.785
-10.293
-9.683
-10.734
-9.195
-9.694
-8.700
-8.088
-8.650
-7.452
-7.287
-6.980
-7.838
-6.087
-6.524
-5.643
-4.978
-4.774
-5.425
-3.702
-3.837
-3.322
-2.585
-1.776
-2.168
-2.956
-16.955
-17.181
-17.308
-15.510
-15.289
-15.038
-14.832
-14.794
-15.432
-13.330
-13.339
-13.009
-12.423
-12.114
-13.016
-11.153
-11.577
-10.486
-10.354
-10.842
-9.213
-8.747
-8.515
-7.459
-8.947
-8.514
-8.132
-7.856
-9.859
-10.485
-10.380
-9.990
-9.745
-11.047
-8.889
-9.054
-7.841
-9.181
-9.596
-8.315
-10.278
-9.823
-11.128
-10.671
-10.613
-9.959
-11.684
-27.033
-26.420
-27.020
-26.528
-26.107
-25.738
-25.142
-26.741
-28.440
-29.068
-28.497
-28.908
-27.148
-27.862
-26.216
-27.492
-24.958
-24.245
-24.740
-25.013
-24.180
-26.487
-24.633
-24.645
-23.366
-23.534
-22.822
-22.594
-21.861
-21.877
-20.773
-20.291
-20.173
-20.353
-20.695
-23.532
-24.348
-24.200
-22.808
-22.632
-23.080
-21.923
-22.536
-21.397
-18.634
-18.433
-18.079
-18.039
-18.314
-18.436
-16.490
-16.106
-16.153
-15.674
-16.013
-15.797
-14.164
-13.701
-13.987
-13.452
-12.705
-14.180
-12.886
-13.417
-11.711
-11.508
-10.669
-10.440
-11.057
-9.328
-9.591
-9.056
-8.203
-8.118
-8.431
-6.753
-6.404
-6.101
-6.606
-7.154
-7.189
-5.177
-4.664
-5.206
-4.200
-4.228
-3.146
-4.480
-3.605
-4.776
-5.314
-21.019
-20.402
-21.541
-19.830
-20.191
-19.218
-18.790
-19.253
-18.155
-17.782
-18.295
-17.062
-16.870
-16.290
-17.467
-15.944
-15.352
-16.630
-15.151
-15.804
-13.871
-13.534
-12.837
-11.846
-13.031
-12.699
-12.112
-13.720
-12.248
-12.769
-12.495
-10.759
-10.448
-10.477
-9.874
-9.906
-10.337
-8.465
-8.156
-8.512
-7.417
-6.611
-7.994
-6.956
-7.887
-6.427
-6.303
-31.436
-30.485
-29.502
-30.407
-32.822
-32.897
-33.112
-33.505
-31.190
-30.160
-31.354
-31.792
-31.247
-31.371
-32.093
-30.313
-30.662
-31.670
-29.978
-29.175
-29.214
-28.886
-30.502
-28.109
-26.807
-26.328
-26.915
-25.793
-26.371
-25.312
-24.935
-25.135
-24.275
-25.105
-23.995
-24.655
-24.149
-24.984
-23.554
-22.607
-22.481
-21.633
-21.131
-22.267
-23.100
-23.411
-23.035
-21.759
-21.421
-21.771
-20.759
-21.314
-20.598
-19.348
-18.893
-19.478
-18.447
-18.469
-17.418
-18.827
-17.990
-19.096
-19.928
-20.888
-19.886
-20.780
-18.628
-18.753
-17.888
-18.038
-17.096
-17.938
-18.858
-18.391
-19.873
-19.071
-19.528
-19.724
-17.728
-17.502
-17.071
-17.872
-18.300
-18.687
-16.717
-16.020
-17.028
-16.076
-16.744
-15.170
-15.681
-20.760
-20.199
-21.503
-19.841
-20.465
-19.406
-18.701
-18.331
-19.197
-17.509
-17.952
-16.948
-16.604
-16.045
-17.277
-15.667
-15.058
-16.344
-14.828
-15.433
-13.573
-13.107
-12.590
-11.901
-13.123
-11.671
-11.317
-12.273
-10.371
-9.917
-10.854
-9.390
-9.782
-8.342
-9.263
-8.579
-10.241
-8.816
-9.663
-8.771
-7.412
-7.347
-7.114
-6.375
-5.317
-6.479
-6.582
-33.366
-31.961
-32.017
-31.283
-34.363
-35.372
-34.074
-34.346
-33.452
-32.875
-32.950
-34.503
-33.772
-33.703
-34.832
-33.143
-31.195
-30.185
-31.664
-29.889
-29.049
-30.372
-31.180
-29.091
-28.915
-28.708
-29.844
-27.687
-27.874
-26.519
-25.340
-25.164
-24.358
-24.084
-24.757
-27.549
-28.483
-26.790
-27.420
-27.311
-27.433
-26.880
-27.640
-26.931
-23.132
-23.347
-22.666
-22.105
-21.912
-22.526
-20.795
-21.180
-20.273
-19.868
-19.313
-20.479
-18.740
-19.256
-18.288
-17.601
-16.811
-18.064
-16.942
-17.270
-15.791
-15.439
-15.238
-15.891
-15.042
-13.899
-14.167
-13.430
-12.839
-12.624
-13.330
-11.513
-11.726
-11.087
-10.561
-10.699
-10.856
-9.130
-8.584
-9.046
-8.300
-8.846
-8.315
-6.837
-6.888
-6.394
-6.318
-25.444
-25.494
-25.216
-24.387
-24.126
-24.785
-23.125
-23.267
-22.710
-22.112
-22.596
-21.844
-20.747
-20.284
-20.973
-19.615
-20.055
-18.966
-18.841
-19.469
-17.547
-17.180
-16.506
-16.191
-17.040
-15.248
-15.473
-14.803
-14.140
-14.577
-13.743
-13.002
-12.583
-13.464
-11.862
-12.272
-11.093
-11.253
-10.522
-12.054
-10.514
-10.605
-10.917
-9.013
-8.457
-8.550
-8.870
-29.356
-28.009
-27.751
-28.121
-30.297
-29.836
-30.335
-31.332
-29.219
-28.664
-28.652
-30.191
-29.911
-29.133
-30.107
-30.709
-26.864
-25.896
-26.831
-26.591
-27.007
-27.095
-27.065
-24.973
-24.342
-23.390
-24.934
-23.949
-24.895
-23.516
-23.745
-24.408
-23.084
-23.622
-22.011
-22.831
-23.220
-22.561
-21.672
-20.593
-20.599
-19.439
-19.391
-18.569
-23.354
-24.311
-23.515
-22.271
-22.116
-22.628
-21.052
-21.354
-20.748
-19.744
-19.379
-19.927
-18.561
-18.984
-18.232
-17.338
-17.811
-16.603
-16.580
-17.052
-15.421
-15.124
-14.445
-14.997
-13.760
-13.600
-13.111
-14.269
-12.470
-12.888
-11.910
-11.462
-11.459
-11.949
-10.011
-9.992
-9.265
-9.525
-8.466
-9.533
-10.277
-11.330
-9.888
-10.299
-10.641
-9.255
-10.816
-19.213
-19.961
-19.540
-17.798
-17.005
-17.448
-17.875
-18.244
-18.561
-16.604
-16.296
-16.885
-15.540
-15.951
-15.198
-14.221
-14.433
-13.728
-13.323
-13.821
-12.023
-11.454
-11.314
-12.107
-10.621
-10.453
-9.745
-9.858
-11.235
-11.969
-11.800
-10.298
-9.748
-9.561
-10.997
-11.781
-11.528
-10.086
-9.253
-10.677
-9.653
-10.436
-8.780
-9.304
-9.043
-8.484
-10.062
-34.599
-33.238
-32.622
-32.813
-35.557
-35.215
-35.566
-36.605
-34.465
-33.749
-34.001
-35.341
-35.198
-36.179
-34.545
-35.395
-33.138
-33.785
-33.589
-31.145
-32.005
-31.095
-31.720
-29.647
-28.865
-29.505
-28.165
-27.873
-28.474
-26.971
-27.680
-28.764
-26.731
-26.202
-27.246
-26.984
-26.656
-27.572
-25.790
-25.951
-27.034
-24.614
-25.027
-24.294
-25.766
-26.231
-25.092
-24.900
-25.591
-24.379
-23.891
-24.376
-23.213
-23.007
-22.517
-23.613
-22.097
-21.577
-22.804
-21.011
-21.607
-20.396
-20.240
-20.695
-19.227
-18.815
-18.523
-19.010
-18.561
-17.047
-16.572
-16.571
-16.653
-17.275
-17.005
-15.131
-15.142
-14.660
-14.408
-14.401
-15.136
-13.045
-13.219
-12.367
-12.330
-11.643
-12.972
-11.481
-11.132
-12.043
-10.576
-23.349
-23.447
-23.495
-21.973
-21.243
-21.692
-21.486
-22.166
-21.610
-20.072
-20.111
-19.473
-19.539
-19.277
-20.339
-18.366
-18.640
-18.150
-17.312
-17.508
-16.267
-15.729
-15.943
-16.699
-15.977
-14.476
-14.338
-13.692
-14.376
-15.347
-14.329
-13.213
-13.609
-13.112
-11.899
-11.785
-11.601
-10.861
-11.146
-11.046
-9.417
-9.202
-9.207
-8.444
-8.341
-7.435
-8.820
-31.523
-30.105
-30.202
-29.537
-32.256
-33.289
-31.995
-32.218
-31.621
-30.956
-32.623
-31.404
-32.293
-33.321
-31.830
-32.387
-29.087
-28.152
-29.466
-28.418
-28.057
-29.462
-28.788
-27.143
-26.069
-25.785
-26.330
-24.816
-25.256
-24.429
-23.801
-23.574
-23.190
-23.948
-22.414
-23.712
-23.337
-24.098
-22.554
-22.292
-22.972
-21.007
-21.220
-20.854
-22.748
-21.919
-23.612
-22.143
-21.746
-23.049
-21.168
-21.612
-20.330
-20.665
-20.505
-21.480
-19.372
-19.617
-18.603
-19.003
-19.740
-18.199
-18.573
-19.368
-17.263
-16.951
-16.118
-16.291
-15.841
-14.782
-14.910
-13.907
-14.369
-14.744
-14.786
-12.789
-12.400
-12.353
-12.116
-11.033
-12.384
-12.427
-12.879
-13.249
-11.262
-11.653
-10.964
-9.970
-9.255
-10.271
-9.279
-19.760
-19.920
-19.732
-18.355
-17.565
-18.413
-17.759
-17.369
-16.975
-18.722
-19.379
-19.302
-18.047
-18.849
-17.302
-17.317
-18.068
-16.560
-16.808
-17.636
-15.567
-15.417
-14.447
-14.792
-13.695
-13.795
-13.591
-14.438
-12.494
-11.909
-12.833
-11.586
-12.070
-11.354
-10.166
-10.294
-9.801
-9.119
-9.528
-9.251
-7.674
-7.464
-7.093
-7.169
-7.277
-7.707
-6.139
-33.836
-33.762
-34.729
-33.736
-32.507
-32.397
-31.802
-32.044
-34.311
-33.806
-34.237
-35.364
-34.743
-34.487
-34.679
-35.742
-32.592
-32.820
-32.603
-31.025
-32.197
-30.467
-31.285
-29.951
-28.990
-29.347
-28.706
-27.743
-27.719
-27.847
-27.218
-26.938
-27.035
-28.008
-26.363
-26.431
-26.554
-26.453
-25.225
-24.804
-25.561
-23.419
-22.943
-22.879
-26.473
-25.582
-27.197
-25.955
-26.742
-25.214
-25.298
-24.528
-24.846
-26.334
-27.066
-26.804
-25.687
-25.103
-26.445
-24.666
-25.062
-23.770
-24.420
-25.085
-23.454
-23.157
-22.447
-22.796
-22.404
-21.008
-21.085
-20.309
-20.343
-20.352
-20.786
-18.871
-18.232
-18.497
-18.647
-18.686
-19.355
-17.201
-17.366
-16.344
-16.683
-16.591
-17.371
-15.273
-14.523
-14.990
-15.181
-23.496
-24.049
-24.056
-22.090
-21.511
-21.465
-22.343
-22.614
-23.136
-21.127
-20.338
-20.703
-21.342
-22.151
-21.649
-20.029
-19.345
-20.153
-19.350
-19.934
-18.309
-17.865
-17.476
-17.074
-18.074
-16.331
-16.861
-16.032
-15.135
-14.593
-15.559
-14.260
-14.708
-14.223
-12.867
-12.937
-12.117
-12.303
-12.938
-12.273
-10.835
-10.123
-10.872
-10.307
-10.478
-9.256
-10.999
-26.831
-25.602
-25.728
-24.721
-26.801
-27.662
-25.978
-26.660
-27.062
-26.117
-27.929
-27.311
-28.003
-28.923
-28.143
-27.877
-25.077
-24.956
-24.051
-26.014
-26.541
-26.503
-26.025
-24.389
-23.655
-23.824
-23.828
-22.136
-21.990
-21.725
-21.200
-21.027
-20.884
-21.527
-21.115
-21.315
-21.685
-21.543
-19.950
-19.389
-19.991
-17.963
-17.390
-17.551
-19.393
-18.755
-19.192
-18.913
-19.674
-18.709
-17.632
-16.819
-17.773
-17.154
-17.937
-16.887
-15.934
-15.189
-16.202
-15.409
-15.635
-16.017
-13.884
-13.399
-13.195
-12.106
-13.715
-13.569
-14.821
-12.949
-13.354
-13.313
-11.481
-10.861
-11.364
-10.896
-11.571
-10.721
-9.528
-9.670
-9.229
-8.501
-8.377
-8.932
-7.104
-6.622
-6.459
-7.080
-7.516
-7.522
-6.057
-17.704
-17.920
-18.491
-16.328
-16.001
-15.523
-16.092
-17.022
-15.173
-16.150
-16.989
-15.233
-16.100
-15.189
-16.887
-16.068
-15.291
-17.048
-15.690
-16.441
-14.868
-14.813
-14.058
-13.267
-14.613
-13.433
-13.104
-12.606
-14.533
-15.286
-15.080
-14.093
-13.344
-13.439
-15.026
-15.593
-14.317
-16.052
-16.665
-15.505
-16.829
-16.162
-17.705
-17.507
-18.001
-18.345
-16.721
-32.798
-31.380
-31.451
-31.070
-33.194
-33.191
-34.165
-32.484
-32.941
-33.940
-32.740
-32.192
-33.698
-33.226
-33.846
-34.605
-30.397
-30.428
-29.377
-30.291
-30.517
-31.001
-30.607
-28.745
-27.901
-28.396
-27.628
-26.630
-26.845
-25.737
-25.790
-26.608
-24.533
-24.687
-23.670
-26.032
-25.691
-26.850
-24.948
-25.310
-26.440
-24.089
-24.212
-23.167
-24.485
-24.382
-25.418
-23.242
-23.366
-22.354
-22.766
-22.125
-23.608
-21.767
-21.619
-22.294
-20.451
-20.036
-20.808
-19.379
-19.924
-18.916
-18.306
-18.779
-16.986
-16.392
-16.263
-16.876
-15.397
-15.692
-16.514
-15.251
-14.594
-13.897
-14.929
-13.681
-13.243
-14.422
-12.714
-12.138
-13.298
-11.765
-11.370
-12.228
-10.482
-10.849
-9.700
-9.700
-8.821
-9.261
-10.317
-23.970
-24.350
-24.603
-22.470
-22.103
-21.878
-22.236
-22.030
-23.084
-21.070
-21.236
-20.873
-19.774
-19.429
-19.911
-18.584
-18.896
-17.877
-17.819
-18.382
-16.478
-16.018
-15.563
-14.660
-16.041
-15.017
-14.631
-15.915
-14.075
-13.146
-14.425
-13.682
-14.567
-13.352
-12.583
-12.950
-11.736
-12.023
-12.820
-11.471
-11.106
-10.193
-11.485
-10.714
-10.054
-11.602
-10.039
-33.749
-34.656
-35.320
-35.230
-33.241
-34.013
-32.856
-32.473
-34.434
-35.201
-33.680
-34.775
-32.557
-31.831
-32.764
-32.145
-34.025
-33.005
-34.657
-33.625
-33.525
-34.755
-33.815
-32.296
-31.151
-31.350
-30.780
-30.002
-30.454
-28.945
-28.445
-28.739
-27.394
-27.760
-27.062
-29.457
-28.960
-30.363
-28.522
-29.022
-30.175
-27.956
-28.493
-27.575
-26.102
-25.452
-26.487
-25.093
-25.536
-24.593
-24.023
-23.506
-24.432
-22.931
-23.337
-22.276
-22.066
-21.480
-22.740
-21.086
-20.726
-21.577
-19.843
-19.464
-19.189
-18.175
-19.600
-20.541
-19.776
-18.489
-18.880
-17.543
-18.073
-17.547
-18.977
-17.077
-17.623
-16.336
-16.281
-15.716
-16.973
-15.334
-14.684
-16.008
-14.256
-14.750
-13.746
-13.204
-12.362
-12.709
-13.622
-26.671
-26.944
-26.191
-25.572
-24.884
-25.962
-24.653
-25.277
-24.071
-23.535
-22.945
-23.939
-22.412
-22.895
-22.109
-21.217
-21.555
-20.735
-20.275
-20.796
-18.939
-18.344
-18.292
-18.565
-18.596
-16.763
-16.395
-16.441
-15.978
-16.353
-16.091
-14.449
-13.951
-13.972
-14.156
-14.641
-14.613
-12.696
-12.195
-12.188
-12.290
-12.952
-12.621
-10.822
-10.922
-10.123
-10.599
-32.393
-31.010
-30.570
-30.344
-32.217
-33.188
-31.971
-31.506
-33.249
-33.296
-32.845
-34.245
-33.091
-33.139
-32.557
-34.063
-31.049
-31.906
-31.164
-29.682
-29.710
-30.613
-29.801
-28.213
-27.307
-27.491
-27.503
-25.794
-25.331
-25.703
-25.721
-25.654
-25.689
-26.767
-25.351
-24.955
-25.414
-25.002
-23.595
-22.805
-23.132
-21.449
-20.716
-21.682
-24.991
-25.319
-25.361
-23.462
-23.221
-23.184
-22.686
-22.752
-23.207
-21.230
-20.646
-21.191
-20.559
-21.162
-20.393
-19.234
-19.332
-19.088
-18.069
-18.192
-16.836
-16.089
-16.142
-16.933
-15.349
-15.476
-14.791
-16.272
-14.679
-15.277
-13.854
-14.042
-14.854
-13.740
-12.936
-13.575
-12.773
-11.722
-11.794
-11.313
-10.590
-10.213
-10.764
-9.256
-9.016
-8.410
-9.430
-20.798
-21.499
-19.998
-20.060
-19.371
-20.797
-19.187
-19.795
-18.416
-18.328
-18.960
-17.838
-17.249
-16.371
-17.674
-16.586
-17.328
-15.919
-15.805
-15.907
-14.995
-14.445
-14.663
-14.350
-15.549
-13.517
-13.746
-12.565
-13.368
-14.376
-12.866
-12.493
-13.028
-12.362
-11.076
-11.192
-10.568
-10.185
-9.256
-10.623
-9.811
-10.546
-9.208
-8.937
-9.417
-8.783
-7.903
-29.196
-30.167
-30.503
-29.596
-29.933
-30.615
-29.233
-30.502
-28.623
-29.507
-28.140
-28.024
-28.104
-28.601
-27.349
-27.648
-31.337
-32.220
-31.808
-30.811
-30.053
-32.157
-30.967
-29.909
-30.443
-31.079
-30.990
-29.278
-29.689
-28.128
-27.288
-27.460
-26.028
-26.407
-25.337
-28.868
-29.662
-27.999
-28.573
-27.242
-26.462
-26.932
-27.828
-26.510
-25.351
-25.166
-25.999
-23.934
-24.062
-23.332
-23.057
-22.891
-23.757
-21.796
-22.036
-21.132
-21.059
-20.587
-21.775
-20.020
-20.515
-19.432
-19.045
-19.493
-17.702
-17.115
-16.852
-17.529
-15.994
-16.012
-15.619
-15.100
-16.918
-17.097
-17.915
-16.283
-15.257
-16.932
-16.172
-15.379
-15.760
-17.527
-18.275
-17.907
-17.533
-17.159
-18.589
-16.813
-17.487
-15.832
-16.579
-25.887
-26.525
-25.361
-24.898
-25.336
-24.317
-23.915
-24.392
-23.198
-23.298
-24.031
-22.532
-22.505
-21.595
-22.129
-23.203
-24.228
-22.566
-23.476
-24.307
-22.879
-23.032
-21.801
-21.791
-20.806
-22.021
-23.006
-21.221
-21.886
-22.637
-20.847
-22.044
-21.254
-23.021
-21.995
-21.302
-22.967
-21.686
-20.907
-22.573
-21.186
-21.977
-20.245
-21.000
-20.557
-21.959
-20.243
-27.790
-27.048
-26.513
-26.307
-28.857
-29.547
-28.493
-29.459
-26.844
-26.379
-27.339
-26.158
-28.530
-29.273
-28.936
-27.956
-27.845
-28.389
-27.060
-28.272
-28.520
-28.927
-28.682
-26.783
-25.920
-26.230
-25.953
-24.491
-24.245
-24.531
-23.897
-23.516
-23.733
-24.803
-23.328
-23.334
-23.747
-23.240
-22.129
-21.294
-21.297
-20.157
-20.090
-20.616
-22.828
-21.781
-23.113
-22.899
-23.934
-22.576
-21.956
-22.159
-22.169
-20.435
-20.193
-20.381
-19.694
-20.106
-19.826
-18.137
-17.744
-17.622
-17.708
-17.621
-17.421
-17.110
-17.372
-17.883
-18.038
-15.944
-15.462
-15.408
-15.704
-14.646
-16.287
-16.211
-17.322
-15.664
-15.893
-14.917
-16.702
-15.977
-15.200
-15.792
-17.397
-17.978
-17.803
-17.437
-18.455
-16.828
-16.800
-18.766
-18.445
-18.922
-17.662
-18.014
-17.408
-16.461
-16.060
-16.890
-15.367
-15.066
-15.752
-14.164
-14.062
-13.275
-14.440
-13.662
-15.437
-14.221
-15.025
-13.328
-13.527
-12.254
-11.267
-12.261
-12.474
-11.756
-13.477
-12.038
-11.090
-12.746
-11.637
-12.574
-10.973
-10.767
-11.446
-10.084
-9.970
-9.065
-9.732
-10.782
-11.146
-10.025
-11.916
-12.397
-11.514
-12.623
-36.785
-35.327
-35.328
-34.684
-37.687
-37.764
-38.715
-37.392
-36.739
-36.321
-37.776
-36.201
-37.318
-38.357
-36.774
-37.378
-34.683
-34.603
-33.593
-35.163
-35.577
-35.781
-35.335
-33.660
-33.011
-32.379
-33.755
-31.991
-31.496
-30.980
-29.758
-29.293
-28.890
-29.438
-28.670
-32.775
-33.495
-33.390
-31.907
-31.238
-31.190
-30.517
-30.536
-31.162
-27.597
-27.072
-27.879
-26.659
-27.130
-26.444
-25.285
-24.875
-25.539
-24.275
-23.429
-24.837
-23.679
-24.476
-23.137
-22.645
-21.857
-23.159
-22.173
-22.912
-20.912
-20.798
-19.674
-18.808
-19.615
-19.423
-20.174
-19.253
-18.135
-17.616
-18.444
-17.222
-16.506
-17.823
-16.454
-17.100
-16.171
-15.268
-14.580
-15.395
-14.755
-15.670
-14.313
-13.870
-12.844
-14.269
-13.780
-29.150
-29.209
-28.764
-28.063
-28.053
-28.445
-26.714
-26.770
-26.407
-25.714
-26.391
-25.379
-24.595
-25.059
-24.011
-23.757
-22.990
-24.391
-23.171
-23.828
-22.078
-21.784
-21.097
-20.229
-21.482
-20.385
-21.053
-19.963
-19.103
-19.110
-18.260
-18.871
-18.572
-19.832
-17.749
-16.786
-17.927
-17.802
-18.704
-16.926
-17.902
-17.107
-18.810
-17.967
-18.063
-18.872
-17.084
-30.929
-29.488
-29.672
-28.918
-31.560
-32.598
-31.577
-31.074
-31.689
-32.732
-31.255
-31.618
-30.866
-30.418
-31.798
-30.237
-28.614
-28.706
-27.588
-29.376
-30.605
-29.234
-29.184
-28.140
-27.031
-26.824
-27.194
-25.750
-24.936
-25.691
-25.425
-25.225
-25.414
-24.925
-26.456
-25.502
-26.163
-25.841
-24.028
-23.637
-24.456
-22.114
-21.695
-21.788
-24.560
-24.753
-24.741
-23.077
-22.707
-22.786
-22.342
-22.839
-22.287
-20.965
-20.247
-20.930
-20.234
-19.340
-20.908
-19.860
-20.915
-19.348
-19.047
-19.462
-17.926
-17.524
-17.100
-17.181
-17.618
-15.667
-15.678
-15.106
-14.813
-15.178
-13.729
-14.893
-14.550
-15.884
-13.858
-12.918
-13.923
-14.015
-14.970
-14.178
-12.967
-11.897
-12.981
-13.339
-14.388
-13.172
-12.642
-21.494
-21.843
-21.783
-19.957
-19.637
-19.486
-19.277
-19.759
-19.532
-17.769
-17.320
-17.267
-17.565
-18.307
-16.516
-17.655
-18.684
-17.031
-17.148
-16.058
-17.822
-17.284
-19.287
-19.742
-19.930
-19.736
-20.837
-19.322
-19.575
-20.090
-18.473
-20.306
-19.904
-21.397
-20.198
-19.115
-20.607
-21.127
-22.098
-20.686
-21.381
-20.516
-22.201
-21.843
-21.677
-22.914
-21.264
-36.070
-35.382
-34.811
-36.128
-37.125
-37.913
-37.544
-36.622
-35.104
-35.667
-34.270
-34.588
-36.709
-37.555
-37.090
-36.017
-34.368
-34.976
-34.040
-32.113
-31.480
-32.612
-33.287
-31.135
-29.728
-29.414
-29.402
-28.943
-29.366
-29.263
-28.904
-28.635
-28.986
-30.059
-28.742
-27.431
-26.972
-27.042
-27.029
-27.149
-27.443
-26.822
-27.591
-26.982
-28.075
-27.742
-28.521
-26.719
-26.353
-25.930
-26.808
-27.099
-27.566
-25.518
-25.219
-24.782
-25.723
-26.189
-26.401
-24.475
-23.798
-24.786
-23.812
-24.477
-22.562
-22.179
-21.598
-22.116
-20.958
-20.659
-21.254
-20.111
-19.508
-19.933
-19.093
-18.419
-18.096
-18.682
-17.127
-17.459
-16.719
-16.073
-15.944
-16.364
-14.793
-14.226
-14.993
-13.939
-12.921
-14.357
-13.802
-25.383
-25.331
-24.732
-24.935
-25.336
-25.479
-23.391
-23.010
-22.819
-22.921
-23.339
-23.365
-21.374
-20.925
-20.939
-21.078
-19.996
-21.580
-21.684
-22.728
-21.086
-21.530
-19.570
-19.413
-18.879
-19.391
-19.720
-19.986
-17.949
-17.348
-17.546
-17.586
-18.307
-17.781
-16.088
-15.851
-15.407
-15.761
-16.455
-15.980
-14.281
-13.647
-13.976
-13.791
-14.263
-14.208
-12.706
-27.233
-26.957
-26.025
-27.781
-28.544
-29.056
-29.232
-28.551
-27.431
-28.016
-27.829
-26.530
-26.178
-26.615
-25.349
-25.733
-26.528
-26.213
-25.592
-27.036
-27.806
-27.253
-27.517
-25.501
-24.905
-24.141
-25.716
-24.215
-25.032
-23.650
-22.732
-22.142
-22.717
-22.331
-23.779
-23.225
-22.549
-23.684
-22.420
-22.874
-23.863
-22.053
-22.017
-22.413
-21.924
-22.197
-20.884
-22.019
-21.288
-23.098
-21.566
-22.213
-21.685
-20.051
-19.486
-19.922
-19.542
-19.830
-19.972
-17.995
-17.821
-17.478
-17.354
-17.822
-16.187
-15.858
-15.226
-14.939
-15.648
-13.873
-13.382
-13.186
-13.893
-14.067
-14.752
-12.574
-12.550
-12.631
-11.306
-10.413
-11.414
-11.109
-12.081
-11.010
-9.944
-9.829
-9.079
-9.888
-9.019
-9.701
-10.838
-20.640
-20.215
-20.742
-19.820
-20.374
-19.889
-18.341
-17.767
-18.107
-17.992
-18.211
-18.630
-16.530
-16.396
-16.449
-15.512
-15.579
-15.709
-14.103
-13.955
-13.045
-12.052
-13.020
-14.015
-12.197
-12.965
-13.718
-13.190
-11.570
-11.271
-10.902
-11.384
-12.110
-10.341
-11.590
-12.594
-10.921
-11.401
-11.448
-12.182
-10.081
-10.324
-9.212
-9.981
-9.829
-10.910
-9.178
-29.281
-28.390
-27.373
-28.549
-29.091
-29.282
-28.094
-29.732
-30.684
-30.824
-31.344
-30.778
-28.979
-29.733
-28.723
-28.051
-28.573
-29.540
-27.740
-29.261
-30.519
-29.500
-28.531
-28.317
-27.015
-26.818
-27.073
-25.870
-25.903
-25.929
-25.564
-25.306
-25.397
-26.373
-24.727
-24.582
-24.583
-24.531
-23.304
-22.657
-23.088
-21.295
-21.446
-20.770
-24.903
-25.544
-24.970
-23.410
-23.475
-23.129
-22.439
-22.620
-22.576
-20.981
-20.310
-20.780
-20.514
-21.216
-20.485
-19.109
-18.904
-18.339
-18.826
-19.529
-17.916
-17.842
-16.921
-17.051
-17.280
-15.505
-15.504
-15.327
-14.380
-14.229
-14.836
-13.025
-12.249
-13.124
-12.321
-12.985
-12.043
-11.022
-10.437
-11.349
-10.086
-10.764
-9.457
-9.094
-8.366
-8.733
-9.709
-20.441
-20.800
-20.418
-19.000
-18.616
-19.039
-18.176
-18.477
-18.097
-16.684
-16.632
-16.296
-15.751
-16.198
-15.851
-14.314
-14.341
-14.025
-13.406
-13.395
-12.676
-12.129
-12.730
-13.688
-11.842
-12.495
-11.579
-13.433
-12.252
-11.479
-13.116
-11.887
-12.486
-10.818
-12.038
-11.599
-13.077
-11.257
-11.029
-10.219
-11.681
-10.933
-11.726
-13.054
-13.770
-13.213
-13.424
-22.045
-21.680
-20.871
-21.268
-23.175
-22.841
-23.886
-23.647
-20.853
-21.202
-20.006
-20.486
-22.444
-22.617
-21.733
-23.387
-22.779
-23.442
-22.228
-23.233
-24.454
-22.562
-23.519
-22.142
-21.297
-21.226
-21.612
-19.903
-20.168
-19.220
-18.795
-19.294
-17.778
-18.300
-17.105
-19.014
-18.552
-19.583
-17.884
-18.223
-19.338
-16.988
-16.145
-16.948
-17.017
-17.812
-16.519
-15.986
-15.265
-16.456
-15.152
-14.708
-15.758
-13.951
-14.285
-13.353
-13.009
-12.816
-13.651
-11.763
-11.481
-12.117
-10.578
-10.200
-9.944
-9.049
-10.156
-9.374
-11.150
-10.028
-9.017
-10.085
-11.031
-11.206
-10.808
-12.516
-12.433
-13.068
-13.316
-13.702
-12.803
-14.664
-14.386
-15.301
-15.360
-14.688
-16.313
-15.689
-16.553
-14.827
-15.808
-16.921
-17.582
-17.354
-15.517
-15.588
-14.868
-14.793
-13.696
-14.935
-15.342
-14.974
-16.451
-14.901
-15.146
-13.810
-15.489
-14.991
-16.494
-15.423
-14.497
-16.412
-16.110
-17.898
-18.291
-18.086
-18.753
-18.498
-19.838
-18.472
-17.394
-18.674
-19.407
-19.116
-20.433
-19.588
-20.065
-20.338
-18.274
-18.468
-17.627
-17.562
-17.413
-18.178
-16.209
-15.566
-15.625
-16.440
-30.908
-29.518
-28.810
-29.305
-31.325
-32.397
-31.096
-30.829
-31.875
-32.869
-31.604
-31.872
-31.063
-31.123
-30.238
-31.913
-29.065
-28.007
-29.049
-30.344
-31.618
-30.304
-29.807
-29.329
-27.909
-27.636
-27.657
-27.210
-27.649
-25.773
-25.362
-26.040
-23.874
-23.636
-23.395
-27.405
-27.386
-28.424
-26.419
-26.568
-27.352
-25.620
-25.950
-25.737
-23.119
-23.258
-23.429
-21.604
-21.317
-21.197
-20.793
-21.046
-21.017
-19.328
-19.022
-19.253
-18.448
-18.790
-18.742
-16.932
-16.831
-16.732
-16.040
-16.069
-15.209
-14.673
-14.901
-15.711
-14.682
-13.556
-13.366
-12.683
-13.627
-13.527
-14.652
-12.555
-12.870
-11.574
-12.703
-12.544
-13.730
-11.665
-11.938
-11.763
-10.172
-9.686
-10.080
-9.474
-8.562
-10.104
-9.216
-24.145
-23.505
-24.102
-23.534
-24.086
-23.487
-22.031
-21.580
-21.790
-21.523
-21.532
-22.295
-20.205
-20.152
-19.451
-19.765
-19.866
-18.676
-20.645
-21.649
-20.530
-21.225
-19.242
-18.638
-19.462
-18.291
-18.590
-18.072
-16.941
-17.239
-16.301
-15.884
-16.462
-15.278
-15.020
-15.797
-14.312
-14.306
-15.025
-13.577
-13.592
-13.281
-12.718
-14.496
-14.067
-14.594
-15.505
-31.242
-30.034
-30.146
-29.242
-32.452
-32.169
-32.897
-33.206
-30.850
-30.039
-30.492
-31.683
-31.572
-32.567
-30.837
-31.531
-29.510
-29.333
-28.474
-30.355
-31.064
-30.739
-30.269
-28.847
-28.336
-27.608
-29.076
-27.617
-28.358
-26.758
-26.691
-27.409
-25.311
-25.376
-24.540
-26.814
-26.116
-27.436
-26.239
-26.506
-27.196
-25.860
-26.518
-25.906
-24.860
-24.627
-25.596
-23.561
-23.455
-23.589
-22.190
-22.121
-22.018
-20.962
-20.561
-21.200
-19.786
-19.998
-19.482
-18.606
-18.551
-18.942
-17.268
-17.344
-16.079
-15.179
-15.698
-15.256
-16.522
-14.566
-14.975
-13.614
-14.242
-13.760
-15.132
-13.249
-13.586
-12.303
-12.924
-13.885
-12.436
-11.919
-10.954
-12.302
-11.900
-11.567
-11.161
-13.221
-13.885
-13.140
-13.610
-24.451
-24.534
-23.754
-23.932
-23.572
-24.724
-22.821
-23.293
-22.041
-22.135
-22.795
-21.906
-20.904
-20.384
-21.391
-19.901
-19.920
-20.501
-18.566
-18.654
-17.348
-16.457
-17.070
-16.308
-17.918
-16.436
-15.547
-16.204
-17.490
-17.718
-18.350
-16.936
-16.744
-15.927
-17.939
-17.627
-18.944
-17.724
-16.725
-17.616
-18.826
-19.673
-18.969
-18.748
-19.623
-17.931
-18.503
