no change     /ibbr/miniconda3/condabin/conda
no change     /ibbr/miniconda3/bin/conda
no change     /ibbr/miniconda3/bin/conda-env
no change     /ibbr/miniconda3/bin/activate
no change     /ibbr/miniconda3/bin/deactivate
no change     /ibbr/miniconda3/etc/profile.d/conda.sh
no change     /ibbr/miniconda3/etc/fish/conf.d/conda.fish
no change     /ibbr/miniconda3/shell/condabin/Conda.psm1
no change     /ibbr/miniconda3/shell/condabin/conda-hook.ps1
no change     /ibbr/miniconda3/lib/python3.9/site-packages/xontrib/conda.xsh
no change     /ibbr/miniconda3/etc/profile.d/conda.csh
no change     /home/allsoppr/.bashrc
No action taken.
no change     /ibbr/miniconda3/condabin/conda
no change     /ibbr/miniconda3/bin/conda
no change     /ibbr/miniconda3/bin/conda-env
no change     /ibbr/miniconda3/bin/activate
no change     /ibbr/miniconda3/bin/deactivate
no change     /ibbr/miniconda3/etc/profile.d/conda.sh
no change     /ibbr/miniconda3/etc/fish/conf.d/conda.fish
no change     /ibbr/miniconda3/shell/condabin/Conda.psm1
no change     /ibbr/miniconda3/shell/condabin/conda-hook.ps1
no change     /ibbr/miniconda3/lib/python3.9/site-packages/xontrib/conda.xsh
no change     /ibbr/miniconda3/etc/profile.d/conda.csh
no change     /home/allsoppr/.bashrc
No action taken.
Can't load history: $< line too long.
/ibbr/vmd/1.9.3/lib/vmd/vmd_LINUXAMD64: /lib64/libGL.so.1: no version information available (required by /ibbr/vmd/1.9.3/lib/vmd/vmd_LINUXAMD64)
Info) VMD for LINUXAMD64, version 1.9.3 (November 30, 2016)
Info) http://www.ks.uiuc.edu/Research/vmd/                         
Info) Email questions and bug reports to vmd@ks.uiuc.edu           
Info) Please include this reference in published work using VMD:   
Info)    Humphrey, W., Dalke, A. and Schulten, K., `VMD - Visual   
Info)    Molecular Dynamics', J. Molec. Graphics 1996, 14.1, 33-38.
Info) -------------------------------------------------------------
Info) Multithreading available, 48 CPUs detected.
Info)   CPU features: SSE2 AVX AVX2 FMA 
Info) Free system memory: 121GB (96%)
Info) No CUDA accelerator devices available.
Info) Dynamically loaded 2 plugins in directory:
Info) /ibbr/vmd/1.9.3/lib/vmd/plugins/LINUXAMD64/molfile
1
Info) Using plugin xyz for structure file ./freq.QMRegion_a.xyz
Info) Using plugin xyz for coordinates from file ./freq.QMRegion_a.xyz
Info) Determining bond structure from distance search ...
Info) Analyzing structure ...
Info)    Atoms: 138
Info)    Bonds: 137
Info)    Angles: 0  Dihedrals: 0  Impropers: 0  Cross-terms: 0
Info)    Bondtypes: 0  Angletypes: 0  Dihedraltypes: 0  Impropertypes: 0
Info)    Residues: 1
Info)    Waters: 0
Info)    Segments: 1
Info)    Fragments: 1   Protein: 1   Nucleic: 0
Info) Finished with coordinate file ./freq.QMRegion_a.xyz.
0
Info) Using plugin xyz for structure file ./freq.QMRegion_b.xyz
Info) Using plugin xyz for coordinates from file ./freq.QMRegion_b.xyz
Info) Determining bond structure from distance search ...
Info) Analyzing structure ...
Info)    Atoms: 138
Info)    Bonds: 137
Info)    Angles: 0  Dihedrals: 0  Impropers: 0  Cross-terms: 0
Info)    Bondtypes: 0  Angletypes: 0  Dihedraltypes: 0  Impropertypes: 0
Info)    Residues: 1
Info)    Waters: 0
Info)    Segments: 1
Info)    Fragments: 1   Protein: 1   Nucleic: 0
Info) Finished with coordinate file ./freq.QMRegion_b.xyz.
1
file14
atomselect0
atomselect1
0
0
0
0
0
2.383030880423098
Info) VMD for LINUXAMD64, version 1.9.3 (November 30, 2016)
Info) Exiting normally.
Can't load history: $< line too long.
[[0]]
399 0.8917632061795245
398 0.9027837006973992
397 0.9124603301592347
396 0.9191976146974726
395 0.9240370720200911
394 0.9279274471210337
393 0.9330841270041328
392 0.9373480706005655
391 0.9404709486775586
390 0.9428157069257492
389 0.9454963034832488
388 0.9488690873522946
387 0.9487015550969621
386 0.9514146254492303
385 0.9537659210471232
384 0.9554449899467053
383 0.9581594617507063
382 0.9604127376973286
381 0.9615055313641442
380 0.9619856625132502
379 0.9639486084894013
378 0.9658151539018687
377 0.9675347734125846
376 0.9679224253469461
375 0.9695132826764341
374 0.9695098773413642
373 0.9700011154684256
372 0.9702332424986697
371 0.9712966451683471
370 0.9723507697816366
369 0.9725773596492842
368 0.9734887496363805
367 0.9743983798534496
366 0.9745005708337635
365 0.9750667632984276
364 0.975843585242849
363 0.9765188259998516
362 0.9764920101378896
361 0.9767829583669233
360 0.9770825306966124
359 0.9778562745044734
358 0.9785394631793815
357 0.9790279779425917
356 0.9794756202190562
355 0.9796620790954778
354 0.9801147149135917
353 0.9806367104786475
352 0.9809109934616433
351 0.9809085966864675
350 0.9808679225203458
349 0.9813590013884645
348 0.9817430945387617
347 0.9819885995325549
346 0.9823177120906392
345 0.9826446091981855
344 0.9829687236951414
343 0.9829245240411527
342 0.9831347330143533
341 0.9830021783695522
340 0.9833971332262443
339 0.9837478371957808
338 0.9839896563187049
337 0.9843155449605467
336 0.9844948655488536
335 0.9846873460704845
334 0.985013682879115
333 0.9850416438259924
332 0.9850085161748673
331 0.9851749328987378
330 0.9852859726088832
329 0.9854371958069651
328 0.9857252241437631
327 0.9858013269794139
326 0.9860542215457634
325 0.9861102686864693
324 0.9861699179135561
323 0.9864640800777268
322 0.9867244065230134
321 0.9866444136489623
320 0.9869142625156594
319 0.9871522158526697
318 0.9873519887766604
317 0.9875816304724991
316 0.9875550754955362
315 0.9876958577782448
314 0.9877747684774904
313 0.9877826226284311
312 0.9879788092504448
311 0.9879803938542832
310 0.9881852047829273
309 0.9882718428523691
308 0.9885219294470666
307 0.9887451769273138
306 0.9889572254416731
305 0.9891289825283834
304 0.989357718445954
303 0.9895545765658417
302 0.989749104429293
301 0.9899988302519392
300 0.9902360030342431
Can't load history: $< line too long.
/ibbr/vmd/1.9.3/lib/vmd/vmd_LINUXAMD64: /lib64/libGL.so.1: no version information available (required by /ibbr/vmd/1.9.3/lib/vmd/vmd_LINUXAMD64)
Info) VMD for LINUXAMD64, version 1.9.3 (November 30, 2016)
Info) http://www.ks.uiuc.edu/Research/vmd/                         
Info) Email questions and bug reports to vmd@ks.uiuc.edu           
Info) Please include this reference in published work using VMD:   
Info)    Humphrey, W., Dalke, A. and Schulten, K., `VMD - Visual   
Info)    Molecular Dynamics', J. Molec. Graphics 1996, 14.1, 33-38.
Info) -------------------------------------------------------------
Info) Multithreading available, 48 CPUs detected.
Info)   CPU features: SSE2 AVX AVX2 FMA 
Info) Free system memory: 121GB (96%)
Info) No CUDA accelerator devices available.
Info) Dynamically loaded 2 plugins in directory:
Info) /ibbr/vmd/1.9.3/lib/vmd/plugins/LINUXAMD64/molfile
1
Info) Using plugin xyz for structure file ./freq.QMRegion_a.xyz
Info) Using plugin xyz for coordinates from file ./freq.QMRegion_a.xyz
Info) Determining bond structure from distance search ...
Info) Analyzing structure ...
Info)    Atoms: 138
Info)    Bonds: 137
Info)    Angles: 0  Dihedrals: 0  Impropers: 0  Cross-terms: 0
Info)    Bondtypes: 0  Angletypes: 0  Dihedraltypes: 0  Impropertypes: 0
Info)    Residues: 1
Info)    Waters: 0
Info)    Segments: 1
Info)    Fragments: 1   Protein: 1   Nucleic: 0
Info) Finished with coordinate file ./freq.QMRegion_a.xyz.
0
Info) Using plugin xyz for structure file ./freq.QMRegion_b.xyz
Info) Using plugin xyz for coordinates from file ./freq.QMRegion_b.xyz
Info) Determining bond structure from distance search ...
Info) Analyzing structure ...
Info)    Atoms: 138
Info)    Bonds: 137
Info)    Angles: 0  Dihedrals: 0  Impropers: 0  Cross-terms: 0
Info)    Bondtypes: 0  Angletypes: 0  Dihedraltypes: 0  Impropertypes: 0
Info)    Residues: 1
Info)    Waters: 0
Info)    Segments: 1
Info)    Fragments: 1   Protein: 1   Nucleic: 0
Info) Finished with coordinate file ./freq.QMRegion_b.xyz.
1
file14
atomselect0
atomselect1
0
0
0
0
0
2.826369366231348
Info) VMD for LINUXAMD64, version 1.9.3 (November 30, 2016)
Info) Exiting normally.
Can't load history: $< line too long.
[[0]]
399 0.881626780511721
398 0.8914862294025129
397 0.8991678930207763
396 0.9045542305899509
395 0.9053034796622785
394 0.9110924512236757
393 0.9159161488485816
392 0.9208776166988677
391 0.9225958720260544
390 0.9265086432255638
389 0.9296905235178623
388 0.9297521294320766
387 0.9321868423146326
386 0.9346635146481812
385 0.9345918911201225
384 0.9356073222044388
383 0.9376398740437076
382 0.9392310867076048
381 0.9409398020829596
380 0.9425223572232105
379 0.9443959266231793
378 0.9460017150467148
377 0.9475872528121991
376 0.9493199918987567
375 0.9510724661991359
374 0.952867379320398
373 0.9528667845696377
372 0.9538302626006392
371 0.9552135918924941
370 0.9566451045917967
369 0.9581495238443641
368 0.9595617858682001
367 0.960934176379339
366 0.9623906020475161
365 0.9622415919060825
364 0.9630343199098572
363 0.9641399244796274
362 0.9645369195987086
361 0.9657397515786308
360 0.9668401815538097
359 0.9668860145121689
358 0.9679839813681015
357 0.9686626731780924
356 0.9693207311590416
355 0.9697596115898826
354 0.9705107085376504
353 0.9712502599942434
352 0.9712410317592567
351 0.9720211176289938
350 0.9720546629248078
349 0.9726384932552439
348 0.9726482933438242
347 0.9730745761206484
346 0.9736292846746131
345 0.9737849674713652
344 0.9744353662861085
343 0.9749406564166546
342 0.9750199799735564
341 0.9753504693950802
340 0.9758777753216924
339 0.9763226203587935
338 0.9766420945953934
337 0.9769935458765946
336 0.9775008208036516
335 0.977955294695274
334 0.9781254046033372
333 0.9784970706167706
332 0.9790447130517054
331 0.9794630204659477
330 0.9798663190552153
329 0.9800706702230718
328 0.9805327718082893
327 0.9809002612131272
326 0.9810403292510097
325 0.9813994657250006
324 0.9818567711787226
323 0.9820784003460944
322 0.9825155896542075
321 0.9826398426590586
320 0.9830001936703212
319 0.9830082081908114
318 0.9834711589662237
317 0.9837987209470168
316 0.9840735552365412
315 0.9841718750148252
314 0.9845107199258437
313 0.9847491552902377
312 0.9851317099881534
311 0.9851817100861033
310 0.9852702882300761
309 0.9856131651722095
308 0.9858352338923447
307 0.9862088421878537
306 0.9864202203264084
305 0.986715830180013
304 0.9869967669953419
303 0.9870173624184615
302 0.9870589309335874
301 0.9873155542046735
300 0.9876019003359823
299 0.9875517632654804
298 0.9876379557973717
297 0.9879300910715245
296 0.9880349499971202
295 0.988057196067638
294 0.988380256242713
293 0.9886454904331349
292 0.9888721467294677
291 0.98893832857563
290 0.9889306271562959
289 0.9889624520618923
288 0.9889627745064561
287 0.9891823894711351
286 0.9893013408130593
285 0.9893143057465744
284 0.9893022496202956
283 0.9895174928384065
282 0.9897820323774087
281 0.9898251948301787
280 0.9897824411199582
279 0.9899888688338652
278 0.9902093137636016
Can't load history: $< line too long.
/ibbr/vmd/1.9.3/lib/vmd/vmd_LINUXAMD64: /lib64/libGL.so.1: no version information available (required by /ibbr/vmd/1.9.3/lib/vmd/vmd_LINUXAMD64)
Info) VMD for LINUXAMD64, version 1.9.3 (November 30, 2016)
Info) http://www.ks.uiuc.edu/Research/vmd/                         
Info) Email questions and bug reports to vmd@ks.uiuc.edu           
Info) Please include this reference in published work using VMD:   
Info)    Humphrey, W., Dalke, A. and Schulten, K., `VMD - Visual   
Info)    Molecular Dynamics', J. Molec. Graphics 1996, 14.1, 33-38.
Info) -------------------------------------------------------------
Info) Multithreading available, 48 CPUs detected.
Info)   CPU features: SSE2 AVX AVX2 FMA 
Info) Free system memory: 121GB (96%)
Info) No CUDA accelerator devices available.
Info) Dynamically loaded 2 plugins in directory:
Info) /ibbr/vmd/1.9.3/lib/vmd/plugins/LINUXAMD64/molfile
1
Info) Using plugin xyz for structure file ./freq.QMRegion_a.xyz
Info) Using plugin xyz for coordinates from file ./freq.QMRegion_a.xyz
Info) Determining bond structure from distance search ...
Info) Analyzing structure ...
Info)    Atoms: 138
Info)    Bonds: 137
Info)    Angles: 0  Dihedrals: 0  Impropers: 0  Cross-terms: 0
Info)    Bondtypes: 0  Angletypes: 0  Dihedraltypes: 0  Impropertypes: 0
Info)    Residues: 1
Info)    Waters: 0
Info)    Segments: 1
Info)    Fragments: 1   Protein: 1   Nucleic: 0
Info) Finished with coordinate file ./freq.QMRegion_a.xyz.
0
Info) Using plugin xyz for structure file ./freq.QMRegion_b.xyz
Info) Using plugin xyz for coordinates from file ./freq.QMRegion_b.xyz
Info) Determining bond structure from distance search ...
Info) Analyzing structure ...
Info)    Atoms: 138
Info)    Bonds: 137
Info)    Angles: 0  Dihedrals: 0  Impropers: 0  Cross-terms: 0
Info)    Bondtypes: 0  Angletypes: 0  Dihedraltypes: 0  Impropertypes: 0
Info)    Residues: 1
Info)    Waters: 0
Info)    Segments: 1
Info)    Fragments: 1   Protein: 1   Nucleic: 0
Info) Finished with coordinate file ./freq.QMRegion_b.xyz.
1
file14
atomselect0
atomselect1
0
0
0
0
0
2.9867220201189393
Info) VMD for LINUXAMD64, version 1.9.3 (November 30, 2016)
Info) Exiting normally.
Can't load history: $< line too long.
[[0]]
399 0.8982427916458083
398 0.9054607760650246
397 0.9049674917340619
396 0.9153971849570305
395 0.9254831622852433
394 0.9319390537031758
393 0.9368984757117587
392 0.9423651455646813
391 0.9424119369216875
390 0.9450964695580623
389 0.9480915207745806
388 0.9519913677932736
387 0.9521153453531451
386 0.9537585697763016
385 0.9559632114279589
384 0.9585967370737423
383 0.9602774474342127
382 0.962216008252169
381 0.9639060230505878
380 0.9650608573332239
379 0.9665446495273999
378 0.9678726834348129
377 0.9687467402544647
376 0.9690635857338017
375 0.9690797132867032
374 0.9692748743406258
373 0.9692883245502515
372 0.9700603939261782
371 0.9709963363077739
370 0.9718057389064311
369 0.9717327826314098
368 0.9723015883964664
367 0.9729892695885843
366 0.9737892811921148
365 0.9746484336680509
364 0.9754681507164733
363 0.9762439367918403
362 0.9762435177034173
361 0.9763452802886418
360 0.9771899677353105
359 0.9778813371442978
358 0.9785570398584791
357 0.9792263537493181
356 0.9798108999698664
355 0.9804746568047449
354 0.9805146235139724
353 0.9807330505335312
352 0.9807884121473828
351 0.9813164974555281
350 0.9813693352500392
349 0.9817943216400205
348 0.9823006663797221
347 0.9827251737620661
346 0.9826338213443138
345 0.9830984474477493
344 0.9835610767784596
343 0.9840289395759255
342 0.9844832660378229
341 0.9846209454167663
340 0.9849159391290025
339 0.9850798078882576
338 0.9854207521061431
337 0.9857670523128818
336 0.9860848340335044
335 0.9864063298425831
334 0.986303517271922
333 0.9863236788452009
332 0.9867375579533184
331 0.986799513335251
330 0.9870799530812467
329 0.9871178501508023
328 0.9871182047177548
327 0.9871111147518904
326 0.9874286482494787
325 0.9876828238298154
324 0.9876726503534436
323 0.987678646568146
322 0.9877080456081371
321 0.9880176344104916
320 0.9879505751678356
319 0.9880792643580741
318 0.9882807566040326
317 0.9885290725620025
316 0.9884413715999956
315 0.9886112084445565
314 0.9886683341210886
313 0.9886755592950708
312 0.9888489945146597
311 0.9890680418620678
310 0.9891963826577943
309 0.9893093468383962
308 0.9895929573006462
307 0.98978650316711
306 0.9897359310148266
305 0.9899278197831135
304 0.9899350813856032
303 0.98996978644303
302 0.9899630288998776
301 0.9902254095886864
Can't load history: $< line too long.
/ibbr/vmd/1.9.3/lib/vmd/vmd_LINUXAMD64: /lib64/libGL.so.1: no version information available (required by /ibbr/vmd/1.9.3/lib/vmd/vmd_LINUXAMD64)
Info) VMD for LINUXAMD64, version 1.9.3 (November 30, 2016)
Info) http://www.ks.uiuc.edu/Research/vmd/                         
Info) Email questions and bug reports to vmd@ks.uiuc.edu           
Info) Please include this reference in published work using VMD:   
Info)    Humphrey, W., Dalke, A. and Schulten, K., `VMD - Visual   
Info)    Molecular Dynamics', J. Molec. Graphics 1996, 14.1, 33-38.
Info) -------------------------------------------------------------
Info) Multithreading available, 48 CPUs detected.
Info)   CPU features: SSE2 AVX AVX2 FMA 
Info) Free system memory: 121GB (96%)
Info) No CUDA accelerator devices available.
Info) Dynamically loaded 2 plugins in directory:
Info) /ibbr/vmd/1.9.3/lib/vmd/plugins/LINUXAMD64/molfile
1
Info) Using plugin xyz for structure file ./freq.QMRegion_a.xyz
Info) Using plugin xyz for coordinates from file ./freq.QMRegion_a.xyz
Info) Determining bond structure from distance search ...
Info) Analyzing structure ...
Info)    Atoms: 138
Info)    Bonds: 137
Info)    Angles: 0  Dihedrals: 0  Impropers: 0  Cross-terms: 0
Info)    Bondtypes: 0  Angletypes: 0  Dihedraltypes: 0  Impropertypes: 0
Info)    Residues: 1
Info)    Waters: 0
Info)    Segments: 1
Info)    Fragments: 1   Protein: 1   Nucleic: 0
Info) Finished with coordinate file ./freq.QMRegion_a.xyz.
0
Info) Using plugin xyz for structure file ./freq.QMRegion_b.xyz
Info) Using plugin xyz for coordinates from file ./freq.QMRegion_b.xyz
Info) Determining bond structure from distance search ...
Info) Analyzing structure ...
Info)    Atoms: 138
Info)    Bonds: 137
Info)    Angles: 0  Dihedrals: 0  Impropers: 0  Cross-terms: 0
Info)    Bondtypes: 0  Angletypes: 0  Dihedraltypes: 0  Impropertypes: 0
Info)    Residues: 1
Info)    Waters: 0
Info)    Segments: 1
Info)    Fragments: 1   Protein: 1   Nucleic: 0
Info) Finished with coordinate file ./freq.QMRegion_b.xyz.
1
file14
atomselect0
atomselect1
0
0
0
0
0
3.2444515005725587
Info) VMD for LINUXAMD64, version 1.9.3 (November 30, 2016)
Info) Exiting normally.
Can't load history: $< line too long.
[[0]]
399 0.7828825698531523
398 0.8049954003989022
397 0.8216959822690209
396 0.8346877082486298
395 0.8481568121308131
394 0.8599506221228744
393 0.8723503545197601
392 0.8830519838714528
391 0.8826206925496551
390 0.8940360226574227
389 0.9036618349374609
388 0.9035040274075972
387 0.9109809463978407
386 0.9175401218656495
385 0.9229040186999958
384 0.9286981483012415
383 0.9333862486113057
382 0.9381951091706384
381 0.9431610157832813
380 0.9475093999421951
379 0.9508237329433326
378 0.9537682847746359
377 0.954957251234707
376 0.9573885589798907
375 0.9587329199384507
374 0.9603400779091007
373 0.9612757409148598
372 0.9630277930417814
371 0.9635167379618497
370 0.9651379244997593
369 0.9660616615451282
368 0.9675166187835249
367 0.9685090747222972
366 0.9696956192260332
365 0.9705511582828962
364 0.9705272944089388
363 0.9715608647412804
362 0.9716456747709082
361 0.9723993419629597
360 0.9731789056409491
359 0.9733459559120596
358 0.9739541293428258
357 0.9747858560090681
356 0.9755214367007874
355 0.9763569479160271
354 0.9770012514634823
353 0.9768613555769364
352 0.9770313926826036
351 0.9769236704353914
350 0.9775431840075106
349 0.9776602781034156
348 0.977680190647545
347 0.9783051330007952
346 0.9782205809199738
345 0.9783168782692573
344 0.9789028689928805
343 0.9795012572681201
342 0.9798508437442789
341 0.9798288811479178
340 0.979959107267116
339 0.9805237379264788
338 0.9804883901810084
337 0.9809110067540902
336 0.9812326955035069
335 0.9817741791962739
334 0.9821293783290105
333 0.9821348209770624
332 0.9825407172973736
331 0.9826879304109531
330 0.9829110190820004
329 0.9833110798736266
328 0.9836097403819767
327 0.9836206719301479
326 0.9840415734674933
325 0.9844456418226906
324 0.9846664707872909
323 0.9846663081626482
322 0.9848071700392871
321 0.9851786347791498
320 0.9855515783674258
319 0.9857486865791062
318 0.9857515747989997
317 0.9859492680750814
316 0.9860950414465688
315 0.9863841047678045
314 0.9864480773960406
313 0.9866159252402191
312 0.9868794809772219
311 0.9871541063333321
310 0.9870869168948762
309 0.9871380387579262
308 0.9871356561011484
307 0.9871651907326604
306 0.9873201197811603
305 0.9873173715686879
304 0.9875683950110207
303 0.987832752117968
302 0.9880088577315238
301 0.9882521206900698
300 0.9882423102756198
299 0.9882652856117314
298 0.9885107335029698
297 0.9887716298091153
296 0.9890126608092246
295 0.9889647131532328
294 0.9889982075526692
293 0.9892178675709045
292 0.9892741006853961
291 0.9894884919804112
290 0.9895882542605949
289 0.9896116115839936
288 0.9898338673162035
287 0.9900397280816947
Can't load history: $< line too long.
/ibbr/vmd/1.9.3/lib/vmd/vmd_LINUXAMD64: /lib64/libGL.so.1: no version information available (required by /ibbr/vmd/1.9.3/lib/vmd/vmd_LINUXAMD64)
Info) VMD for LINUXAMD64, version 1.9.3 (November 30, 2016)
Info) http://www.ks.uiuc.edu/Research/vmd/                         
Info) Email questions and bug reports to vmd@ks.uiuc.edu           
Info) Please include this reference in published work using VMD:   
Info)    Humphrey, W., Dalke, A. and Schulten, K., `VMD - Visual   
Info)    Molecular Dynamics', J. Molec. Graphics 1996, 14.1, 33-38.
Info) -------------------------------------------------------------
Info) Multithreading available, 48 CPUs detected.
Info)   CPU features: SSE2 AVX AVX2 FMA 
Info) Free system memory: 121GB (96%)
Info) No CUDA accelerator devices available.
Info) Dynamically loaded 2 plugins in directory:
Info) /ibbr/vmd/1.9.3/lib/vmd/plugins/LINUXAMD64/molfile
1
Info) Using plugin xyz for structure file ./freq.QMRegion_a.xyz
Info) Using plugin xyz for coordinates from file ./freq.QMRegion_a.xyz
Info) Determining bond structure from distance search ...
Info) Analyzing structure ...
Info)    Atoms: 138
Info)    Bonds: 137
Info)    Angles: 0  Dihedrals: 0  Impropers: 0  Cross-terms: 0
Info)    Bondtypes: 0  Angletypes: 0  Dihedraltypes: 0  Impropertypes: 0
Info)    Residues: 1
Info)    Waters: 0
Info)    Segments: 1
Info)    Fragments: 1   Protein: 1   Nucleic: 0
Info) Finished with coordinate file ./freq.QMRegion_a.xyz.
0
Info) Using plugin xyz for structure file ./freq.QMRegion_b.xyz
Info) Using plugin xyz for coordinates from file ./freq.QMRegion_b.xyz
Info) Determining bond structure from distance search ...
Info) Analyzing structure ...
Info)    Atoms: 138
Info)    Bonds: 137
Info)    Angles: 0  Dihedrals: 0  Impropers: 0  Cross-terms: 0
Info)    Bondtypes: 0  Angletypes: 0  Dihedraltypes: 0  Impropertypes: 0
Info)    Residues: 1
Info)    Waters: 0
Info)    Segments: 1
Info)    Fragments: 1   Protein: 1   Nucleic: 0
Info) Finished with coordinate file ./freq.QMRegion_b.xyz.
1
file14
atomselect0
atomselect1
0
0
0
0
0
2.0194825483795573
Info) VMD for LINUXAMD64, version 1.9.3 (November 30, 2016)
Info) Exiting normally.
Can't load history: $< line too long.
[[0]]
399 0.9210504074458604
398 0.9274775190392807
397 0.9289702286464612
396 0.9329434099062001
395 0.9335577595974555
394 0.9373038082365975
393 0.9405949817071646
392 0.943704333757896
391 0.9463997078587371
390 0.948623167531406
389 0.9496100824428326
388 0.9514926040720847
387 0.9537448458415358
386 0.9558272634831634
385 0.9569667710603348
384 0.9588625149063695
383 0.9604871928553887
382 0.9622684256865939
381 0.9636830319829927
380 0.9634073822282577
379 0.9649001432506079
378 0.966322102154495
377 0.9676331465805066
376 0.9689853377930371
375 0.9694501956597086
374 0.9706892204551687
373 0.9711116676383513
372 0.9719580574534239
371 0.9726603859405494
370 0.9732401552931552
369 0.9741520049499814
368 0.9747053407296484
367 0.9753589888434414
366 0.9758715175255689
365 0.9758706307085235
364 0.9766698766657708
363 0.9774142290306205
362 0.9777253206570157
361 0.9782992822845574
360 0.978422214118841
359 0.9789073595059348
358 0.9790018363604697
357 0.9793975399473478
356 0.9798642129226032
355 0.9803428032646532
354 0.9803191841497293
353 0.9806499219025161
352 0.9810820190664147
351 0.9812408358789634
350 0.9816873265688776
349 0.9818112841826137
348 0.9818381655645773
347 0.982291342166754
346 0.9827404601802407
345 0.9831599087929149
344 0.9835117685994188
343 0.9836487926141062
342 0.984035692470764
341 0.9842100767417211
340 0.9842196330189309
339 0.9845552790417286
338 0.9845350069267281
337 0.9848536921404211
336 0.9848959033624296
335 0.9851526736787419
334 0.9855239009600913
333 0.9857169877094202
332 0.9861177919585116
331 0.986457881128349
330 0.9867500953351119
329 0.9866359564877548
328 0.9870226353201516
327 0.9873675454977034
326 0.9876987362056657
325 0.9876251457653801
324 0.9879600681234367
323 0.9882143503734835
322 0.9885093327031931
321 0.9888912650688342
320 0.9891192799837324
319 0.9893715298266363
318 0.9896633836104585
317 0.9896648583749786
316 0.9896665751951144
315 0.9899179885952282
314 0.9900699975881773
Can't load history: $< line too long.
/ibbr/vmd/1.9.3/lib/vmd/vmd_LINUXAMD64: /lib64/libGL.so.1: no version information available (required by /ibbr/vmd/1.9.3/lib/vmd/vmd_LINUXAMD64)
Info) VMD for LINUXAMD64, version 1.9.3 (November 30, 2016)
Info) http://www.ks.uiuc.edu/Research/vmd/                         
Info) Email questions and bug reports to vmd@ks.uiuc.edu           
Info) Please include this reference in published work using VMD:   
Info)    Humphrey, W., Dalke, A. and Schulten, K., `VMD - Visual   
Info)    Molecular Dynamics', J. Molec. Graphics 1996, 14.1, 33-38.
Info) -------------------------------------------------------------
Info) Multithreading available, 48 CPUs detected.
Info)   CPU features: SSE2 AVX AVX2 FMA 
Info) Free system memory: 121GB (96%)
Info) No CUDA accelerator devices available.
Info) Dynamically loaded 2 plugins in directory:
Info) /ibbr/vmd/1.9.3/lib/vmd/plugins/LINUXAMD64/molfile
1
Info) Using plugin xyz for structure file ./freq.QMRegion_a.xyz
Info) Using plugin xyz for coordinates from file ./freq.QMRegion_a.xyz
Info) Determining bond structure from distance search ...
Info) Analyzing structure ...
Info)    Atoms: 138
Info)    Bonds: 137
Info)    Angles: 0  Dihedrals: 0  Impropers: 0  Cross-terms: 0
Info)    Bondtypes: 0  Angletypes: 0  Dihedraltypes: 0  Impropertypes: 0
Info)    Residues: 1
Info)    Waters: 0
Info)    Segments: 1
Info)    Fragments: 1   Protein: 1   Nucleic: 0
Info) Finished with coordinate file ./freq.QMRegion_a.xyz.
0
Info) Using plugin xyz for structure file ./freq.QMRegion_b.xyz
Info) Using plugin xyz for coordinates from file ./freq.QMRegion_b.xyz
Info) Determining bond structure from distance search ...
Info) Analyzing structure ...
Info)    Atoms: 138
Info)    Bonds: 137
Info)    Angles: 0  Dihedrals: 0  Impropers: 0  Cross-terms: 0
Info)    Bondtypes: 0  Angletypes: 0  Dihedraltypes: 0  Impropertypes: 0
Info)    Residues: 1
Info)    Waters: 0
Info)    Segments: 1
Info)    Fragments: 1   Protein: 1   Nucleic: 0
Info) Finished with coordinate file ./freq.QMRegion_b.xyz.
1
file14
atomselect0
atomselect1
0
0
0
0
0
3.254804540201345
Info) VMD for LINUXAMD64, version 1.9.3 (November 30, 2016)
Info) Exiting normally.
Can't load history: $< line too long.
[[0]]
399 0.9079517862604604
398 0.9146577841555915
397 0.9147222799693073
396 0.9225603001028596
395 0.9300276608794419
394 0.9346936110298864
393 0.9396402373061039
392 0.9423059002750868
391 0.9458387224130411
390 0.9479744957914351
389 0.9501599078055487
388 0.951017764258952
387 0.9526356272893184
386 0.9533500764266447
385 0.9548600457430432
384 0.9563783953225933
383 0.9578908928396829
382 0.9590743643748665
381 0.9590450576667094
380 0.9598497215793779
379 0.9611656012442529
378 0.9620904274193408
377 0.963235292260676
376 0.96353906202527
375 0.9647228935491148
374 0.9659098180584851
373 0.9669456907153817
372 0.9679628723230284
371 0.9689211860365121
370 0.9698673352259513
369 0.9702288094279256
368 0.9708834670505363
367 0.9715881418733014
366 0.9722930446754681
365 0.9730474197422126
364 0.9736181112697052
363 0.9742673874172011
362 0.9747822789464661
361 0.975462091119926
360 0.9761105531927503
359 0.9768167433685387
358 0.9775353605885294
357 0.9779312906703548
356 0.9785074216037788
355 0.9790880318149817
354 0.979527541702422
353 0.9798094204487262
352 0.9802443573674485
351 0.9808279452948455
350 0.9810762725364269
349 0.9814942016811489
348 0.9817262624857415
347 0.9822883840346698
346 0.9827740294178858
345 0.9827811957384271
344 0.9831487122133489
343 0.9833290143926153
342 0.9837112739300693
341 0.9840608582122361
340 0.9840776686242607
339 0.9844672467606211
338 0.9847002762174756
337 0.9851029698943832
336 0.9854095909498473
335 0.9858025226134083
334 0.9861691436157153
333 0.9865027342663887
332 0.9865256205133864
331 0.9868190234682896
330 0.9870490291648025
329 0.987313080490197
328 0.9875150632498723
327 0.9877454694283428
326 0.9878608997166516
325 0.9880485558253539
324 0.9880433097913462
323 0.9883361896788753
322 0.9884913236874556
321 0.9884586171248102
320 0.9886996662863823
319 0.988803687650809
318 0.9888505781328917
317 0.9891072181361985
316 0.9893667662834623
315 0.9893877801780294
314 0.9893440739442386
313 0.9895982079684967
312 0.9897010945166366
311 0.989758156308855
310 0.9899528172163125
309 0.9900574135458136
Can't load history: $< line too long.
/ibbr/vmd/1.9.3/lib/vmd/vmd_LINUXAMD64: /lib64/libGL.so.1: no version information available (required by /ibbr/vmd/1.9.3/lib/vmd/vmd_LINUXAMD64)
Info) VMD for LINUXAMD64, version 1.9.3 (November 30, 2016)
Info) http://www.ks.uiuc.edu/Research/vmd/                         
Info) Email questions and bug reports to vmd@ks.uiuc.edu           
Info) Please include this reference in published work using VMD:   
Info)    Humphrey, W., Dalke, A. and Schulten, K., `VMD - Visual   
Info)    Molecular Dynamics', J. Molec. Graphics 1996, 14.1, 33-38.
Info) -------------------------------------------------------------
Info) Multithreading available, 48 CPUs detected.
Info)   CPU features: SSE2 AVX AVX2 FMA 
Info) Free system memory: 121GB (96%)
Info) No CUDA accelerator devices available.
Info) Dynamically loaded 2 plugins in directory:
Info) /ibbr/vmd/1.9.3/lib/vmd/plugins/LINUXAMD64/molfile
1
Info) Using plugin xyz for structure file ./freq.QMRegion_a.xyz
Info) Using plugin xyz for coordinates from file ./freq.QMRegion_a.xyz
Info) Determining bond structure from distance search ...
Info) Analyzing structure ...
Info)    Atoms: 138
Info)    Bonds: 137
Info)    Angles: 0  Dihedrals: 0  Impropers: 0  Cross-terms: 0
Info)    Bondtypes: 0  Angletypes: 0  Dihedraltypes: 0  Impropertypes: 0
Info)    Residues: 1
Info)    Waters: 0
Info)    Segments: 1
Info)    Fragments: 1   Protein: 1   Nucleic: 0
Info) Finished with coordinate file ./freq.QMRegion_a.xyz.
0
Info) Using plugin xyz for structure file ./freq.QMRegion_b.xyz
Info) Using plugin xyz for coordinates from file ./freq.QMRegion_b.xyz
Info) Determining bond structure from distance search ...
Info) Analyzing structure ...
Info)    Atoms: 138
Info)    Bonds: 137
Info)    Angles: 0  Dihedrals: 0  Impropers: 0  Cross-terms: 0
Info)    Bondtypes: 0  Angletypes: 0  Dihedraltypes: 0  Impropertypes: 0
Info)    Residues: 1
Info)    Waters: 0
Info)    Segments: 1
Info)    Fragments: 1   Protein: 1   Nucleic: 0
Info) Finished with coordinate file ./freq.QMRegion_b.xyz.
1
file14
atomselect0
atomselect1
0
0
0
0
0
3.3948164586362104
Info) VMD for LINUXAMD64, version 1.9.3 (November 30, 2016)
Info) Exiting normally.
Can't load history: $< line too long.
[[0]]
399 0.8290954635174544
398 0.8450560380086657
397 0.862215222894772
396 0.8742236107691886
395 0.8826436516855591
394 0.8821909568114008
393 0.8817869897969279
392 0.8898184326484223
391 0.8972134544953199
390 0.9007158089513961
389 0.9061409700569492
388 0.9114537722638074
387 0.9166123938487651
386 0.9210346605782256
385 0.925064689042937
384 0.9287722257176758
383 0.9323983655828263
382 0.9323890579161866
381 0.9357747453055674
380 0.9390091948814572
379 0.9401302076282266
378 0.9429638793265026
377 0.9451436006585099
376 0.9473766702360594
375 0.9493959026922251
374 0.951724025084915
373 0.9535252666474615
372 0.955166321029953
371 0.9569910232147721
370 0.9583806154835698
369 0.9598821771878867
368 0.959944973774226
367 0.9615226265896665
366 0.9631259487974647
365 0.9636670958195138
364 0.9636631992409843
363 0.9650030892819127
362 0.9651558351657211
361 0.9662825085961284
360 0.9673999405076853
359 0.9683860330535318
358 0.969515915795196
357 0.9706438475213809
356 0.970526402774896
355 0.9717620928106917
354 0.9718193339523704
353 0.9727492832940421
352 0.9736789533038296
351 0.9747443752579986
350 0.9749009682519229
349 0.9757391629404514
348 0.9767127734996812
347 0.9773778221359751
346 0.9782424946452428
345 0.9782781123950743
344 0.9782480675083607
343 0.9789145716574333
342 0.9791785409257762
341 0.9798711511923257
340 0.980384925687569
339 0.9806668428250045
338 0.9807166215375591
337 0.9808452009048153
336 0.9811710358207502
335 0.9816944198457862
334 0.9820402130957482
333 0.9822026426611248
332 0.982260378273771
331 0.9824846548378343
330 0.982955652044668
329 0.983469357673128
328 0.9839713428813176
327 0.9842481647723575
326 0.9847036378634926
325 0.9845753314628909
324 0.9849771220670662
323 0.9853622061689021
322 0.9853889878031986
321 0.9857734399346826
320 0.986123690654102
319 0.9863274664714552
318 0.9864505727848925
317 0.9868407651073912
316 0.9871744146145842
315 0.9875419559158929
314 0.9878527301762313
313 0.9880752332103675
312 0.9883265770204858
311 0.9886408333449586
310 0.9886506975021303
309 0.9887373903049198
308 0.9888922213305076
307 0.9890234821097036
306 0.9892778264056583
305 0.9892976129213843
304 0.9894531689549318
303 0.9897358806128687
302 0.9898032345463508
301 0.9897248042444421
300 0.9899163867189568
299 0.9901700181800037
Can't load history: $< line too long.
/ibbr/vmd/1.9.3/lib/vmd/vmd_LINUXAMD64: /lib64/libGL.so.1: no version information available (required by /ibbr/vmd/1.9.3/lib/vmd/vmd_LINUXAMD64)
Info) VMD for LINUXAMD64, version 1.9.3 (November 30, 2016)
Info) http://www.ks.uiuc.edu/Research/vmd/                         
Info) Email questions and bug reports to vmd@ks.uiuc.edu           
Info) Please include this reference in published work using VMD:   
Info)    Humphrey, W., Dalke, A. and Schulten, K., `VMD - Visual   
Info)    Molecular Dynamics', J. Molec. Graphics 1996, 14.1, 33-38.
Info) -------------------------------------------------------------
Info) Multithreading available, 48 CPUs detected.
Info)   CPU features: SSE2 AVX AVX2 FMA 
Info) Free system memory: 121GB (96%)
Info) No CUDA accelerator devices available.
Info) Dynamically loaded 2 plugins in directory:
Info) /ibbr/vmd/1.9.3/lib/vmd/plugins/LINUXAMD64/molfile
1
Info) Using plugin xyz for structure file ./freq.QMRegion_a.xyz
Info) Using plugin xyz for coordinates from file ./freq.QMRegion_a.xyz
Info) Determining bond structure from distance search ...
Info) Analyzing structure ...
Info)    Atoms: 138
Info)    Bonds: 137
Info)    Angles: 0  Dihedrals: 0  Impropers: 0  Cross-terms: 0
Info)    Bondtypes: 0  Angletypes: 0  Dihedraltypes: 0  Impropertypes: 0
Info)    Residues: 1
Info)    Waters: 0
Info)    Segments: 1
Info)    Fragments: 1   Protein: 1   Nucleic: 0
Info) Finished with coordinate file ./freq.QMRegion_a.xyz.
0
Info) Using plugin xyz for structure file ./freq.QMRegion_b.xyz
Info) Using plugin xyz for coordinates from file ./freq.QMRegion_b.xyz
Info) Determining bond structure from distance search ...
Info) Analyzing structure ...
Info)    Atoms: 138
Info)    Bonds: 137
Info)    Angles: 0  Dihedrals: 0  Impropers: 0  Cross-terms: 0
Info)    Bondtypes: 0  Angletypes: 0  Dihedraltypes: 0  Impropertypes: 0
Info)    Residues: 1
Info)    Waters: 0
Info)    Segments: 1
Info)    Fragments: 1   Protein: 1   Nucleic: 0
Info) Finished with coordinate file ./freq.QMRegion_b.xyz.
1
file14
atomselect0
atomselect1
0
0
0
0
0
2.4542816594664747
Info) VMD for LINUXAMD64, version 1.9.3 (November 30, 2016)
Info) Exiting normally.
Can't load history: $< line too long.
[[0]]
399 0.8690769909762178
398 0.8805265837948026
397 0.8909572118558823
396 0.8932310131016761
395 0.900147598466637
394 0.9065617316438572
393 0.9126316343196592
392 0.9187593256172133
391 0.9239503228618048
390 0.9265720504201767
389 0.9275825702459661
388 0.9312560398048004
387 0.934409895370339
386 0.9377082986648125
385 0.9402716159131279
384 0.9414107192688003
383 0.9444707484062166
382 0.946680358376946
381 0.9490744348658136
380 0.9510307951034371
379 0.9529208145815956
378 0.954758918997691
377 0.9565476475856907
376 0.9582427079098923
375 0.9599495699849772
374 0.9614685431369091
373 0.9626961544477758
372 0.963827891702522
371 0.9652729161374263
370 0.9666568160632162
369 0.9676340658667107
368 0.9687930390090402
367 0.9697292117248755
366 0.9704542641195147
365 0.9711974073901364
364 0.9718886429139137
363 0.9727387822810962
362 0.9735900714310156
361 0.9745519182356928
360 0.9754214280761094
359 0.9762667879098185
358 0.9771013241199439
357 0.9778194343868152
356 0.9784089992724425
355 0.978602804341338
354 0.9793341672316553
353 0.9792715880853637
352 0.9799029866392863
351 0.9803519285754138
350 0.980584987963924
349 0.9812787161007572
348 0.9819942861352587
347 0.9827297893134517
346 0.9830637558399928
345 0.9832432580393479
344 0.9839375597757417
343 0.9843449156533285
342 0.9846183343686727
341 0.9849793933758114
340 0.9849511305191652
339 0.9851195968593726
338 0.9855311176390474
337 0.9855834402151159
336 0.9859408710765705
335 0.9861734901499458
334 0.9860575612727631
333 0.9862756804296569
332 0.9866706310849936
331 0.9868972904269233
330 0.9870509459905987
329 0.9873661649793126
328 0.9877497240251233
327 0.9879884419264828
326 0.9882885154542007
325 0.9884179072814446
324 0.988467371061506
323 0.9887255309660139
322 0.9888724106257383
321 0.9888737006842565
320 0.9890492137146599
319 0.9890376797891262
318 0.9892189434943855
317 0.989152294121365
316 0.9892458038295894
315 0.9894445536147406
314 0.9894139902671583
313 0.9893721312748419
312 0.9894296947930786
311 0.989465899589207
310 0.9895904102084332
309 0.9898181113470339
308 0.9898173482514473
307 0.9900346706196386
Can't load history: $< line too long.
/ibbr/vmd/1.9.3/lib/vmd/vmd_LINUXAMD64: /lib64/libGL.so.1: no version information available (required by /ibbr/vmd/1.9.3/lib/vmd/vmd_LINUXAMD64)
Info) VMD for LINUXAMD64, version 1.9.3 (November 30, 2016)
Info) http://www.ks.uiuc.edu/Research/vmd/                         
Info) Email questions and bug reports to vmd@ks.uiuc.edu           
Info) Please include this reference in published work using VMD:   
Info)    Humphrey, W., Dalke, A. and Schulten, K., `VMD - Visual   
Info)    Molecular Dynamics', J. Molec. Graphics 1996, 14.1, 33-38.
Info) -------------------------------------------------------------
Info) Multithreading available, 48 CPUs detected.
Info)   CPU features: SSE2 AVX AVX2 FMA 
Info) Free system memory: 121GB (96%)
Info) No CUDA accelerator devices available.
Info) Dynamically loaded 2 plugins in directory:
Info) /ibbr/vmd/1.9.3/lib/vmd/plugins/LINUXAMD64/molfile
1
Info) Using plugin xyz for structure file ./freq.QMRegion_a.xyz
Info) Using plugin xyz for coordinates from file ./freq.QMRegion_a.xyz
Info) Determining bond structure from distance search ...
Info) Analyzing structure ...
Info)    Atoms: 138
Info)    Bonds: 137
Info)    Angles: 0  Dihedrals: 0  Impropers: 0  Cross-terms: 0
Info)    Bondtypes: 0  Angletypes: 0  Dihedraltypes: 0  Impropertypes: 0
Info)    Residues: 1
Info)    Waters: 0
Info)    Segments: 1
Info)    Fragments: 1   Protein: 1   Nucleic: 0
Info) Finished with coordinate file ./freq.QMRegion_a.xyz.
0
Info) Using plugin xyz for structure file ./freq.QMRegion_b.xyz
Info) Using plugin xyz for coordinates from file ./freq.QMRegion_b.xyz
Info) Determining bond structure from distance search ...
Info) Analyzing structure ...
Info)    Atoms: 138
Info)    Bonds: 137
Info)    Angles: 0  Dihedrals: 0  Impropers: 0  Cross-terms: 0
Info)    Bondtypes: 0  Angletypes: 0  Dihedraltypes: 0  Impropertypes: 0
Info)    Residues: 1
Info)    Waters: 0
Info)    Segments: 1
Info)    Fragments: 1   Protein: 1   Nucleic: 0
Info) Finished with coordinate file ./freq.QMRegion_b.xyz.
1
file14
atomselect0
atomselect1
0
0
0
0
0
2.648259536011027
Info) VMD for LINUXAMD64, version 1.9.3 (November 30, 2016)
Info) Exiting normally.
Can't load history: $< line too long.
[[0]]
399 0.9090937270561585
398 0.9307900289810366
397 0.9338272592677694
396 0.940099971169317
395 0.9400691921233257
394 0.9437928523988689
393 0.947576396728286
392 0.9510871674475224
391 0.9519140126623541
390 0.9516933959238366
389 0.9536875233149639
388 0.9556710812998179
387 0.9562380599190903
386 0.9572331329709022
385 0.958554169468851
384 0.9600444968967716
383 0.9609384451544913
382 0.9622729132854191
381 0.9621296298403832
380 0.9623231219498051
379 0.9623743836577658
378 0.9638547345753136
377 0.9653103083588452
376 0.9665761628889804
375 0.9672429940111805
374 0.9674332718207128
373 0.9672843444595989
372 0.9678123996787896
371 0.9684383478318385
370 0.9687606069788852
369 0.9697842812700295
368 0.9707147701121607
367 0.9715685097184146
366 0.9723400567115291
365 0.9731863452812075
364 0.9732567376212239
363 0.9733933942781272
362 0.9733481614720152
361 0.9733100292102397
360 0.9740404640369875
359 0.9747098584188258
358 0.9754556063903893
357 0.9756457629588391
356 0.9763443665346386
355 0.976895258212452
354 0.977508741698302
353 0.9774877639065935
352 0.978063162096333
351 0.978539036100976
350 0.9790576425483746
349 0.9796522294999523
348 0.9801206822354844
347 0.9802920582290601
346 0.9807929592003614
345 0.9807013964399471
344 0.9811211744961253
343 0.9812340246855639
342 0.9814983277568637
341 0.9815882456444224
340 0.9817481558540038
339 0.9820718565369153
338 0.9824596153425464
337 0.9826489915128587
336 0.9829868276829222
335 0.9832027497976902
334 0.9832596174797867
333 0.9835928907868535
332 0.9835446411912899
331 0.9837941966820969
330 0.9840552126868892
329 0.984410035900933
328 0.9847720599169025
327 0.9849967908778036
326 0.9853101182886272
325 0.9856257680251321
324 0.9859040743251624
323 0.9861654889932236
322 0.9861879442128947
321 0.9863424022768432
320 0.9864075660962713
319 0.9865487988589003
318 0.9867114002965126
317 0.9866926409423604
316 0.986838189958594
315 0.9870423483894257
314 0.9872679184133261
313 0.98727364616407
312 0.987606443826074
311 0.9877375375593483
310 0.9879579317548008
309 0.9882561251543214
308 0.9885326962852272
307 0.9887811379156918
306 0.9889946945821159
305 0.9891485038341807
304 0.9891578461101084
303 0.9893125322369999
302 0.9894829534250048
301 0.9895638369783829
300 0.9897635354733592
299 0.9898769782983848
298 0.9899795308976147
297 0.9902081468613901
Can't load history: $< line too long.
/ibbr/vmd/1.9.3/lib/vmd/vmd_LINUXAMD64: /lib64/libGL.so.1: no version information available (required by /ibbr/vmd/1.9.3/lib/vmd/vmd_LINUXAMD64)
Info) VMD for LINUXAMD64, version 1.9.3 (November 30, 2016)
Info) http://www.ks.uiuc.edu/Research/vmd/                         
Info) Email questions and bug reports to vmd@ks.uiuc.edu           
Info) Please include this reference in published work using VMD:   
Info)    Humphrey, W., Dalke, A. and Schulten, K., `VMD - Visual   
Info)    Molecular Dynamics', J. Molec. Graphics 1996, 14.1, 33-38.
Info) -------------------------------------------------------------
Info) Multithreading available, 48 CPUs detected.
Info)   CPU features: SSE2 AVX AVX2 FMA 
Info) Free system memory: 121GB (96%)
Info) No CUDA accelerator devices available.
Info) Dynamically loaded 2 plugins in directory:
Info) /ibbr/vmd/1.9.3/lib/vmd/plugins/LINUXAMD64/molfile
2
Info) Using plugin xyz for structure file ./freq.QMRegion_a.xyz
Info) Using plugin xyz for coordinates from file ./freq.QMRegion_a.xyz
Info) Determining bond structure from distance search ...
Info) Analyzing structure ...
Info)    Atoms: 138
Info)    Bonds: 137
Info)    Angles: 0  Dihedrals: 0  Impropers: 0  Cross-terms: 0
Info)    Bondtypes: 0  Angletypes: 0  Dihedraltypes: 0  Impropertypes: 0
Info)    Residues: 1
Info)    Waters: 0
Info)    Segments: 1
Info)    Fragments: 1   Protein: 1   Nucleic: 0
Info) Finished with coordinate file ./freq.QMRegion_a.xyz.
0
Info) Using plugin xyz for structure file ./freq.QMRegion_b.xyz
Info) Using plugin xyz for coordinates from file ./freq.QMRegion_b.xyz
Info) Determining bond structure from distance search ...
Info) Analyzing structure ...
Info)    Atoms: 138
Info)    Bonds: 137
Info)    Angles: 0  Dihedrals: 0  Impropers: 0  Cross-terms: 0
Info)    Bondtypes: 0  Angletypes: 0  Dihedraltypes: 0  Impropertypes: 0
Info)    Residues: 1
Info)    Waters: 0
Info)    Segments: 1
Info)    Fragments: 1   Protein: 1   Nucleic: 0
Info) Finished with coordinate file ./freq.QMRegion_b.xyz.
1
file14
atomselect0
atomselect1
0
0
0
0
0
2.643853505447965
Info) VMD for LINUXAMD64, version 1.9.3 (November 30, 2016)
Info) Exiting normally.
Can't load history: $< line too long.
[[0]]
399 0.806582725622647
398 0.8234512992564217
397 0.8396733571896865
396 0.8549585192682237
395 0.8683238754015141
394 0.8766348388731895
393 0.8842787918235026
392 0.8913986339350822
391 0.8984558049793634
390 0.9011983412356701
389 0.907633137427077
388 0.9136013076449168
387 0.9162480826794424
386 0.9206648106109381
385 0.9256058530720166
384 0.9284146005876135
383 0.9323516962538448
382 0.9349842620869651
381 0.9389190050504737
380 0.9412828156080141
379 0.9442047966452665
378 0.9472157306543835
377 0.9477210128056844
376 0.9487838706060521
375 0.9499984471085428
374 0.951928646743626
373 0.9534049984767975
372 0.9550403076264788
371 0.9564582426405652
370 0.9580626314407267
369 0.9588648099465845
368 0.95930919478949
367 0.9595664372075006
366 0.9608550801984944
365 0.9620891085575578
364 0.9633749514626069
363 0.9646270699722276
362 0.965023492349094
361 0.9650961422605976
360 0.9662451656163145
359 0.9668959660492137
358 0.9676849269373025
357 0.9680418369602317
356 0.9689535009063152
355 0.970014601030613
354 0.9708848721723735
353 0.9711511684561199
352 0.9719223713793423
351 0.9720473818607072
350 0.9728918105888679
349 0.9736507757622466
348 0.9742084757773498
347 0.9749369753603953
346 0.9755507880620427
345 0.9759641861586167
344 0.9764173732831952
343 0.9769744064706579
342 0.9772057723783357
341 0.9777589304693982
340 0.9783739948160575
339 0.9785959682466759
338 0.9792143142505791
337 0.9797558997976402
336 0.9801504195683951
335 0.980500968777017
334 0.9810094318023649
333 0.981059832849646
332 0.9814643984023441
331 0.9818310387824449
330 0.9818666238648173
329 0.9820614343197933
328 0.9825146709129449
327 0.9824916321734485
326 0.9828444643893159
325 0.9832668202674428
324 0.9832019513659082
323 0.983592603763416
322 0.9836909121607412
321 0.9839445235924655
320 0.9840057322718622
319 0.9843619073838649
318 0.9842317729021441
317 0.9842235423523544
316 0.9846892038673561
315 0.9850083020606274
314 0.9854018755082202
313 0.9856628753471325
312 0.985893686955562
311 0.9862678495586711
310 0.9863808327416663
309 0.9866460412186845
308 0.9869464196754361
307 0.9869510992032341
306 0.9870101976229466
305 0.9871638625468706
304 0.9874428897138496
303 0.9875741582955662
302 0.9878944877326911
301 0.9880604623265499
300 0.9880732916411981
299 0.988301276467452
298 0.9885532302914174
297 0.988742081957615
296 0.9888444217196495
295 0.989092602036527
294 0.9890713586385189
293 0.9892846215998095
292 0.9893910258706332
291 0.9895314057992628
290 0.9895391762250424
289 0.9897547674913317
288 0.9899276204040014
287 0.9899398439621409
286 0.989936161350341
285 0.9899640045218714
284 0.9899157121050332
283 0.9901593112372514
Can't load history: $< line too long.
/ibbr/vmd/1.9.3/lib/vmd/vmd_LINUXAMD64: /lib64/libGL.so.1: no version information available (required by /ibbr/vmd/1.9.3/lib/vmd/vmd_LINUXAMD64)
Info) VMD for LINUXAMD64, version 1.9.3 (November 30, 2016)
Info) http://www.ks.uiuc.edu/Research/vmd/                         
Info) Email questions and bug reports to vmd@ks.uiuc.edu           
Info) Please include this reference in published work using VMD:   
Info)    Humphrey, W., Dalke, A. and Schulten, K., `VMD - Visual   
Info)    Molecular Dynamics', J. Molec. Graphics 1996, 14.1, 33-38.
Info) -------------------------------------------------------------
Info) Multithreading available, 48 CPUs detected.
Info)   CPU features: SSE2 AVX AVX2 FMA 
Info) Free system memory: 121GB (96%)
Info) No CUDA accelerator devices available.
Info) Dynamically loaded 2 plugins in directory:
Info) /ibbr/vmd/1.9.3/lib/vmd/plugins/LINUXAMD64/molfile
2
Info) Using plugin xyz for structure file ./freq.QMRegion_a.xyz
Info) Using plugin xyz for coordinates from file ./freq.QMRegion_a.xyz
Info) Determining bond structure from distance search ...
Info) Analyzing structure ...
Info)    Atoms: 138
Info)    Bonds: 137
Info)    Angles: 0  Dihedrals: 0  Impropers: 0  Cross-terms: 0
Info)    Bondtypes: 0  Angletypes: 0  Dihedraltypes: 0  Impropertypes: 0
Info)    Residues: 1
Info)    Waters: 0
Info)    Segments: 1
Info)    Fragments: 1   Protein: 1   Nucleic: 0
Info) Finished with coordinate file ./freq.QMRegion_a.xyz.
0
Info) Using plugin xyz for structure file ./freq.QMRegion_b.xyz
Info) Using plugin xyz for coordinates from file ./freq.QMRegion_b.xyz
Info) Determining bond structure from distance search ...
Info) Analyzing structure ...
Info)    Atoms: 138
Info)    Bonds: 137
Info)    Angles: 0  Dihedrals: 0  Impropers: 0  Cross-terms: 0
Info)    Bondtypes: 0  Angletypes: 0  Dihedraltypes: 0  Impropertypes: 0
Info)    Residues: 1
Info)    Waters: 0
Info)    Segments: 1
Info)    Fragments: 1   Protein: 1   Nucleic: 0
Info) Finished with coordinate file ./freq.QMRegion_b.xyz.
1
file14
atomselect0
atomselect1
0
0
0
0
0
3.249342353293884
Info) VMD for LINUXAMD64, version 1.9.3 (November 30, 2016)
Info) Exiting normally.
Can't load history: $< line too long.
[[0]]
399 0.8749256743909799
398 0.8850958901972696
397 0.8955231348984155
396 0.9034937525805101
395 0.9095478066366558
394 0.9160004926010904
393 0.9215344667408427
392 0.9273420416687138
391 0.9332734997095244
390 0.9347642514813276
389 0.9394808018843809
388 0.943990248590454
387 0.9448367279930341
386 0.9483230334786878
385 0.9511784109925137
384 0.9521037209437845
383 0.9553440108353186
382 0.9569759158377645
381 0.9598142531807506
380 0.9626928867111213
379 0.9637029742900936
378 0.9640460099545652
377 0.9657574649496106
376 0.9667381304696396
375 0.9683949767867924
374 0.9697969665193121
373 0.9708390560298252
372 0.9714825223943513
371 0.9716573151693924
370 0.9727401721765229
369 0.9738943556883122
368 0.9749512994601471
367 0.975853688595205
366 0.9769275204006923
365 0.9780101415558938
364 0.9789534198373191
363 0.9796876785976917
362 0.9797691521743273
361 0.9803284424615023
360 0.9805847876829282
359 0.9811939773713992
358 0.9817409926183662
357 0.9818178209107692
356 0.9823779822131389
355 0.9827614456244566
354 0.9830054269044232
353 0.9831418635972636
352 0.983555685006583
351 0.9835459788998995
350 0.9839314745044192
349 0.9843319358204046
348 0.9847737120724307
347 0.9850780888804836
346 0.9852168989437147
345 0.9855878271678405
344 0.985938181785975
343 0.9862804958124012
342 0.9864614327552736
341 0.9864323369270406
340 0.9865204351089487
339 0.986790103264687
338 0.9871139407186034
337 0.9871076379407336
336 0.9871319919390084
335 0.9873379656189358
334 0.9876553932924141
333 0.9876554140512903
332 0.9876330222793404
331 0.9879219769002303
330 0.9881799455812146
329 0.9883974198475161
328 0.9884722903213438
327 0.9886784506434081
326 0.9889204196081189
325 0.9889496948714781
324 0.9889404046317037
323 0.9891918587763224
322 0.9894542572703963
321 0.9897161517018408
320 0.9899634705172045
319 0.989947151921021
318 0.9901547764594425
Can't load history: $< line too long.
/ibbr/vmd/1.9.3/lib/vmd/vmd_LINUXAMD64: /lib64/libGL.so.1: no version information available (required by /ibbr/vmd/1.9.3/lib/vmd/vmd_LINUXAMD64)
Info) VMD for LINUXAMD64, version 1.9.3 (November 30, 2016)
Info) http://www.ks.uiuc.edu/Research/vmd/                         
Info) Email questions and bug reports to vmd@ks.uiuc.edu           
Info) Please include this reference in published work using VMD:   
Info)    Humphrey, W., Dalke, A. and Schulten, K., `VMD - Visual   
Info)    Molecular Dynamics', J. Molec. Graphics 1996, 14.1, 33-38.
Info) -------------------------------------------------------------
Info) Multithreading available, 48 CPUs detected.
Info)   CPU features: SSE2 AVX AVX2 FMA 
Info) Free system memory: 121GB (96%)
Info) No CUDA accelerator devices available.
Info) Dynamically loaded 2 plugins in directory:
Info) /ibbr/vmd/1.9.3/lib/vmd/plugins/LINUXAMD64/molfile
2
Info) Using plugin xyz for structure file ./freq.QMRegion_a.xyz
Info) Using plugin xyz for coordinates from file ./freq.QMRegion_a.xyz
Info) Determining bond structure from distance search ...
Info) Analyzing structure ...
Info)    Atoms: 138
Info)    Bonds: 137
Info)    Angles: 0  Dihedrals: 0  Impropers: 0  Cross-terms: 0
Info)    Bondtypes: 0  Angletypes: 0  Dihedraltypes: 0  Impropertypes: 0
Info)    Residues: 1
Info)    Waters: 0
Info)    Segments: 1
Info)    Fragments: 1   Protein: 1   Nucleic: 0
Info) Finished with coordinate file ./freq.QMRegion_a.xyz.
0
Info) Using plugin xyz for structure file ./freq.QMRegion_b.xyz
Info) Using plugin xyz for coordinates from file ./freq.QMRegion_b.xyz
Info) Determining bond structure from distance search ...
Info) Analyzing structure ...
Info)    Atoms: 138
Info)    Bonds: 137
Info)    Angles: 0  Dihedrals: 0  Impropers: 0  Cross-terms: 0
Info)    Bondtypes: 0  Angletypes: 0  Dihedraltypes: 0  Impropertypes: 0
Info)    Residues: 1
Info)    Waters: 0
Info)    Segments: 1
Info)    Fragments: 1   Protein: 1   Nucleic: 0
Info) Finished with coordinate file ./freq.QMRegion_b.xyz.
1
file14
atomselect0
atomselect1
0
0
0
0
0
3.8297717159005047
Info) VMD for LINUXAMD64, version 1.9.3 (November 30, 2016)
Info) Exiting normally.
Can't load history: $< line too long.
[[0]]
399 0.7194376285151219
398 0.739030281267847
397 0.7376964095083052
396 0.7533679559724594
395 0.7697281995595087
394 0.7846427924927426
393 0.7998245533667903
392 0.8139584658037096
391 0.8269451286240459
390 0.8380416002947634
389 0.8499556076987953
388 0.861444228128093
387 0.8720054763153322
386 0.8825268668235458
385 0.892515612293859
384 0.9011570573598998
383 0.9098305295558682
382 0.9170518617650973
381 0.9171029219508104
380 0.9247529754264519
379 0.9292380144061482
378 0.9344872543925403
377 0.939507719083322
376 0.9436549517940149
375 0.9465966658867979
374 0.9463934121780688
373 0.9490475843930427
372 0.9526315711912389
371 0.9557320035241561
370 0.9557229058323569
369 0.9580381358347599
368 0.958271101174589
367 0.9587475674775723
366 0.9606050859813531
365 0.9623542729627558
364 0.9633139711298595
363 0.9650447825567453
362 0.9666404784830335
361 0.9682558771964009
360 0.9691018267345819
359 0.9695683838401155
358 0.9704819517291198
357 0.9716362763925535
356 0.9722546406974558
355 0.9721136967244015
354 0.9731232407989532
353 0.9740638207290616
352 0.97489965221885
351 0.9753398914394901
350 0.9754306514416418
349 0.9755836361894615
348 0.9762734785328117
347 0.9770056597813717
346 0.9771077245356852
345 0.9776920213680057
344 0.9775841391423273
343 0.9782549760268331
342 0.9789050210848935
341 0.9794252926003364
340 0.980034053710906
339 0.980415980748407
338 0.9809255251544743
337 0.9808336468760996
336 0.9808514125365833
335 0.9813848152361785
334 0.9816750523169929
333 0.9820597746676176
332 0.9821932907703218
331 0.9826388721583822
330 0.9829663231486936
329 0.9830205598728293
328 0.9833533971390102
327 0.9836355727805721
326 0.9837198155623188
325 0.9840036327605353
324 0.9844094693468662
323 0.9843680362855223
322 0.9846535220748482
321 0.9846400276892256
320 0.9849455539728621
319 0.985329616640185
318 0.9853118724554574
317 0.9852678319685995
316 0.9855345482558532
315 0.9856653771629645
314 0.9856042130108584
313 0.9857975569084599
312 0.986098315927783
311 0.9860845491832483
310 0.9863112334048629
309 0.9864730525023961
308 0.9867775975338425
307 0.9869991594791733
306 0.9870323636446127
305 0.9871937181204912
304 0.9873045791566236
303 0.9875883152100152
302 0.9876061850094424
301 0.9877900452312954
300 0.987871389703439
299 0.9878327854531271
298 0.9878060288729565
297 0.9880495585157029
296 0.9882952648323321
295 0.9882956231455419
294 0.9883521792029695
293 0.9885351319220519
292 0.988734356585764
291 0.9887325132589561
290 0.9889956191084046
289 0.9891522019009154
288 0.9891746912425304
287 0.9894287374135526
286 0.9894198417516757
285 0.9896012504959084
284 0.9897479433006982
283 0.9897311974294093
282 0.989757654392519
281 0.9897747782052446
280 0.9897933041879586
279 0.9898291399088247
278 0.9898439874134545
277 0.9899561378214361
276 0.9900657380507379
Can't load history: $< line too long.
/ibbr/vmd/1.9.3/lib/vmd/vmd_LINUXAMD64: /lib64/libGL.so.1: no version information available (required by /ibbr/vmd/1.9.3/lib/vmd/vmd_LINUXAMD64)
Info) VMD for LINUXAMD64, version 1.9.3 (November 30, 2016)
Info) http://www.ks.uiuc.edu/Research/vmd/                         
Info) Email questions and bug reports to vmd@ks.uiuc.edu           
Info) Please include this reference in published work using VMD:   
Info)    Humphrey, W., Dalke, A. and Schulten, K., `VMD - Visual   
Info)    Molecular Dynamics', J. Molec. Graphics 1996, 14.1, 33-38.
Info) -------------------------------------------------------------
Info) Multithreading available, 48 CPUs detected.
Info)   CPU features: SSE2 AVX AVX2 FMA 
Info) Free system memory: 121GB (96%)
Info) No CUDA accelerator devices available.
Info) Dynamically loaded 2 plugins in directory:
Info) /ibbr/vmd/1.9.3/lib/vmd/plugins/LINUXAMD64/molfile
2
Info) Using plugin xyz for structure file ./freq.QMRegion_a.xyz
Info) Using plugin xyz for coordinates from file ./freq.QMRegion_a.xyz
Info) Determining bond structure from distance search ...
Info) Analyzing structure ...
Info)    Atoms: 138
Info)    Bonds: 137
Info)    Angles: 0  Dihedrals: 0  Impropers: 0  Cross-terms: 0
Info)    Bondtypes: 0  Angletypes: 0  Dihedraltypes: 0  Impropertypes: 0
Info)    Residues: 1
Info)    Waters: 0
Info)    Segments: 1
Info)    Fragments: 1   Protein: 1   Nucleic: 0
Info) Finished with coordinate file ./freq.QMRegion_a.xyz.
0
Info) Using plugin xyz for structure file ./freq.QMRegion_b.xyz
Info) Using plugin xyz for coordinates from file ./freq.QMRegion_b.xyz
Info) Determining bond structure from distance search ...
Info) Analyzing structure ...
Info)    Atoms: 138
Info)    Bonds: 137
Info)    Angles: 0  Dihedrals: 0  Impropers: 0  Cross-terms: 0
Info)    Bondtypes: 0  Angletypes: 0  Dihedraltypes: 0  Impropertypes: 0
Info)    Residues: 1
Info)    Waters: 0
Info)    Segments: 1
Info)    Fragments: 1   Protein: 1   Nucleic: 0
Info) Finished with coordinate file ./freq.QMRegion_b.xyz.
1
file14
atomselect0
atomselect1
0
0
0
0
0
2.5076930546380063
Info) VMD for LINUXAMD64, version 1.9.3 (November 30, 2016)
Info) Exiting normally.
Can't load history: $< line too long.
[[0]]
399 0.8389847015320928
398 0.8403783467592421
397 0.8542938418219451
396 0.8679338788949789
395 0.8791685191303578
394 0.8844727857533854
393 0.8929227652598579
392 0.8980885517776441
391 0.9060813534660339
390 0.9106872103984105
389 0.9174801533013119
388 0.9229163247125347
387 0.9280150415500953
386 0.9329014409692036
385 0.9370867228888455
384 0.9387313823193455
383 0.9429126972366098
382 0.9471469526516939
381 0.9508828635736181
380 0.9537859794601844
379 0.9565067302538119
378 0.9592806516129839
377 0.9614994088841448
376 0.9631749046543777
375 0.9638392141054748
374 0.9646116239123947
373 0.9664038561430016
372 0.9672492397107759
371 0.9687342016018331
370 0.9701140460028984
369 0.9700225619036348
368 0.9699527959799348
367 0.9700459014321731
366 0.9710065324626573
365 0.9718732078662828
364 0.9728187532827535
363 0.9735917179166781
362 0.9744168022469128
361 0.9745978946998558
360 0.9753071485541817
359 0.9755464615525264
358 0.9765481095797719
357 0.9772408603863587
356 0.9776324334594682
355 0.9782818160391789
354 0.9788769582633996
353 0.9793736271095757
352 0.9800709255852337
351 0.9807199663064639
350 0.9810997077801586
349 0.9817140189805796
348 0.981645922713287
347 0.9821808653286358
346 0.9827677182954391
345 0.9827642839420374
344 0.9827926221381806
343 0.9832319589042897
342 0.9834409641051989
341 0.9839474297269902
340 0.9844260535991337
339 0.9848044675396274
338 0.9847624891486016
337 0.9848178937597923
336 0.9847371759436168
335 0.9847535282808105
334 0.9851396641310726
333 0.9852285662921387
332 0.9854894891449333
331 0.9854686477802668
330 0.9857606787225662
329 0.9861055101448909
328 0.9864886260925821
327 0.986782337102012
326 0.9868268650060427
325 0.9868313910278433
324 0.9867798976298146
323 0.9868971510124768
322 0.9870342108210626
321 0.9873172506216829
320 0.9876082703157133
319 0.987559445187227
318 0.9878202652860971
317 0.9879208050069075
316 0.9881179014949653
315 0.9882283834920847
314 0.9883600429459695
313 0.9885808313578179
312 0.988680223721749
311 0.988867683878633
310 0.9891224698204465
309 0.9891187217769447
308 0.9892417070023808
307 0.9893815058567119
306 0.9895529391918034
305 0.9896789622020216
304 0.9898959129985375
303 0.9900935676526746
Can't load history: $< line too long.
/ibbr/vmd/1.9.3/lib/vmd/vmd_LINUXAMD64: /lib64/libGL.so.1: no version information available (required by /ibbr/vmd/1.9.3/lib/vmd/vmd_LINUXAMD64)
Info) VMD for LINUXAMD64, version 1.9.3 (November 30, 2016)
Info) http://www.ks.uiuc.edu/Research/vmd/                         
Info) Email questions and bug reports to vmd@ks.uiuc.edu           
Info) Please include this reference in published work using VMD:   
Info)    Humphrey, W., Dalke, A. and Schulten, K., `VMD - Visual   
Info)    Molecular Dynamics', J. Molec. Graphics 1996, 14.1, 33-38.
Info) -------------------------------------------------------------
Info) Multithreading available, 48 CPUs detected.
Info)   CPU features: SSE2 AVX AVX2 FMA 
Info) Free system memory: 121GB (96%)
Info) No CUDA accelerator devices available.
Info) Dynamically loaded 2 plugins in directory:
Info) /ibbr/vmd/1.9.3/lib/vmd/plugins/LINUXAMD64/molfile
2
Info) Using plugin xyz for structure file ./freq.QMRegion_a.xyz
Info) Using plugin xyz for coordinates from file ./freq.QMRegion_a.xyz
Info) Determining bond structure from distance search ...
Info) Analyzing structure ...
Info)    Atoms: 138
Info)    Bonds: 137
Info)    Angles: 0  Dihedrals: 0  Impropers: 0  Cross-terms: 0
Info)    Bondtypes: 0  Angletypes: 0  Dihedraltypes: 0  Impropertypes: 0
Info)    Residues: 1
Info)    Waters: 0
Info)    Segments: 1
Info)    Fragments: 1   Protein: 1   Nucleic: 0
Info) Finished with coordinate file ./freq.QMRegion_a.xyz.
0
Info) Using plugin xyz for structure file ./freq.QMRegion_b.xyz
Info) Using plugin xyz for coordinates from file ./freq.QMRegion_b.xyz
Info) Determining bond structure from distance search ...
Info) Analyzing structure ...
Info)    Atoms: 138
Info)    Bonds: 137
Info)    Angles: 0  Dihedrals: 0  Impropers: 0  Cross-terms: 0
Info)    Bondtypes: 0  Angletypes: 0  Dihedraltypes: 0  Impropertypes: 0
Info)    Residues: 1
Info)    Waters: 0
Info)    Segments: 1
Info)    Fragments: 1   Protein: 1   Nucleic: 0
Info) Finished with coordinate file ./freq.QMRegion_b.xyz.
1
file14
atomselect0
atomselect1
0
0
0
0
0
3.620231862996698
Info) VMD for LINUXAMD64, version 1.9.3 (November 30, 2016)
Info) Exiting normally.
Can't load history: $< line too long.
[[0]]
399 0.8350769838362049
398 0.8559099991709407
397 0.8648681510035703
396 0.8792055843831995
395 0.8921370819877239
394 0.9033970359030353
393 0.9141031340871777
392 0.9219053962600854
391 0.928189220077951
390 0.9340129406713962
389 0.9399160348177742
388 0.944573843616558
387 0.9491870809574172
386 0.9519146034438392
385 0.9537757135692879
384 0.9560525316947062
383 0.958215781086
382 0.9597973234828489
381 0.9608056136455377
380 0.9613310782078522
379 0.9628628743300989
378 0.9631456749286597
377 0.9645044252080514
376 0.9655080588143825
375 0.9654997743952479
374 0.966616244235001
373 0.9676539956492357
372 0.9687638629540262
371 0.968863437564398
370 0.9699286049428595
369 0.9706405216950182
368 0.9713350690451957
367 0.9721568796284591
366 0.9722665401262606
365 0.973166241417864
364 0.9729691705019997
363 0.9737846959141914
362 0.9744790533539176
361 0.9753129278354198
360 0.9753138949595693
359 0.9757236326175104
358 0.9764994309101398
357 0.9765030903927814
356 0.9770557522979395
355 0.9774650524262901
354 0.9774979898031229
353 0.9775171233712894
352 0.9781408779149141
351 0.9786680076975861
350 0.9786780160649267
349 0.9792271526989236
348 0.9791799605201168
347 0.9797333549952062
346 0.9802455170641096
345 0.9806672100979273
344 0.9811785345767544
343 0.9815670226310231
342 0.9817300718559964
341 0.9821278312519429
340 0.982587466885131
339 0.9828711704148211
338 0.9833122384738531
337 0.9836448625224034
336 0.9840795066661835
335 0.9845165552453535
334 0.9843976406704372
333 0.9845436155421825
332 0.9849402908520061
331 0.9852553786787416
330 0.9855589615879834
329 0.9857744415315028
328 0.9860410929823071
327 0.986228576701611
326 0.9865272850115486
325 0.9866393738891309
324 0.9866686291255403
323 0.986879489831251
322 0.9871482518118678
321 0.9870980168769125
320 0.987306803679327
319 0.9874347633391697
318 0.9876936139019624
317 0.9879632084540813
316 0.9881286830102418
315 0.9883386622379773
314 0.9883560983724474
313 0.9885451009286678
312 0.9887289287576472
311 0.988960331195406
310 0.9890925018104246
309 0.9893118844696623
308 0.9895505132063445
307 0.9897920551834744
306 0.9899832085600845
305 0.9900264849874414
Can't load history: $< line too long.
/ibbr/vmd/1.9.3/lib/vmd/vmd_LINUXAMD64: /lib64/libGL.so.1: no version information available (required by /ibbr/vmd/1.9.3/lib/vmd/vmd_LINUXAMD64)
Info) VMD for LINUXAMD64, version 1.9.3 (November 30, 2016)
Info) http://www.ks.uiuc.edu/Research/vmd/                         
Info) Email questions and bug reports to vmd@ks.uiuc.edu           
Info) Please include this reference in published work using VMD:   
Info)    Humphrey, W., Dalke, A. and Schulten, K., `VMD - Visual   
Info)    Molecular Dynamics', J. Molec. Graphics 1996, 14.1, 33-38.
Info) -------------------------------------------------------------
Info) Multithreading available, 48 CPUs detected.
Info)   CPU features: SSE2 AVX AVX2 FMA 
Info) Free system memory: 121GB (96%)
Info) No CUDA accelerator devices available.
Info) Dynamically loaded 2 plugins in directory:
Info) /ibbr/vmd/1.9.3/lib/vmd/plugins/LINUXAMD64/molfile
2
Info) Using plugin xyz for structure file ./freq.QMRegion_a.xyz
Info) Using plugin xyz for coordinates from file ./freq.QMRegion_a.xyz
Info) Determining bond structure from distance search ...
Info) Analyzing structure ...
Info)    Atoms: 138
Info)    Bonds: 137
Info)    Angles: 0  Dihedrals: 0  Impropers: 0  Cross-terms: 0
Info)    Bondtypes: 0  Angletypes: 0  Dihedraltypes: 0  Impropertypes: 0
Info)    Residues: 1
Info)    Waters: 0
Info)    Segments: 1
Info)    Fragments: 1   Protein: 1   Nucleic: 0
Info) Finished with coordinate file ./freq.QMRegion_a.xyz.
0
Info) Using plugin xyz for structure file ./freq.QMRegion_b.xyz
Info) Using plugin xyz for coordinates from file ./freq.QMRegion_b.xyz
Info) Determining bond structure from distance search ...
Info) Analyzing structure ...
Info)    Atoms: 138
Info)    Bonds: 137
Info)    Angles: 0  Dihedrals: 0  Impropers: 0  Cross-terms: 0
Info)    Bondtypes: 0  Angletypes: 0  Dihedraltypes: 0  Impropertypes: 0
Info)    Residues: 1
Info)    Waters: 0
Info)    Segments: 1
Info)    Fragments: 1   Protein: 1   Nucleic: 0
Info) Finished with coordinate file ./freq.QMRegion_b.xyz.
1
file14
atomselect0
atomselect1
0
0
0
0
0
3.620249261676967
Info) VMD for LINUXAMD64, version 1.9.3 (November 30, 2016)
Info) Exiting normally.
Can't load history: $< line too long.
[[0]]
399 0.7757210543222111
398 0.7943199148287586
397 0.813203862668785
396 0.826243125899838
395 0.8386405527561765
394 0.8382270125530948
393 0.8479231618352601
392 0.8581146436047287
391 0.8690490794340762
390 0.8759608378418734
389 0.8757078646477336
388 0.8829934349348261
387 0.8895392767877144
386 0.8947011264513814
385 0.8999214899896919
384 0.9040143470121582
383 0.9083332803255714
382 0.9122394818998539
381 0.9162642784214207
380 0.9197417095206899
379 0.9233441896638075
378 0.9269648350894952
377 0.9305539494490185
376 0.9338189662199203
375 0.9368108756471137
374 0.9368545089980436
373 0.939709988388855
372 0.9398964892172914
371 0.9424924864315132
370 0.9453475620520088
369 0.9478480228984831
368 0.9504604585438557
367 0.9532219020104228
366 0.9553883230151536
365 0.9577335364208475
364 0.9582940340083321
363 0.9604402505376971
362 0.962061800383598
361 0.963960468144975
360 0.9657628368571826
359 0.9661390352185222
358 0.9676579033373844
357 0.967915508824992
356 0.9691147659286654
355 0.9703268228852904
354 0.9707573268327456
353 0.970945389037154
352 0.9719815653206958
351 0.9718349556751801
350 0.9724171002554516
349 0.9723351597151993
348 0.9732304742277001
347 0.9739768195021626
346 0.9740450246064646
345 0.9740609353831717
344 0.9746314478491728
343 0.9746447420821238
342 0.9748330839082835
341 0.9754174775332006
340 0.9761693939093105
339 0.9766019450374422
338 0.9767596177573106
337 0.977409813342741
336 0.9779373840608829
335 0.9784789446513993
334 0.9790877432042244
333 0.9796902086039867
332 0.9798901392546415
331 0.980485228779006
330 0.9809795561028732
329 0.9813720955314654
328 0.981232172250585
327 0.9817793134721474
326 0.9820698002931915
325 0.9824888923269274
324 0.982867901596342
323 0.9834064526803854
322 0.9836465664384546
321 0.9835957352631322
320 0.98367616995414
319 0.9841011482445736
318 0.9840616293532427
317 0.9843753101116314
316 0.9846924632716009
315 0.98468984124988
314 0.9849922602340477
313 0.985298487432271
312 0.9856460521692618
311 0.9856371055924487
310 0.9859241935561266
309 0.9859777590392205
308 0.986315126554548
307 0.9863088910845176
306 0.9865248694071967
305 0.9868764437634386
304 0.9871395042201948
303 0.9874431314824483
302 0.9876995996835233
301 0.9879737069030334
300 0.9882651384544197
299 0.988441647638946
298 0.9887126096559953
297 0.9887194881398716
296 0.9890461839844794
295 0.98937510388773
294 0.9892827596245449
293 0.9893811767702306
292 0.9893870688887607
291 0.989595956741558
290 0.9895937308127456
289 0.9898326411140153
288 0.9898845867402606
287 0.9901438994506901
Can't load history: $< line too long.
/ibbr/vmd/1.9.3/lib/vmd/vmd_LINUXAMD64: /lib64/libGL.so.1: no version information available (required by /ibbr/vmd/1.9.3/lib/vmd/vmd_LINUXAMD64)
Info) VMD for LINUXAMD64, version 1.9.3 (November 30, 2016)
Info) http://www.ks.uiuc.edu/Research/vmd/                         
Info) Email questions and bug reports to vmd@ks.uiuc.edu           
Info) Please include this reference in published work using VMD:   
Info)    Humphrey, W., Dalke, A. and Schulten, K., `VMD - Visual   
Info)    Molecular Dynamics', J. Molec. Graphics 1996, 14.1, 33-38.
Info) -------------------------------------------------------------
Info) Multithreading available, 48 CPUs detected.
Info)   CPU features: SSE2 AVX AVX2 FMA 
Info) Free system memory: 121GB (96%)
Info) No CUDA accelerator devices available.
Info) Dynamically loaded 2 plugins in directory:
Info) /ibbr/vmd/1.9.3/lib/vmd/plugins/LINUXAMD64/molfile
2
Info) Using plugin xyz for structure file ./freq.QMRegion_a.xyz
Info) Using plugin xyz for coordinates from file ./freq.QMRegion_a.xyz
Info) Determining bond structure from distance search ...
Info) Analyzing structure ...
Info)    Atoms: 138
Info)    Bonds: 137
Info)    Angles: 0  Dihedrals: 0  Impropers: 0  Cross-terms: 0
Info)    Bondtypes: 0  Angletypes: 0  Dihedraltypes: 0  Impropertypes: 0
Info)    Residues: 1
Info)    Waters: 0
Info)    Segments: 1
Info)    Fragments: 1   Protein: 1   Nucleic: 0
Info) Finished with coordinate file ./freq.QMRegion_a.xyz.
0
Info) Using plugin xyz for structure file ./freq.QMRegion_b.xyz
Info) Using plugin xyz for coordinates from file ./freq.QMRegion_b.xyz
Info) Determining bond structure from distance search ...
Info) Analyzing structure ...
Info)    Atoms: 138
Info)    Bonds: 137
Info)    Angles: 0  Dihedrals: 0  Impropers: 0  Cross-terms: 0
Info)    Bondtypes: 0  Angletypes: 0  Dihedraltypes: 0  Impropertypes: 0
Info)    Residues: 1
Info)    Waters: 0
Info)    Segments: 1
Info)    Fragments: 1   Protein: 1   Nucleic: 0
Info) Finished with coordinate file ./freq.QMRegion_b.xyz.
1
file14
atomselect0
atomselect1
0
0
0
0
0
4.008576564291189
Info) VMD for LINUXAMD64, version 1.9.3 (November 30, 2016)
Info) Exiting normally.
Can't load history: $< line too long.
[[0]]
399 0.7620521416736381
398 0.7791402748160918
397 0.7934386872835308
396 0.8068082905602363
395 0.8190430271572842
394 0.830039785549342
393 0.8395467848669909
392 0.8499027647648477
391 0.8599284189497776
390 0.8693330175349177
389 0.8700249488611054
388 0.8788014461762386
387 0.8879588685825133
386 0.8949735831170189
385 0.9012733416023258
384 0.9051753930800788
383 0.909259824387698
382 0.9145083449049384
381 0.9188126779264278
380 0.9222482682235136
379 0.9259010831047321
378 0.9292842958700105
377 0.9329769394074257
376 0.9361384095528027
375 0.9395161101100707
374 0.943188183023153
373 0.946475358960139
372 0.9483327545687494
371 0.9512338436206962
370 0.9539870764496039
369 0.9564476678103102
368 0.9584537673023179
367 0.9603438012874433
366 0.9611613124742862
365 0.9613847625600341
364 0.9627853072554099
363 0.9642384234246308
362 0.9656030610780323
361 0.9656631809951216
360 0.9668870966917288
359 0.9681200872738522
358 0.969263139431682
357 0.9696122616209372
356 0.9705701238559157
355 0.971527188404801
354 0.9724604944508335
353 0.9726509277579052
352 0.9733416618198226
351 0.9733312672791623
350 0.9740578332025902
349 0.9739541623741947
348 0.9747610465938225
347 0.9750457604285963
346 0.9757508984384209
345 0.9761097172573996
344 0.9767758311384382
343 0.9775004741442048
342 0.9779724656591704
341 0.9781491811513836
340 0.9786521715736299
339 0.9790306808355586
338 0.9793003829055908
337 0.9797124409258338
336 0.9802791240450986
335 0.9806377422328657
334 0.9807084999933108
333 0.9807503814452325
332 0.9812678051011786
331 0.9817119389993324
330 0.9821031335237057
329 0.9820993657455985
328 0.9823174177724432
327 0.9822813852045418
326 0.98260697686428
325 0.9826031284745229
324 0.9829482605046671
323 0.9833206064450654
322 0.9833531828550511
321 0.9837631702846914
320 0.9841290494358601
319 0.9844771600412638
318 0.9844472460538515
317 0.9843219344943154
316 0.9846874819828668
315 0.9847099492034243
314 0.984718939765685
313 0.9850105338404915
312 0.9851966922470661
311 0.9853455473931617
310 0.9854222670268561
309 0.9857224274862726
308 0.9859096480154657
307 0.9861475658742539
306 0.9864130937648818
305 0.9865825867245955
304 0.9867509042101651
303 0.9869615917253348
302 0.9872316490682157
301 0.9874846823484297
300 0.9877419799403229
299 0.9877945331045282
298 0.987999405340816
297 0.9882006332909227
296 0.9884180631670744
295 0.9886082619526784
294 0.9888188637540307
293 0.9887582776850325
292 0.9888635263877354
291 0.9890908068233949
290 0.9891838314510104
289 0.9892738813613566
288 0.9894948584851515
287 0.9895305283054676
286 0.9897177168254289
285 0.9899143082471736
284 0.9899596233450305
283 0.9901570795796295
Can't load history: $< line too long.
/ibbr/vmd/1.9.3/lib/vmd/vmd_LINUXAMD64: /lib64/libGL.so.1: no version information available (required by /ibbr/vmd/1.9.3/lib/vmd/vmd_LINUXAMD64)
Info) VMD for LINUXAMD64, version 1.9.3 (November 30, 2016)
Info) http://www.ks.uiuc.edu/Research/vmd/                         
Info) Email questions and bug reports to vmd@ks.uiuc.edu           
Info) Please include this reference in published work using VMD:   
Info)    Humphrey, W., Dalke, A. and Schulten, K., `VMD - Visual   
Info)    Molecular Dynamics', J. Molec. Graphics 1996, 14.1, 33-38.
Info) -------------------------------------------------------------
Info) Multithreading available, 48 CPUs detected.
Info)   CPU features: SSE2 AVX AVX2 FMA 
Info) Free system memory: 121GB (96%)
Info) No CUDA accelerator devices available.
Info) Dynamically loaded 2 plugins in directory:
Info) /ibbr/vmd/1.9.3/lib/vmd/plugins/LINUXAMD64/molfile
2
Info) Using plugin xyz for structure file ./freq.QMRegion_a.xyz
Info) Using plugin xyz for coordinates from file ./freq.QMRegion_a.xyz
Info) Determining bond structure from distance search ...
Info) Analyzing structure ...
Info)    Atoms: 138
Info)    Bonds: 137
Info)    Angles: 0  Dihedrals: 0  Impropers: 0  Cross-terms: 0
Info)    Bondtypes: 0  Angletypes: 0  Dihedraltypes: 0  Impropertypes: 0
Info)    Residues: 1
Info)    Waters: 0
Info)    Segments: 1
Info)    Fragments: 1   Protein: 1   Nucleic: 0
Info) Finished with coordinate file ./freq.QMRegion_a.xyz.
0
Info) Using plugin xyz for structure file ./freq.QMRegion_b.xyz
Info) Using plugin xyz for coordinates from file ./freq.QMRegion_b.xyz
Info) Determining bond structure from distance search ...
Info) Analyzing structure ...
Info)    Atoms: 138
Info)    Bonds: 137
Info)    Angles: 0  Dihedrals: 0  Impropers: 0  Cross-terms: 0
Info)    Bondtypes: 0  Angletypes: 0  Dihedraltypes: 0  Impropertypes: 0
Info)    Residues: 1
Info)    Waters: 0
Info)    Segments: 1
Info)    Fragments: 1   Protein: 1   Nucleic: 0
Info) Finished with coordinate file ./freq.QMRegion_b.xyz.
1
file14
atomselect0
atomselect1
0
0
0
0
0
3.171781674559516
Info) VMD for LINUXAMD64, version 1.9.3 (November 30, 2016)
Info) Exiting normally.
Can't load history: $< line too long.
[[0]]
399 0.8069142489341979
398 0.8250077231342959
397 0.8376988398944905
396 0.8492991661682509
395 0.8605129687812957
394 0.8723705292537023
393 0.8836555288037609
392 0.8916305808847109
391 0.899394779307708
390 0.9072722069128532
389 0.9139887079813594
388 0.919862176858528
387 0.9245707611711013
386 0.9304369730301746
385 0.9353592358349013
384 0.9403949517438309
383 0.9451109352328493
382 0.9496357021361205
381 0.9523334394039752
380 0.952496001505644
379 0.9548145436857003
378 0.9550062650654904
377 0.9562361369051406
376 0.9571863104624132
375 0.9587891533132565
374 0.9594742183264209
373 0.9611061942513809
372 0.961902975116338
371 0.9630696455871
370 0.964465019555645
369 0.9656954420208376
368 0.9669060327673317
367 0.9680791671188279
366 0.9692766886652148
365 0.9702921746932589
364 0.9713548471736875
363 0.9720039327973958
362 0.9722915296459841
361 0.9723182022558836
360 0.9728591360551507
359 0.9737272237033038
358 0.9746300323588944
357 0.9752917621648117
356 0.9752247674972322
355 0.9760031828366587
354 0.9761091962467612
353 0.976342524251195
352 0.9763427378463004
351 0.9768015391309413
350 0.9771242198306848
349 0.9772901245632261
348 0.9778339645902758
347 0.9783313529270534
346 0.9788721517749565
345 0.979170190032789
344 0.9797354950858751
343 0.980094401890864
342 0.9806317910932707
341 0.9809715088782145
340 0.981406178560447
339 0.9814510301855759
338 0.9818813871873443
337 0.9821657976432207
336 0.982518892593956
335 0.9827915144216831
334 0.9832139682488986
333 0.9836717554298277
332 0.9835423600428658
331 0.9836517201070428
330 0.9836457227672823
329 0.9840093533739183
328 0.9841426123329247
327 0.9845047816934096
326 0.9847085156749762
325 0.9850058395060572
324 0.9853459987149248
323 0.9856051522503002
322 0.9856082478894994
321 0.9858334254410585
320 0.9858408955460823
319 0.9861590943091334
318 0.986385455472729
317 0.9864621980139617
316 0.9863698525685939
315 0.9863452865727121
314 0.986399107351234
313 0.9866132028534098
312 0.9867930032668302
311 0.9870653928271003
310 0.9872898374670012
309 0.9874384736511523
308 0.9876263795482648
307 0.9878294351712407
306 0.9878363289410024
305 0.9880445906501636
304 0.9880148742861196
303 0.9880597922315976
302 0.988288323835502
301 0.9883780920553225
300 0.9883732872732257
299 0.9884110055927535
298 0.988631596797879
297 0.9888482960583406
296 0.9890950865544628
295 0.9892900432655086
294 0.9895243015798111
293 0.9895133849548163
292 0.989683689653084
291 0.9897167786270397
290 0.989967809655594
289 0.9901617116477159
Can't load history: $< line too long.
/ibbr/vmd/1.9.3/lib/vmd/vmd_LINUXAMD64: /lib64/libGL.so.1: no version information available (required by /ibbr/vmd/1.9.3/lib/vmd/vmd_LINUXAMD64)
Info) VMD for LINUXAMD64, version 1.9.3 (November 30, 2016)
Info) http://www.ks.uiuc.edu/Research/vmd/                         
Info) Email questions and bug reports to vmd@ks.uiuc.edu           
Info) Please include this reference in published work using VMD:   
Info)    Humphrey, W., Dalke, A. and Schulten, K., `VMD - Visual   
Info)    Molecular Dynamics', J. Molec. Graphics 1996, 14.1, 33-38.
Info) -------------------------------------------------------------
Info) Multithreading available, 48 CPUs detected.
Info)   CPU features: SSE2 AVX AVX2 FMA 
Info) Free system memory: 121GB (96%)
Info) No CUDA accelerator devices available.
Info) Dynamically loaded 2 plugins in directory:
Info) /ibbr/vmd/1.9.3/lib/vmd/plugins/LINUXAMD64/molfile
3
Info) Using plugin xyz for structure file ./freq.QMRegion_a.xyz
Info) Using plugin xyz for coordinates from file ./freq.QMRegion_a.xyz
Info) Determining bond structure from distance search ...
Info) Analyzing structure ...
Info)    Atoms: 138
Info)    Bonds: 137
Info)    Angles: 0  Dihedrals: 0  Impropers: 0  Cross-terms: 0
Info)    Bondtypes: 0  Angletypes: 0  Dihedraltypes: 0  Impropertypes: 0
Info)    Residues: 1
Info)    Waters: 0
Info)    Segments: 1
Info)    Fragments: 1   Protein: 1   Nucleic: 0
Info) Finished with coordinate file ./freq.QMRegion_a.xyz.
0
Info) Using plugin xyz for structure file ./freq.QMRegion_b.xyz
Info) Using plugin xyz for coordinates from file ./freq.QMRegion_b.xyz
Info) Determining bond structure from distance search ...
Info) Analyzing structure ...
Info)    Atoms: 138
Info)    Bonds: 137
Info)    Angles: 0  Dihedrals: 0  Impropers: 0  Cross-terms: 0
Info)    Bondtypes: 0  Angletypes: 0  Dihedraltypes: 0  Impropertypes: 0
Info)    Residues: 1
Info)    Waters: 0
Info)    Segments: 1
Info)    Fragments: 1   Protein: 1   Nucleic: 0
Info) Finished with coordinate file ./freq.QMRegion_b.xyz.
1
file14
atomselect0
atomselect1
0
0
0
0
0
3.7986767274738886
Info) VMD for LINUXAMD64, version 1.9.3 (November 30, 2016)
Info) Exiting normally.
Can't load history: $< line too long.
[[0]]
399 0.8699361802353505
398 0.8780237938493016
397 0.8853723557435682
396 0.8920617183090087
395 0.898110401311353
394 0.902739867110893
393 0.9074526803220988
392 0.9118728565383389
391 0.9154259296756574
390 0.9152333806737294
389 0.9162850093612211
388 0.9200479939217286
387 0.9234878093029618
386 0.9267266470960731
385 0.9281178378674938
384 0.9304042646298308
383 0.9329201683680919
382 0.9349050739182226
381 0.936529165226946
380 0.938968845102702
379 0.9413167045765268
378 0.9424750813060134
377 0.9445056997812538
376 0.9465852337545502
375 0.948591369863724
374 0.9505651940190212
373 0.9525030555844767
372 0.9542079356322535
371 0.9543804617881578
370 0.9560236667965861
369 0.9570450561302951
368 0.9587758865054703
367 0.9605604172468637
366 0.9617396729489175
365 0.9633189571366888
364 0.9635434832372971
363 0.9649764276243542
362 0.9664597197673662
361 0.9677087923604714
360 0.968893452104384
359 0.9699901199777001
358 0.97086407928354
357 0.9719017930315391
356 0.9729562401785039
355 0.9739766141909327
354 0.9747120543364193
353 0.9752944581200121
352 0.9752408372205832
351 0.9753781721269854
350 0.9757757699016915
349 0.9760396295118098
348 0.9767111414949812
347 0.9766836648156779
346 0.9768646055211576
345 0.9772982971421756
344 0.9778883549888103
343 0.977995240949427
342 0.9781545293608781
341 0.9786054961445353
340 0.9791622079646236
339 0.9793954854885545
338 0.9797766073796229
337 0.9802353573420095
336 0.9802574117058656
335 0.9802779335378664
334 0.9806153244796302
333 0.9811837026741934
332 0.9816774072837506
331 0.9819937343138986
330 0.9825209804863887
329 0.9825244714529263
328 0.9827986105429812
327 0.9830083524912527
326 0.9830832444869387
325 0.9830889784547532
324 0.983133796371213
323 0.9831319008904496
322 0.9832376048607219
321 0.9834273307875714
320 0.9832964145404018
319 0.9836781785124167
318 0.984006093159444
317 0.9839728144800163
316 0.9839864035746848
315 0.9842640080129891
314 0.9846330690256602
313 0.9846916315593686
312 0.9847648423246356
311 0.9851127106428554
310 0.9854551402279856
309 0.9858231197082895
308 0.9861031767288716
307 0.9864553190300486
306 0.9866475194703375
305 0.9869015731931915
304 0.9869249194114649
303 0.9869180263240037
302 0.9872078731069279
301 0.9875262626573156
300 0.9874891021123711
299 0.9875356750943124
298 0.9878638192014318
297 0.9881818396265025
296 0.9884395656139082
295 0.9886912487083561
294 0.9886678725872575
293 0.9887847462362472
292 0.9888279119058095
291 0.9890702707046852
290 0.9893164369927439
289 0.9895490995702787
288 0.9895705350456888
287 0.9898569297196455
286 0.9900766165266152
Can't load history: $< line too long.
/ibbr/vmd/1.9.3/lib/vmd/vmd_LINUXAMD64: /lib64/libGL.so.1: no version information available (required by /ibbr/vmd/1.9.3/lib/vmd/vmd_LINUXAMD64)
Info) VMD for LINUXAMD64, version 1.9.3 (November 30, 2016)
Info) http://www.ks.uiuc.edu/Research/vmd/                         
Info) Email questions and bug reports to vmd@ks.uiuc.edu           
Info) Please include this reference in published work using VMD:   
Info)    Humphrey, W., Dalke, A. and Schulten, K., `VMD - Visual   
Info)    Molecular Dynamics', J. Molec. Graphics 1996, 14.1, 33-38.
Info) -------------------------------------------------------------
Info) Multithreading available, 48 CPUs detected.
Info)   CPU features: SSE2 AVX AVX2 FMA 
Info) Free system memory: 121GB (96%)
Info) No CUDA accelerator devices available.
Info) Dynamically loaded 2 plugins in directory:
Info) /ibbr/vmd/1.9.3/lib/vmd/plugins/LINUXAMD64/molfile
3
Info) Using plugin xyz for structure file ./freq.QMRegion_a.xyz
Info) Using plugin xyz for coordinates from file ./freq.QMRegion_a.xyz
Info) Determining bond structure from distance search ...
Info) Analyzing structure ...
Info)    Atoms: 138
Info)    Bonds: 137
Info)    Angles: 0  Dihedrals: 0  Impropers: 0  Cross-terms: 0
Info)    Bondtypes: 0  Angletypes: 0  Dihedraltypes: 0  Impropertypes: 0
Info)    Residues: 1
Info)    Waters: 0
Info)    Segments: 1
Info)    Fragments: 1   Protein: 1   Nucleic: 0
Info) Finished with coordinate file ./freq.QMRegion_a.xyz.
0
Info) Using plugin xyz for structure file ./freq.QMRegion_b.xyz
Info) Using plugin xyz for coordinates from file ./freq.QMRegion_b.xyz
Info) Determining bond structure from distance search ...
Info) Analyzing structure ...
Info)    Atoms: 138
Info)    Bonds: 137
Info)    Angles: 0  Dihedrals: 0  Impropers: 0  Cross-terms: 0
Info)    Bondtypes: 0  Angletypes: 0  Dihedraltypes: 0  Impropertypes: 0
Info)    Residues: 1
Info)    Waters: 0
Info)    Segments: 1
Info)    Fragments: 1   Protein: 1   Nucleic: 0
Info) Finished with coordinate file ./freq.QMRegion_b.xyz.
1
file14
atomselect0
atomselect1
0
0
0
0
0
2.8365847913036264
Info) VMD for LINUXAMD64, version 1.9.3 (November 30, 2016)
Info) Exiting normally.
Can't load history: $< line too long.
[[0]]
399 0.8716096479468197
398 0.8837529416629601
397 0.8914656102375802
396 0.9021806966370255
395 0.9108486887239642
394 0.9179452372938697
393 0.923432442328805
392 0.929234817117039
391 0.9289025330015919
390 0.9326029578073765
389 0.9360133248409326
388 0.939172025449746
387 0.9418012668388267
386 0.9418014403969581
385 0.9438782064859875
384 0.945615018819021
383 0.9479179904635746
382 0.9501168937351432
381 0.9519151944400881
380 0.9539260870622943
379 0.955653043851005
378 0.9575974129183963
377 0.9587508806094143
376 0.95875513040876
375 0.9588091365783278
374 0.9585492735123866
373 0.9601834173044471
372 0.9617154334850528
371 0.9624781534967515
370 0.9628335036338239
369 0.964141036375673
368 0.9654398533668496
367 0.9658302933893336
366 0.9659143999284379
365 0.9668509797843952
364 0.9672999839552411
363 0.9684516255433653
362 0.9691368758174471
361 0.9702465536955494
360 0.9712997909572002
359 0.9720942304700706
358 0.9720780692110601
357 0.9730485303652888
356 0.9739781984565858
355 0.9740201930464985
354 0.9748371702176358
353 0.9756708407230719
352 0.9756969405536879
351 0.9763168273079053
350 0.9770955964233176
349 0.9772255444407119
348 0.9777990018897418
347 0.9779595536623491
346 0.9779490715236219
345 0.9779850088959271
344 0.9783411818507679
343 0.9784411669971181
342 0.978930923360175
341 0.9795067103532114
340 0.9799839008442676
339 0.9805164946353078
338 0.9810943150246921
337 0.98123175141707
336 0.9812913866266486
335 0.9816771975000314
334 0.9817464983707476
333 0.9821604299237776
332 0.982526095735688
331 0.9828892125068774
330 0.9832890476536437
329 0.983468459347288
328 0.9837765303431905
327 0.9842093219149687
326 0.9843082019159732
325 0.9845222945533411
324 0.9845785921271555
323 0.9846068675133645
322 0.98493094142029
321 0.9853017421686046
320 0.9853182645599282
319 0.9856165232999797
318 0.9859609870486096
317 0.9861614566333227
316 0.9863492065717351
315 0.9866450365885391
314 0.9869558987059766
313 0.9873119930143832
312 0.9872179940458055
311 0.9873729833200273
310 0.9876452094153695
309 0.9877056266983705
308 0.9880021368657605
307 0.9882611210388172
306 0.9882510928853052
305 0.9884305536912641
304 0.988437870862816
303 0.9884381596379165
302 0.9884833425436097
301 0.988598777726393
300 0.9888211512145697
299 0.9889691563546408
298 0.9891952815193602
297 0.9893129474029353
296 0.9894446241074351
295 0.9896537557257762
294 0.9899065773994881
293 0.990137353096862
Can't load history: $< line too long.
/ibbr/vmd/1.9.3/lib/vmd/vmd_LINUXAMD64: /lib64/libGL.so.1: no version information available (required by /ibbr/vmd/1.9.3/lib/vmd/vmd_LINUXAMD64)
Info) VMD for LINUXAMD64, version 1.9.3 (November 30, 2016)
Info) http://www.ks.uiuc.edu/Research/vmd/                         
Info) Email questions and bug reports to vmd@ks.uiuc.edu           
Info) Please include this reference in published work using VMD:   
Info)    Humphrey, W., Dalke, A. and Schulten, K., `VMD - Visual   
Info)    Molecular Dynamics', J. Molec. Graphics 1996, 14.1, 33-38.
Info) -------------------------------------------------------------
Info) Multithreading available, 48 CPUs detected.
Info)   CPU features: SSE2 AVX AVX2 FMA 
Info) Free system memory: 121GB (96%)
Info) No CUDA accelerator devices available.
Info) Dynamically loaded 2 plugins in directory:
Info) /ibbr/vmd/1.9.3/lib/vmd/plugins/LINUXAMD64/molfile
3
Info) Using plugin xyz for structure file ./freq.QMRegion_a.xyz
Info) Using plugin xyz for coordinates from file ./freq.QMRegion_a.xyz
Info) Determining bond structure from distance search ...
Info) Analyzing structure ...
Info)    Atoms: 138
Info)    Bonds: 137
Info)    Angles: 0  Dihedrals: 0  Impropers: 0  Cross-terms: 0
Info)    Bondtypes: 0  Angletypes: 0  Dihedraltypes: 0  Impropertypes: 0
Info)    Residues: 1
Info)    Waters: 0
Info)    Segments: 1
Info)    Fragments: 1   Protein: 1   Nucleic: 0
Info) Finished with coordinate file ./freq.QMRegion_a.xyz.
0
Info) Using plugin xyz for structure file ./freq.QMRegion_b.xyz
Info) Using plugin xyz for coordinates from file ./freq.QMRegion_b.xyz
Info) Determining bond structure from distance search ...
Info) Analyzing structure ...
Info)    Atoms: 138
Info)    Bonds: 137
Info)    Angles: 0  Dihedrals: 0  Impropers: 0  Cross-terms: 0
Info)    Bondtypes: 0  Angletypes: 0  Dihedraltypes: 0  Impropertypes: 0
Info)    Residues: 1
Info)    Waters: 0
Info)    Segments: 1
Info)    Fragments: 1   Protein: 1   Nucleic: 0
Info) Finished with coordinate file ./freq.QMRegion_b.xyz.
1
file14
atomselect0
atomselect1
0
0
0
0
0
2.4907558934014227
Info) VMD for LINUXAMD64, version 1.9.3 (November 30, 2016)
Info) Exiting normally.
Can't load history: $< line too long.
[[0]]
399 0.9188700366942363
398 0.9187310560556996
397 0.9185705644177212
396 0.9201222340010606
395 0.9240510230690356
394 0.9275809706160204
393 0.9310732109944992
392 0.9330603372224395
391 0.9357718505969042
390 0.9383685029811714
389 0.9405621520715918
388 0.9429095870081249
387 0.9454154983575184
386 0.9479090862102618
385 0.9503374673049092
384 0.9527193311052078
383 0.9549337395229731
382 0.9550441114605597
381 0.9567925762941868
380 0.9584438081730517
379 0.9601827104154875
378 0.9602687565971509
377 0.9604802740949694
376 0.9621757648320154
375 0.9636736117679794
374 0.9639360493722743
373 0.9651793066869203
372 0.9662468492929935
371 0.9676395489076781
370 0.9685496308932413
369 0.9697920920874483
368 0.9697868951846448
367 0.9703797845066909
366 0.9712553087856852
365 0.9722738703312572
364 0.9732588334821238
363 0.9735456184820905
362 0.9733695558206603
361 0.9739142978754527
360 0.9745936581298171
359 0.9747499830214246
358 0.975537940543854
357 0.9755839922763763
356 0.9761931115279454
355 0.9764279549080713
354 0.9770966639713276
353 0.9773370460929681
352 0.97792321545415
351 0.9782221546662789
350 0.9786177239531694
349 0.9791197933515305
348 0.9796473993151759
347 0.9802114545867279
346 0.9804794789878429
345 0.9810350080362873
344 0.9814597827762598
343 0.9816183755353672
342 0.9820523772175765
341 0.9824529767673601
340 0.9828884035082975
339 0.9829257171920578
338 0.9833326223167198
337 0.9835787759744957
336 0.9840091730106124
335 0.9844450288546115
334 0.9848322350493763
333 0.9848502927341027
332 0.9852385016097834
331 0.9852319977180394
330 0.9853033788458849
329 0.9856664559169427
328 0.985871236624402
327 0.9857652142703693
326 0.9857510953478459
325 0.9858350138342334
324 0.9861952281429597
323 0.9865086188091243
322 0.9868175527746215
321 0.9868375758106912
320 0.9871828487992108
319 0.9874059370765063
318 0.9874085201311908
317 0.9875247565624367
316 0.9875471334118704
315 0.9878765011611637
314 0.9880202744678266
313 0.9879745587103135
312 0.9881223156144749
311 0.9880961092408067
310 0.9883351155060346
309 0.988374463914603
308 0.9885832371781907
307 0.9887543069089356
306 0.9886530818166344
305 0.9889138529147136
304 0.9891408701389353
303 0.9894208127732306
302 0.989697410848117
301 0.989710307684267
300 0.9898986045000504
299 0.9899784049319097
298 0.9899051801861515
297 0.9900788884793046
Can't load history: $< line too long.
/ibbr/vmd/1.9.3/lib/vmd/vmd_LINUXAMD64: /lib64/libGL.so.1: no version information available (required by /ibbr/vmd/1.9.3/lib/vmd/vmd_LINUXAMD64)
Info) VMD for LINUXAMD64, version 1.9.3 (November 30, 2016)
Info) http://www.ks.uiuc.edu/Research/vmd/                         
Info) Email questions and bug reports to vmd@ks.uiuc.edu           
Info) Please include this reference in published work using VMD:   
Info)    Humphrey, W., Dalke, A. and Schulten, K., `VMD - Visual   
Info)    Molecular Dynamics', J. Molec. Graphics 1996, 14.1, 33-38.
Info) -------------------------------------------------------------
Info) Multithreading available, 48 CPUs detected.
Info)   CPU features: SSE2 AVX AVX2 FMA 
Info) Free system memory: 121GB (96%)
Info) No CUDA accelerator devices available.
Info) Dynamically loaded 2 plugins in directory:
Info) /ibbr/vmd/1.9.3/lib/vmd/plugins/LINUXAMD64/molfile
3
Info) Using plugin xyz for structure file ./freq.QMRegion_a.xyz
Info) Using plugin xyz for coordinates from file ./freq.QMRegion_a.xyz
Info) Determining bond structure from distance search ...
Info) Analyzing structure ...
Info)    Atoms: 138
Info)    Bonds: 137
Info)    Angles: 0  Dihedrals: 0  Impropers: 0  Cross-terms: 0
Info)    Bondtypes: 0  Angletypes: 0  Dihedraltypes: 0  Impropertypes: 0
Info)    Residues: 1
Info)    Waters: 0
Info)    Segments: 1
Info)    Fragments: 1   Protein: 1   Nucleic: 0
Info) Finished with coordinate file ./freq.QMRegion_a.xyz.
0
Info) Using plugin xyz for structure file ./freq.QMRegion_b.xyz
Info) Using plugin xyz for coordinates from file ./freq.QMRegion_b.xyz
Info) Determining bond structure from distance search ...
Info) Analyzing structure ...
Info)    Atoms: 138
Info)    Bonds: 137
Info)    Angles: 0  Dihedrals: 0  Impropers: 0  Cross-terms: 0
Info)    Bondtypes: 0  Angletypes: 0  Dihedraltypes: 0  Impropertypes: 0
Info)    Residues: 1
Info)    Waters: 0
Info)    Segments: 1
Info)    Fragments: 1   Protein: 1   Nucleic: 0
Info) Finished with coordinate file ./freq.QMRegion_b.xyz.
1
file14
atomselect0
atomselect1
0
0
0
0
0
3.8778095321363018
Info) VMD for LINUXAMD64, version 1.9.3 (November 30, 2016)
Info) Exiting normally.
Can't load history: $< line too long.
[[0]]
399 0.8994383782276636
398 0.9081515405838745
397 0.9155571957900607
396 0.915648883411889
395 0.916649024902159
394 0.9205102770293272
393 0.9231515511834654
392 0.9269029630341329
391 0.9298539850452905
390 0.932850057618428
389 0.935526786931782
388 0.9371665768398006
387 0.9388635459198682
386 0.9395989372040556
385 0.9398772280392081
384 0.9426423196237526
383 0.9451397432234643
382 0.9469040921712598
381 0.94935886510037
380 0.9510014898950903
379 0.9522326832150766
378 0.9543305201994144
377 0.9552619764415453
376 0.9570177064261031
375 0.9574592644382964
374 0.9574903772065728
373 0.9591076076558743
372 0.9603878781210128
371 0.9603432713708252
370 0.9616531906061645
369 0.9619097452485403
368 0.9630213895747124
367 0.9641923037876564
366 0.9646804002918671
365 0.9656322816053308
364 0.9656972153592589
363 0.9662301794169611
362 0.9671896534772185
361 0.9675883401756191
360 0.9681808070409503
359 0.9691938309340521
358 0.9700988919473039
357 0.9710314019937777
356 0.9717907912178135
355 0.9725301586290289
354 0.9731548939183458
353 0.9733129108471565
352 0.9739197294387136
351 0.973913043527998
350 0.9742707338550798
349 0.9749189853791675
348 0.9753508748163111
347 0.9758146284569051
346 0.9764828758437709
345 0.9770768948255113
344 0.9774946784307931
343 0.9781684427879596
342 0.9787347996999212
341 0.9787587922443244
340 0.9794068988810072
339 0.9795471864443454
338 0.9801137895560237
337 0.9807016347897827
336 0.9813033927923864
335 0.9817719757957014
334 0.98223084012145
333 0.982655713947532
332 0.9830376249348618
331 0.9830375313925434
330 0.983376012962731
329 0.9837252430404534
328 0.9841342086281716
327 0.984481967466737
326 0.9845021168673176
325 0.9845071294663138
324 0.9847217095782733
323 0.9850350342659094
322 0.9853923926022715
321 0.9857209287777899
320 0.985778542854666
319 0.9860571662561486
318 0.9860519542482705
317 0.9860846419055557
316 0.9863654532938215
315 0.9863639033202766
314 0.9866888246314738
313 0.9867907861891198
312 0.9869477496737167
311 0.987192731990016
310 0.9874691336353177
309 0.9874848424505128
308 0.9877098564693317
307 0.9879779602226616
306 0.9879546437411281
305 0.9882095931854019
304 0.9882097632613366
303 0.9883849657972341
302 0.988310239749744
301 0.9883641999578949
300 0.9883870706273278
299 0.988475093254611
298 0.9887051896276274
297 0.9888322443363758
296 0.9889647700411258
295 0.9892317643779802
294 0.9894261657152009
293 0.9894248880565577
292 0.9894829758798988
291 0.9897394708364511
290 0.9898589683555769
289 0.9901198492785992
Can't load history: $< line too long.
/ibbr/vmd/1.9.3/lib/vmd/vmd_LINUXAMD64: /lib64/libGL.so.1: no version information available (required by /ibbr/vmd/1.9.3/lib/vmd/vmd_LINUXAMD64)
Info) VMD for LINUXAMD64, version 1.9.3 (November 30, 2016)
Info) http://www.ks.uiuc.edu/Research/vmd/                         
Info) Email questions and bug reports to vmd@ks.uiuc.edu           
Info) Please include this reference in published work using VMD:   
Info)    Humphrey, W., Dalke, A. and Schulten, K., `VMD - Visual   
Info)    Molecular Dynamics', J. Molec. Graphics 1996, 14.1, 33-38.
Info) -------------------------------------------------------------
Info) Multithreading available, 48 CPUs detected.
Info)   CPU features: SSE2 AVX AVX2 FMA 
Info) Free system memory: 121GB (96%)
Info) No CUDA accelerator devices available.
Info) Dynamically loaded 2 plugins in directory:
Info) /ibbr/vmd/1.9.3/lib/vmd/plugins/LINUXAMD64/molfile
3
Info) Using plugin xyz for structure file ./freq.QMRegion_a.xyz
Info) Using plugin xyz for coordinates from file ./freq.QMRegion_a.xyz
Info) Determining bond structure from distance search ...
Info) Analyzing structure ...
Info)    Atoms: 138
Info)    Bonds: 137
Info)    Angles: 0  Dihedrals: 0  Impropers: 0  Cross-terms: 0
Info)    Bondtypes: 0  Angletypes: 0  Dihedraltypes: 0  Impropertypes: 0
Info)    Residues: 1
Info)    Waters: 0
Info)    Segments: 1
Info)    Fragments: 1   Protein: 1   Nucleic: 0
Info) Finished with coordinate file ./freq.QMRegion_a.xyz.
0
Info) Using plugin xyz for structure file ./freq.QMRegion_b.xyz
Info) Using plugin xyz for coordinates from file ./freq.QMRegion_b.xyz
Info) Determining bond structure from distance search ...
Info) Analyzing structure ...
Info)    Atoms: 138
Info)    Bonds: 137
Info)    Angles: 0  Dihedrals: 0  Impropers: 0  Cross-terms: 0
Info)    Bondtypes: 0  Angletypes: 0  Dihedraltypes: 0  Impropertypes: 0
Info)    Residues: 1
Info)    Waters: 0
Info)    Segments: 1
Info)    Fragments: 1   Protein: 1   Nucleic: 0
Info) Finished with coordinate file ./freq.QMRegion_b.xyz.
1
file14
atomselect0
atomselect1
0
0
0
0
0
4.196267166913568
Info) VMD for LINUXAMD64, version 1.9.3 (November 30, 2016)
Info) Exiting normally.
Can't load history: $< line too long.
[[0]]
399 0.8754732657594689
398 0.8854192883296067
397 0.8949999830738764
396 0.8956436507299442
395 0.9017770810731698
394 0.9021996569708273
393 0.9065464572142484
392 0.910389025370693
391 0.9137757644412792
390 0.9173982722539923
389 0.9208591679590328
388 0.9241905193503311
387 0.9269320521083692
386 0.9269470932909263
385 0.9296614283468725
384 0.9324865710307808
383 0.9346728738821816
382 0.9373819685408222
381 0.9400259044261768
380 0.9409178212260189
379 0.9432107436795123
378 0.9452652181642553
377 0.9464796948911229
376 0.9481521401276584
375 0.9500583785420027
374 0.9518679235609198
373 0.9535432898573157
372 0.9552756075679383
371 0.9567134161292166
370 0.958318777251989
369 0.9597461950884375
368 0.961181076551809
367 0.961467269567278
366 0.9627038819308934
365 0.9632656936731706
364 0.963666332459995
363 0.9647356283988062
362 0.9652630094468149
361 0.9655538462877838
360 0.9666474020806233
359 0.9675806407102349
358 0.9677589927409516
357 0.9688819731382182
356 0.9699595871824859
355 0.9707875961343705
354 0.971276609406954
353 0.9719814401701116
352 0.9726273981232147
351 0.973440789152171
350 0.9742452117403511
349 0.9751049354365632
348 0.9749298506489639
347 0.975763413889048
346 0.9759143192134151
345 0.976235594858194
344 0.9770415280980084
343 0.9771066889977008
342 0.9774067470891225
341 0.9776115538528218
340 0.9777070760763729
339 0.977984344958888
338 0.9781366850874893
337 0.9779976157231864
336 0.9786303693338805
335 0.979121516975478
334 0.9797513684964595
333 0.9802152183849948
332 0.9804244286407817
331 0.9810124807982411
330 0.9810093464039686
329 0.9811773243259504
328 0.981683396843921
327 0.9822477564052432
326 0.9826854064959684
325 0.9826846857633048
324 0.9831320097831584
323 0.9835063095431877
322 0.9837653854248236
321 0.9841743118129779
320 0.98405061891706
319 0.9843028245283986
318 0.9843158258198403
317 0.9845269703836019
316 0.9848807599404682
315 0.9853029889912064
314 0.9856744775112428
313 0.9856090682817776
312 0.9857301374876305
311 0.9860256327080784
310 0.9861248418707882
309 0.986481453148251
308 0.9868129697790833
307 0.9868379382278538
306 0.9871895918542716
305 0.987440068702171
304 0.9876887602903207
303 0.9880406576230468
302 0.9880823509001027
301 0.9883811650651207
300 0.9884928450075181
299 0.9885429393425964
298 0.9888654957276372
297 0.9889292513131432
296 0.9889052758556724
295 0.989158467220828
294 0.9892044934049048
293 0.9893082299120908
292 0.9893084408953404
291 0.9894260018741291
290 0.989715592063763
289 0.9896804614964273
288 0.9896807498576229
287 0.9899332225387264
286 0.9899343198065573
285 0.9900773213933735
Can't load history: $< line too long.
/ibbr/vmd/1.9.3/lib/vmd/vmd_LINUXAMD64: /lib64/libGL.so.1: no version information available (required by /ibbr/vmd/1.9.3/lib/vmd/vmd_LINUXAMD64)
Info) VMD for LINUXAMD64, version 1.9.3 (November 30, 2016)
Info) http://www.ks.uiuc.edu/Research/vmd/                         
Info) Email questions and bug reports to vmd@ks.uiuc.edu           
Info) Please include this reference in published work using VMD:   
Info)    Humphrey, W., Dalke, A. and Schulten, K., `VMD - Visual   
Info)    Molecular Dynamics', J. Molec. Graphics 1996, 14.1, 33-38.
Info) -------------------------------------------------------------
Info) Multithreading available, 48 CPUs detected.
Info)   CPU features: SSE2 AVX AVX2 FMA 
Info) Free system memory: 121GB (96%)
Info) No CUDA accelerator devices available.
Info) Dynamically loaded 2 plugins in directory:
Info) /ibbr/vmd/1.9.3/lib/vmd/plugins/LINUXAMD64/molfile
3
Info) Using plugin xyz for structure file ./freq.QMRegion_a.xyz
Info) Using plugin xyz for coordinates from file ./freq.QMRegion_a.xyz
Info) Determining bond structure from distance search ...
Info) Analyzing structure ...
Info)    Atoms: 138
Info)    Bonds: 137
Info)    Angles: 0  Dihedrals: 0  Impropers: 0  Cross-terms: 0
Info)    Bondtypes: 0  Angletypes: 0  Dihedraltypes: 0  Impropertypes: 0
Info)    Residues: 1
Info)    Waters: 0
Info)    Segments: 1
Info)    Fragments: 1   Protein: 1   Nucleic: 0
Info) Finished with coordinate file ./freq.QMRegion_a.xyz.
0
Info) Using plugin xyz for structure file ./freq.QMRegion_b.xyz
Info) Using plugin xyz for coordinates from file ./freq.QMRegion_b.xyz
Info) Determining bond structure from distance search ...
Info) Analyzing structure ...
Info)    Atoms: 138
Info)    Bonds: 137
Info)    Angles: 0  Dihedrals: 0  Impropers: 0  Cross-terms: 0
Info)    Bondtypes: 0  Angletypes: 0  Dihedraltypes: 0  Impropertypes: 0
Info)    Residues: 1
Info)    Waters: 0
Info)    Segments: 1
Info)    Fragments: 1   Protein: 1   Nucleic: 0
Info) Finished with coordinate file ./freq.QMRegion_b.xyz.
1
file14
atomselect0
atomselect1
0
0
0
0
0
4.222797246162573
Info) VMD for LINUXAMD64, version 1.9.3 (November 30, 2016)
Info) Exiting normally.
Can't load history: $< line too long.
[[0]]
399 0.9212298584240741
398 0.9263575201206351
397 0.9258218250530517
396 0.9335644503590532
395 0.9398644499080666
394 0.9400843408964604
393 0.9406791473604852
392 0.9444304985541488
391 0.9494089661059684
390 0.951964737109402
389 0.9535104416820599
388 0.9555468184397026
387 0.956092530617545
386 0.9584716109788367
385 0.9586403119348454
384 0.9599907446303101
383 0.9599914547083356
382 0.961175236433465
381 0.9626613510852874
380 0.9626381737012061
379 0.963977476387554
378 0.9641338686023208
377 0.9641952783119512
376 0.9641806773550303
375 0.9652754688684202
374 0.9663690317364517
373 0.9668191784359907
372 0.9678151648908002
371 0.9683984377623241
370 0.9693344956402046
369 0.9694263788659125
368 0.9698683375478373
367 0.9708822591328622
366 0.9709320212306866
365 0.9709380631709879
364 0.9719227986574381
363 0.972298497546157
362 0.9728479765999388
361 0.972785732368947
360 0.9737124710313204
359 0.9744640736929849
358 0.9752166404357252
357 0.9755725628490975
356 0.9760281089607549
355 0.9758781440836368
354 0.9757756291713922
353 0.9763133606552664
352 0.9765642801516992
351 0.9765114949338384
350 0.9769937781970802
349 0.9775469410130393
348 0.9781483519864299
347 0.9787831270827448
346 0.9790517411493431
345 0.9792067439429291
344 0.9796357787886215
343 0.9801685637151056
342 0.9806581324834925
341 0.9811153080589375
340 0.9816671250750286
339 0.982094628748245
338 0.9823469129331874
337 0.9824973569212265
336 0.9825493472386382
335 0.982945356121249
334 0.98315641399494
333 0.9835458527945116
332 0.9835554703880167
331 0.983989000993656
330 0.9840910733110361
329 0.9843489103005181
328 0.984750136391288
327 0.9848202922701847
326 0.984929370464869
325 0.985135950433498
324 0.9852959837797195
323 0.9853026640285536
322 0.985595637370976
321 0.9859255816511806
320 0.9862167942795176
319 0.9862308826953774
318 0.9864442466458168
317 0.9866544201993332
316 0.9869547886386365
315 0.9872548869969591
314 0.987432797482829
313 0.9876758436462335
312 0.9878370486879123
311 0.9880622261866746
310 0.9883167297211811
309 0.9886062882784672
308 0.9888978648547341
307 0.9889225773254268
306 0.9891467539384483
305 0.9891610939129986
304 0.9893089715794996
303 0.9894114583665412
302 0.9894298579668754
301 0.9895787257715821
300 0.989757981114159
299 0.9897118748031598
298 0.9898992637873176
297 0.9900071622254608
Can't load history: $< line too long.
/ibbr/vmd/1.9.3/lib/vmd/vmd_LINUXAMD64: /lib64/libGL.so.1: no version information available (required by /ibbr/vmd/1.9.3/lib/vmd/vmd_LINUXAMD64)
Info) VMD for LINUXAMD64, version 1.9.3 (November 30, 2016)
Info) http://www.ks.uiuc.edu/Research/vmd/                         
Info) Email questions and bug reports to vmd@ks.uiuc.edu           
Info) Please include this reference in published work using VMD:   
Info)    Humphrey, W., Dalke, A. and Schulten, K., `VMD - Visual   
Info)    Molecular Dynamics', J. Molec. Graphics 1996, 14.1, 33-38.
Info) -------------------------------------------------------------
Info) Multithreading available, 48 CPUs detected.
Info)   CPU features: SSE2 AVX AVX2 FMA 
Info) Free system memory: 121GB (96%)
Info) No CUDA accelerator devices available.
Info) Dynamically loaded 2 plugins in directory:
Info) /ibbr/vmd/1.9.3/lib/vmd/plugins/LINUXAMD64/molfile
3
Info) Using plugin xyz for structure file ./freq.QMRegion_a.xyz
Info) Using plugin xyz for coordinates from file ./freq.QMRegion_a.xyz
Info) Determining bond structure from distance search ...
Info) Analyzing structure ...
Info)    Atoms: 138
Info)    Bonds: 137
Info)    Angles: 0  Dihedrals: 0  Impropers: 0  Cross-terms: 0
Info)    Bondtypes: 0  Angletypes: 0  Dihedraltypes: 0  Impropertypes: 0
Info)    Residues: 1
Info)    Waters: 0
Info)    Segments: 1
Info)    Fragments: 1   Protein: 1   Nucleic: 0
Info) Finished with coordinate file ./freq.QMRegion_a.xyz.
0
Info) Using plugin xyz for structure file ./freq.QMRegion_b.xyz
Info) Using plugin xyz for coordinates from file ./freq.QMRegion_b.xyz
Info) Determining bond structure from distance search ...
Info) Analyzing structure ...
Info)    Atoms: 138
Info)    Bonds: 137
Info)    Angles: 0  Dihedrals: 0  Impropers: 0  Cross-terms: 0
Info)    Bondtypes: 0  Angletypes: 0  Dihedraltypes: 0  Impropertypes: 0
Info)    Residues: 1
Info)    Waters: 0
Info)    Segments: 1
Info)    Fragments: 1   Protein: 1   Nucleic: 0
Info) Finished with coordinate file ./freq.QMRegion_b.xyz.
1
file14
atomselect0
atomselect1
0
0
0
0
0
3.152390586367207
Info) VMD for LINUXAMD64, version 1.9.3 (November 30, 2016)
Info) Exiting normally.
Can't load history: $< line too long.
[[0]]
399 0.8771128965506438
398 0.8859784421694198
397 0.8923975005529435
396 0.8972628752732754
395 0.9021925029551663
394 0.9074939709038606
393 0.9101302503693384
392 0.9146688133397721
391 0.919322477476236
390 0.9223928078797811
389 0.9220911264216787
388 0.9256069546022049
387 0.9290896404963329
386 0.9324675419899425
385 0.9350787841255043
384 0.9374147400964998
383 0.938708608883237
382 0.9396060193953335
381 0.9403908698344555
380 0.9403652850202106
379 0.9422531797116344
378 0.9440364455555311
377 0.9459777606610784
376 0.9473649838715372
375 0.9490963449980918
374 0.950203026056116
373 0.9517736296996427
372 0.9533083505892368
371 0.9544889126968426
370 0.956034582333584
369 0.957158817202299
368 0.9586707569383928
367 0.960033072027886
366 0.9601073955039254
365 0.9603633344302359
364 0.9607584024910851
363 0.9618444176472337
362 0.96296516151871
361 0.9643132541722212
360 0.9655448228404954
359 0.966691458002738
358 0.9678031661541503
357 0.9685245138774874
356 0.9691031745350615
355 0.969296556874059
354 0.9692692742830575
353 0.9695285436191844
352 0.9704755190514038
351 0.9713525926949189
350 0.9719924477899865
349 0.9720201281523646
348 0.9729988665648109
347 0.9729840113346332
346 0.9733478340429029
345 0.9742055502016743
344 0.9748382007231947
343 0.975501163148496
342 0.9757747937713431
341 0.9760859480077487
340 0.9760923620857904
339 0.9768113337673483
338 0.9772776354680747
337 0.9779683265592366
336 0.9786554943163749
335 0.9794257133203647
334 0.9797201292376364
333 0.980461649973767
332 0.9810635888433945
331 0.9814023925441245
330 0.9820756485898728
329 0.9825424863843548
328 0.9831106797041785
327 0.9835075294668594
326 0.9840363850798702
325 0.9845195805840165
324 0.9845274155847458
323 0.9845250904468881
322 0.9848924837785983
321 0.9850939718426227
320 0.9853989200756567
319 0.9857349256496181
318 0.985655641865741
317 0.985634920441229
316 0.9860123622530924
315 0.9864076537644095
314 0.9866219672258931
313 0.9869000585913041
312 0.9870839138347595
311 0.9870845309790839
310 0.9874236883909338
309 0.9876661448653589
308 0.9877914846677973
307 0.9879671218179319
306 0.988264235758752
305 0.9884838287916466
304 0.9887228144151238
303 0.9888826751414916
302 0.9888414840157653
301 0.9890805711752607
300 0.9893513033103594
299 0.9896107737022108
298 0.9896481486388835
297 0.9899012845061093
296 0.9900956472531897
Can't load history: $< line too long.
/ibbr/vmd/1.9.3/lib/vmd/vmd_LINUXAMD64: /lib64/libGL.so.1: no version information available (required by /ibbr/vmd/1.9.3/lib/vmd/vmd_LINUXAMD64)
Info) VMD for LINUXAMD64, version 1.9.3 (November 30, 2016)
Info) http://www.ks.uiuc.edu/Research/vmd/                         
Info) Email questions and bug reports to vmd@ks.uiuc.edu           
Info) Please include this reference in published work using VMD:   
Info)    Humphrey, W., Dalke, A. and Schulten, K., `VMD - Visual   
Info)    Molecular Dynamics', J. Molec. Graphics 1996, 14.1, 33-38.
Info) -------------------------------------------------------------
Info) Multithreading available, 48 CPUs detected.
Info)   CPU features: SSE2 AVX AVX2 FMA 
Info) Free system memory: 121GB (96%)
Info) No CUDA accelerator devices available.
Info) Dynamically loaded 2 plugins in directory:
Info) /ibbr/vmd/1.9.3/lib/vmd/plugins/LINUXAMD64/molfile
4
Info) Using plugin xyz for structure file ./freq.QMRegion_a.xyz
Info) Using plugin xyz for coordinates from file ./freq.QMRegion_a.xyz
Info) Determining bond structure from distance search ...
Info) Analyzing structure ...
Info)    Atoms: 138
Info)    Bonds: 137
Info)    Angles: 0  Dihedrals: 0  Impropers: 0  Cross-terms: 0
Info)    Bondtypes: 0  Angletypes: 0  Dihedraltypes: 0  Impropertypes: 0
Info)    Residues: 1
Info)    Waters: 0
Info)    Segments: 1
Info)    Fragments: 1   Protein: 1   Nucleic: 0
Info) Finished with coordinate file ./freq.QMRegion_a.xyz.
0
Info) Using plugin xyz for structure file ./freq.QMRegion_b.xyz
Info) Using plugin xyz for coordinates from file ./freq.QMRegion_b.xyz
Info) Determining bond structure from distance search ...
Info) Analyzing structure ...
Info)    Atoms: 138
Info)    Bonds: 137
Info)    Angles: 0  Dihedrals: 0  Impropers: 0  Cross-terms: 0
Info)    Bondtypes: 0  Angletypes: 0  Dihedraltypes: 0  Impropertypes: 0
Info)    Residues: 1
Info)    Waters: 0
Info)    Segments: 1
Info)    Fragments: 1   Protein: 1   Nucleic: 0
Info) Finished with coordinate file ./freq.QMRegion_b.xyz.
1
file14
atomselect0
atomselect1
0
0
0
0
0
3.527770395119152
Info) VMD for LINUXAMD64, version 1.9.3 (November 30, 2016)
Info) Exiting normally.
Can't load history: $< line too long.
[[0]]
399 0.8943725713088161
398 0.9008326348103716
397 0.9100353394747992
396 0.9174759806323942
395 0.924366486271624
394 0.9314010644559896
393 0.9350001997680233
392 0.9357302720575683
391 0.9400538552799885
390 0.9404527074545442
389 0.9444169395173004
388 0.9481979060699935
387 0.9519661778007372
386 0.9519159236113738
385 0.9552610652043241
384 0.9578387730913978
383 0.9575853716220311
382 0.9603917427431932
381 0.9606532294295866
380 0.9623322276335119
379 0.9624350431959249
378 0.9632474339448371
377 0.9648231076654407
376 0.9649797754477581
375 0.9663602159170651
374 0.9667228128794446
373 0.9676632393395022
372 0.9675414632789353
371 0.9681004861470536
370 0.9689749707277311
369 0.9689828775424746
368 0.9697579508204983
367 0.9704517191699322
366 0.9706872619825606
365 0.9710373489800229
364 0.9719830246252167
363 0.972469233849957
362 0.972610840760681
361 0.9726637657059217
360 0.9735300789544464
359 0.9743223836921665
358 0.9744128557962229
357 0.9750984426242608
356 0.9754767848834605
355 0.9760093238497889
354 0.9761504087536723
353 0.9766682562627791
352 0.9773132777419663
351 0.9779823726839051
350 0.9782913640139972
349 0.9788691258052644
348 0.979013191897506
347 0.9795005333839042
346 0.9799497659296571
345 0.9803206381465746
344 0.9806908170557921
343 0.9808853902522912
342 0.9808647900936436
341 0.9809584564377727
340 0.9814078070333513
339 0.9818763729357729
338 0.9821921400668694
337 0.9826170599072653
336 0.9826464815490592
335 0.982758233241444
334 0.9831179842680017
333 0.9833641721736686
332 0.9833580053933153
331 0.9837615131974542
330 0.983919492912686
329 0.9839754143472574
328 0.9841504636124891
327 0.9844679843557769
326 0.9844773190796838
325 0.9845336788819106
324 0.9848830020502349
323 0.9850956872485597
322 0.9850880680329064
321 0.9853684133005077
320 0.9853670279587268
319 0.9856364299134114
318 0.985931591232574
317 0.9862004369152692
316 0.9863369975190418
315 0.9865764544561779
314 0.9868287077071813
313 0.9869266025045083
312 0.9872128999383855
311 0.9874262201142664
310 0.9875991150444458
309 0.9877413304485495
308 0.9877794752392377
307 0.9878795696175953
306 0.9881443292484657
305 0.9882784114748987
304 0.9885061570420441
303 0.9887047684515317
302 0.9889439964814135
301 0.9890454900004692
300 0.9891513857962313
299 0.989213657818237
298 0.9892819317743089
297 0.9894982841291667
296 0.9896043933473676
295 0.9897039439609588
294 0.9897805081378777
293 0.9898857491139357
292 0.9899655543726891
291 0.9899136399533737
290 0.990055775241395
Can't load history: $< line too long.
/ibbr/vmd/1.9.3/lib/vmd/vmd_LINUXAMD64: /lib64/libGL.so.1: no version information available (required by /ibbr/vmd/1.9.3/lib/vmd/vmd_LINUXAMD64)
Info) VMD for LINUXAMD64, version 1.9.3 (November 30, 2016)
Info) http://www.ks.uiuc.edu/Research/vmd/                         
Info) Email questions and bug reports to vmd@ks.uiuc.edu           
Info) Please include this reference in published work using VMD:   
Info)    Humphrey, W., Dalke, A. and Schulten, K., `VMD - Visual   
Info)    Molecular Dynamics', J. Molec. Graphics 1996, 14.1, 33-38.
Info) -------------------------------------------------------------
Info) Multithreading available, 48 CPUs detected.
Info)   CPU features: SSE2 AVX AVX2 FMA 
Info) Free system memory: 121GB (96%)
Info) No CUDA accelerator devices available.
Info) Dynamically loaded 2 plugins in directory:
Info) /ibbr/vmd/1.9.3/lib/vmd/plugins/LINUXAMD64/molfile
4
Info) Using plugin xyz for structure file ./freq.QMRegion_a.xyz
Info) Using plugin xyz for coordinates from file ./freq.QMRegion_a.xyz
Info) Determining bond structure from distance search ...
Info) Analyzing structure ...
Info)    Atoms: 138
Info)    Bonds: 137
Info)    Angles: 0  Dihedrals: 0  Impropers: 0  Cross-terms: 0
Info)    Bondtypes: 0  Angletypes: 0  Dihedraltypes: 0  Impropertypes: 0
Info)    Residues: 1
Info)    Waters: 0
Info)    Segments: 1
Info)    Fragments: 1   Protein: 1   Nucleic: 0
Info) Finished with coordinate file ./freq.QMRegion_a.xyz.
0
Info) Using plugin xyz for structure file ./freq.QMRegion_b.xyz
Info) Using plugin xyz for coordinates from file ./freq.QMRegion_b.xyz
Info) Determining bond structure from distance search ...
Info) Analyzing structure ...
Info)    Atoms: 138
Info)    Bonds: 137
Info)    Angles: 0  Dihedrals: 0  Impropers: 0  Cross-terms: 0
Info)    Bondtypes: 0  Angletypes: 0  Dihedraltypes: 0  Impropertypes: 0
Info)    Residues: 1
Info)    Waters: 0
Info)    Segments: 1
Info)    Fragments: 1   Protein: 1   Nucleic: 0
Info) Finished with coordinate file ./freq.QMRegion_b.xyz.
1
file14
atomselect0
atomselect1
0
0
0
0
0
2.467153448673037
Info) VMD for LINUXAMD64, version 1.9.3 (November 30, 2016)
Info) Exiting normally.
Can't load history: $< line too long.
[[0]]
399 0.8841755166824017
398 0.8930128700451861
397 0.9021176602462716
396 0.9090149169542614
395 0.9151623252368152
394 0.9208502460876614
393 0.9229523324650158
392 0.9274027423462151
391 0.9313042691932498
390 0.9327796591036629
389 0.9343421217892509
388 0.9366299365801943
387 0.939519634779323
386 0.9424088337261104
385 0.9449829592835552
384 0.9460953010778542
383 0.9487272942072904
382 0.9510565482796636
381 0.952645586331709
380 0.9543484585175784
379 0.9557072283305409
378 0.9572360490197175
377 0.9588350803320135
376 0.9603228010233539
375 0.9617530545325408
374 0.963212893326541
373 0.9630310238863752
372 0.9644146149122315
371 0.965897790756134
370 0.9672875882045795
369 0.9685022234179477
368 0.9694891514814203
367 0.9703539695716642
366 0.9711156314488145
365 0.9720926556595733
364 0.9720565940222653
363 0.9728591363248877
362 0.973727248560548
361 0.9746219037431616
360 0.9753436826435724
359 0.976107791079744
358 0.9769278987025193
357 0.9769123463232791
356 0.9770064426436905
355 0.9776639425468688
354 0.9777096361834605
353 0.9783706605736472
352 0.9790479039185491
351 0.97969068885488
350 0.9802617227697462
349 0.9806172063961185
348 0.9811851521188406
347 0.981125413606659
346 0.981721058598314
345 0.9817558589554378
344 0.9817382911363624
343 0.981805458882727
342 0.9818548343901907
341 0.9823308221491414
340 0.9824785938371654
339 0.9828226338192607
338 0.982806444972166
337 0.9832019144623368
336 0.9834945534949111
335 0.983488821800022
334 0.9838672919163322
333 0.9840371229787789
332 0.9840622073164501
331 0.9843100063004732
330 0.9845821714870304
329 0.9849693489654071
328 0.9853754752319083
327 0.985362590929264
326 0.9854821733683907
325 0.9854710471911434
324 0.9856385688862787
323 0.9856917585888274
322 0.986012281283419
321 0.9862298388765163
320 0.9862077822943925
319 0.9864642539655262
318 0.9865669853795664
317 0.9865764868594564
316 0.9867807158349985
315 0.9867895635458817
314 0.9869079156731497
313 0.9871881336238456
312 0.987456547671009
311 0.9877895951239538
310 0.9877402656621961
309 0.9878503417153283
308 0.9880906159197173
307 0.988086049879378
306 0.9881966456033853
305 0.9882385577059349
304 0.9884514932622699
303 0.988454897715402
302 0.9886777620652566
301 0.9885819870227288
300 0.988788907474574
299 0.9889806590862936
298 0.9891922984310184
297 0.9893916730508819
296 0.9896405596376894
295 0.9897329542832259
294 0.9898346785800941
293 0.989950184339148
292 0.9901658401771453
Can't load history: $< line too long.
/ibbr/vmd/1.9.3/lib/vmd/vmd_LINUXAMD64: /lib64/libGL.so.1: no version information available (required by /ibbr/vmd/1.9.3/lib/vmd/vmd_LINUXAMD64)
Info) VMD for LINUXAMD64, version 1.9.3 (November 30, 2016)
Info) http://www.ks.uiuc.edu/Research/vmd/                         
Info) Email questions and bug reports to vmd@ks.uiuc.edu           
Info) Please include this reference in published work using VMD:   
Info)    Humphrey, W., Dalke, A. and Schulten, K., `VMD - Visual   
Info)    Molecular Dynamics', J. Molec. Graphics 1996, 14.1, 33-38.
Info) -------------------------------------------------------------
Info) Multithreading available, 48 CPUs detected.
Info)   CPU features: SSE2 AVX AVX2 FMA 
Info) Free system memory: 121GB (96%)
Info) No CUDA accelerator devices available.
Info) Dynamically loaded 2 plugins in directory:
Info) /ibbr/vmd/1.9.3/lib/vmd/plugins/LINUXAMD64/molfile
4
Info) Using plugin xyz for structure file ./freq.QMRegion_a.xyz
Info) Using plugin xyz for coordinates from file ./freq.QMRegion_a.xyz
Info) Determining bond structure from distance search ...
Info) Analyzing structure ...
Info)    Atoms: 138
Info)    Bonds: 137
Info)    Angles: 0  Dihedrals: 0  Impropers: 0  Cross-terms: 0
Info)    Bondtypes: 0  Angletypes: 0  Dihedraltypes: 0  Impropertypes: 0
Info)    Residues: 1
Info)    Waters: 0
Info)    Segments: 1
Info)    Fragments: 1   Protein: 1   Nucleic: 0
Info) Finished with coordinate file ./freq.QMRegion_a.xyz.
0
Info) Using plugin xyz for structure file ./freq.QMRegion_b.xyz
Info) Using plugin xyz for coordinates from file ./freq.QMRegion_b.xyz
Info) Determining bond structure from distance search ...
Info) Analyzing structure ...
Info)    Atoms: 138
Info)    Bonds: 137
Info)    Angles: 0  Dihedrals: 0  Impropers: 0  Cross-terms: 0
Info)    Bondtypes: 0  Angletypes: 0  Dihedraltypes: 0  Impropertypes: 0
Info)    Residues: 1
Info)    Waters: 0
Info)    Segments: 1
Info)    Fragments: 1   Protein: 1   Nucleic: 0
Info) Finished with coordinate file ./freq.QMRegion_b.xyz.
1
file14
atomselect0
atomselect1
0
0
0
0
0
1.1316350190356053
Info) VMD for LINUXAMD64, version 1.9.3 (November 30, 2016)
Info) Exiting normally.
Can't load history: $< line too long.
[[0]]
399 0.9419048489688295
398 0.9448926141315204
397 0.945774574229918
396 0.9493185971149671
395 0.9526564270574498
394 0.9545994560158
393 0.9573559546199162
392 0.9595694101945318
391 0.9599769162105076
390 0.9617861149589425
389 0.963675520379158
388 0.965701422343171
387 0.9662100199088767
386 0.9668715058955553
385 0.9682500161766233
384 0.9689602723329664
383 0.9695892184288455
382 0.9699523149554412
381 0.9709503124429687
380 0.9719415598156314
379 0.9719036130275848
378 0.9722235021362446
377 0.9731185653908423
376 0.9731240927613222
375 0.973366251666671
374 0.9742246003126372
373 0.9746620967778095
372 0.9744853567986818
371 0.9752378288804616
370 0.9760617710843246
369 0.9760238738808896
368 0.976380858958605
367 0.9771618277268369
366 0.9777241215963913
365 0.977614515200462
364 0.978252923070012
363 0.978253565302201
362 0.9782816069032952
361 0.9787187329468388
360 0.9791400518932775
359 0.9796471825849193
358 0.980071326508766
357 0.9806201577012281
356 0.9809930925715864
355 0.9814293583615298
354 0.9814574282502662
353 0.9819024411094045
352 0.9820929851946641
351 0.9820214593176176
350 0.9820978560057582
349 0.9825670918035065
348 0.9828339765368858
347 0.9832751904035291
346 0.9836825951269633
345 0.9838814468574248
344 0.9842476058902445
343 0.9844130088183658
342 0.9847742645481983
341 0.98508196893641
340 0.9850779365801682
339 0.9854301738690149
338 0.9853942879751514
337 0.9857314098918406
336 0.9859649412729508
335 0.986110612577355
334 0.9860198522327331
333 0.9863333988585692
332 0.9865425535497382
331 0.9866485086091641
330 0.9868986402026084
329 0.9871643206441638
328 0.9873778338217605
327 0.9875583348311507
326 0.9877653002613371
325 0.9878583290517786
324 0.9880820390402865
323 0.9882486798449848
322 0.9882522599519017
321 0.9884969799449077
320 0.9886154640610205
319 0.9888495736066144
318 0.9890955346175901
317 0.9891229676959857
316 0.9893194190391961
315 0.9895094052571287
314 0.9897276838421439
313 0.9899449717014492
312 0.990138717910967
Can't load history: $< line too long.
/ibbr/vmd/1.9.3/lib/vmd/vmd_LINUXAMD64: /lib64/libGL.so.1: no version information available (required by /ibbr/vmd/1.9.3/lib/vmd/vmd_LINUXAMD64)
Info) VMD for LINUXAMD64, version 1.9.3 (November 30, 2016)
Info) http://www.ks.uiuc.edu/Research/vmd/                         
Info) Email questions and bug reports to vmd@ks.uiuc.edu           
Info) Please include this reference in published work using VMD:   
Info)    Humphrey, W., Dalke, A. and Schulten, K., `VMD - Visual   
Info)    Molecular Dynamics', J. Molec. Graphics 1996, 14.1, 33-38.
Info) -------------------------------------------------------------
Info) Multithreading available, 48 CPUs detected.
Info)   CPU features: SSE2 AVX AVX2 FMA 
Info) Free system memory: 121GB (96%)
Info) No CUDA accelerator devices available.
Info) Dynamically loaded 2 plugins in directory:
Info) /ibbr/vmd/1.9.3/lib/vmd/plugins/LINUXAMD64/molfile
4
Info) Using plugin xyz for structure file ./freq.QMRegion_a.xyz
Info) Using plugin xyz for coordinates from file ./freq.QMRegion_a.xyz
Info) Determining bond structure from distance search ...
Info) Analyzing structure ...
Info)    Atoms: 138
Info)    Bonds: 137
Info)    Angles: 0  Dihedrals: 0  Impropers: 0  Cross-terms: 0
Info)    Bondtypes: 0  Angletypes: 0  Dihedraltypes: 0  Impropertypes: 0
Info)    Residues: 1
Info)    Waters: 0
Info)    Segments: 1
Info)    Fragments: 1   Protein: 1   Nucleic: 0
Info) Finished with coordinate file ./freq.QMRegion_a.xyz.
0
Info) Using plugin xyz for structure file ./freq.QMRegion_b.xyz
Info) Using plugin xyz for coordinates from file ./freq.QMRegion_b.xyz
Info) Determining bond structure from distance search ...
Info) Analyzing structure ...
Info)    Atoms: 138
Info)    Bonds: 137
Info)    Angles: 0  Dihedrals: 0  Impropers: 0  Cross-terms: 0
Info)    Bondtypes: 0  Angletypes: 0  Dihedraltypes: 0  Impropertypes: 0
Info)    Residues: 1
Info)    Waters: 0
Info)    Segments: 1
Info)    Fragments: 1   Protein: 1   Nucleic: 0
Info) Finished with coordinate file ./freq.QMRegion_b.xyz.
1
file14
atomselect0
atomselect1
0
0
0
0
0
5.29879157583865
Info) VMD for LINUXAMD64, version 1.9.3 (November 30, 2016)
Info) Exiting normally.
Can't load history: $< line too long.
[[0]]
399 0.8626643328313783
398 0.8619036152721857
397 0.872060706908748
396 0.8802865769575183
395 0.8859116034654456
394 0.8926650341184201
393 0.8979833591317606
392 0.9028315591250262
391 0.9071213768467583
390 0.9113245688083315
389 0.910896099567847
388 0.9144211686596341
387 0.9182338329955368
386 0.9219749620855643
385 0.925273195123956
384 0.9279512947730587
383 0.931171150523242
382 0.9346709139959926
381 0.9379147847140552
380 0.9401515879489628
379 0.9425499820172197
378 0.9427978375284697
377 0.94491171306361
376 0.9461608402448507
375 0.9481435010293994
374 0.9504427288814499
373 0.9520409068090713
372 0.9539381390261247
371 0.95376375637824
370 0.9557211101353223
369 0.9556708698307305
368 0.9560544695305241
367 0.9574993375112169
366 0.9586367372995768
365 0.9598241872810866
364 0.961275829326708
363 0.961705155126161
362 0.9631058205394639
361 0.9641803606286672
360 0.9654255642702684
359 0.966376738618163
358 0.9676721202841976
357 0.9690395304651561
356 0.9700383747944283
355 0.9706258273652745
354 0.9715593477733333
353 0.9723668626189005
352 0.9723101979175143
351 0.9726101445881596
350 0.9734867279348165
349 0.9740154141482185
348 0.9744487182959929
347 0.975184871344852
346 0.9752049336112975
345 0.975081192547335
344 0.9753441358475049
343 0.9752849128104508
342 0.9758157979235779
341 0.9758739679615016
340 0.9764795250685525
339 0.9769116852181369
338 0.9774604556391265
337 0.9779714990050336
336 0.9781736944458898
335 0.9784275829468249
334 0.9787784623764738
333 0.979422647091845
332 0.9798735752364869
331 0.9803711608834609
330 0.9806556608843369
329 0.9809911160845544
328 0.9813653992705964
327 0.9813789783321194
326 0.9818205852973538
325 0.9817232404878733
324 0.9822164302420218
323 0.9825855395129659
322 0.9825757042450128
321 0.9827749101199601
320 0.9827558497319974
319 0.9831870532373321
318 0.9834184402715584
317 0.9838217144002981
316 0.9840965874013271
315 0.9842441437442929
314 0.9845716184955342
313 0.9849043659972602
312 0.9852330202936651
311 0.9852245486532055
310 0.9855380386929977
309 0.9859776915534881
308 0.986167431512134
307 0.9865784065848681
306 0.9869919389153489
305 0.9869859247752016
304 0.9869749852033209
303 0.9870008920966105
302 0.9871703666956331
301 0.9875830379930408
300 0.9876104468879653
299 0.9876750709119261
298 0.9879179453538305
297 0.987905147128921
296 0.9879268644989251
295 0.9882221902092018
294 0.9885180905712774
293 0.9888205106963013
292 0.9889064687341432
291 0.9891591455168895
290 0.9892742215337839
289 0.9892861692877118
288 0.9893356049517797
287 0.9893813771186234
286 0.9895334472005645
285 0.9895820195995527
284 0.989807711134512
283 0.990030396490408
Can't load history: $< line too long.
/ibbr/vmd/1.9.3/lib/vmd/vmd_LINUXAMD64: /lib64/libGL.so.1: no version information available (required by /ibbr/vmd/1.9.3/lib/vmd/vmd_LINUXAMD64)
Info) VMD for LINUXAMD64, version 1.9.3 (November 30, 2016)
Info) http://www.ks.uiuc.edu/Research/vmd/                         
Info) Email questions and bug reports to vmd@ks.uiuc.edu           
Info) Please include this reference in published work using VMD:   
Info)    Humphrey, W., Dalke, A. and Schulten, K., `VMD - Visual   
Info)    Molecular Dynamics', J. Molec. Graphics 1996, 14.1, 33-38.
Info) -------------------------------------------------------------
Info) Multithreading available, 48 CPUs detected.
Info)   CPU features: SSE2 AVX AVX2 FMA 
Info) Free system memory: 121GB (96%)
Info) No CUDA accelerator devices available.
Info) Dynamically loaded 2 plugins in directory:
Info) /ibbr/vmd/1.9.3/lib/vmd/plugins/LINUXAMD64/molfile
4
Info) Using plugin xyz for structure file ./freq.QMRegion_a.xyz
Info) Using plugin xyz for coordinates from file ./freq.QMRegion_a.xyz
Info) Determining bond structure from distance search ...
Info) Analyzing structure ...
Info)    Atoms: 138
Info)    Bonds: 137
Info)    Angles: 0  Dihedrals: 0  Impropers: 0  Cross-terms: 0
Info)    Bondtypes: 0  Angletypes: 0  Dihedraltypes: 0  Impropertypes: 0
Info)    Residues: 1
Info)    Waters: 0
Info)    Segments: 1
Info)    Fragments: 1   Protein: 1   Nucleic: 0
Info) Finished with coordinate file ./freq.QMRegion_a.xyz.
0
Info) Using plugin xyz for structure file ./freq.QMRegion_b.xyz
Info) Using plugin xyz for coordinates from file ./freq.QMRegion_b.xyz
Info) Determining bond structure from distance search ...
Info) Analyzing structure ...
Info)    Atoms: 138
Info)    Bonds: 137
Info)    Angles: 0  Dihedrals: 0  Impropers: 0  Cross-terms: 0
Info)    Bondtypes: 0  Angletypes: 0  Dihedraltypes: 0  Impropertypes: 0
Info)    Residues: 1
Info)    Waters: 0
Info)    Segments: 1
Info)    Fragments: 1   Protein: 1   Nucleic: 0
Info) Finished with coordinate file ./freq.QMRegion_b.xyz.
1
file14
atomselect0
atomselect1
0
0
0
0
0
4.106497196638755
Info) VMD for LINUXAMD64, version 1.9.3 (November 30, 2016)
Info) Exiting normally.
Can't load history: $< line too long.
[[0]]
399 0.8865377940396646
398 0.8871977949485871
397 0.8953729997748874
396 0.9043585330186154
395 0.9040290116768714
394 0.9046368599542048
393 0.9099567565414673
392 0.9150974863520916
391 0.9175260773106028
390 0.920696133642081
389 0.9214463219824184
388 0.9246894856884692
387 0.9274657175496855
386 0.9299162533993963
385 0.9326487428468055
384 0.9354419453314172
383 0.9383319663286884
382 0.9396560607431893
381 0.9396701345828744
380 0.9416663054958757
379 0.9440506071312429
378 0.9462027995300192
377 0.947448282231276
376 0.9477892813106211
375 0.9495118287649871
374 0.9496495468155746
373 0.9502997209772364
372 0.9519196273089602
371 0.9534610788620096
370 0.9550046882095032
369 0.9563854619365568
368 0.9563633393406652
367 0.9576696574242066
366 0.9589511384679589
365 0.9601326194319294
364 0.9601774662292963
363 0.9614362413931773
362 0.9625184087819112
361 0.9629229257629612
360 0.9639111060154995
359 0.9642667440060061
358 0.9651610854985925
357 0.9652087240602601
356 0.9661810612818276
355 0.9669420423539884
354 0.9668905917773158
353 0.9679266192091808
352 0.9687943680540191
351 0.9694699212880254
350 0.969704529512326
349 0.9704781900673201
348 0.9712065666564719
347 0.9720191177894011
346 0.9726852494294539
345 0.973444582272514
344 0.9736429939049046
343 0.9744545639162471
342 0.9749674024545392
341 0.9756808184152361
340 0.9760857185468568
339 0.976245790990133
338 0.9763067047870219
337 0.9768738259465785
336 0.9775911578542595
335 0.9780078850659004
334 0.978495754560384
333 0.9790398894549264
332 0.9793303821634434
331 0.9794538258680626
330 0.9799562195369991
329 0.9803428028944412
328 0.980784194015245
327 0.9812397818129088
326 0.9814383287403851
325 0.9815745640511423
324 0.9816071568656716
323 0.9819874555119409
322 0.9821867331962073
321 0.9825881954237539
320 0.9826575862550433
319 0.9830585715278884
318 0.9831529729450416
317 0.9833336277757834
316 0.9833668464136243
315 0.9837658141896388
314 0.9841649320364286
313 0.9845852191483349
312 0.9844587785368037
311 0.9847844673381075
310 0.9848171936671103
309 0.9849943023257813
308 0.9851630223110285
307 0.9852368934041195
306 0.9855469603121436
305 0.98572286193204
304 0.9857341289036656
303 0.9860314563374247
302 0.9863124341467571
301 0.9864721379541784
300 0.9867733307159385
299 0.9867888923138833
298 0.9870366428065893
297 0.9872319567021741
296 0.9872704750828095
295 0.9874925403987304
294 0.9875704354131339
293 0.9877930612062951
292 0.9877947649189253
291 0.9880167865979599
290 0.9881814176259676
289 0.9884478119244469
288 0.9884926068276716
287 0.9885011780101359
286 0.9887561650983915
285 0.9890280014009838
284 0.9891959820455207
283 0.9892906974743075
282 0.9894416550398722
281 0.989584306286926
280 0.9895727934785437
279 0.9895876820177875
278 0.9896761081333905
277 0.9897711437671898
276 0.9898277391429048
275 0.9899618535392384
274 0.9901221634766434
Can't load history: $< line too long.
/ibbr/vmd/1.9.3/lib/vmd/vmd_LINUXAMD64: /lib64/libGL.so.1: no version information available (required by /ibbr/vmd/1.9.3/lib/vmd/vmd_LINUXAMD64)
Info) VMD for LINUXAMD64, version 1.9.3 (November 30, 2016)
Info) http://www.ks.uiuc.edu/Research/vmd/                         
Info) Email questions and bug reports to vmd@ks.uiuc.edu           
Info) Please include this reference in published work using VMD:   
Info)    Humphrey, W., Dalke, A. and Schulten, K., `VMD - Visual   
Info)    Molecular Dynamics', J. Molec. Graphics 1996, 14.1, 33-38.
Info) -------------------------------------------------------------
Info) Multithreading available, 48 CPUs detected.
Info)   CPU features: SSE2 AVX AVX2 FMA 
Info) Free system memory: 121GB (96%)
Info) No CUDA accelerator devices available.
Info) Dynamically loaded 2 plugins in directory:
Info) /ibbr/vmd/1.9.3/lib/vmd/plugins/LINUXAMD64/molfile
4
Info) Using plugin xyz for structure file ./freq.QMRegion_a.xyz
Info) Using plugin xyz for coordinates from file ./freq.QMRegion_a.xyz
Info) Determining bond structure from distance search ...
Info) Analyzing structure ...
Info)    Atoms: 138
Info)    Bonds: 137
Info)    Angles: 0  Dihedrals: 0  Impropers: 0  Cross-terms: 0
Info)    Bondtypes: 0  Angletypes: 0  Dihedraltypes: 0  Impropertypes: 0
Info)    Residues: 1
Info)    Waters: 0
Info)    Segments: 1
Info)    Fragments: 1   Protein: 1   Nucleic: 0
Info) Finished with coordinate file ./freq.QMRegion_a.xyz.
0
Info) Using plugin xyz for structure file ./freq.QMRegion_b.xyz
Info) Using plugin xyz for coordinates from file ./freq.QMRegion_b.xyz
Info) Determining bond structure from distance search ...
Info) Analyzing structure ...
Info)    Atoms: 138
Info)    Bonds: 137
Info)    Angles: 0  Dihedrals: 0  Impropers: 0  Cross-terms: 0
Info)    Bondtypes: 0  Angletypes: 0  Dihedraltypes: 0  Impropertypes: 0
Info)    Residues: 1
Info)    Waters: 0
Info)    Segments: 1
Info)    Fragments: 1   Protein: 1   Nucleic: 0
Info) Finished with coordinate file ./freq.QMRegion_b.xyz.
1
file14
atomselect0
atomselect1
0
0
0
0
0
1.5566133351954041
Info) VMD for LINUXAMD64, version 1.9.3 (November 30, 2016)
Info) Exiting normally.
Can't load history: $< line too long.
[[0]]
399 0.9224490343817785
398 0.9298206235216055
397 0.9385491978539595
396 0.9403702423846063
395 0.9403828555810089
394 0.9406285128683263
393 0.9445174089611763
392 0.9481577340550006
391 0.9508514286844991
390 0.9539512372554462
389 0.9565754104964033
388 0.9589266837567096
387 0.9597938963057001
386 0.9599135536836548
385 0.9609118575880631
384 0.9623019892741215
383 0.9623289328230179
382 0.9634758461456321
381 0.9645910055585248
380 0.9656558022431886
379 0.9665665959148643
378 0.9675919839780526
377 0.9686182889164504
376 0.9695845518506698
375 0.9705765351473569
374 0.9715581410027297
373 0.9721063768841955
372 0.9728802995814483
371 0.9732540048496995
370 0.9736844954800594
369 0.9741247699346316
368 0.9746139520585236
367 0.9752086016075763
366 0.9756674956574205
365 0.9757329752988642
364 0.9761424618976244
363 0.9767372047485033
362 0.9773091071474582
361 0.9778390821581675
360 0.9784249151510969
359 0.9790541772849983
358 0.9796220318985704
357 0.9800764440826748
356 0.9805475236734337
355 0.9805524292418123
354 0.980906533642771
353 0.9812743980854606
352 0.9817009021721614
351 0.9820663544657082
350 0.9820327507620469
349 0.9824848491586595
348 0.9827387868361466
347 0.9830903451146203
346 0.9834869064556269
345 0.9834327448932957
344 0.9834950314663553
343 0.9838688644274449
342 0.9841972191575474
341 0.9841820798744715
340 0.9844158190924267
339 0.9844571932013237
338 0.9845361639819386
337 0.9848165476461088
336 0.9848839450429071
335 0.9850836629035645
334 0.9853816436626502
333 0.9854422611306135
332 0.9857399241778084
331 0.9859257833064962
330 0.9858178148046315
329 0.9860173517127471
328 0.9861573430641936
327 0.986067868143991
326 0.9863839534034289
325 0.9865738276559437
324 0.986883964633474
323 0.9871391685404135
322 0.987440667900016
321 0.9875323191665973
320 0.9876206383249281
319 0.9878873563783903
318 0.9879390040356547
317 0.9880266950864729
316 0.9880294714196907
315 0.9882882151099721
314 0.9885768688146083
313 0.9888662939893519
312 0.9888312182863652
311 0.9890657660276215
310 0.9893206199781303
309 0.9894183494185181
308 0.9896647832090631
307 0.9897048253325421
306 0.9898861864492732
305 0.9900384202861554
Can't load history: $< line too long.
/ibbr/vmd/1.9.3/lib/vmd/vmd_LINUXAMD64: /lib64/libGL.so.1: no version information available (required by /ibbr/vmd/1.9.3/lib/vmd/vmd_LINUXAMD64)
Info) VMD for LINUXAMD64, version 1.9.3 (November 30, 2016)
Info) http://www.ks.uiuc.edu/Research/vmd/                         
Info) Email questions and bug reports to vmd@ks.uiuc.edu           
Info) Please include this reference in published work using VMD:   
Info)    Humphrey, W., Dalke, A. and Schulten, K., `VMD - Visual   
Info)    Molecular Dynamics', J. Molec. Graphics 1996, 14.1, 33-38.
Info) -------------------------------------------------------------
Info) Multithreading available, 48 CPUs detected.
Info)   CPU features: SSE2 AVX AVX2 FMA 
Info) Free system memory: 121GB (96%)
Info) No CUDA accelerator devices available.
Info) Dynamically loaded 2 plugins in directory:
Info) /ibbr/vmd/1.9.3/lib/vmd/plugins/LINUXAMD64/molfile
5
Info) Using plugin xyz for structure file ./freq.QMRegion_a.xyz
Info) Using plugin xyz for coordinates from file ./freq.QMRegion_a.xyz
Info) Determining bond structure from distance search ...
Info) Analyzing structure ...
Info)    Atoms: 138
Info)    Bonds: 137
Info)    Angles: 0  Dihedrals: 0  Impropers: 0  Cross-terms: 0
Info)    Bondtypes: 0  Angletypes: 0  Dihedraltypes: 0  Impropertypes: 0
Info)    Residues: 1
Info)    Waters: 0
Info)    Segments: 1
Info)    Fragments: 1   Protein: 1   Nucleic: 0
Info) Finished with coordinate file ./freq.QMRegion_a.xyz.
0
Info) Using plugin xyz for structure file ./freq.QMRegion_b.xyz
Info) Using plugin xyz for coordinates from file ./freq.QMRegion_b.xyz
Info) Determining bond structure from distance search ...
Info) Analyzing structure ...
Info)    Atoms: 138
Info)    Bonds: 137
Info)    Angles: 0  Dihedrals: 0  Impropers: 0  Cross-terms: 0
Info)    Bondtypes: 0  Angletypes: 0  Dihedraltypes: 0  Impropertypes: 0
Info)    Residues: 1
Info)    Waters: 0
Info)    Segments: 1
Info)    Fragments: 1   Protein: 1   Nucleic: 0
Info) Finished with coordinate file ./freq.QMRegion_b.xyz.
1
file14
atomselect0
atomselect1
0
0
0
0
0
2.4062805453987557
Info) VMD for LINUXAMD64, version 1.9.3 (November 30, 2016)
Info) Exiting normally.
Can't load history: $< line too long.
[[0]]
399 0.8330715384119446
398 0.8480542370299287
397 0.8605183625212559
396 0.8714653311444913
395 0.8824435143413071
394 0.8921438610971064
393 0.9002401311158994
392 0.9079174414858171
391 0.9153900903927457
390 0.921955308320914
389 0.9283335386384752
388 0.9300173998358907
387 0.9302599369731746
386 0.9342503084950854
385 0.937492327446271
384 0.9406541606057438
383 0.9439398241866964
382 0.9455268801477617
381 0.9475973594007183
380 0.9503170503427887
379 0.9531242645034406
378 0.955802098608299
377 0.9580598795385704
376 0.9579922681618116
375 0.9601593024128099
374 0.9622354563559371
373 0.964136456254334
372 0.9657498953182581
371 0.9674246004012486
370 0.968881816284251
369 0.9702129997342847
368 0.9705873246009313
367 0.9710264156676545
366 0.9720565944520065
365 0.9727376892047953
364 0.9738030907511043
363 0.9741857415500963
362 0.974719892224299
361 0.9747186122729045
360 0.9745741822755849
359 0.9754121205972687
358 0.975725017477978
357 0.9764918595087627
356 0.9772694364498752
355 0.977843096750532
354 0.9785977796339324
353 0.9788194896101919
352 0.9794142003515236
351 0.9801195866778598
350 0.9804725356817445
349 0.98046959323094
348 0.9807261919765209
347 0.9807395771768456
346 0.9807629588346597
345 0.9808729685758322
344 0.9813715437900078
343 0.9812201647617944
342 0.9813257163781305
341 0.9817911137756543
340 0.9820412798358545
339 0.9822918771223923
338 0.9822108489788102
337 0.9825851156432576
336 0.9829103392801808
335 0.9831404955127984
334 0.983456244971959
333 0.9836199621679033
332 0.9838394284215921
331 0.9841996214204224
330 0.9843212631841959
329 0.9843202690474062
328 0.9845791212212807
327 0.9848959841959368
326 0.9853124243818104
325 0.9853119268819198
324 0.9854947219384351
323 0.9858387333191564
322 0.9858957847629116
321 0.9859461047083037
320 0.9863152048545862
319 0.9866211054685404
318 0.9866745634449059
317 0.9868888586450246
316 0.9872538926914128
315 0.9872241494313638
314 0.9873652578136188
313 0.9874184522653062
312 0.987463930480362
311 0.9875230085808362
310 0.9877390854334965
309 0.9879175905857456
308 0.9881177703433486
307 0.9881718209310623
306 0.9883370764807113
305 0.9883965203715401
304 0.988458537932347
303 0.9884420322474988
302 0.9885795013488623
301 0.9887226298775008
300 0.988760292520968
299 0.9890052650435969
298 0.9892366405203867
297 0.9894152853640671
296 0.9896355294738748
295 0.989888604670909
294 0.9901445157047695
Can't load history: $< line too long.
/ibbr/vmd/1.9.3/lib/vmd/vmd_LINUXAMD64: /lib64/libGL.so.1: no version information available (required by /ibbr/vmd/1.9.3/lib/vmd/vmd_LINUXAMD64)
Info) VMD for LINUXAMD64, version 1.9.3 (November 30, 2016)
Info) http://www.ks.uiuc.edu/Research/vmd/                         
Info) Email questions and bug reports to vmd@ks.uiuc.edu           
Info) Please include this reference in published work using VMD:   
Info)    Humphrey, W., Dalke, A. and Schulten, K., `VMD - Visual   
Info)    Molecular Dynamics', J. Molec. Graphics 1996, 14.1, 33-38.
Info) -------------------------------------------------------------
Info) Multithreading available, 48 CPUs detected.
Info)   CPU features: SSE2 AVX AVX2 FMA 
Info) Free system memory: 121GB (96%)
Info) No CUDA accelerator devices available.
Info) Dynamically loaded 2 plugins in directory:
Info) /ibbr/vmd/1.9.3/lib/vmd/plugins/LINUXAMD64/molfile
5
Info) Using plugin xyz for structure file ./freq.QMRegion_a.xyz
Info) Using plugin xyz for coordinates from file ./freq.QMRegion_a.xyz
Info) Determining bond structure from distance search ...
Info) Analyzing structure ...
Info)    Atoms: 138
Info)    Bonds: 137
Info)    Angles: 0  Dihedrals: 0  Impropers: 0  Cross-terms: 0
Info)    Bondtypes: 0  Angletypes: 0  Dihedraltypes: 0  Impropertypes: 0
Info)    Residues: 1
Info)    Waters: 0
Info)    Segments: 1
Info)    Fragments: 1   Protein: 1   Nucleic: 0
Info) Finished with coordinate file ./freq.QMRegion_a.xyz.
0
Info) Using plugin xyz for structure file ./freq.QMRegion_b.xyz
Info) Using plugin xyz for coordinates from file ./freq.QMRegion_b.xyz
Info) Determining bond structure from distance search ...
Info) Analyzing structure ...
Info)    Atoms: 138
Info)    Bonds: 137
Info)    Angles: 0  Dihedrals: 0  Impropers: 0  Cross-terms: 0
Info)    Bondtypes: 0  Angletypes: 0  Dihedraltypes: 0  Impropertypes: 0
Info)    Residues: 1
Info)    Waters: 0
Info)    Segments: 1
Info)    Fragments: 1   Protein: 1   Nucleic: 0
Info) Finished with coordinate file ./freq.QMRegion_b.xyz.
1
file14
atomselect0
atomselect1
0
0
0
0
0
3.2940806930410518
Info) VMD for LINUXAMD64, version 1.9.3 (November 30, 2016)
Info) Exiting normally.
Can't load history: $< line too long.
[[0]]
399 0.8829826603665267
398 0.8987614251888724
397 0.8982939502540724
396 0.9140998886934836
395 0.9219750159978916
394 0.9304851139914931
393 0.9303738328878567
392 0.9300331100250558
391 0.9359209765866162
390 0.9413678903907284
389 0.9448029130006507
388 0.9481485342903523
387 0.9488506997166436
386 0.9500533803260527
385 0.952902015200348
384 0.9554525326097616
383 0.9581130294440174
382 0.9605052428425782
381 0.9618421235320037
380 0.9639551420610492
379 0.9651524254422873
378 0.9653197866799158
377 0.9657337719553876
376 0.966754787931382
375 0.9679444143497484
374 0.9683729643252839
373 0.9694397286393432
372 0.9699279300910824
371 0.9708539382090686
370 0.9715036922235746
369 0.971956866447975
368 0.9720598930239331
367 0.9727582668618728
366 0.9734092155548054
365 0.9741158880624471
364 0.9741343905689291
363 0.974868708247649
362 0.9750330456779743
361 0.9757332197876519
360 0.9758309408507839
359 0.9760263907374565
358 0.9765411869276736
357 0.9769301852007456
356 0.977313115427077
355 0.9775353337720983
354 0.9775599267026085
353 0.9774479120092515
352 0.9776371131479662
351 0.9780773245213703
350 0.978681869180117
349 0.9792794097678439
348 0.979884783899705
347 0.9803066343769927
346 0.9806827474108327
345 0.9811666240729615
344 0.9814798987482288
343 0.9816477653585426
342 0.9820969295048817
341 0.9821655919636347
340 0.9826027127226409
339 0.9829186227868245
338 0.982845197689828
337 0.9833012731363903
336 0.9834501196802993
335 0.9838076522812337
334 0.9839876787947832
333 0.9843439749265873
332 0.9847274297465807
331 0.9847280336915305
330 0.9848945188083127
329 0.984871893739041
328 0.984967032609546
327 0.9853207287887363
326 0.9856020848811825
325 0.9858378415167507
324 0.9859144715096123
323 0.9861494556026368
322 0.9864291573440236
321 0.9866379516205642
320 0.9866071694761871
319 0.9868153115528524
318 0.986857853766304
317 0.9869826988829017
316 0.9870953186323875
315 0.987088359465885
314 0.987183467446012
313 0.9872614749604796
312 0.987301703275052
311 0.9875066844371043
310 0.9877940591248325
309 0.987787267264203
308 0.9880433192793425
307 0.9882999000475484
306 0.9882703227864553
305 0.988460160640264
304 0.9886081487782492
303 0.9886075844526196
302 0.9886155170670929
301 0.9887464885443468
300 0.9889322500797975
299 0.9891479646175305
298 0.9891431782894337
297 0.9893009075802586
296 0.9893985710381674
295 0.9894945326728264
294 0.989530852500516
293 0.9896367504595265
292 0.9898479647485317
291 0.9898165924844156
290 0.9900337635955536
Can't load history: $< line too long.
/ibbr/vmd/1.9.3/lib/vmd/vmd_LINUXAMD64: /lib64/libGL.so.1: no version information available (required by /ibbr/vmd/1.9.3/lib/vmd/vmd_LINUXAMD64)
Info) VMD for LINUXAMD64, version 1.9.3 (November 30, 2016)
Info) http://www.ks.uiuc.edu/Research/vmd/                         
Info) Email questions and bug reports to vmd@ks.uiuc.edu           
Info) Please include this reference in published work using VMD:   
Info)    Humphrey, W., Dalke, A. and Schulten, K., `VMD - Visual   
Info)    Molecular Dynamics', J. Molec. Graphics 1996, 14.1, 33-38.
Info) -------------------------------------------------------------
Info) Multithreading available, 48 CPUs detected.
Info)   CPU features: SSE2 AVX AVX2 FMA 
Info) Free system memory: 121GB (96%)
Info) No CUDA accelerator devices available.
Info) Dynamically loaded 2 plugins in directory:
Info) /ibbr/vmd/1.9.3/lib/vmd/plugins/LINUXAMD64/molfile
5
Info) Using plugin xyz for structure file ./freq.QMRegion_a.xyz
Info) Using plugin xyz for coordinates from file ./freq.QMRegion_a.xyz
Info) Determining bond structure from distance search ...
Info) Analyzing structure ...
Info)    Atoms: 138
Info)    Bonds: 137
Info)    Angles: 0  Dihedrals: 0  Impropers: 0  Cross-terms: 0
Info)    Bondtypes: 0  Angletypes: 0  Dihedraltypes: 0  Impropertypes: 0
Info)    Residues: 1
Info)    Waters: 0
Info)    Segments: 1
Info)    Fragments: 1   Protein: 1   Nucleic: 0
Info) Finished with coordinate file ./freq.QMRegion_a.xyz.
0
Info) Using plugin xyz for structure file ./freq.QMRegion_b.xyz
Info) Using plugin xyz for coordinates from file ./freq.QMRegion_b.xyz
Info) Determining bond structure from distance search ...
Info) Analyzing structure ...
Info)    Atoms: 138
Info)    Bonds: 137
Info)    Angles: 0  Dihedrals: 0  Impropers: 0  Cross-terms: 0
Info)    Bondtypes: 0  Angletypes: 0  Dihedraltypes: 0  Impropertypes: 0
Info)    Residues: 1
Info)    Waters: 0
Info)    Segments: 1
Info)    Fragments: 1   Protein: 1   Nucleic: 0
Info) Finished with coordinate file ./freq.QMRegion_b.xyz.
1
file14
atomselect0
atomselect1
0
0
0
0
0
5.300383941851113
Info) VMD for LINUXAMD64, version 1.9.3 (November 30, 2016)
Info) Exiting normally.
Can't load history: $< line too long.
[[0]]
399 0.9012929747698639
398 0.901253318996804
397 0.901299264336911
396 0.9092480022748111
395 0.9148833739261999
394 0.9195603314835749
393 0.9235268608482196
392 0.9266125564302076
391 0.9297077145690409
390 0.9334006184956426
389 0.9365157105775412
388 0.9396502524389183
387 0.9424096374966532
386 0.9440809637687895
385 0.9467321045388091
384 0.9479943139008901
383 0.9476680741004367
382 0.9497729436997594
381 0.9495406441321211
380 0.9516822715965182
379 0.953108547240367
378 0.9547311302575626
377 0.9548642549284758
376 0.9550422188057732
375 0.9568603266949258
374 0.9582212248506143
373 0.9598968662281762
372 0.9608906155210944
371 0.9625014743273755
370 0.9640726984104112
369 0.9650511178180865
368 0.9663860678183693
367 0.9675668818338783
366 0.9679646437026213
365 0.9685992305435812
364 0.9696966440327474
363 0.9707230843872372
362 0.9717286070519476
361 0.9717212077821004
360 0.9729182280361757
359 0.973800167429662
358 0.9746368187111752
357 0.9746317113424449
356 0.9747394831486842
355 0.9749356646968541
354 0.9753789565823349
353 0.9761445363772587
352 0.9762298511777131
351 0.9768090463041201
350 0.9767629408934495
349 0.9774593766340163
348 0.9779069279147932
347 0.9781371507634157
346 0.9780685233114477
345 0.9787346593311999
344 0.9786993718727646
343 0.9788475901040116
342 0.9794241967516133
341 0.9799543839918091
340 0.9805751365373878
339 0.9809964606433633
338 0.9815070560280924
337 0.9814080955716233
336 0.9818571778236538
335 0.9818656851056686
334 0.9822833000138793
333 0.9825659612516058
332 0.9828904847273183
331 0.9830783177757372
330 0.9830412262522857
329 0.9834554280471621
328 0.983898687185555
327 0.9843010623471413
326 0.984478427454088
325 0.9846511487261072
324 0.9850680730495475
323 0.985444414919717
322 0.9854304166387807
321 0.9855771815539514
320 0.9857285734668003
319 0.9857289114940172
318 0.986021792890636
317 0.9862630333661725
316 0.9864413410496793
315 0.9863482681762454
314 0.9864546867453791
313 0.9867345206223275
312 0.9868653619681187
311 0.9871492585955106
310 0.9871301267540605
309 0.9874572981032369
308 0.9874880485552452
307 0.9876151069946436
306 0.9876101435053961
305 0.9878197213243538
304 0.9878802841922948
303 0.9878950419140949
302 0.9881753871952215
301 0.9881772571903968
300 0.9883240183781251
299 0.9883253873264343
298 0.9884167430534586
297 0.988374238750363
296 0.9885892985263258
295 0.988834221849005
294 0.9888532516471268
293 0.9890333126921353
292 0.9891720238249984
291 0.9893019583852553
290 0.9892656691429685
289 0.9892524635403281
288 0.9894017713557537
287 0.9893851783195823
286 0.9895672312908536
285 0.9895685178512214
284 0.9897812059332749
283 0.9898262870662671
282 0.9898442162278935
281 0.9898774498215874
280 0.9898653302712223
279 0.9900592173962447
Can't load history: $< line too long.
/ibbr/vmd/1.9.3/lib/vmd/vmd_LINUXAMD64: /lib64/libGL.so.1: no version information available (required by /ibbr/vmd/1.9.3/lib/vmd/vmd_LINUXAMD64)
Info) VMD for LINUXAMD64, version 1.9.3 (November 30, 2016)
Info) http://www.ks.uiuc.edu/Research/vmd/                         
Info) Email questions and bug reports to vmd@ks.uiuc.edu           
Info) Please include this reference in published work using VMD:   
Info)    Humphrey, W., Dalke, A. and Schulten, K., `VMD - Visual   
Info)    Molecular Dynamics', J. Molec. Graphics 1996, 14.1, 33-38.
Info) -------------------------------------------------------------
Info) Multithreading available, 48 CPUs detected.
Info)   CPU features: SSE2 AVX AVX2 FMA 
Info) Free system memory: 121GB (96%)
Info) No CUDA accelerator devices available.
Info) Dynamically loaded 2 plugins in directory:
Info) /ibbr/vmd/1.9.3/lib/vmd/plugins/LINUXAMD64/molfile
5
Info) Using plugin xyz for structure file ./freq.QMRegion_a.xyz
Info) Using plugin xyz for coordinates from file ./freq.QMRegion_a.xyz
Info) Determining bond structure from distance search ...
Info) Analyzing structure ...
Info)    Atoms: 138
Info)    Bonds: 137
Info)    Angles: 0  Dihedrals: 0  Impropers: 0  Cross-terms: 0
Info)    Bondtypes: 0  Angletypes: 0  Dihedraltypes: 0  Impropertypes: 0
Info)    Residues: 1
Info)    Waters: 0
Info)    Segments: 1
Info)    Fragments: 1   Protein: 1   Nucleic: 0
Info) Finished with coordinate file ./freq.QMRegion_a.xyz.
0
Info) Using plugin xyz for structure file ./freq.QMRegion_b.xyz
Info) Using plugin xyz for coordinates from file ./freq.QMRegion_b.xyz
Info) Determining bond structure from distance search ...
Info) Analyzing structure ...
Info)    Atoms: 138
Info)    Bonds: 137
Info)    Angles: 0  Dihedrals: 0  Impropers: 0  Cross-terms: 0
Info)    Bondtypes: 0  Angletypes: 0  Dihedraltypes: 0  Impropertypes: 0
Info)    Residues: 1
Info)    Waters: 0
Info)    Segments: 1
Info)    Fragments: 1   Protein: 1   Nucleic: 0
Info) Finished with coordinate file ./freq.QMRegion_b.xyz.
1
file14
atomselect0
atomselect1
0
0
0
0
0
4.470397542260125
Info) VMD for LINUXAMD64, version 1.9.3 (November 30, 2016)
Info) Exiting normally.
Can't load history: $< line too long.
[[0]]
399 0.9111857589071282
398 0.9193991350139588
397 0.9275705969235477
396 0.9274394056546665
395 0.9301308891766381
394 0.9347601875919468
393 0.935997291045816
392 0.939478139105381
391 0.9428923380105293
390 0.942764471293658
389 0.9460671551900003
388 0.9460995717775554
387 0.9467375354044041
386 0.9493315546417431
385 0.9513079789971163
384 0.9537886134104006
383 0.9547066214759355
382 0.9565704840219298
381 0.9581203679052046
380 0.9599211377214788
379 0.960720193358243
378 0.9613375728088809
377 0.9626155555533827
376 0.9631283118607997
375 0.9646760665588332
374 0.9646759230086077
373 0.9644289886841689
372 0.9643830534308362
371 0.9651406244724602
370 0.966274060835126
369 0.9663982616183772
368 0.9672802895066043
367 0.9679396868096642
366 0.9686993230480437
365 0.9695837543435306
364 0.9699056654562611
363 0.970730090718652
362 0.9714423089417176
361 0.9719980579065938
360 0.972773634069701
359 0.9733034756940682
358 0.9740015933767022
357 0.9747814380670244
356 0.9754886607477341
355 0.9759528972408815
354 0.9758511003837613
353 0.9757234298660376
352 0.9759998559998462
351 0.976617037327668
350 0.9772869405381387
349 0.9775683444519316
348 0.9782076328353748
347 0.9783828921906702
346 0.9783965333098686
345 0.9783932476860204
344 0.978758973715256
343 0.9793171978302735
342 0.9797873714844969
341 0.9801940745490819
340 0.9804063494641663
339 0.9809344941440338
338 0.9813116726479867
337 0.9816709820800525
336 0.9818003076957484
335 0.9822938970079392
334 0.9827304273992779
333 0.9831071694539398
332 0.983509768153292
331 0.9839298881380418
330 0.9842674558097283
329 0.9845310433326439
328 0.9848295539473907
327 0.9849147017290567
326 0.9852011747438459
325 0.9854271376113316
324 0.9854487780208705
323 0.985446235047532
322 0.9857528709848348
321 0.9857468840201297
320 0.9858505639618976
319 0.9859766563500281
318 0.9860472200611307
317 0.9863937781579779
316 0.9866997199710505
315 0.9868710730167228
314 0.9870789036736949
313 0.987096761621524
312 0.9872123528325135
311 0.9874699341263175
310 0.9874210931638325
309 0.9876940670175834
308 0.9878855607849588
307 0.9878861994587049
306 0.9881856724378865
305 0.9884311031905049
304 0.988498218662951
303 0.9887161617403699
302 0.9889437636955256
301 0.988906208021365
300 0.9889767827448701
299 0.9891096767396562
298 0.9890699696472758
297 0.9892006391626093
296 0.9892023275819256
295 0.9894002181783756
294 0.9895054949050479
293 0.9895133093356806
292 0.989733616348556
291 0.9899517636397136
290 0.9901309658238442
Can't load history: $< line too long.
/ibbr/vmd/1.9.3/lib/vmd/vmd_LINUXAMD64: /lib64/libGL.so.1: no version information available (required by /ibbr/vmd/1.9.3/lib/vmd/vmd_LINUXAMD64)
Info) VMD for LINUXAMD64, version 1.9.3 (November 30, 2016)
Info) http://www.ks.uiuc.edu/Research/vmd/                         
Info) Email questions and bug reports to vmd@ks.uiuc.edu           
Info) Please include this reference in published work using VMD:   
Info)    Humphrey, W., Dalke, A. and Schulten, K., `VMD - Visual   
Info)    Molecular Dynamics', J. Molec. Graphics 1996, 14.1, 33-38.
Info) -------------------------------------------------------------
Info) Multithreading available, 48 CPUs detected.
Info)   CPU features: SSE2 AVX AVX2 FMA 
Info) Free system memory: 121GB (96%)
Info) No CUDA accelerator devices available.
Info) Dynamically loaded 2 plugins in directory:
Info) /ibbr/vmd/1.9.3/lib/vmd/plugins/LINUXAMD64/molfile
5
Info) Using plugin xyz for structure file ./freq.QMRegion_a.xyz
Info) Using plugin xyz for coordinates from file ./freq.QMRegion_a.xyz
Info) Determining bond structure from distance search ...
Info) Analyzing structure ...
Info)    Atoms: 138
Info)    Bonds: 137
Info)    Angles: 0  Dihedrals: 0  Impropers: 0  Cross-terms: 0
Info)    Bondtypes: 0  Angletypes: 0  Dihedraltypes: 0  Impropertypes: 0
Info)    Residues: 1
Info)    Waters: 0
Info)    Segments: 1
Info)    Fragments: 1   Protein: 1   Nucleic: 0
Info) Finished with coordinate file ./freq.QMRegion_a.xyz.
0
Info) Using plugin xyz for structure file ./freq.QMRegion_b.xyz
Info) Using plugin xyz for coordinates from file ./freq.QMRegion_b.xyz
Info) Determining bond structure from distance search ...
Info) Analyzing structure ...
Info)    Atoms: 138
Info)    Bonds: 137
Info)    Angles: 0  Dihedrals: 0  Impropers: 0  Cross-terms: 0
Info)    Bondtypes: 0  Angletypes: 0  Dihedraltypes: 0  Impropertypes: 0
Info)    Residues: 1
Info)    Waters: 0
Info)    Segments: 1
Info)    Fragments: 1   Protein: 1   Nucleic: 0
Info) Finished with coordinate file ./freq.QMRegion_b.xyz.
1
file14
atomselect0
atomselect1
0
0
0
0
0
2.932801430221432
Info) VMD for LINUXAMD64, version 1.9.3 (November 30, 2016)
Info) Exiting normally.
Can't load history: $< line too long.
[[0]]
399 0.873025045131384
398 0.8874917018165079
397 0.8868726025676712
396 0.8987324390336708
395 0.9105912026149057
394 0.9171561021917357
393 0.9218600260435046
392 0.9271641816486557
391 0.9302880912048492
390 0.9333563181154884
389 0.9371210282132134
388 0.9408149787657145
387 0.9415026800781439
386 0.9438371876874107
385 0.945612418652156
384 0.9482573649316567
383 0.9508926087129804
382 0.9534307225145733
381 0.9540340717850848
380 0.9554649791568985
379 0.957620246918509
378 0.9576303345133973
377 0.9596565853854165
376 0.9602989635786368
375 0.9612541253185876
374 0.9623899442211917
373 0.9637963580983353
372 0.9642762756501716
371 0.965498775006707
370 0.966183017545239
369 0.967121999342703
368 0.9681495284365091
367 0.9691564354581923
366 0.9697491987885063
365 0.9700198496868747
364 0.9710501526948765
363 0.9719082051478665
362 0.972089975132087
361 0.9729029466800163
360 0.9734860075203178
359 0.9743264212600661
358 0.9749546610217477
357 0.9756700885834816
356 0.9762987068360449
355 0.9761684795249036
354 0.9768703185853773
353 0.9768322891128925
352 0.9774738620663269
351 0.9780571124518018
350 0.9785244171632418
349 0.9784103173573474
348 0.9784258581028461
347 0.9788773730649584
346 0.9793876006491732
345 0.9797894654236952
344 0.979731733747633
343 0.9802494180331537
342 0.9803370293264193
341 0.9808156877612831
340 0.9812470021635471
339 0.9812986598283222
338 0.9818313546386858
337 0.9818288229225508
336 0.9823203106362556
335 0.9823181026323458
334 0.9824537072558968
333 0.9825148606766743
332 0.9829153545143251
331 0.983314668565446
330 0.9837354807713727
329 0.9837988570463517
328 0.9840274397122404
327 0.9843610351230658
326 0.9847459100297559
325 0.9849299834129138
324 0.9851732568631102
323 0.9852553277599486
322 0.9855685825464282
321 0.9855540439124002
320 0.9858782469327818
319 0.9860844835070137
318 0.9860815313503247
317 0.9864427283681108
316 0.9864483414846287
315 0.9864495498808536
314 0.9867722634626244
313 0.986944420656984
312 0.9869510084492086
311 0.9870146960964024
310 0.9873254522725059
309 0.9874440168620714
308 0.9876495011011749
307 0.9879380652660144
306 0.9879650305048494
305 0.987958404111563
304 0.9880682153304449
303 0.9882034502887995
302 0.9883741930892399
301 0.9885134242905852
300 0.9884737912239004
299 0.9884843259123292
298 0.9885478396262952
297 0.9886582816848195
296 0.9888771077560962
295 0.9889209424193108
294 0.9891442987951398
293 0.9891396457204226
292 0.9890834790594853
291 0.9893386147939971
290 0.9894070434381331
289 0.9894064549179492
288 0.9893966908560602
287 0.9894359750672399
286 0.9894466627903022
285 0.9895283846252397
284 0.9897385438954189
283 0.9897537085633693
282 0.9899402945016191
281 0.9901381225850789
Can't load history: $< line too long.
/ibbr/vmd/1.9.3/lib/vmd/vmd_LINUXAMD64: /lib64/libGL.so.1: no version information available (required by /ibbr/vmd/1.9.3/lib/vmd/vmd_LINUXAMD64)
Info) VMD for LINUXAMD64, version 1.9.3 (November 30, 2016)
Info) http://www.ks.uiuc.edu/Research/vmd/                         
Info) Email questions and bug reports to vmd@ks.uiuc.edu           
Info) Please include this reference in published work using VMD:   
Info)    Humphrey, W., Dalke, A. and Schulten, K., `VMD - Visual   
Info)    Molecular Dynamics', J. Molec. Graphics 1996, 14.1, 33-38.
Info) -------------------------------------------------------------
Info) Multithreading available, 48 CPUs detected.
Info)   CPU features: SSE2 AVX AVX2 FMA 
Info) Free system memory: 121GB (96%)
Info) No CUDA accelerator devices available.
Info) Dynamically loaded 2 plugins in directory:
Info) /ibbr/vmd/1.9.3/lib/vmd/plugins/LINUXAMD64/molfile
6
Info) Using plugin xyz for structure file ./freq.QMRegion_a.xyz
Info) Using plugin xyz for coordinates from file ./freq.QMRegion_a.xyz
Info) Determining bond structure from distance search ...
Info) Analyzing structure ...
Info)    Atoms: 138
Info)    Bonds: 137
Info)    Angles: 0  Dihedrals: 0  Impropers: 0  Cross-terms: 0
Info)    Bondtypes: 0  Angletypes: 0  Dihedraltypes: 0  Impropertypes: 0
Info)    Residues: 1
Info)    Waters: 0
Info)    Segments: 1
Info)    Fragments: 1   Protein: 1   Nucleic: 0
Info) Finished with coordinate file ./freq.QMRegion_a.xyz.
0
Info) Using plugin xyz for structure file ./freq.QMRegion_b.xyz
Info) Using plugin xyz for coordinates from file ./freq.QMRegion_b.xyz
Info) Determining bond structure from distance search ...
Info) Analyzing structure ...
Info)    Atoms: 138
Info)    Bonds: 137
Info)    Angles: 0  Dihedrals: 0  Impropers: 0  Cross-terms: 0
Info)    Bondtypes: 0  Angletypes: 0  Dihedraltypes: 0  Impropertypes: 0
Info)    Residues: 1
Info)    Waters: 0
Info)    Segments: 1
Info)    Fragments: 1   Protein: 1   Nucleic: 0
Info) Finished with coordinate file ./freq.QMRegion_b.xyz.
1
file14
atomselect0
atomselect1
0
0
0
0
0
2.4986022339828304
Info) VMD for LINUXAMD64, version 1.9.3 (November 30, 2016)
Info) Exiting normally.
Can't load history: $< line too long.
[[0]]
399 0.924143223343514
398 0.9286566888099015
397 0.9305170549776987
396 0.9344460477959612
395 0.9342479581847727
394 0.9358992211555253
393 0.9391496721979263
392 0.9426492231291481
391 0.9429219518893769
390 0.9456545390529328
389 0.9485769990268255
388 0.9506980290330924
387 0.9532251217550459
386 0.9551486169839326
385 0.9552296929153632
384 0.9568055320958034
383 0.9584350971118152
382 0.9594694721368205
381 0.9600940159411778
380 0.9616100459677466
379 0.9618432205289593
378 0.9633902047080088
377 0.9648873105434925
376 0.9662024766847958
375 0.967550387711455
374 0.9686415506130045
373 0.9687600953736407
372 0.9686743358826546
371 0.9697766893326805
370 0.9703405931267111
369 0.9703817747552157
368 0.9713141145561169
367 0.9714610906419769
366 0.9723230976358826
365 0.9723255085374494
364 0.9724621696047213
363 0.9730963346283954
362 0.9737472212961473
361 0.9743424475289882
360 0.9750607441199363
359 0.9756795667117533
358 0.9761802753692919
357 0.9766635961276363
356 0.9766834993867296
355 0.9768839485758407
354 0.9773929849679184
353 0.9775850648174119
352 0.9779495657706927
351 0.9783674596988547
350 0.9789011195568336
349 0.979268175353344
348 0.9792725638788433
347 0.9797688083424352
346 0.9801043984396203
345 0.9804314429390834
344 0.9803392708892904
343 0.980281013272009
342 0.9807073102706964
341 0.9811571993848862
340 0.981501073553757
339 0.9817727453543833
338 0.9821028161064201
337 0.9824409419148054
336 0.9827016153851852
335 0.9826925709671789
334 0.9830901828949533
333 0.982941294732129
332 0.9830374626594703
331 0.9833985536201441
330 0.9836677922702484
329 0.9838548588730378
328 0.9841634051035295
327 0.984502831676476
326 0.9847398422437049
325 0.9850841159194211
324 0.9850477203011248
323 0.9853096974953441
322 0.9855364801278542
321 0.9856076200058083
320 0.9858537442136083
319 0.9858792360782467
318 0.9862031502472095
317 0.9860807631535236
316 0.9861637961988714
315 0.9864768027474627
314 0.9864933965945696
313 0.9864957586284417
312 0.9867123537998296
311 0.9869218698413235
310 0.9869973034935341
309 0.9870257665260156
308 0.9872404197575395
307 0.9872875189881831
306 0.9873548639277533
305 0.9875612535278063
304 0.9876405020150824
303 0.987830396200486
302 0.9879970804406757
301 0.9881975350446304
300 0.9882910068057317
299 0.988417602086647
298 0.9885735190086743
297 0.9888243909548367
296 0.9890296153391597
295 0.9892313786350653
294 0.9892496581262321
293 0.9894750426823646
292 0.9897041645918548
291 0.9898943570326114
290 0.9899207891141617
289 0.9900151322461188
Can't load history: $< line too long.
/ibbr/vmd/1.9.3/lib/vmd/vmd_LINUXAMD64: /lib64/libGL.so.1: no version information available (required by /ibbr/vmd/1.9.3/lib/vmd/vmd_LINUXAMD64)
Info) VMD for LINUXAMD64, version 1.9.3 (November 30, 2016)
Info) http://www.ks.uiuc.edu/Research/vmd/                         
Info) Email questions and bug reports to vmd@ks.uiuc.edu           
Info) Please include this reference in published work using VMD:   
Info)    Humphrey, W., Dalke, A. and Schulten, K., `VMD - Visual   
Info)    Molecular Dynamics', J. Molec. Graphics 1996, 14.1, 33-38.
Info) -------------------------------------------------------------
Info) Multithreading available, 48 CPUs detected.
Info)   CPU features: SSE2 AVX AVX2 FMA 
Info) Free system memory: 121GB (96%)
Info) No CUDA accelerator devices available.
Info) Dynamically loaded 2 plugins in directory:
Info) /ibbr/vmd/1.9.3/lib/vmd/plugins/LINUXAMD64/molfile
6
Info) Using plugin xyz for structure file ./freq.QMRegion_a.xyz
Info) Using plugin xyz for coordinates from file ./freq.QMRegion_a.xyz
Info) Determining bond structure from distance search ...
Info) Analyzing structure ...
Info)    Atoms: 138
Info)    Bonds: 137
Info)    Angles: 0  Dihedrals: 0  Impropers: 0  Cross-terms: 0
Info)    Bondtypes: 0  Angletypes: 0  Dihedraltypes: 0  Impropertypes: 0
Info)    Residues: 1
Info)    Waters: 0
Info)    Segments: 1
Info)    Fragments: 1   Protein: 1   Nucleic: 0
Info) Finished with coordinate file ./freq.QMRegion_a.xyz.
0
Info) Using plugin xyz for structure file ./freq.QMRegion_b.xyz
Info) Using plugin xyz for coordinates from file ./freq.QMRegion_b.xyz
Info) Determining bond structure from distance search ...
Info) Analyzing structure ...
Info)    Atoms: 138
Info)    Bonds: 137
Info)    Angles: 0  Dihedrals: 0  Impropers: 0  Cross-terms: 0
Info)    Bondtypes: 0  Angletypes: 0  Dihedraltypes: 0  Impropertypes: 0
Info)    Residues: 1
Info)    Waters: 0
Info)    Segments: 1
Info)    Fragments: 1   Protein: 1   Nucleic: 0
Info) Finished with coordinate file ./freq.QMRegion_b.xyz.
1
file14
atomselect0
atomselect1
0
0
0
0
0
4.6152001541063274
Info) VMD for LINUXAMD64, version 1.9.3 (November 30, 2016)
Info) Exiting normally.
Can't load history: $< line too long.
[[0]]
399 0.8554563270600023
398 0.8608062233272573
397 0.8691707431064328
396 0.8686579245531569
395 0.8727095312615851
394 0.8795179515070559
393 0.8862408906384454
392 0.8920684761059715
391 0.897374720374045
390 0.9024836236348114
389 0.902385429490161
388 0.9073576926764492
387 0.9107307214562239
386 0.914776114584644
385 0.9187096902135089
384 0.9212046655270759
383 0.9244762499745006
382 0.9248034773207126
381 0.9280411007024417
380 0.9313415510379707
379 0.9345331057883263
378 0.9372507515675752
377 0.9400237815871981
376 0.9422526583143684
375 0.9448130253317686
374 0.9447840260057229
373 0.9476176030706609
372 0.9489452142106711
371 0.9512773973689106
370 0.9533994067169779
369 0.9554933135562587
368 0.9574968932484843
367 0.9594453728577172
366 0.9609011980163861
365 0.9626773852924772
364 0.964242764939169
363 0.9656820528185344
362 0.9656027412025423
361 0.9667489647261547
360 0.9679955961106868
359 0.9678013865189763
358 0.9689260682177214
357 0.9700029986167702
356 0.9710840909911758
355 0.9721843491992507
354 0.9721036260956032
353 0.9720670377976273
352 0.9731103857999697
351 0.9741179047678121
350 0.9741462230488822
349 0.9741544784816285
348 0.9750631094335499
347 0.9759795812853278
346 0.9768179062451342
345 0.9775129097003535
344 0.9777880400545512
343 0.9781130153010889
342 0.9786251353016431
341 0.9794333189653085
340 0.9801462261597218
339 0.9808083986076752
338 0.9808189363657871
337 0.9815579413378965
336 0.9816138517077628
335 0.9816540192205749
334 0.981620962125834
333 0.9817214776337243
332 0.9823442202585639
331 0.9827981129480637
330 0.9827785810619062
329 0.9829798839442546
328 0.9834793220758459
327 0.9838694592116278
326 0.984248621642771
325 0.9845854836729588
324 0.9849804711327982
323 0.9850963492299016
322 0.9851566383015051
321 0.9852183813440015
320 0.9856480240823156
319 0.9856474147375975
318 0.9858236794960743
317 0.9857601293758564
316 0.9861163263584802
315 0.9865243733672541
314 0.9868266017016684
313 0.9867367888355459
312 0.9871541953165778
311 0.9871543576252423
310 0.9875811901119191
309 0.9876207624662631
308 0.9879783184441838
307 0.9880407587306274
306 0.9882493113779048
305 0.9884987666524212
304 0.9886003338767027
303 0.98861301356906
302 0.9887423750009438
301 0.9888424138973579
300 0.9889857594577612
299 0.9890601831097378
298 0.9890863595235062
297 0.9892662704616291
296 0.9893164628678308
295 0.9895889164256793
294 0.989836765072281
293 0.9900922354415277
Can't load history: $< line too long.
/ibbr/vmd/1.9.3/lib/vmd/vmd_LINUXAMD64: /lib64/libGL.so.1: no version information available (required by /ibbr/vmd/1.9.3/lib/vmd/vmd_LINUXAMD64)
Info) VMD for LINUXAMD64, version 1.9.3 (November 30, 2016)
Info) http://www.ks.uiuc.edu/Research/vmd/                         
Info) Email questions and bug reports to vmd@ks.uiuc.edu           
Info) Please include this reference in published work using VMD:   
Info)    Humphrey, W., Dalke, A. and Schulten, K., `VMD - Visual   
Info)    Molecular Dynamics', J. Molec. Graphics 1996, 14.1, 33-38.
Info) -------------------------------------------------------------
Info) Multithreading available, 48 CPUs detected.
Info)   CPU features: SSE2 AVX AVX2 FMA 
Info) Free system memory: 121GB (96%)
Info) No CUDA accelerator devices available.
Info) Dynamically loaded 2 plugins in directory:
Info) /ibbr/vmd/1.9.3/lib/vmd/plugins/LINUXAMD64/molfile
6
Info) Using plugin xyz for structure file ./freq.QMRegion_a.xyz
Info) Using plugin xyz for coordinates from file ./freq.QMRegion_a.xyz
Info) Determining bond structure from distance search ...
Info) Analyzing structure ...
Info)    Atoms: 138
Info)    Bonds: 137
Info)    Angles: 0  Dihedrals: 0  Impropers: 0  Cross-terms: 0
Info)    Bondtypes: 0  Angletypes: 0  Dihedraltypes: 0  Impropertypes: 0
Info)    Residues: 1
Info)    Waters: 0
Info)    Segments: 1
Info)    Fragments: 1   Protein: 1   Nucleic: 0
Info) Finished with coordinate file ./freq.QMRegion_a.xyz.
0
Info) Using plugin xyz for structure file ./freq.QMRegion_b.xyz
Info) Using plugin xyz for coordinates from file ./freq.QMRegion_b.xyz
Info) Determining bond structure from distance search ...
Info) Analyzing structure ...
Info)    Atoms: 138
Info)    Bonds: 137
Info)    Angles: 0  Dihedrals: 0  Impropers: 0  Cross-terms: 0
Info)    Bondtypes: 0  Angletypes: 0  Dihedraltypes: 0  Impropertypes: 0
Info)    Residues: 1
Info)    Waters: 0
Info)    Segments: 1
Info)    Fragments: 1   Protein: 1   Nucleic: 0
Info) Finished with coordinate file ./freq.QMRegion_b.xyz.
1
file14
atomselect0
atomselect1
0
0
0
0
0
3.6129135664766823
Info) VMD for LINUXAMD64, version 1.9.3 (November 30, 2016)
Info) Exiting normally.
Can't load history: $< line too long.
[[0]]
399 0.8971356974270676
398 0.9047621067594149
397 0.9115748514215096
396 0.9139387057998625
395 0.9192485963778061
394 0.9239087454590391
393 0.9297474517203125
392 0.9295372529657278
391 0.933606552354227
390 0.9372957142225469
389 0.9378690488308377
388 0.9409068065421702
387 0.9435793817878362
386 0.9466715926181207
385 0.9494906440304429
384 0.9510728119097883
383 0.9534928598042736
382 0.9546790915672384
381 0.9564854270778175
380 0.958512621533856
379 0.9591239621415235
378 0.9589453762814537
377 0.9599591989795303
376 0.9613157205014194
375 0.9622358234484213
374 0.9636206654748942
373 0.9650472531385822
372 0.9655268954071354
371 0.9669014552955362
370 0.9676920746664728
369 0.9678542726851496
368 0.9678153494270797
367 0.9686660979944152
366 0.9698446756470186
365 0.9710663633494213
364 0.972045241453032
363 0.9722702179346436
362 0.9731744527717077
361 0.9741186704271195
360 0.9741123621644506
359 0.9743377128178954
358 0.974388409640181
357 0.9752335174104124
356 0.9757372502217666
355 0.976206798141328
354 0.9771073002733989
353 0.9779070196694979
352 0.9777644172514187
351 0.9785770577106341
350 0.9793487771780239
349 0.9800983290644093
348 0.9806483148849017
347 0.9812941804860821
346 0.981871780950228
345 0.9823204384173693
344 0.982297275578299
343 0.9822788567585239
342 0.9822781913621135
341 0.982732592996301
340 0.9830262657658431
339 0.9833118574039098
338 0.9836182900085487
337 0.983594091277756
336 0.9835130385091672
335 0.9833662984442757
334 0.9836986542176304
333 0.9841188107540876
332 0.9841608155657136
331 0.9841578264733565
330 0.9844692275764586
329 0.9846551642968853
328 0.984659897139427
327 0.9848432944757195
326 0.985084456456918
325 0.9853596122770658
324 0.98562073740732
323 0.9858134203762929
322 0.9861156844992575
321 0.9862121068579266
320 0.9865754924747485
319 0.9868962585474966
318 0.9869050787816506
317 0.9871795797230607
316 0.9874295220102933
315 0.9876620845769248
314 0.9876328177298805
313 0.9878652918297007
312 0.987955239049676
311 0.9882962706746796
310 0.9884434374917583
309 0.9886630048323145
308 0.9886801288309253
307 0.9886769747492483
306 0.9887834020334964
305 0.9890643053594942
304 0.9893038949272731
303 0.9895651452643034
302 0.9898325932394468
301 0.9898104412379137
300 0.9901021272580404
Can't load history: $< line too long.
/ibbr/vmd/1.9.3/lib/vmd/vmd_LINUXAMD64: /lib64/libGL.so.1: no version information available (required by /ibbr/vmd/1.9.3/lib/vmd/vmd_LINUXAMD64)
Info) VMD for LINUXAMD64, version 1.9.3 (November 30, 2016)
Info) http://www.ks.uiuc.edu/Research/vmd/                         
Info) Email questions and bug reports to vmd@ks.uiuc.edu           
Info) Please include this reference in published work using VMD:   
Info)    Humphrey, W., Dalke, A. and Schulten, K., `VMD - Visual   
Info)    Molecular Dynamics', J. Molec. Graphics 1996, 14.1, 33-38.
Info) -------------------------------------------------------------
Info) Multithreading available, 48 CPUs detected.
Info)   CPU features: SSE2 AVX AVX2 FMA 
Info) Free system memory: 121GB (96%)
Info) No CUDA accelerator devices available.
Info) Dynamically loaded 2 plugins in directory:
Info) /ibbr/vmd/1.9.3/lib/vmd/plugins/LINUXAMD64/molfile
6
Info) Using plugin xyz for structure file ./freq.QMRegion_a.xyz
Info) Using plugin xyz for coordinates from file ./freq.QMRegion_a.xyz
Info) Determining bond structure from distance search ...
Info) Analyzing structure ...
Info)    Atoms: 138
Info)    Bonds: 137
Info)    Angles: 0  Dihedrals: 0  Impropers: 0  Cross-terms: 0
Info)    Bondtypes: 0  Angletypes: 0  Dihedraltypes: 0  Impropertypes: 0
Info)    Residues: 1
Info)    Waters: 0
Info)    Segments: 1
Info)    Fragments: 1   Protein: 1   Nucleic: 0
Info) Finished with coordinate file ./freq.QMRegion_a.xyz.
0
Info) Using plugin xyz for structure file ./freq.QMRegion_b.xyz
Info) Using plugin xyz for coordinates from file ./freq.QMRegion_b.xyz
Info) Determining bond structure from distance search ...
Info) Analyzing structure ...
Info)    Atoms: 138
Info)    Bonds: 137
Info)    Angles: 0  Dihedrals: 0  Impropers: 0  Cross-terms: 0
Info)    Bondtypes: 0  Angletypes: 0  Dihedraltypes: 0  Impropertypes: 0
Info)    Residues: 1
Info)    Waters: 0
Info)    Segments: 1
Info)    Fragments: 1   Protein: 1   Nucleic: 0
Info) Finished with coordinate file ./freq.QMRegion_b.xyz.
1
file14
atomselect0
atomselect1
0
0
0
0
0
1.8250411376823175
Info) VMD for LINUXAMD64, version 1.9.3 (November 30, 2016)
Info) Exiting normally.
Can't load history: $< line too long.
[[0]]
399 0.9379644070646065
398 0.9381934393471417
397 0.938192354915635
396 0.9416930660786441
395 0.9420405305833883
394 0.9446845095021539
393 0.9455120229485839
392 0.9456208287571354
391 0.9462936224600365
390 0.9474238378826001
389 0.9480761935336313
388 0.9502305302502657
387 0.9524700191943967
386 0.9545809890171174
385 0.9568336197886255
384 0.9591080647868636
383 0.9610777353688544
382 0.9626656231473586
381 0.9636055704753796
380 0.9646184500843306
379 0.9646024306467748
378 0.9659424441258583
377 0.967068809018928
376 0.9678319842661189
375 0.9691203712966407
374 0.9703705436447144
373 0.9714874657733787
372 0.9724268891122262
371 0.9724245657448667
370 0.9732797153246261
369 0.9733830913467987
368 0.974083894777104
367 0.9741288528651726
366 0.9741253050944974
365 0.9747022806608506
364 0.9754384267164881
363 0.975967943988802
362 0.9766674208463928
361 0.9767640445097192
360 0.9765798000046209
359 0.977258126009101
358 0.9779134261409503
357 0.9785114950437295
356 0.9785918776012317
355 0.9788862504204148
354 0.9790545368513176
353 0.9794693345561677
352 0.9795189090929495
351 0.9794688662614082
350 0.9800300529288163
349 0.9806272624610677
348 0.9811260797471066
347 0.9816595277587888
346 0.9821241452246717
345 0.9822433004422456
344 0.9826212393127828
343 0.9831463586355661
342 0.9836373676160075
341 0.9839690709335799
340 0.9841925824762783
339 0.9842954380968558
338 0.9844496982898159
337 0.9843822282793804
336 0.9847453826357278
335 0.9850826568685663
334 0.985476986104046
333 0.9853703007779796
332 0.9857139307948553
331 0.9858079945764641
330 0.9859296568282512
329 0.9860181994016249
328 0.9861459717195123
327 0.9863137681537808
326 0.9863539967294455
325 0.9866453506248875
324 0.9868365983341689
323 0.9871213268581415
322 0.9872371313884606
321 0.9874461103249081
320 0.9876301253945247
319 0.9879449791386911
318 0.9878917522018709
317 0.9878907005609256
316 0.9881929806233067
315 0.9881223288784776
314 0.9881769472110934
313 0.9883426369173216
312 0.9884893115890376
311 0.9886021677640359
310 0.9886374188970953
309 0.9888800548315803
308 0.9890846864076971
307 0.9892571188557283
306 0.9893688066509678
305 0.9895799849783046
304 0.9898142793139136
303 0.9899634536255342
302 0.9900370274405349
Can't load history: $< line too long.
/ibbr/vmd/1.9.3/lib/vmd/vmd_LINUXAMD64: /lib64/libGL.so.1: no version information available (required by /ibbr/vmd/1.9.3/lib/vmd/vmd_LINUXAMD64)
Info) VMD for LINUXAMD64, version 1.9.3 (November 30, 2016)
Info) http://www.ks.uiuc.edu/Research/vmd/                         
Info) Email questions and bug reports to vmd@ks.uiuc.edu           
Info) Please include this reference in published work using VMD:   
Info)    Humphrey, W., Dalke, A. and Schulten, K., `VMD - Visual   
Info)    Molecular Dynamics', J. Molec. Graphics 1996, 14.1, 33-38.
Info) -------------------------------------------------------------
Info) Multithreading available, 48 CPUs detected.
Info)   CPU features: SSE2 AVX AVX2 FMA 
Info) Free system memory: 121GB (96%)
Info) No CUDA accelerator devices available.
Info) Dynamically loaded 2 plugins in directory:
Info) /ibbr/vmd/1.9.3/lib/vmd/plugins/LINUXAMD64/molfile
7
Info) Using plugin xyz for structure file ./freq.QMRegion_a.xyz
Info) Using plugin xyz for coordinates from file ./freq.QMRegion_a.xyz
Info) Determining bond structure from distance search ...
Info) Analyzing structure ...
Info)    Atoms: 138
Info)    Bonds: 137
Info)    Angles: 0  Dihedrals: 0  Impropers: 0  Cross-terms: 0
Info)    Bondtypes: 0  Angletypes: 0  Dihedraltypes: 0  Impropertypes: 0
Info)    Residues: 1
Info)    Waters: 0
Info)    Segments: 1
Info)    Fragments: 1   Protein: 1   Nucleic: 0
Info) Finished with coordinate file ./freq.QMRegion_a.xyz.
0
Info) Using plugin xyz for structure file ./freq.QMRegion_b.xyz
Info) Using plugin xyz for coordinates from file ./freq.QMRegion_b.xyz
Info) Determining bond structure from distance search ...
Info) Analyzing structure ...
Info)    Atoms: 138
Info)    Bonds: 137
Info)    Angles: 0  Dihedrals: 0  Impropers: 0  Cross-terms: 0
Info)    Bondtypes: 0  Angletypes: 0  Dihedraltypes: 0  Impropertypes: 0
Info)    Residues: 1
Info)    Waters: 0
Info)    Segments: 1
Info)    Fragments: 1   Protein: 1   Nucleic: 0
Info) Finished with coordinate file ./freq.QMRegion_b.xyz.
1
file14
atomselect0
atomselect1
0
0
0
0
0
5.645728121642861
Info) VMD for LINUXAMD64, version 1.9.3 (November 30, 2016)
Info) Exiting normally.
Can't load history: $< line too long.
[[0]]
399 0.8914829704181219
398 0.904630356863315
397 0.9137415202986934
396 0.9138377023448737
395 0.9196577344189805
394 0.9239068194060304
393 0.9235287014788132
392 0.9281244185494155
391 0.9321163352699419
390 0.9360360440477237
389 0.9391791249807941
388 0.9425403234866604
387 0.9459959630898579
386 0.9469217727835538
385 0.9503346868912258
384 0.9500465384480778
383 0.9530253870442169
382 0.9556679306980855
381 0.9581142803608953
380 0.9583544268341334
379 0.9606812878016338
378 0.9627098238046077
377 0.964247133116046
376 0.965992114132961
375 0.9670368223650883
374 0.9674733032123196
373 0.9687259686699161
372 0.9687842783952247
371 0.9693858284067882
370 0.9693706165312593
369 0.9699264859436215
368 0.9702115029489115
367 0.9712092810972941
366 0.9711999625146678
365 0.9722659310716115
364 0.973142528337613
363 0.973745858607419
362 0.974700754724519
361 0.974899448696386
360 0.975682330804293
359 0.9761062161914884
358 0.9760816960672445
357 0.9769017472231429
356 0.9777489625506335
355 0.977669216959666
354 0.9784520295893506
353 0.9790820533213573
352 0.9790532986309098
351 0.9791003023295723
350 0.9791091418408272
349 0.9796749668421483
348 0.9798279667507924
347 0.9798112266867554
346 0.9803951081013988
345 0.9806102847659393
344 0.9806843477913244
343 0.9810475296724394
342 0.9811967593897165
341 0.9813595917191741
340 0.9813346745645466
339 0.9817811394137335
338 0.9822111377051387
337 0.9824492067830946
336 0.982635819591242
335 0.9829127186282346
334 0.9832966318778247
333 0.9836006497311078
332 0.9836068640991958
331 0.983995843885395
330 0.9842444404778747
329 0.9844868869930942
328 0.9844985928617674
327 0.9843653673356066
326 0.9843167567671921
325 0.9845023616591754
324 0.9844217208744707
323 0.9845696708508991
322 0.9847285293855594
321 0.9848476116883287
320 0.9848456918006498
319 0.9852426000161683
318 0.9852007804438357
317 0.9855004900579581
316 0.985639735487733
315 0.9859314459809307
314 0.9860041187737982
313 0.9862380505772055
312 0.9865454989119846
311 0.9866352120622703
310 0.9866990321032588
309 0.9869992571347757
308 0.987063415019733
307 0.9873598173054496
306 0.9876355851894268
305 0.987685735241055
304 0.988049188733117
303 0.9880933349806124
302 0.9883934560803294
301 0.9885268864975962
300 0.9885759096399585
299 0.9888733472059151
298 0.9888756442071085
297 0.9890502737716385
296 0.9890501362034938
295 0.9892465636594163
294 0.9894664785038291
293 0.9897151783473918
292 0.989920468721714
291 0.9899301481558822
290 0.99017515589657
Can't load history: $< line too long.
/ibbr/vmd/1.9.3/lib/vmd/vmd_LINUXAMD64: /lib64/libGL.so.1: no version information available (required by /ibbr/vmd/1.9.3/lib/vmd/vmd_LINUXAMD64)
Info) VMD for LINUXAMD64, version 1.9.3 (November 30, 2016)
Info) http://www.ks.uiuc.edu/Research/vmd/                         
Info) Email questions and bug reports to vmd@ks.uiuc.edu           
Info) Please include this reference in published work using VMD:   
Info)    Humphrey, W., Dalke, A. and Schulten, K., `VMD - Visual   
Info)    Molecular Dynamics', J. Molec. Graphics 1996, 14.1, 33-38.
Info) -------------------------------------------------------------
Info) Multithreading available, 48 CPUs detected.
Info)   CPU features: SSE2 AVX AVX2 FMA 
Info) Free system memory: 121GB (96%)
Info) No CUDA accelerator devices available.
Info) Dynamically loaded 2 plugins in directory:
Info) /ibbr/vmd/1.9.3/lib/vmd/plugins/LINUXAMD64/molfile
7
Info) Using plugin xyz for structure file ./freq.QMRegion_a.xyz
Info) Using plugin xyz for coordinates from file ./freq.QMRegion_a.xyz
Info) Determining bond structure from distance search ...
Info) Analyzing structure ...
Info)    Atoms: 138
Info)    Bonds: 137
Info)    Angles: 0  Dihedrals: 0  Impropers: 0  Cross-terms: 0
Info)    Bondtypes: 0  Angletypes: 0  Dihedraltypes: 0  Impropertypes: 0
Info)    Residues: 1
Info)    Waters: 0
Info)    Segments: 1
Info)    Fragments: 1   Protein: 1   Nucleic: 0
Info) Finished with coordinate file ./freq.QMRegion_a.xyz.
0
Info) Using plugin xyz for structure file ./freq.QMRegion_b.xyz
Info) Using plugin xyz for coordinates from file ./freq.QMRegion_b.xyz
Info) Determining bond structure from distance search ...
Info) Analyzing structure ...
Info)    Atoms: 138
Info)    Bonds: 137
Info)    Angles: 0  Dihedrals: 0  Impropers: 0  Cross-terms: 0
Info)    Bondtypes: 0  Angletypes: 0  Dihedraltypes: 0  Impropertypes: 0
Info)    Residues: 1
Info)    Waters: 0
Info)    Segments: 1
Info)    Fragments: 1   Protein: 1   Nucleic: 0
Info) Finished with coordinate file ./freq.QMRegion_b.xyz.
1
file14
atomselect0
atomselect1
0
0
0
0
0
4.352146379618219
Info) VMD for LINUXAMD64, version 1.9.3 (November 30, 2016)
Info) Exiting normally.
Can't load history: $< line too long.
[[0]]
399 0.9003414837176792
398 0.9120187356103109
397 0.9120014968685561
396 0.9190013786707626
395 0.9228955183965527
394 0.9277870046979644
393 0.9323384774368596
392 0.9365202384378167
391 0.9399798510693308
390 0.9427539250269246
389 0.9446878288266345
388 0.9472086965198816
387 0.9495464789706646
386 0.9513012215919237
385 0.9515998447992373
384 0.9534742241109422
383 0.9537355151044815
382 0.9554881965032881
381 0.9569286920938085
380 0.9582390493995943
379 0.9595971006845122
378 0.9608574428674566
377 0.9621461993070384
376 0.9633655966007524
375 0.9634089331243458
374 0.9639580878409401
373 0.9642809702428204
372 0.9644393051633896
371 0.965322313069728
370 0.9660321306993533
369 0.9670615538531256
368 0.9679468602368693
367 0.9687107401224274
366 0.9695562137722535
365 0.9696809156565795
364 0.9705664477204634
363 0.9709965365879377
362 0.9714419533472005
361 0.9721671532178559
360 0.9729831275337758
359 0.973615406875973
358 0.974363239944482
357 0.9750688748023558
356 0.9756114643643231
355 0.9761622104234462
354 0.9767597790348364
353 0.9767560661967104
352 0.9768980858485977
351 0.9771823742875623
350 0.977182559396687
349 0.9774680452843981
348 0.9777953998097872
347 0.9784011168423994
346 0.9788159535063923
345 0.9791408343602338
344 0.9795932866043165
343 0.9800393368188259
342 0.9800443892987577
341 0.9803118581331153
340 0.9808180544606605
339 0.9808856801919684
338 0.9811434945135363
337 0.9813690952514802
336 0.9817799570825432
335 0.9817502044916857
334 0.9819924507646604
333 0.9824253191389317
332 0.9827074197176551
331 0.9829486596671035
330 0.9831440834531022
329 0.9832894269695099
328 0.9836847416102784
327 0.9839378233619349
326 0.9842775938039572
325 0.9845768418077803
324 0.9848749440608023
323 0.9852440695650185
322 0.9855471910030084
321 0.9857078621680119
320 0.9859790025152132
319 0.9862610688905653
318 0.9865632675716637
317 0.9868595525510955
316 0.9869967707594123
315 0.9870891548001034
314 0.9873247592264236
313 0.9875850152428288
312 0.9878490506134626
311 0.9880653696869905
310 0.9882273637085501
309 0.9882401914769867
308 0.988510733618594
307 0.9885780030941418
306 0.9886876670272525
305 0.9886836863814226
304 0.9888689972602512
303 0.9890559382467833
302 0.9892492598521165
301 0.9893306834744126
300 0.9895362186327984
299 0.9897281493624799
298 0.9898573142606224
297 0.989818446776183
296 0.9898240527857122
295 0.9898221666335851
294 0.9898027062495196
293 0.9898583642334314
292 0.9898711778003496
291 0.9899213397037312
290 0.989895195410532
289 0.990087487906155
Can't load history: $< line too long.
/ibbr/vmd/1.9.3/lib/vmd/vmd_LINUXAMD64: /lib64/libGL.so.1: no version information available (required by /ibbr/vmd/1.9.3/lib/vmd/vmd_LINUXAMD64)
Info) VMD for LINUXAMD64, version 1.9.3 (November 30, 2016)
Info) http://www.ks.uiuc.edu/Research/vmd/                         
Info) Email questions and bug reports to vmd@ks.uiuc.edu           
Info) Please include this reference in published work using VMD:   
Info)    Humphrey, W., Dalke, A. and Schulten, K., `VMD - Visual   
Info)    Molecular Dynamics', J. Molec. Graphics 1996, 14.1, 33-38.
Info) -------------------------------------------------------------
Info) Multithreading available, 48 CPUs detected.
Info)   CPU features: SSE2 AVX AVX2 FMA 
Info) Free system memory: 121GB (96%)
Info) No CUDA accelerator devices available.
Info) Dynamically loaded 2 plugins in directory:
Info) /ibbr/vmd/1.9.3/lib/vmd/plugins/LINUXAMD64/molfile
7
Info) Using plugin xyz for structure file ./freq.QMRegion_a.xyz
Info) Using plugin xyz for coordinates from file ./freq.QMRegion_a.xyz
Info) Determining bond structure from distance search ...
Info) Analyzing structure ...
Info)    Atoms: 138
Info)    Bonds: 137
Info)    Angles: 0  Dihedrals: 0  Impropers: 0  Cross-terms: 0
Info)    Bondtypes: 0  Angletypes: 0  Dihedraltypes: 0  Impropertypes: 0
Info)    Residues: 1
Info)    Waters: 0
Info)    Segments: 1
Info)    Fragments: 1   Protein: 1   Nucleic: 0
Info) Finished with coordinate file ./freq.QMRegion_a.xyz.
0
Info) Using plugin xyz for structure file ./freq.QMRegion_b.xyz
Info) Using plugin xyz for coordinates from file ./freq.QMRegion_b.xyz
Info) Determining bond structure from distance search ...
Info) Analyzing structure ...
Info)    Atoms: 138
Info)    Bonds: 137
Info)    Angles: 0  Dihedrals: 0  Impropers: 0  Cross-terms: 0
Info)    Bondtypes: 0  Angletypes: 0  Dihedraltypes: 0  Impropertypes: 0
Info)    Residues: 1
Info)    Waters: 0
Info)    Segments: 1
Info)    Fragments: 1   Protein: 1   Nucleic: 0
Info) Finished with coordinate file ./freq.QMRegion_b.xyz.
1
file14
atomselect0
atomselect1
0
0
0
0
0
1.5342193040259848
Info) VMD for LINUXAMD64, version 1.9.3 (November 30, 2016)
Info) Exiting normally.
Can't load history: $< line too long.
[[0]]
399 0.9433482534592675
398 0.9433226709107668
397 0.9491154596730679
396 0.9508028413717622
395 0.9514370768818967
394 0.9536642236681426
393 0.9563711266684038
392 0.9589737771721293
391 0.9609381876812537
390 0.9631974359591805
389 0.9631449556394026
388 0.9631303932784896
387 0.9630720903477299
386 0.9645099232247771
385 0.9657650795404676
384 0.9657500361362833
383 0.966497004301439
382 0.9665233525195875
381 0.9672734852304108
380 0.9683893141110266
379 0.9693841892193923
378 0.969365837438991
377 0.9704361606688454
376 0.97141075478487
375 0.9713904100321317
374 0.9722292629984047
373 0.9731554263160851
372 0.9738857237052932
371 0.9738061167122508
370 0.9740708507133563
369 0.9748432471149528
368 0.9755367176825158
367 0.976244304840955
366 0.9767897503931785
365 0.9774021203437351
364 0.9778614577990994
363 0.9781977738491849
362 0.9782024208606596
361 0.9787996421115096
360 0.9790022418591152
359 0.9793903827457731
358 0.9800023522854151
357 0.9806125480550465
356 0.9810845120226801
355 0.9812024277119666
354 0.9817298118661392
353 0.9820459231774732
352 0.9821761804395609
351 0.9826732494982894
350 0.9831522392966475
349 0.9835906368232418
348 0.9840478360324014
347 0.9843555721973084
346 0.9847491768819131
345 0.985087741587587
344 0.9853615609841223
343 0.9854717672406209
342 0.985729199141483
341 0.9858043690588715
340 0.9861778565218544
339 0.9865201999066557
338 0.9868216899670551
337 0.9868430962780868
336 0.9868968422786972
335 0.9871323318240277
334 0.9872583905820674
333 0.9875607928527557
332 0.9878449490993789
331 0.9881602438256436
330 0.9882120899995704
329 0.9882059022033227
328 0.988214015051651
327 0.9881903795408742
326 0.9884429265768561
325 0.9883848043209055
324 0.9884894917099266
323 0.9887090112060087
322 0.9888716425760193
321 0.9889808693708468
320 0.989074461057925
319 0.9893086061252718
318 0.9894499324162638
317 0.9894656466338871
316 0.9894715050911993
315 0.9895776074314386
314 0.989580230341789
313 0.9896477528971357
312 0.9898222875594708
311 0.9899070657750796
310 0.99007482919843
Can't load history: $< line too long.
/ibbr/vmd/1.9.3/lib/vmd/vmd_LINUXAMD64: /lib64/libGL.so.1: no version information available (required by /ibbr/vmd/1.9.3/lib/vmd/vmd_LINUXAMD64)
Info) VMD for LINUXAMD64, version 1.9.3 (November 30, 2016)
Info) http://www.ks.uiuc.edu/Research/vmd/                         
Info) Email questions and bug reports to vmd@ks.uiuc.edu           
Info) Please include this reference in published work using VMD:   
Info)    Humphrey, W., Dalke, A. and Schulten, K., `VMD - Visual   
Info)    Molecular Dynamics', J. Molec. Graphics 1996, 14.1, 33-38.
Info) -------------------------------------------------------------
Info) Multithreading available, 48 CPUs detected.
Info)   CPU features: SSE2 AVX AVX2 FMA 
Info) Free system memory: 121GB (96%)
Info) No CUDA accelerator devices available.
Info) Dynamically loaded 2 plugins in directory:
Info) /ibbr/vmd/1.9.3/lib/vmd/plugins/LINUXAMD64/molfile
8
Info) Using plugin xyz for structure file ./freq.QMRegion_a.xyz
Info) Using plugin xyz for coordinates from file ./freq.QMRegion_a.xyz
Info) Determining bond structure from distance search ...
Info) Analyzing structure ...
Info)    Atoms: 138
Info)    Bonds: 137
Info)    Angles: 0  Dihedrals: 0  Impropers: 0  Cross-terms: 0
Info)    Bondtypes: 0  Angletypes: 0  Dihedraltypes: 0  Impropertypes: 0
Info)    Residues: 1
Info)    Waters: 0
Info)    Segments: 1
Info)    Fragments: 1   Protein: 1   Nucleic: 0
Info) Finished with coordinate file ./freq.QMRegion_a.xyz.
0
Info) Using plugin xyz for structure file ./freq.QMRegion_b.xyz
Info) Using plugin xyz for coordinates from file ./freq.QMRegion_b.xyz
Info) Determining bond structure from distance search ...
Info) Analyzing structure ...
Info)    Atoms: 138
Info)    Bonds: 137
Info)    Angles: 0  Dihedrals: 0  Impropers: 0  Cross-terms: 0
Info)    Bondtypes: 0  Angletypes: 0  Dihedraltypes: 0  Impropertypes: 0
Info)    Residues: 1
Info)    Waters: 0
Info)    Segments: 1
Info)    Fragments: 1   Protein: 1   Nucleic: 0
Info) Finished with coordinate file ./freq.QMRegion_b.xyz.
1
file14
atomselect0
atomselect1
0
0
0
0
0
3.1695620740252477
Info) VMD for LINUXAMD64, version 1.9.3 (November 30, 2016)
Info) Exiting normally.
Can't load history: $< line too long.
[[0]]
399 0.8763563778998408
398 0.8887593837492823
397 0.9000219868805545
396 0.9083474321818047
395 0.9154753670926313
394 0.9224229864085209
393 0.9224327926810775
392 0.9280356042283983
391 0.9332544899471809
390 0.9331645724078779
389 0.9334343068695132
388 0.9381155701864625
387 0.9380249845092857
386 0.9417966344754792
385 0.9427732688804624
384 0.9443011173856377
383 0.9469954532333497
382 0.9485153107738601
381 0.9495157413003461
380 0.9513731029990956
379 0.9533386709128715
378 0.9545837302192327
377 0.9564977109989355
376 0.9573555654745889
375 0.9586645498239044
374 0.958612555371702
373 0.9599683063019895
372 0.9599518677161736
371 0.961525460491993
370 0.9629694938352953
369 0.9645787089777887
368 0.9659952285401419
367 0.9669124323341086
366 0.9676915833362105
365 0.9687097300537968
364 0.9686592579474811
363 0.969803891533753
362 0.9704191542623394
361 0.9704016712562964
360 0.9704078438251265
359 0.971049364992993
358 0.971097406471886
357 0.9714343239165352
356 0.9719683527505851
355 0.9727402410699513
354 0.9734191705852961
353 0.974031968084268
352 0.9747454635796406
351 0.974857240091008
350 0.9755707987604451
349 0.9759345290563719
348 0.9764720066475112
347 0.9764603356087698
346 0.9768334954405772
345 0.9773673368241462
344 0.9773826722355263
343 0.9777976361031296
342 0.9782306377692258
341 0.9787947717383004
340 0.9789077493917061
339 0.9790005602327319
338 0.9794466920344707
337 0.9799944006364072
336 0.980102703605609
335 0.9800556589428558
334 0.9804575838836436
333 0.980319708091555
332 0.9807247875782318
331 0.9810116619980962
330 0.9812790810213762
329 0.9814754952427936
328 0.981687720031211
327 0.9820305827314669
326 0.9824054997374468
325 0.9823811762014681
324 0.9826299223377205
323 0.9830251361946976
322 0.9833315022671631
321 0.9834447214444981
320 0.9837740350078193
319 0.9839857087468661
318 0.98433622598131
317 0.9846966092935044
316 0.9848135743670522
315 0.9851161766699756
314 0.9853873683138916
313 0.9854104311356988
312 0.9857540711022773
311 0.9859369260976627
310 0.9859019520056326
309 0.9862507706965808
308 0.9864568887466906
307 0.9867859410044802
306 0.9870786300763453
305 0.9871246843710351
304 0.9872056120529599
303 0.9874602518085458
302 0.9877405694476552
301 0.9877289898966506
300 0.9880146960154614
299 0.9882837680951435
298 0.9884104017857143
297 0.9884910729044553
296 0.9886613414696879
295 0.9889171955686462
294 0.989022847979903
293 0.988998208012102
292 0.9891869071193267
291 0.9891445461800347
290 0.9892287421106559
289 0.9895230859437811
288 0.9896129927969061
287 0.9898683124530883
286 0.9899717901419027
285 0.9901480755596788
Can't load history: $< line too long.
/ibbr/vmd/1.9.3/lib/vmd/vmd_LINUXAMD64: /lib64/libGL.so.1: no version information available (required by /ibbr/vmd/1.9.3/lib/vmd/vmd_LINUXAMD64)
Info) VMD for LINUXAMD64, version 1.9.3 (November 30, 2016)
Info) http://www.ks.uiuc.edu/Research/vmd/                         
Info) Email questions and bug reports to vmd@ks.uiuc.edu           
Info) Please include this reference in published work using VMD:   
Info)    Humphrey, W., Dalke, A. and Schulten, K., `VMD - Visual   
Info)    Molecular Dynamics', J. Molec. Graphics 1996, 14.1, 33-38.
Info) -------------------------------------------------------------
Info) Multithreading available, 48 CPUs detected.
Info)   CPU features: SSE2 AVX AVX2 FMA 
Info) Free system memory: 121GB (96%)
Info) No CUDA accelerator devices available.
Info) Dynamically loaded 2 plugins in directory:
Info) /ibbr/vmd/1.9.3/lib/vmd/plugins/LINUXAMD64/molfile
8
Info) Using plugin xyz for structure file ./freq.QMRegion_a.xyz
Info) Using plugin xyz for coordinates from file ./freq.QMRegion_a.xyz
Info) Determining bond structure from distance search ...
Info) Analyzing structure ...
Info)    Atoms: 138
Info)    Bonds: 137
Info)    Angles: 0  Dihedrals: 0  Impropers: 0  Cross-terms: 0
Info)    Bondtypes: 0  Angletypes: 0  Dihedraltypes: 0  Impropertypes: 0
Info)    Residues: 1
Info)    Waters: 0
Info)    Segments: 1
Info)    Fragments: 1   Protein: 1   Nucleic: 0
Info) Finished with coordinate file ./freq.QMRegion_a.xyz.
0
Info) Using plugin xyz for structure file ./freq.QMRegion_b.xyz
Info) Using plugin xyz for coordinates from file ./freq.QMRegion_b.xyz
Info) Determining bond structure from distance search ...
Info) Analyzing structure ...
Info)    Atoms: 138
Info)    Bonds: 137
Info)    Angles: 0  Dihedrals: 0  Impropers: 0  Cross-terms: 0
Info)    Bondtypes: 0  Angletypes: 0  Dihedraltypes: 0  Impropertypes: 0
Info)    Residues: 1
Info)    Waters: 0
Info)    Segments: 1
Info)    Fragments: 1   Protein: 1   Nucleic: 0
Info) Finished with coordinate file ./freq.QMRegion_b.xyz.
1
file14
atomselect0
atomselect1
0
0
0
0
0
5.242898779480059
Info) VMD for LINUXAMD64, version 1.9.3 (November 30, 2016)
Info) Exiting normally.
Can't load history: $< line too long.
[[0]]
399 0.8755815287293117
398 0.8850639307077949
397 0.8849925027262889
396 0.8894311141140762
395 0.8952814090972246
394 0.9009730733692352
393 0.9056910435087299
392 0.9108905892581715
391 0.91555421041968
390 0.9187767113070828
389 0.9230362175733593
388 0.9268613349274247
387 0.9307897222214576
386 0.9343418799439095
385 0.9379105215239117
384 0.940880134415849
383 0.9436135047434488
382 0.9462940431525538
381 0.9491531135518382
380 0.9517422857878992
379 0.9541755914387574
378 0.954396644759294
377 0.9567826736453305
376 0.9567449183944656
375 0.9585902155000877
374 0.9590600479013278
373 0.960661236745667
372 0.9624453396862902
371 0.9625448034366455
370 0.9642215405721196
369 0.965769094233815
368 0.9670263240199362
367 0.9686249929375432
366 0.9700560153624483
365 0.9709069390141059
364 0.9722116700830187
363 0.9725689370044968
362 0.9738327773847152
361 0.9743506117939416
360 0.975001233952919
359 0.9751776093475951
358 0.9756350986297138
357 0.9761018581046307
356 0.9770515697632447
355 0.9779811777211127
354 0.9785958112887299
353 0.9785967513258552
352 0.9794746332263459
351 0.9795094064253045
350 0.9800131909365166
349 0.9802703635077161
348 0.9804599855963322
347 0.9803729748029201
346 0.980790698077621
345 0.9808224472809415
344 0.9812282679281278
343 0.9818921972788092
342 0.982552202217143
341 0.9830140329952871
340 0.9829720694829485
339 0.9830025673007895
338 0.9835970057823721
337 0.9838306640074941
336 0.9842319124383775
335 0.9847747696110126
334 0.9847669965598049
333 0.9846690147136429
332 0.9847077267992402
331 0.9846615194437779
330 0.984637695918178
329 0.9846764354120505
328 0.9846758966100078
327 0.9846807361304702
326 0.9850161648496409
325 0.985404120312682
324 0.9854195024430882
323 0.9855215611267585
322 0.9855220330028587
321 0.9858537314520277
320 0.9862353275969172
319 0.986548238441982
318 0.9867797152198416
317 0.9870967846144575
316 0.9870779396249997
315 0.9870759233523462
314 0.9874237963894876
313 0.987516444924936
312 0.9877501514745435
311 0.9878307295975832
310 0.988076175417036
309 0.9881236644770338
308 0.9881887321093261
307 0.9884519495535403
306 0.9886789027847278
305 0.9886473404619575
304 0.9886351414164881
303 0.9887416480441206
302 0.9890143875522641
301 0.9890628652823537
300 0.9891536728826756
299 0.9894025629500819
298 0.9893197431690078
297 0.9892661249040134
296 0.9895409735529477
295 0.9895212335795461
294 0.9896183077197444
293 0.9897771916447891
292 0.9899381758915929
291 0.9899469329447063
290 0.9899461557649986
289 0.9899461165782988
288 0.9899555104468818
287 0.9901941768892392
Can't load history: $< line too long.
/ibbr/vmd/1.9.3/lib/vmd/vmd_LINUXAMD64: /lib64/libGL.so.1: no version information available (required by /ibbr/vmd/1.9.3/lib/vmd/vmd_LINUXAMD64)
Info) VMD for LINUXAMD64, version 1.9.3 (November 30, 2016)
Info) http://www.ks.uiuc.edu/Research/vmd/                         
Info) Email questions and bug reports to vmd@ks.uiuc.edu           
Info) Please include this reference in published work using VMD:   
Info)    Humphrey, W., Dalke, A. and Schulten, K., `VMD - Visual   
Info)    Molecular Dynamics', J. Molec. Graphics 1996, 14.1, 33-38.
Info) -------------------------------------------------------------
Info) Multithreading available, 48 CPUs detected.
Info)   CPU features: SSE2 AVX AVX2 FMA 
Info) Free system memory: 121GB (96%)
Info) No CUDA accelerator devices available.
Info) Dynamically loaded 2 plugins in directory:
Info) /ibbr/vmd/1.9.3/lib/vmd/plugins/LINUXAMD64/molfile
9
Info) Using plugin xyz for structure file ./freq.QMRegion_a.xyz
Info) Using plugin xyz for coordinates from file ./freq.QMRegion_a.xyz
Info) Determining bond structure from distance search ...
Info) Analyzing structure ...
Info)    Atoms: 138
Info)    Bonds: 137
Info)    Angles: 0  Dihedrals: 0  Impropers: 0  Cross-terms: 0
Info)    Bondtypes: 0  Angletypes: 0  Dihedraltypes: 0  Impropertypes: 0
Info)    Residues: 1
Info)    Waters: 0
Info)    Segments: 1
Info)    Fragments: 1   Protein: 1   Nucleic: 0
Info) Finished with coordinate file ./freq.QMRegion_a.xyz.
0
Info) Using plugin xyz for structure file ./freq.QMRegion_b.xyz
Info) Using plugin xyz for coordinates from file ./freq.QMRegion_b.xyz
Info) Determining bond structure from distance search ...
Info) Analyzing structure ...
Info)    Atoms: 138
Info)    Bonds: 137
Info)    Angles: 0  Dihedrals: 0  Impropers: 0  Cross-terms: 0
Info)    Bondtypes: 0  Angletypes: 0  Dihedraltypes: 0  Impropertypes: 0
Info)    Residues: 1
Info)    Waters: 0
Info)    Segments: 1
Info)    Fragments: 1   Protein: 1   Nucleic: 0
Info) Finished with coordinate file ./freq.QMRegion_b.xyz.
1
file14
atomselect0
atomselect1
0
0
0
0
0
3.895004814684087
Info) VMD for LINUXAMD64, version 1.9.3 (November 30, 2016)
Info) Exiting normally.
Can't load history: $< line too long.
[[0]]
399 0.8892521906297252
398 0.8976525076227364
397 0.9066222322150678
396 0.9089750596315089
395 0.9154584954879293
394 0.9214972903194135
393 0.9216352098816842
392 0.9260063244764883
391 0.9274120037334439
390 0.9311542327915086
389 0.9344524234756993
388 0.9372256580442169
387 0.9397607338966849
386 0.9416411441367318
385 0.9434451510641285
384 0.9455264461767101
383 0.9457194922664796
382 0.9459109861337073
381 0.9476176732081751
380 0.9491913591972981
379 0.9509293153128466
378 0.9512592569706287
377 0.952346136719586
376 0.9539419205768209
375 0.9539405915210994
374 0.9543188929970416
373 0.9548882170569571
372 0.955859387851136
371 0.9570887003352468
370 0.9583638981440276
369 0.9594076220744625
368 0.9596948243706336
367 0.9597733169279026
366 0.9609477756768973
365 0.9621613596230728
364 0.9629056282939976
363 0.9637939842692512
362 0.9647544788088231
361 0.9657406068917124
360 0.9666817975686898
359 0.9676227145031732
358 0.9685364682011925
357 0.9688468889150228
356 0.9694741492243188
355 0.9702994237153493
354 0.9709393865005056
353 0.9715879851148508
352 0.9719709328212621
351 0.97270456127187
350 0.9731342158353584
349 0.9737853756993738
348 0.9744887279439094
347 0.9751755091140323
346 0.9752388400682882
345 0.975978236008217
344 0.97659637795974
343 0.9771849072364674
342 0.9777256195958677
341 0.9782815024056197
340 0.9788931208870102
339 0.9792864439171088
338 0.9797315579477504
337 0.9800410667392961
336 0.9804623028545112
335 0.9809281769800512
334 0.9809989128887829
333 0.9810812790064732
332 0.9814950323095171
331 0.9813945883071926
330 0.981457090092797
329 0.9818566903477457
328 0.9822856790922581
327 0.9824890016019201
326 0.9825546153627565
325 0.9829624833369062
324 0.983235945099146
323 0.9835556583584834
322 0.9839743003952156
321 0.9843582401785533
320 0.9844890737519209
319 0.9847232266097289
318 0.9850883623116703
317 0.9851991162765212
316 0.9852594209834282
315 0.9852710607338039
314 0.985553839359801
313 0.9856051107988256
312 0.9859008501813632
311 0.9859105243281996
310 0.9861770007295009
309 0.9865328084422783
308 0.9868234795529757
307 0.9868906100665018
306 0.9871599354183694
305 0.987377237671492
304 0.9873576383737606
303 0.9874793761633168
302 0.987787054090696
301 0.9881107544002422
300 0.988330153999746
299 0.9885495880500256
298 0.9888153804529088
297 0.9890302240644441
296 0.9891937452901388
295 0.9894669656412405
294 0.9894519031741963
293 0.9896884508588241
292 0.989712480490505
291 0.9897602062262579
290 0.9900351769588392
