10.313
9.154
8.247
9.346
10.118
9.248
10.896
10.171
11.625
11.922
11.659
12.365
10.337
10.623
9.322
10.936
8.813
7.844
8.679
10.211
10.279
11.425
9.903
8.974
8.700
8.637
9.506
7.388
7.346
6.392
5.542
5.644
4.282
4.536
4.159
7.231
7.606
7.890
5.831
5.522
6.327
3.987
3.477
3.968
2.896
2.769
3.009
1.706
0.769
1.958
1.274
2.155
0.894
0.160
0.579
0.045
-1.199
-1.517
-0.976
-2.228
-1.845
-2.319
-3.540
-3.427
-4.752
-5.623
-5.052
-5.749
-4.150
-5.609
-5.840
-4.853
-6.956
-6.782
-7.805
-7.376
-7.417
-6.643
-8.776
-8.986
-9.420
-9.269
-10.283
-9.326
-8.343
-7.263
-8.461
-8.636
-8.062
-9.699
-8.429
3.413
3.337
4.071
2.007
1.998
1.785
0.791
1.130
0.172
-0.019
0.387
-0.136
-1.430
-2.050
-1.332
-2.162
-1.606
-3.005
-2.687
-2.119
-3.860
-4.146
-4.727
-4.108
-5.294
-5.783
-5.268
-6.321
-6.937
-6.438
-7.396
-7.962
-8.751
-8.447
-7.520
-6.954
-8.486
-6.788
-5.864
-7.179
-6.346
-7.307
-5.738
-5.802
-4.757
-6.576
-5.773
13.679
13.436
14.233
13.244
15.032
15.208
15.106
15.876
13.525
14.044
12.491
14.082
12.625
11.634
12.394
13.106
12.193
12.355
12.098
10.830
10.960
11.701
11.010
9.290
8.759
9.357
8.673
7.263
6.647
7.372
6.258
5.292
6.402
7.017
7.106
6.796
7.534
6.923
5.495
4.471
4.601
3.268
3.411
3.290
5.084
5.492
4.395
4.302
4.001
4.996
3.119
3.385
2.434
2.402
1.859
3.111
1.462
1.880
1.323
0.102
0.189
-0.419
-0.724
-0.599
-1.292
-1.934
-1.433
-0.644
-1.303
-2.831
-3.681
-3.049
-2.916
-3.858
-2.043
-3.097
-3.182
-2.236
-4.439
-4.266
-5.010
-5.311
-5.646
-4.826
-6.467
-5.997
-6.729
-7.708
-8.387
-8.179
-7.468
1.900
1.787
1.057
1.698
2.123
2.311
0.159
-0.036
-0.295
-0.154
0.231
0.265
-1.621
-1.777
-1.986
-2.416
-2.019
-2.588
-3.807
-3.837
-5.007
-5.784
-5.213
-4.284
-5.553
-6.468
-6.376
-7.381
-6.528
-6.998
-7.322
-5.333
-4.903
-4.516
-5.503
-4.655
-6.433
-5.826
-5.020
-6.819
-5.665
-4.659
-5.547
-6.673
-6.348
-7.741
-6.627
13.382
12.459
11.434
12.524
13.007
13.829
12.064
12.951
13.330
12.316
13.798
13.791
14.783
15.524
14.937
15.057
12.618
13.655
11.933
11.091
11.074
10.704
12.505
10.157
8.796
8.214
8.720
8.168
8.887
7.931
7.476
7.511
7.029
7.799
6.106
6.927
7.209
6.545
5.822
5.015
5.219
3.893
4.212
3.007
6.713
5.741
7.444
6.665
6.232
7.721
5.944
6.521
5.944
4.466
3.966
4.471
3.676
4.063
3.706
2.132
1.615
1.800
1.659
2.408
0.391
0.232
-0.886
-1.123
-0.652
-2.109
-2.260
-3.051
-2.156
-1.749
-1.429
-3.626
-4.199
-3.616
-4.257
-3.710
-4.341
-5.699
-6.296
-5.654
-6.491
-6.704
-7.505
-5.918
-6.327
-6.161
-4.819
3.513
4.411
2.888
2.558
2.858
2.493
1.172
0.782
1.201
0.039
-0.093
0.218
-1.346
-1.456
-1.421
-2.403
-2.257
-3.397
-2.238
-1.518
-3.049
-2.857
-4.291
-5.060
-4.790
-3.964
-3.356
-3.416
-5.274
-5.806
-5.030
-6.163
-5.581
-6.723
-7.254
-6.816
-7.849
-8.169
-7.529
-8.846
-9.002
-9.799
-9.535
-8.139
-8.734
-7.731
-7.329
13.169
12.134
12.258
12.321
12.803
13.548
11.778
12.653
12.933
13.344
11.868
13.402
14.575
14.619
14.766
15.288
10.594
10.143
10.322
10.410
11.235
10.923
10.336
8.873
8.079
7.292
8.684
7.326
8.122
6.656
6.346
6.850
5.382
5.963
5.179
6.372
5.756
7.110
5.563
6.093
7.053
5.267
4.700
5.909
4.023
3.957
3.645
2.929
2.930
3.347
1.602
1.589
1.261
0.540
0.260
0.961
-0.743
-0.582
-1.004
-1.996
-2.923
-2.104
-1.743
-0.897
-2.583
-2.265
-3.881
-3.894
-4.086
-4.943
-4.726
-4.840
-6.355
-6.629
-6.250
-7.396
-6.872
-7.586
-8.679
-8.438
-9.321
-9.650
-9.731
-9.121
-11.125
-11.097
-11.546
-12.126
-13.183
-12.108
-11.790
4.219
4.624
3.985
2.853
2.556
2.998
1.789
1.948
1.910
0.411
0.220
0.336
-0.679
-0.558
-1.606
-0.988
-1.759
-0.097
-1.434
-0.703
-2.703
-2.774
-3.973
-4.419
-3.633
-4.918
-4.399
-5.203
-6.242
-6.016
-6.610
-7.406
-7.136
-8.195
-7.999
-7.305
-8.589
-9.156
-8.833
-10.055
-9.511
-10.201
-8.604
-10.333
-10.759
-9.716
-11.114
13.875
12.700
11.842
12.810
14.027
13.848
14.958
13.210
13.803
12.833
14.546
13.972
15.085
15.184
16.016
15.066
12.391
13.301
11.649
10.474
10.129
10.118
11.998
9.868
9.015
9.558
8.718
7.659
7.166
6.939
6.256
6.245
5.385
4.593
6.045
7.815
8.522
8.353
6.551
5.948
6.389
4.771
4.729
5.095
4.634
5.343
3.815
4.096
3.286
4.927
3.379
3.081
4.050
2.296
2.751
1.789
1.260
0.330
0.925
1.621
2.542
1.779
0.427
0.576
-0.730
-1.527
-1.196
-1.726
-0.272
-2.156
-2.244
-1.736
-3.617
-3.526
-3.920
-4.749
-4.787
-4.437
-6.123
-6.213
-6.381
-7.196
-6.984
-7.260
-8.627
-8.691
-8.664
-9.655
-10.693
-9.551
-9.370
3.420
3.019
3.560
2.231
2.478
2.335
0.840
0.884
0.146
0.298
1.129
0.257
-1.061
-1.266
-0.983
-2.206
-1.878
-2.280
-3.493
-3.503
-4.661
-5.552
-4.912
-5.397
-3.981
-5.729
-5.631
-5.353
-7.227
-7.630
-7.451
-8.037
-7.886
-9.092
-7.870
-6.921
-7.786
-9.021
-9.470
-9.777
-8.516
-7.562
-9.222
-8.233
-8.414
-9.091
-7.241
10.418
10.181
11.069
9.472
11.140
10.567
11.321
12.140
11.323
11.266
10.953
12.367
9.109
8.495
9.260
8.588
9.410
8.343
9.435
11.132
12.135
11.590
9.910
10.535
9.575
9.594
9.873
8.080
8.031
7.730
6.652
6.071
6.364
5.639
7.348
7.213
7.261
7.636
5.775
5.441
6.305
3.948
3.740
3.521
5.733
5.747
6.298
4.309
4.324
3.750
3.602
3.582
4.325
2.204
1.727
2.425
1.214
1.510
1.155
-0.202
-0.569
-0.331
-1.146
-0.768
-2.293
-2.877
-2.714
-2.247
-3.790
-2.616
-2.861
-3.289
-1.128
-0.577
-0.623
-0.896
0.206
-1.446
-1.351
-1.295
-2.328
-0.509
-0.142
0.247
-1.502
-2.251
-2.017
-0.840
-0.441
-1.485
0.033
3.371
3.989
3.503
1.866
1.843
1.523
0.850
0.905
1.137
-0.633
-0.939
-0.691
-1.545
-0.996
-1.471
-2.991
-3.115
-3.565
-3.548
-2.793
-4.772
-4.997
-5.904
-5.628
-6.725
-6.378
-6.922
-5.484
-7.248
-8.095
-6.745
-8.005
-7.474
-8.068
-9.444
-9.969
-9.924
-9.419
-8.858
-8.861
-10.784
-10.641
-11.481
-11.438
-10.629
-12.319
-11.732
11.657
10.999
11.114
11.520
11.913
11.024
12.172
12.654
13.022
12.849
13.716
13.508
10.946
10.782
9.971
11.506
9.507
9.071
8.973
9.813
11.203
9.638
9.451
8.805
7.392
7.306
7.172
6.462
6.558
6.831
6.769
6.522
6.925
6.855
7.934
4.964
4.737
4.679
4.185
3.693
3.866
2.873
3.058
3.157
5.756
6.171
5.750
4.368
4.004
4.529
3.341
3.544
3.455
1.878
1.807
1.666
0.786
1.236
0.637
-0.555
-0.417
-1.105
-1.413
-0.809
-2.727
-3.165
-3.647
-3.079
-4.378
-4.454
-4.775
-3.783
-5.655
-6.001
-5.395
-6.885
-6.673
-7.110
-7.996
-8.172
-7.669
-9.328
-9.199
-9.624
-10.202
-10.074
-9.832
-11.655
-12.340
-11.942
-11.853
1.429
1.426
0.810
0.713
0.891
1.275
-0.692
-0.637
-1.392
-1.167
-0.491
-1.107
-2.627
-3.232
-2.736
-3.263
-3.214
-2.540
-4.638
-4.685
-5.717
-6.670
-5.919
-5.045
-6.542
-6.713
-6.154
-6.775
-8.166
-8.236
-8.546
-9.064
-9.020
-8.565
-10.514
-10.495
-10.947
-11.253
-12.216
-10.872
-11.477
-10.491
-11.918
-12.351
-13.361
-11.731
-12.614
8.428
7.402
6.538
7.834
9.741
10.442
10.210
9.455
8.630
9.114
7.782
9.151
7.902
8.671
6.996
7.632
6.902
5.913
6.819
8.197
9.415
8.291
7.893
6.947
6.320
5.750
6.929
5.207
5.643
4.124
3.775
4.182
2.704
2.917
1.782
4.488
4.149
5.163
3.342
2.604
3.022
1.360
1.648
0.729
2.473
2.628
3.363
1.272
1.130
0.432
1.332
2.280
0.445
1.020
0.096
1.803
1.018
1.495
1.678
-0.416
-0.315
-0.895
-1.261
-0.858
-2.407
-2.759
-3.146
-2.508
-3.839
-3.919
-3.148
-4.549
-4.825
-5.332
-4.386
-5.913
-5.434
-6.407
-7.125
-7.921
-7.457
-6.892
-6.166
-7.782
-6.523
-7.403
-5.774
-5.878
-4.945
-6.632
-5.419
0.411
-0.501
0.899
-0.151
0.615
-0.679
-1.131
-2.000
-0.600
-1.496
-0.655
-1.696
-2.771
-3.470
-2.474
-3.227
-4.179
-3.311
-2.107
-1.599
-1.767
-0.913
-2.268
-2.599
-3.015
-1.138
-0.581
-0.383
-1.683
-2.132
-2.475
-0.614
-1.043
-0.170
0.444
-0.086
0.857
1.597
1.179
1.793
2.926
3.403
3.498
2.742
2.731
3.532
1.759
6.886
6.653
5.814
7.547
8.134
8.160
9.030
8.203
6.986
6.084
7.895
7.080
5.804
4.894
5.584
5.888
6.648
6.256
5.950
9.058
9.230
10.173
7.891
8.541
8.642
8.486
9.683
7.703
7.974
6.362
5.433
5.583
4.066
3.956
4.114
7.761
8.837
7.160
7.396
6.274
5.737
5.761
6.418
5.746
2.986
3.237
2.716
1.705
1.430
1.940
0.597
1.043
0.252
-0.540
-1.228
-0.122
-1.496
-0.798
-2.008
-2.473
-3.241
-1.936
-3.270
-2.769
-4.625
-5.081
-5.609
-5.077
-6.107
-6.702
-6.116
-7.284
-7.812
-8.421
-7.215
-8.769
-9.107
-8.215
-10.009
-9.819
-10.530
-10.940
-10.916
-10.536
-12.439
-12.908
-12.438
-13.209
-12.823
-12.954
-14.298
4.401
4.396
3.833
3.679
4.383
3.132
2.651
1.826
3.053
1.886
2.601
1.055
1.321
0.799
2.061
0.283
-0.379
-0.305
0.829
0.873
1.266
1.676
1.368
2.295
1.356
0.097
0.008
-0.798
0.148
1.113
0.171
-0.921
-0.994
-1.902
-0.777
0.279
-0.969
-1.508
-1.207
-1.208
-3.052
-3.416
-3.279
-3.842
-3.423
-4.949
-3.691
14.702
13.658
12.712
13.468
14.936
15.059
14.071
15.806
15.981
16.510
16.657
15.827
14.272
13.458
15.006
13.800
14.034
15.054
13.391
12.632
12.407
12.459
14.002
11.547
10.169
9.490
10.019
9.557
10.363
9.048
8.292
8.135
7.623
8.488
7.074
8.418
8.775
8.219
7.128
6.973
7.775
5.502
4.916
5.260
6.825
7.365
6.776
5.400
5.365
4.942
4.419
4.622
4.665
2.943
2.797
2.689
2.097
2.253
2.445
0.685
0.146
0.817
-0.102
0.511
-1.437
-1.825
-2.406
-1.976
-2.850
-3.591
-3.447
-4.286
-4.275
-4.280
-3.663
-5.788
-6.467
-6.241
-5.851
-5.203
-6.899
-5.467
-4.418
-5.511
-6.307
-7.368
-6.051
-6.077
-6.625
-4.988
-6.436
4.988
5.300
5.396
3.445
3.019
3.175
2.802
3.378
3.043
1.324
1.015
0.692
1.014
1.376
1.558
-0.515
-1.020
-0.927
-1.002
-0.522
-1.628
-1.700
-2.155
-1.602
-2.087
-3.641
-3.935
-3.878
-4.641
-4.838
-4.229
-5.983
-5.911
-6.160
-7.085
-6.833
-7.114
-8.416
-8.801
-9.160
-8.433
-7.751
-8.017
-9.825
-9.752
-10.276
-10.342
6.711
7.902
8.709
8.375
7.154
6.418
8.058
7.363
6.139
5.900
6.954
5.449
5.612
5.075
5.950
4.951
7.884
8.967
7.397
8.279
9.558
8.256
7.399
7.433
6.446
6.808
6.386
5.079
5.055
4.135
4.056
4.345
3.536
3.659
4.220
4.559
4.668
5.138
3.151
2.365
2.729
1.077
1.152
0.896
1.983
2.059
1.846
0.981
1.022
1.347
-0.368
-0.296
-0.690
-1.553
-1.689
-1.065
-2.857
-2.785
-3.321
-3.676
-3.881
-3.091
-4.920
-4.674
-6.179
-6.907
-6.594
-5.938
-6.568
-8.061
-8.778
-8.229
-8.234
-7.646
-7.785
-9.721
-9.856
-10.311
-10.171
-9.810
-9.675
-11.629
-11.859
-12.229
-12.097
-13.159
-12.006
-11.527
-10.435
-11.736
-11.907
-0.046
-0.070
-0.985
-0.070
0.012
0.775
-1.446
-1.306
-1.809
-2.584
-2.412
-2.641
-3.931
-4.038
-3.987
-5.181
-5.291
-4.943
-6.418
-6.402
-7.297
-8.113
-7.427
-7.077
-8.489
-6.563
-6.737
-5.492
-6.886
-7.988
-6.453
-6.258
-6.701
-6.541
-4.678
-4.408
-4.285
-4.000
-4.541
-4.283
-2.560
-1.863
-2.518
-2.085
-1.009
-2.575
-2.293
7.559
6.319
5.660
5.700
8.598
8.104
8.795
9.428
7.205
8.006
6.543
6.787
8.273
8.993
7.497
8.744
6.575
7.078
5.557
6.951
6.381
8.110
7.398
5.726
5.046
5.054
5.517
3.553
3.481
2.916
3.268
3.877
2.521
2.807
1.434
2.723
3.183
1.693
2.833
1.744
0.752
1.936
2.042
2.738
2.738
3.761
2.378
1.946
0.883
2.465
1.925
2.893
1.179
1.492
0.417
2.102
2.055
3.150
1.567
1.696
0.599
2.291
2.077
2.439
2.142
2.414
1.784
1.693
2.503
0.423
0.612
0.267
-0.785
-0.857
-0.594
-2.157
-2.146
-2.441
-3.370
-3.167
-4.134
-3.838
-2.915
-4.504
-4.602
-5.084
-3.878
-5.728
-6.385
-6.238
-5.369
0.705
-0.227
0.710
0.548
1.522
0.381
-0.730
-0.655
-0.522
-2.055
-2.103
-2.143
-3.390
-3.425
-4.279
-3.606
-2.721
-3.441
-4.885
-4.823
-6.089
-6.931
-6.411
-5.584
-7.282
-6.878
-7.402
-5.979
-7.956
-8.726
-7.408
-8.666
-8.863
-7.917
-10.010
-10.605
-10.593
-9.846
-9.004
-9.413
-11.196
-10.868
-12.014
-11.555
-11.975
-10.654
-12.319
13.104
13.621
14.460
14.056
14.167
14.799
13.786
14.760
12.430
13.186
12.067
11.577
12.078
11.335
12.543
11.676
12.631
13.115
12.252
10.255
9.588
10.651
11.567
9.315
9.314
10.136
9.680
7.886
7.970
6.784
6.550
6.915
5.721
6.469
4.926
7.743
8.038
8.593
6.501
5.440
5.406
4.298
4.160
4.512
5.061
4.379
5.910
4.323
5.077
3.530
3.770
3.452
4.585
2.545
2.707
1.702
2.163
2.012
3.052
0.814
0.740
0.816
-0.485
-0.339
-1.772
-2.651
-2.136
-1.348
-2.457
-3.387
-3.680
-4.135
-3.299
-2.906
-2.600
-4.660
-5.055
-5.322
-4.670
-4.308
-3.816
-5.967
-5.788
-6.168
-7.124
-7.769
-6.725
-7.945
-8.997
-7.543
-7.840
2.915
3.016
2.225
2.247
2.714
1.217
2.155
2.146
3.086
0.953
0.769
-0.042
1.235
1.534
2.218
0.153
-0.179
0.638
-0.969
-0.596
-2.210
-2.967
-2.928
-3.421
-2.186
-3.937
-4.765
-4.443
-3.398
-2.870
-2.597
-4.492
-5.372
-4.056
-4.918
-4.935
-4.180
-6.242
-6.222
-6.314
-7.560
-7.683
-7.305
-8.802
-8.758
-8.884
-9.676
12.422
11.042
10.818
11.070
12.895
12.293
13.895
12.933
13.389
13.129
13.320
14.410
12.555
12.508
11.778
13.495
9.944
10.005
8.960
10.033
10.793
10.577
9.796
8.583
7.458
7.565
6.621
6.952
7.649
5.640
5.659
6.581
4.163
3.783
3.645
6.858
6.138
7.871
6.424
5.672
5.724
4.794
4.068
5.574
4.006
4.439
4.666
2.510
2.119
1.916
2.476
2.493
3.337
1.174
1.414
0.315
0.880
1.077
1.628
-0.504
-0.674
-1.287
-0.637
-0.292
-1.234
-1.258
-1.785
-1.775
-1.277
-3.298
-3.505
-3.353
-4.250
-3.890
-4.175
-5.697
-6.076
-5.652
-6.597
-6.173
-6.588
-7.999
-8.578
-8.426
-8.174
-7.613
-7.820
-9.645
-9.864
-9.752
-10.312
3.997
3.091
4.675
3.517
4.462
2.953
2.608
1.646
3.017
2.598
2.265
3.659
1.578
1.644
0.581
1.894
3.005
1.656
1.404
2.285
0.165
-0.031
-1.048
-1.847
-0.839
-1.648
-0.828
-1.878
-2.951
-3.631
-3.408
-2.504
-1.603
-2.128
-3.611
-4.380
-4.188
-3.086
-3.999
-2.735
-2.018
-1.048
-2.299
-1.902
-1.338
-1.189
-2.863
13.279
12.545
11.741
12.126
12.181
12.447
11.339
11.928
13.741
13.811
14.686
13.068
14.472
15.104
14.128
15.015
13.445
12.831
14.072
13.813
14.839
13.423
14.316
12.567
11.514
11.329
11.733
10.093
10.293
9.641
8.730
8.318
8.262
9.189
7.667
9.025
9.460
8.056
8.799
7.801
6.833
7.842
8.343
8.518
7.140
7.335
7.023
5.786
5.930
5.112
5.146
5.336
5.576
3.642
3.228
3.328
3.120
3.546
3.287
1.601
1.157
1.359
1.078
1.957
-0.149
-0.321
-1.307
-0.913
-1.613
-2.436
-1.960
-3.002
-3.428
-3.895
-2.793
-4.607
-4.278
-5.326
-5.298
-5.959
-4.535
-6.118
-5.609
-7.075
-6.510
-7.012
-5.555
-7.284
-8.387
-7.057
-7.050
6.490
5.964
6.733
5.503
6.017
5.609
4.049
3.644
4.115
3.126
3.198
3.331
1.622
1.608
1.400
0.617
0.730
0.793
-0.771
-0.999
-1.659
-2.698
-1.479
-0.682
-1.336
-2.785
-3.123
-2.504
-3.843
-4.167
-3.361
-5.126
-4.872
-5.473
-6.239
-5.858
-6.571
-7.474
-7.187
-7.666
-8.828
-8.937
-8.810
-10.114
-10.466
-10.907
-9.883
9.542
8.633
7.804
9.304
10.517
11.289
10.901
9.940
8.591
9.268
7.936
7.945
10.209
10.949
10.668
9.466
8.063
8.870
7.626
7.142
6.999
8.286
7.128
5.862
4.708
4.415
4.970
3.662
4.068
3.381
2.680
2.394
2.161
2.316
2.747
2.382
1.570
1.930
2.800
2.900
2.422
3.668
4.362
4.141
0.709
0.625
0.554
-0.266
-1.234
-0.021
-0.401
0.569
-0.715
-1.400
-1.043
-1.358
-2.738
-2.920
-2.891
-3.719
-4.539
-3.236
-4.211
-3.427
-5.475
-5.622
-6.705
-6.309
-7.389
-7.557
-6.949
-8.115
-8.523
-9.099
-8.067
-9.381
-8.796
-10.053
-10.491
-10.995
-10.056
-11.541
-12.323
-12.018
-11.024
-10.259
-10.495
-11.950
-11.482
-12.706
-12.462
2.607
3.218
1.964
1.810
1.067
2.415
0.955
0.551
1.738
-0.224
-0.968
-0.047
-1.093
-0.255
-1.549
-2.027
-2.690
-1.340
-2.874
-2.223
-4.186
-4.496
-5.141
-5.525
-4.640
-6.338
-6.755
-7.160
-6.045
-5.106
-5.850
-7.167
-7.313
-6.857
-8.494
-8.876
-8.291
-9.676
-9.811
-9.506
-11.026
-11.128
-11.908
-11.123
-10.910
-10.477
-12.167
14.688
14.860
15.813
14.912
14.629
13.760
15.549
14.400
13.496
12.574
13.418
13.725
15.897
16.841
15.826
16.113
13.640
14.025
13.693
11.123
11.054
11.306
12.335
9.885
9.445
9.788
9.991
7.855
7.782
7.126
6.943
7.301
6.007
6.294
4.964
7.263
7.354
7.931
5.920
5.814
6.684
4.378
4.159
3.750
6.120
5.781
7.176
5.398
5.834
4.360
5.455
6.393
5.512
4.269
4.096
4.397
2.973
3.255
2.689
1.944
2.212
1.067
1.485
2.083
0.325
0.179
-0.833
-1.693
-1.174
-0.272
-1.129
0.440
0.192
0.935
-0.503
0.980
0.440
1.913
1.309
1.941
1.937
0.192
0.595
-0.369
-0.932
-1.614
-0.406
-1.902
-2.409
-2.712
-1.272
4.077
4.891
4.048
2.768
1.945
2.808
2.313
3.131
2.283
1.033
0.969
0.144
0.776
1.239
1.099
-0.730
-0.736
-1.243
-1.609
-1.067
-2.983
-3.392
-3.878
-4.807
-3.412
-4.516
-4.831
-5.357
-3.538
-2.740
-3.022
-4.122
-4.667
-4.882
-3.143
-2.380
-2.731
-3.959
-4.508
-4.750
-2.983
-2.652
-2.055
-3.566
-3.073
-3.583
-4.550
13.050
12.967
13.734
12.084
13.290
13.456
14.214
12.432
14.138
15.060
14.101
14.180
11.795
10.978
11.811
11.561
13.055
13.003
13.976
10.472
10.553
10.153
11.878
9.442
8.733
9.320
8.532
7.295
7.501
6.407
6.544
7.429
5.298
5.552
5.337
6.511
6.298
6.940
5.124
4.941
5.808
3.512
3.411
2.910
4.038
4.002
4.178
2.726
2.768
2.439
1.566
1.609
1.841
0.218
0.282
0.041
-0.925
-0.824
-0.729
-2.321
-3.097
-2.622
-2.509
-2.353
-2.817
-2.929
-3.104
-4.175
-2.559
-2.876
-2.773
-1.922
-3.990
-4.396
-4.844
-3.651
-3.293
-2.860
-4.828
-5.333
-5.653
-4.448
-4.079
-3.715
-5.623
-5.981
-6.500
-5.282
-4.918
-4.420
-6.199
3.013
3.149
3.431
1.503
1.321
1.438
0.563
0.631
1.103
-0.881
-1.363
-0.934
-1.655
-1.127
-1.745
-3.049
-3.433
-2.977
-3.994
-3.812
-5.094
-5.737
-5.707
-5.480
-5.263
-7.226
-7.350
-7.640
-8.001
-9.098
-7.617
-7.744
-8.324
-6.659
-8.211
-9.281
-7.692
-7.988
-6.927
-8.061
-8.904
-9.972
-8.722
-8.623
-8.761
-9.315
-7.587
12.375
11.927
12.846
11.225
11.278
10.825
11.789
10.577
12.904
12.148
13.215
13.781
13.375
13.034
13.506
14.367
11.366
10.411
11.091
13.264
14.300
13.750
12.189
12.359
12.218
12.468
12.763
10.736
10.635
10.445
9.679
9.295
9.257
9.459
9.884
9.670
9.559
10.176
8.411
8.474
9.431
7.075
7.183
6.295
7.818
7.602
7.712
6.800
6.372
7.243
5.646
6.042
5.289
4.416
4.204
4.879
3.271
3.653
2.728
2.083
1.164
1.924
2.346
3.384
1.440
1.794
-0.006
-0.484
-0.275
-0.596
-0.070
-0.398
-2.103
-2.461
-2.265
-2.631
-2.274
-2.244
-4.105
-4.561
-4.320
-4.644
-4.584
-3.860
-6.008
-6.190
-5.896
-7.168
-7.137
-6.883
-8.134
6.583
7.375
6.198
5.371
4.703
5.633
4.529
5.291
3.942
3.552
3.413
4.227
2.211
1.695
2.371
1.327
1.112
1.853
0.087
-0.391
-0.481
-1.351
-0.033
1.062
-0.058
-0.883
-0.710
-1.950
-0.731
0.347
-1.065
-1.450
-1.221
-1.131
-2.945
-3.479
-3.215
-3.743
-3.356
-4.843
-3.525
-3.656
-2.489
-4.506
-5.553
-4.272
-4.426
10.368
8.812
8.381
8.563
10.775
10.125
10.655
11.778
10.696
10.206
10.240
11.748
11.065
10.917
12.127
10.614
8.110
7.000
8.351
8.055
8.219
8.821
8.511
6.534
6.029
6.834
5.445
5.166
4.593
4.434
3.215
2.741
2.534
2.654
2.894
6.146
6.786
6.770
5.353
5.571
6.424
4.477
3.476
4.767
1.009
0.838
0.795
0.069
0.159
0.208
-1.363
-1.587
-1.741
-2.403
-2.391
-1.958
-3.697
-3.524
-4.099
-4.748
-4.318
-5.515
-5.373
-4.715
-6.606
-6.903
-7.597
-8.130
-7.081
-8.701
-9.213
-9.470
-8.066
-7.653
-7.302
-8.971
-9.507
-9.790
-8.431
-7.777
-7.901
-9.590
-10.338
-9.241
-10.220
-9.388
-10.922
-11.030
-10.288
-11.584
-11.591
4.168
5.127
3.590
3.629
4.368
3.699
2.191
2.079
1.900
1.063
1.328
1.019
-0.270
-0.721
-0.123
-1.394
-1.062
-2.261
-1.617
-0.860
-2.711
-2.787
-3.939
-3.830
-4.124
-5.213
-5.427
-5.056
-6.513
-7.242
-6.921
-6.218
-5.648
-5.526
-7.431
-7.602
-7.157
-8.659
-9.046
-8.434
-9.716
-9.432
-10.063
-10.965
-11.803
-11.298
-10.546
14.115
12.872
12.177
12.430
15.128
16.021
14.768
15.408
13.823
14.720
13.113
13.488
14.774
14.051
15.159
15.571
13.008
13.732
12.036
12.318
11.598
13.028
13.406
11.250
10.949
11.231
11.544
9.409
9.140
8.853
9.243
9.785
8.939
9.832
8.324
8.695
8.830
9.313
7.325
6.785
7.415
5.301
4.781
5.041
8.231
8.836
8.203
6.710
6.678
6.361
5.750
5.845
6.070
4.313
3.622
4.426
3.656
3.983
3.927
2.143
1.508
1.932
1.761
2.580
0.551
0.186
-0.604
-0.787
-0.521
-1.878
-2.087
-2.797
-1.807
-0.908
-2.688
-1.953
-1.055
-1.829
-3.327
-4.033
-3.403
-3.823
-3.179
-3.649
-5.340
-5.447
-5.950
-5.632
-4.899
-6.675
-5.541
4.637
5.059
5.139
3.103
2.655
2.649
2.585
3.038
2.716
1.044
0.657
0.874
0.149
0.492
0.234
-1.226
-1.211
-1.534
-2.155
-1.842
-3.273
-3.867
-3.867
-3.246
-4.211
-5.139
-5.422
-6.021
-4.886
-3.852
-5.570
-5.121
-4.610
-4.664
-6.640
-6.988
-7.162
-7.007
-6.484
-6.659
-8.514
-8.965
-9.032
-8.890
-8.427
-9.980
-8.532
10.716
9.541
8.767
9.916
10.243
11.163
9.680
9.554
11.797
12.338
11.376
12.527
11.165
11.887
11.619
10.307
8.796
7.964
8.277
9.573
9.847
10.553
9.524
8.104
7.555
8.016
7.841
6.039
6.000
5.494
5.542
5.911
5.202
5.331
6.026
5.463
5.893
5.899
4.007
3.442
3.954
1.921
1.782
1.699
3.782
3.606
3.716
2.563
2.878
2.217
1.435
1.782
0.657
0.843
0.634
1.552
-0.384
-0.776
-0.034
-1.575
-2.115
-1.332
-2.296
-1.616
-3.542
-3.858
-4.543
-4.332
-5.284
-5.013
-4.854
-4.322
-6.538
-7.030
-7.052
-6.850
-6.190
-6.606
-8.313
-8.641
-8.381
-9.359
-9.454
-9.148
-10.824
-10.769
-10.992
-11.902
-11.715
-12.928
-11.801
1.041
1.328
1.415
-0.468
-0.677
-0.763
-1.450
-1.196
-1.246
-2.892
-3.065
-3.173
-3.995
-4.022
-4.967
-3.778
-4.489
-2.785
-3.906
-2.949
-4.959
-4.894
-6.339
-6.342
-7.093
-6.750
-6.685
-6.052
-8.235
-8.365
-8.940
-8.565
-8.072
-8.100
-10.067
-10.315
-10.586
-10.828
-11.817
-10.478
-11.221
-10.446
-11.251
-12.505
-12.498
-12.599
-13.384
13.165
11.751
11.481
11.945
14.189
14.194
14.113
15.197
13.216
12.943
14.171
12.475
13.401
13.199
14.391
12.683
10.602
9.593
10.544
10.257
10.943
10.511
10.733
8.687
7.898
8.277
7.879
6.483
6.645
5.588
5.009
5.428
3.674
3.824
3.195
6.024
6.283
6.574
4.566
4.220
4.964
2.728
2.480
2.104
2.623
2.335
3.160
1.487
1.991
0.997
0.491
0.386
1.046
-0.717
-1.025
-0.479
-2.046
-1.748
-2.212
-3.351
-4.254
-3.266
-3.440
-2.424
-4.496
-4.512
-5.881
-6.377
-5.804
-6.612
-6.132
-6.433
-8.141
-8.612
-8.272
-8.822
-8.254
-9.062
-10.223
-10.842
-10.715
-9.958
-9.498
-9.162
-11.251
-10.958
-12.004
-11.831
-12.375
-10.963
-12.507
2.476
3.268
2.465
1.112
0.862
1.030
-0.000
0.075
0.160
-1.431
-2.104
-1.790
-1.602
-0.923
-1.252
-3.087
-3.757
-3.264
-3.484
-2.820
-4.527
-4.527
-5.514
-5.479
-6.536
-5.345
-5.743
-4.280
-6.041
-7.073
-5.464
-6.098
-6.623
-6.573
-4.659
-4.821
-4.025
-3.812
-4.314
-3.729
-2.389
-1.573
-2.278
-2.161
-1.126
-2.846
-2.446
10.775
9.708
8.809
9.918
10.494
9.477
11.078
10.816
12.091
12.774
12.581
11.903
10.820
9.856
11.321
11.373
9.253
8.614
8.614
10.592
10.962
11.612
10.323
9.198
8.807
9.498
8.849
7.366
6.951
6.512
6.155
6.320
5.584
6.520
5.035
7.321
8.063
7.676
6.020
5.516
6.226
4.036
3.785
3.854
4.772
5.276
4.755
3.382
2.859
3.522
2.462
2.598
1.380
2.746
3.070
3.502
1.471
1.138
0.700
1.752
2.498
0.809
2.388
3.413
1.888
2.611
0.599
0.838
0.223
-0.467
-0.365
-0.158
-1.893
-2.463
-1.909
-2.613
-3.641
-2.248
-2.499
-2.729
-1.411
-3.317
-3.409
-2.869
-4.752
-4.795
-5.192
-5.595
-6.649
-5.401
-5.152
3.165
3.376
3.411
1.703
1.484
1.427
0.718
0.875
-0.259
0.690
1.676
0.374
-0.163
0.276
-0.111
-1.620
-2.179
-1.592
-2.280
-1.822
-3.458
-3.910
-4.295
-3.990
-4.127
-5.797
-6.323
-5.869
-6.635
-6.298
-6.458
-8.165
-8.252
-8.605
-8.914
-8.582
-10.019
-8.675
-7.591
-9.212
-9.013
-8.173
-9.068
-10.313
-10.120
-10.771
-11.093
9.323
9.616
10.649
9.556
10.550
10.374
11.432
10.811
9.118
8.171
9.924
9.204
8.155
8.162
8.016
7.286
8.734
7.681
9.061
9.725
10.486
10.454
8.714
8.834
8.324
8.564
8.709
6.763
6.462
6.402
6.449
6.540
6.302
7.281
6.027
6.242
6.762
6.370
4.781
4.487
5.248
2.963
2.705
2.422
5.120
5.401
5.154
3.736
3.561
3.684
2.624
1.649
2.873
2.587
3.465
2.737
1.310
0.557
1.185
1.197
0.862
0.339
2.480
3.376
2.625
3.501
1.586
0.759
2.081
0.996
1.748
0.397
0.018
-0.785
0.511
-0.757
-0.163
-1.330
-1.875
-2.393
-1.371
-2.942
-2.395
-3.693
-3.688
-4.551
-4.174
-2.780
-3.437
-2.129
-2.188
2.277
2.749
2.564
0.718
0.244
0.408
-0.015
0.455
0.090
-1.568
-1.661
-1.915
-2.499
-2.710
-2.001
-3.808
-3.592
-4.338
-4.717
-4.377
-5.888
-6.444
-6.599
-6.502
-6.081
-8.130
-8.041
-8.617
-8.870
-8.235
-8.957
-10.265
-10.299
-10.769
-11.163
-11.073
-10.951
-12.688
-12.762
-12.915
-13.652
-13.356
-13.371
-15.145
-15.580
-15.330
-15.697
12.625
11.383
11.600
10.640
12.516
12.315
13.405
11.604
12.799
13.531
12.885
11.954
13.863
13.662
14.806
14.030
10.804
10.055
11.549
10.560
11.193
11.230
10.335
9.089
8.049
7.650
8.382
6.834
7.245
6.159
6.334
7.150
5.415
4.756
4.819
5.778
5.159
6.364
4.881
4.349
4.539
3.461
4.029
2.428
6.276
6.590
7.155
5.303
5.886
4.561
4.578
3.851
5.287
3.790
4.591
3.294
2.901
3.530
2.562
1.705
1.026
1.813
0.885
1.315
-0.144
-0.518
-0.800
-0.508
-1.871
-0.407
0.689
-0.853
-0.661
-1.610
-0.667
0.450
0.740
0.332
1.773
1.890
1.909
2.928
2.828
2.758
4.242
4.991
4.373
4.718
4.764
5.760
4.048
3.338
2.782
4.382
2.576
3.266
1.670
2.134
1.186
2.840
1.758
2.619
1.532
0.586
-0.301
0.787
0.337
1.249
0.161
-0.721
-0.492
-1.982
-2.758
-2.477
-3.047
-1.681
-3.379
-3.708
-2.703
-4.616
-5.190
-4.384
-5.560
-4.935
-6.057
-6.671
-6.216
-7.169
-7.648
-8.383
-8.254
-6.987
-6.413
-7.846
-6.092
-6.687
-5.207
-5.935
12.474
12.346
12.296
13.265
13.664
13.801
13.532
14.548
11.249
10.804
11.507
10.485
12.665
13.689
12.376
11.985
11.094
10.805
10.263
12.289
13.670
12.185
11.397
11.606
10.734
10.548
11.203
9.365
9.674
8.966
8.110
7.899
7.582
8.175
7.745
8.340
8.088
8.756
7.158
7.378
8.479
6.013
6.095
5.371
6.133
5.893
5.644
5.282
5.422
5.475
3.746
3.269
3.604
3.129
3.599
3.250
1.707
1.147
1.722
1.052
0.025
1.706
1.127
2.052
0.026
0.159
-1.350
-1.760
-1.392
-2.090
-1.550
-2.416
-3.486
-3.888
-3.314
-4.654
-5.560
-4.337
-5.008
-5.753
-4.229
-5.418
-4.591
-6.362
-5.754
-4.861
-6.221
-6.863
-7.845
-6.483
-7.002
5.260
5.951
4.687
4.343
3.521
4.881
3.909
4.604
3.916
2.584
1.786
2.208
2.450
3.239
2.632
1.201
1.384
0.305
1.059
1.637
0.489
0.476
-0.140
-0.200
0.495
-1.553
-1.551
-2.141
-2.096
-1.408
-2.115
-3.448
-4.168
-3.346
-4.054
-3.315
-5.022
-4.232
-3.342
-5.053
-4.688
-5.469
-3.932
-5.134
-4.306
-5.918
-5.511
9.352
9.887
10.629
10.470
10.453
11.053
11.119
10.023
8.609
7.932
9.317
7.884
8.314
8.119
7.428
8.564
8.815
8.065
9.364
8.913
8.762
10.307
8.121
8.165
6.970
6.804
6.972
5.729
6.074
5.337
4.924
4.992
4.371
3.681
5.198
4.481
4.275
4.784
3.281
3.386
4.340
2.005
1.268
2.150
3.688
4.443
2.926
2.964
3.830
2.573
1.854
2.240
1.467
0.661
1.156
-0.071
-0.204
0.391
-0.807
-1.075
-1.421
-0.433
-2.209
-1.869
-3.512
-4.262
-4.184
-3.611
-4.972
-4.952
-5.216
-5.927
-4.153
-3.992
-3.218
-4.795
-4.059
-4.814
-6.069
-6.710
-5.926
-6.755
-6.018
-6.997
-7.960
-8.768
-8.383
-7.724
-7.777
-8.415
-6.718
1.288
2.085
0.619
0.534
0.081
-0.282
1.412
1.748
2.348
0.689
0.437
1.498
-0.426
-0.200
-1.277
-0.725
-0.704
-1.742
0.432
1.409
0.267
1.085
-1.043
-1.637
-0.801
-1.867
-1.125
-2.313
-2.964
-2.647
-3.637
-3.837
-3.811
-3.382
-5.314
-5.717
-5.272
-6.137
-5.677
-7.106
-6.575
-7.286
-5.676
-7.408
-6.851
-8.371
-7.597
13.340
12.704
12.929
13.138
13.091
13.705
12.038
13.292
14.858
15.270
15.349
14.947
12.934
13.446
13.092
11.875
11.177
10.758
10.807
10.914
12.367
10.116
10.744
10.178
8.749
8.382
8.596
7.926
8.356
7.985
7.616
7.253
7.705
8.076
8.441
6.464
6.079
6.489
5.474
5.205
5.628
4.296
3.413
4.901
6.313
6.584
5.804
5.205
4.956
5.608
3.950
4.037
3.809
2.647
2.433
2.754
1.491
1.861
1.194
0.182
0.352
-0.486
-0.720
-0.194
-2.070
-2.598
-2.942
-3.604
-2.345
-4.041
-3.549
-4.513
-5.212
-5.656
-4.695
-6.375
-5.989
-7.091
-7.097
-6.432
-7.740
-7.967
-8.700
-7.224
-8.606
-7.809
-9.186
-9.608
-9.996
-10.468
-9.143
3.867
4.678
3.724
2.532
2.622
2.379
1.363
1.364
1.494
0.007
0.070
-0.316
-1.123
-1.085
-0.950
-2.515
-2.503
-2.378
-3.691
-3.802
-4.550
-5.541
-4.357
-4.477
-3.312
-5.305
-5.341
-5.006
-6.792
-6.884
-6.881
-7.720
-7.150
-7.877
-9.101
-9.403
-8.894
-10.064
-10.090
-9.682
-11.476
-11.558
-11.633
-12.586
-12.406
-12.620
-13.615
10.698
9.439
8.865
8.881
11.552
11.757
10.992
12.450
11.525
11.647
12.426
11.087
10.374
11.248
10.168
9.553
9.475
8.466
10.188
9.000
8.342
9.832
9.963
8.155
6.745
6.352
6.182
6.434
5.348
6.671
5.839
4.959
6.232
6.835
6.730
7.155
8.222
7.034
6.657
6.038
5.656
5.786
5.885
6.506
4.934
4.202
5.171
4.394
3.636
5.174
3.972
4.738
3.267
3.083
2.391
3.667
2.196
2.782
1.492
1.454
2.190
0.819
0.595
1.156
-0.778
-1.271
-1.698
-2.272
-1.141
-2.579
-3.134
-2.002
-3.515
-2.872
-3.664
-4.853
-5.330
-4.910
-5.842
-6.759
-5.378
-6.259
-5.422
-6.752
-7.340
-7.595
-8.185
-6.824
-7.389
-6.991
-5.735
4.416
4.335
4.375
3.233
3.467
3.001
1.981
1.659
2.135
0.762
0.758
0.881
-0.457
-0.204
-0.671
-1.762
-1.450
-1.768
-3.075
-3.017
-4.190
-5.129
-4.292
-4.006
-3.538
-5.594
-6.499
-5.545
-5.854
-6.030
-4.985
-7.133
-7.110
-7.235
-8.358
-8.443
-8.290
-9.626
-9.752
-9.700
-10.610
-10.330
-10.554
-12.016
-12.271
-12.180
-12.682
10.665
11.648
12.383
12.253
9.980
10.454
8.948
9.876
9.610
9.985
8.757
9.210
11.248
10.512
11.789
12.014
11.164
10.326
11.931
10.282
10.220
11.250
10.611
8.818
7.708
8.046
6.936
7.131
7.856
5.907
5.949
6.928
4.420
4.092
3.825
6.926
7.911
6.482
5.968
4.760
4.320
3.843
3.925
4.277
4.165
4.727
4.604
2.669
2.283
2.566
1.748
2.112
1.772
0.291
-0.016
0.253
-0.786
-0.590
-0.676
-2.258
-2.733
-2.107
-2.899
-2.391
-4.041
-4.451
-4.862
-4.389
-5.904
-5.063
-5.324
-4.066
-6.121
-5.968
-7.055
-6.274
-6.849
-5.325
-6.992
-7.838
-7.351
-6.033
-6.253
-5.041
-6.134
-5.941
-7.198
-5.389
-5.285
-5.735
-4.324
2.377
1.705
2.063
2.169
2.983
2.167
0.884
0.764
0.022
0.634
1.554
0.250
-0.444
-1.365
-0.119
-0.495
-0.790
0.564
-1.339
-0.647
-2.618
-3.154
-3.587
-3.075
-3.955
-4.738
-5.469
-4.474
-5.630
-5.990
-4.988
-6.910
-6.673
-7.453
-8.044
-8.152
-8.994
-7.882
-6.915
-7.772
-8.936
-9.879
-9.142
-8.595
-7.647
-8.617
-9.470
15.082
13.852
13.732
14.025
14.833
15.716
14.038
14.653
15.375
15.702
14.544
16.128
16.282
16.066
17.095
16.523
12.434
11.663
12.148
12.270
13.107
12.560
12.649
10.706
9.937
10.247
10.073
8.446
7.982
7.917
7.932
8.363
7.131
7.896
6.517
8.045
8.486
8.568
6.617
5.846
6.157
4.427
4.111
4.512
6.222
5.446
6.851
5.544
6.127
4.957
4.648
4.042
5.323
3.679
4.232
2.931
2.876
3.490
2.559
1.736
0.971
2.214
0.964
1.245
0.059
-0.476
-0.345
-1.378
0.361
-0.072
0.882
-0.843
-0.344
-1.223
0.536
-0.420
0.307
-1.418
-0.089
-0.842
-0.087
1.211
2.154
1.118
1.651
1.059
1.617
3.065
3.373
3.752
3.220
3.359
3.378
3.464
1.910
1.734
1.792
0.885
1.279
0.844
-0.571
-0.556
-0.985
-1.371
-1.198
-0.986
-2.919
-3.071
-3.511
-3.437
-2.721
-4.710
-4.989
-5.814
-5.534
-6.735
-6.099
-5.239
-6.865
-6.558
-5.773
-7.521
-6.624
-7.278
-5.552
-7.019
-7.998
-6.222
-7.113
-7.901
-6.130
-7.723
-7.181
-8.810
-7.429
-7.947
-6.365
-7.788
13.956
12.898
13.259
12.755
13.351
14.011
13.283
12.422
15.169
14.926
16.136
15.450
14.272
13.328
14.843
14.810
11.459
10.973
10.754
11.551
12.101
12.193
11.469
9.992
9.058
8.835
9.470
7.686
7.926
7.227
6.564
6.239
6.315
7.241
6.233
6.711
6.824
7.057
5.335
5.063
5.877
3.566
3.524
3.211
5.001
5.167
5.080
3.678
3.933
3.371
2.555
2.398
2.801
1.216
1.301
0.605
0.342
1.003
-0.465
-0.230
-0.853
0.697
-0.998
-1.728
-0.730
-1.405
0.159
-0.204
1.232
-0.012
0.983
0.108
-1.154
-1.131
-2.109
-0.986
-0.776
-0.064
-2.148
-3.106
-1.966
-2.204
-2.750
-2.806
-0.871
-0.111
-0.995
-0.356
0.562
-1.118
0.157
2.779
2.917
3.134
1.257
1.044
0.947
0.466
0.903
0.697
-1.103
-1.423
-1.379
-1.776
-2.608
-1.049
-2.217
-3.068
-1.383
-2.652
-2.324
-3.237
-3.454
-3.681
-3.514
-3.195
-5.196
-5.399
-5.718
-5.691
-5.748
-6.775
-4.874
-3.813
-5.323
-4.821
-3.951
-5.765
-4.603
-4.410
-3.699
-5.810
-5.949
-6.728
-5.742
-5.035
-6.741
-5.509
9.860
8.408
8.294
7.831
10.605
10.676
11.568
10.117
10.053
11.058
9.307
9.871
10.402
10.185
11.470
9.945
7.698
6.757
8.184
7.996
7.833
9.347
7.414
6.974
5.582
5.472
5.267
4.705
3.672
4.680
4.025
3.301
4.282
5.142
4.658
5.197
6.160
5.473
4.135
4.220
5.166
2.930
2.130
3.066
3.015
2.152
2.704
3.189
3.808
3.736
1.797
1.963
1.011
1.249
1.063
2.124
-0.058
0.140
-0.656
-0.762
-0.179
-1.578
-1.228
-0.510
-2.417
-2.674
-3.565
-3.277
-3.643
-4.783
-5.209
-4.417
-5.924
-5.413
-6.131
-7.194
-7.989
-7.634
-6.996
-5.947
-7.001
-7.907
-8.934
-7.767
-7.782
-6.712
-8.220
-8.478
-9.525
-7.964
-8.651
2.589
3.356
1.694
2.395
1.632
3.367
2.152
2.084
2.967
0.927
1.126
0.788
-0.365
-0.250
-1.122
-0.836
-0.013
-1.146
-2.116
-2.344
-3.073
-4.023
-2.959
-1.996
-3.731
-3.188
-2.455
-3.171
-4.569
-4.803
-4.471
-5.828
-5.719
-6.009
-7.082
-6.772
-7.477
-8.292
-8.561
-9.142
-8.023
-7.914
-7.104
-9.070
-8.659
-9.411
-9.945
16.638
15.387
14.950
15.675
17.500
17.570
18.512
17.041
16.226
15.690
15.474
17.071
17.379
17.902
17.972
16.737
14.195
13.320
13.678
14.041
14.231
14.688
14.561
12.502
11.677
12.150
11.409
10.304
9.685
9.633
8.741
8.618
7.849
8.403
7.197
10.525
11.392
10.973
9.315
8.569
8.738
7.433
7.872
7.147
7.125
6.209
7.739
6.841
7.712
6.110
6.329
7.137
6.047
5.161
4.516
5.536
4.245
4.814
3.728
2.989
2.546
3.346
2.119
2.591
0.791
0.216
-0.028
-0.790
0.561
-0.931
-0.709
-0.666
-2.401
-2.566
-2.664
-3.311
-3.414
-2.929
-4.690
-4.583
-5.208
-5.658
-5.389
-6.385
-6.223
-6.348
-5.470
-7.571
-7.515
-8.274
-8.072
6.222
5.807
6.394
5.117
5.589
4.772
3.840
4.048
3.398
2.918
3.438
2.638
1.615
1.018
1.961
0.717
1.291
0.510
-0.539
-0.368
-1.826
-2.534
-2.453
-3.300
-1.696
-2.884
-2.124
-3.774
-3.358
-3.889
-2.399
-4.300
-5.060
-3.626
-4.752
-3.838
-5.372
-5.409
-4.551
-6.103
-6.012
-6.879
-5.312
-6.475
-6.914
-5.556
-7.088
11.432
10.889
10.290
10.233
11.965
11.150
12.681
12.335
10.300
9.936
9.495
10.609
12.474
11.965
13.033
13.151
11.908
12.671
11.240
13.213
13.855
14.064
12.657
11.827
10.954
11.335
10.851
9.534
9.108
9.682
8.897
8.265
9.000
9.730
9.498
8.717
9.234
8.880
7.318
6.507
6.809
5.181
5.006
5.248
7.614
7.192
7.710
6.603
6.861
6.760
5.159
4.822
5.049
4.111
4.483
3.995
2.749
2.410
2.855
1.723
2.234
1.458
0.531
-0.020
0.323
-0.325
0.994
2.072
0.905
0.454
0.259
1.237
-0.845
-0.527
-1.537
-1.502
-0.717
-2.349
-2.186
-2.949
-1.448
-2.861
-2.067
-3.308
-3.947
-4.676
-4.515
-3.600
-2.854
-4.460
-3.122
4.109
4.171
4.134
2.658
2.588
2.445
1.625
1.456
1.934
0.262
-0.253
0.398
-0.646
-0.268
-0.625
-2.142
-2.277
-2.457
-2.970
-2.694
-4.203
-4.711
-5.013
-4.606
-6.082
-5.103
-5.990
-5.269
-3.905
-2.966
-3.915
-3.875
-4.831
-3.787
-2.748
-3.064
-2.526
-1.422
-1.451
-1.380
-0.138
-0.255
-0.119
1.125
1.977
1.392
0.921
14.233
13.054
12.213
13.201
13.896
13.070
14.825
13.429
15.402
16.320
15.503
15.070
14.934
15.274
14.233
15.756
12.462
11.461
12.256
13.217
13.170
14.283
13.266
11.780
11.439
11.007
12.304
10.198
10.688
9.292
8.883
9.078
8.132
8.197
8.483
9.479
9.093
10.250
8.415
8.686
9.849
7.369
6.474
7.246
6.625
6.239
6.407
5.907
6.150
6.229
4.338
4.034
3.939
3.770
3.942
4.326
2.279
1.917
2.278
1.354
0.437
1.893
1.318
2.244
0.183
0.299
-1.146
-1.123
-1.302
-2.342
-2.200
-3.121
-2.804
-2.847
-2.040
-4.149
-4.140
-4.836
-4.428
-3.646
-5.358
-4.339
-5.009
-3.407
-4.499
-4.411
-3.673
-5.765
-5.746
-6.591
-5.856
7.479
8.507
6.797
7.210
8.083
7.126
5.955
6.073
5.823
4.661
3.873
4.640
4.441
4.466
5.217
3.068
2.955
2.894
1.841
2.176
0.597
-0.142
0.020
0.669
-0.219
-1.392
-2.006
-1.215
-2.060
-2.243
-1.288
-3.311
-3.015
-4.068
-3.941
-3.138
-4.530
-4.953
-4.534
-5.695
-5.746
-6.083
-5.082
-6.957
-7.638
-7.551
-6.648
11.999
12.441
13.377
12.579
12.980
12.638
13.876
13.088
11.946
12.033
10.977
12.712
10.672
10.204
10.110
10.725
11.695
12.263
11.837
9.945
10.275
10.566
10.323
8.340
7.741
8.166
8.111
6.186
5.793
5.788
5.560
5.538
5.272
6.241
4.779
5.611
6.192
5.914
4.133
3.820
4.523
2.469
2.537
1.668
4.114
3.483
4.619
3.243
3.862
3.043
1.983
1.406
2.202
1.126
1.261
0.062
1.619
1.616
2.651
0.761
1.370
0.757
-0.604
-0.784
-1.720
-2.635
-1.783
-0.992
-1.681
-3.129
-3.168
-3.048
-4.384
-4.515
-4.340
-5.623
-6.565
-5.677
-5.723
-4.910
-5.636
-7.103
-7.752
-7.404
-7.061
-6.569
-6.397
-8.432
-8.421
-8.882
-9.069
2.181
2.962
2.233
0.801
0.051
0.699
0.540
1.117
1.020
-0.916
-1.233
-1.525
-1.179
-0.972
-0.459
-2.603
-3.210
-2.994
-2.849
-2.313
-3.555
-3.609
-4.290
-3.602
-5.048
-4.994
-5.899
-5.331
-4.105
-3.703
-3.139
-4.799
-4.931
-5.787
-4.038
-3.142
-3.754
-4.814
-5.134
-5.787
-4.020
-3.722
-3.172
-4.772
-5.352
-4.083
-5.517
10.560
9.611
9.328
10.163
9.896
9.563
10.600
9.047
10.736
11.326
9.796
11.198
11.964
12.542
11.914
12.466
8.255
7.533
7.801
7.029
6.949
6.855
8.331
5.845
4.643
4.482
4.647
3.470
3.539
3.417
2.875
2.872
2.379
3.302
2.070
2.095
2.200
1.313
1.799
0.876
0.094
0.752
0.325
1.752
1.159
1.568
0.886
-0.044
-0.390
0.238
-1.167
-0.789
-1.228
-2.514
-2.890
-2.339
-3.726
-3.457
-4.015
-5.003
-5.338
-4.657
-6.088
-6.096
-6.960
-7.674
-6.936
-7.951
-6.746
-5.919
-4.927
-6.158
-5.662
-6.381
-5.530
-4.323
-3.468
-4.354
-4.171
-4.777
-4.564
-2.707
-2.394
-2.646
-1.690
-2.047
-1.528
-0.321
-0.308
0.430
0.024
-0.272
-0.544
-1.177
0.268
0.832
1.087
-0.699
-0.060
-1.280
-1.506
-0.695
-2.048
-2.375
-3.070
-1.760
-3.107
-2.370
-3.529
-4.132
-4.023
-5.349
-6.034
-5.696
-4.866
-5.887
-7.065
-6.993
-7.270
-8.206
-7.855
-8.534
-9.434
-10.022
-9.942
-9.316
-8.557
-8.857
-10.636
-11.014
-11.319
-10.435
-10.015
-9.781
-11.837
-11.876
-12.536
-12.428
11.965
10.936
10.601
11.343
11.399
10.538
11.286
12.134
12.453
13.073
12.927
11.561
13.097
12.640
13.928
13.348
9.586
9.769
9.101
7.915
7.546
8.510
8.901
6.564
6.291
6.938
6.519
4.886
4.633
3.857
3.886
4.549
2.842
2.672
3.230
4.774
4.945
5.634
3.479
3.342
4.320
1.819
1.578
1.441
1.440
0.839
1.438
0.633
1.143
0.614
-0.818
-1.207
-1.451
-0.993
-0.736
-0.364
-2.436
-2.702
-3.101
-2.766
-2.538
-3.871
-2.187
-1.091
-2.787
-2.183
-4.255
-4.812
-4.916
-4.318
-3.952
-3.520
-5.698
-6.074
-6.263
-5.806
-4.818
-5.988
-6.951
-7.856
-6.762
-7.299
-6.319
-7.909
-7.966
-7.509
-7.743
-9.515
-9.760
-9.904
-10.086
1.108
1.396
0.011
1.478
1.348
2.544
0.517
0.945
0.710
-0.962
-1.142
-1.292
-1.858
-2.121
-1.303
-3.230
-3.857
-3.082
-3.921
-4.400
-4.174
-4.690
-3.835
-4.821
-3.136
-3.207
-2.548
-2.620
-4.274
-4.912
-4.974
-3.663
-4.324
-2.861
-3.164
-2.662
-2.377
-4.258
-3.830
-5.033
-5.119
-5.964
-5.727
-4.249
-3.609
-4.863
-3.554
13.695
12.270
11.963
12.216
14.063
13.914
13.432
15.120
14.677
15.678
14.445
14.653
13.786
13.449
13.068
14.753
11.157
11.527
10.194
10.663
10.988
11.030
11.108
9.067
8.191
7.376
8.640
7.688
8.537
6.789
7.310
8.445
6.197
6.299
5.221
6.916
6.069
7.681
6.351
7.107
8.177
6.394
5.410
6.052
6.271
7.298
5.608
5.755
5.865
6.457
4.275
3.715
3.817
3.974
4.317
4.644
2.512
2.194
1.798
2.584
2.886
3.487
1.398
1.231
0.579
-0.151
0.555
-0.480
1.189
0.933
0.162
1.100
2.259
3.062
2.206
2.734
2.063
2.649
4.122
4.862
4.081
4.484
3.553
4.803
5.577
5.542
5.403
6.953
6.967
7.688
7.304
7.221
8.281
7.083
6.849
7.101
5.744
7.363
6.905
8.467
6.729
6.868
5.630
7.304
7.014
8.410
6.771
7.052
5.661
7.310
8.392
6.599
7.103
5.127
5.014
4.942
4.006
3.012
4.008
4.075
3.823
5.134
3.025
3.262
2.051
2.992
2.343
3.976
2.596
1.546
3.194
2.694
2.450
3.685
1.795
0.743
1.824
2.219
13.209
12.377
12.884
12.598
14.622
14.707
15.306
14.980
13.035
13.297
13.590
12.021
12.861
13.442
11.831
13.064
10.853
10.297
10.493
10.638
10.825
11.665
10.506
9.235
8.650
9.239
8.670
7.213
6.737
6.431
5.980
6.087
5.270
6.082
4.625
7.152
7.668
7.865
5.835
5.461
6.145
4.028
3.383
3.380
4.303
4.867
3.855
3.075
2.756
3.344
1.902
2.428
1.491
0.812
0.099
1.179
-0.162
0.528
-0.531
-1.373
-1.918
-1.023
-2.228
-1.756
-3.481
-4.027
-4.396
-3.939
-4.533
-5.699
-6.185
-6.236
-5.718
-5.225
-5.036
-7.064
-6.971
-7.501
-8.111
-9.065
-8.261
-7.736
-8.692
-7.061
-7.223
-7.488
-7.672
-5.724
-5.293
-5.433
-5.501
3.997
2.945
4.666
4.523
4.535
5.587
3.492
3.608
2.471
3.441
4.367
3.564
2.173
1.288
1.984
2.254
2.683
1.180
2.666
3.760
1.873
2.380
0.387
-0.040
-0.082
-0.189
0.239
-1.283
0.017
-0.369
1.105
-0.898
-0.574
-1.921
-0.555
0.471
-0.504
-1.558
-1.601
-2.602
-1.163
-1.197
-0.128
-2.145
-2.655
-2.980
-1.709
7.449
7.252
6.229
7.739
8.851
9.071
9.041
9.625
7.245
7.399
6.265
7.975
6.478
6.724
6.573
5.448
7.715
8.790
7.194
8.648
9.036
9.759
7.579
7.720
7.338
8.255
6.789
6.505
6.098
5.379
4.295
4.262
3.029
2.957
3.198
7.342
7.885
8.199
6.632
6.143
6.103
5.490
4.932
6.377
1.708
1.571
0.821
1.461
1.622
2.360
0.237
0.075
-0.716
0.532
1.485
-0.260
0.716
-0.258
1.594
0.864
1.781
-0.096
1.013
1.617
0.511
0.596
-0.391
0.103
-1.258
-1.072
-0.267
-1.644
-2.010
-2.663
-1.258
-2.808
-2.098
-3.337
-3.883
-4.452
-4.595
-3.120
-2.247
-2.791
-3.950
-4.299
-3.271
-5.247
-5.381
-6.174
-5.213
4.355
3.742
3.669
4.880
5.369
5.664
3.656
2.843
3.884
3.192
3.970
2.297
2.883
2.070
3.788
2.436
3.245
2.319
1.094
1.141
-0.140
-1.027
-0.457
-0.961
0.377
-1.446
-1.060
-2.333
-1.752
-0.980
-1.659
-3.150
-3.440
-3.188
-4.186
-4.225
-3.845
-5.621
-6.076
-5.380
-6.395
-7.035
-5.696
-7.189
-6.687
-7.618
-8.115
12.918
11.512
11.625
11.273
13.950
14.894
14.025
13.737
13.179
12.333
13.541
13.947
12.956
13.937
12.179
12.687
10.253
9.394
10.492
9.266
9.099
9.941
10.030
7.824
6.709
6.648
5.831
6.523
7.544
5.543
5.824
6.656
4.801
5.018
4.930
6.358
7.315
6.361
5.252
4.147
3.833
3.165
3.649
3.130
3.352
3.151
3.124
2.320
2.550
2.559
0.878
0.567
0.234
0.436
0.570
1.164
-1.014
-1.118
-1.768
-1.291
-0.475
-2.226
-1.282
-0.248
-2.256
-2.176
-3.674
-3.599
-4.030
-4.739
-4.846
-4.708
-6.065
-6.185
-6.093
-7.244
-8.237
-7.043
-7.363
-8.300
-6.414
-7.661
-7.800
-6.799
-8.885
-8.588
-9.588
-9.692
-10.307
-9.110
-10.279
1.797
1.784
1.466
0.819
-0.218
0.885
1.110
2.116
0.960
0.142
0.447
-0.895
0.106
-0.487
1.145
-0.534
0.253
-0.667
-1.832
-1.779
-3.008
-3.852
-3.274
-2.864
-2.844
-4.775
-5.283
-5.037
-5.456
-5.606
-4.605
-6.870
-7.086
-6.743
-7.919
-8.103
-7.449
-9.243
-9.711
-9.167
-10.093
-10.137
-11.049
-9.584
-8.525
-10.153
-9.670
12.648
13.632
14.628
13.724
12.492
12.086
13.372
11.810
11.240
11.387
10.775
10.633
13.059
12.171
13.313
13.889
13.233
14.174
13.010
11.285
11.843
11.353
12.150
9.855
9.228
9.622
9.416
7.671
7.211
7.081
5.781
5.216
5.193
5.616
5.337
7.331
7.962
7.720
5.872
5.079
5.299
3.803
4.006
3.830
3.667
3.359
3.219
3.121
3.295
3.657
1.610
1.384
1.108
1.078
1.008
1.771
-0.363
-0.406
-0.941
-0.942
-2.037
-0.543
-0.435
0.578
-1.167
-0.710
-2.614
-3.254
-2.984
-2.834
-2.069
-2.622
-4.309
-4.930
-4.728
-4.327
-3.589
-3.947
-5.702
-6.241
-6.263
-5.880
-5.522
-5.339
-7.319
-7.749
-7.837
-7.555
-6.967
-7.321
-8.642
2.437
2.250
2.489
1.332
1.703
1.199
-0.021
-0.285
0.037
-1.107
-1.953
-1.451
-0.636
0.191
-0.161
-1.763
-2.105
-2.569
-1.351
-0.264
-2.106
-1.607
-3.501
-3.954
-3.537
-4.475
-5.468
-4.221
-4.633
-3.639
-5.142
-5.476
-6.514
-5.150
-5.660
-6.043
-4.606
-6.655
-7.672
-6.232
-6.706
-5.685
-6.915
-7.623
-7.708
-8.603
-7.286
12.687
12.012
11.314
12.754
13.766
14.213
14.556
13.318
13.437
12.749
14.044
14.021
11.691
12.057
10.960
11.017
11.216
10.969
10.185
12.689
13.473
13.580
11.852
11.734
10.564
10.544
10.727
9.211
9.174
9.366
8.709
8.094
8.839
8.524
9.931
7.937
8.163
7.899
6.664
5.934
6.317
4.505
4.028
4.563
7.995
8.348
8.270
6.518
6.239
6.396
5.646
5.717
6.113
4.160
4.012
3.631
3.413
3.740
3.803
1.886
1.556
1.406
1.382
1.425
1.143
0.945
0.940
1.768
1.154
-0.433
-0.576
-0.479
-1.452
-0.973
-1.439
-2.857
-3.551
-3.172
-3.022
-2.601
-2.579
-4.550
-4.975
-5.191
-4.695
-4.262
-4.158
-6.124
-6.385
-6.827
-6.294
3.805
3.984
3.992
2.239
2.016
1.892
1.462
1.714
1.677
-0.026
-0.539
-0.236
-0.707
0.021
-0.838
-2.040
-2.399
-2.144
-3.075
-2.734
-4.355
-4.907
-5.155
-5.434
-4.505
-6.491
-6.295
-6.974
-7.287
-7.464
-8.294
-6.648
-6.262
-5.789
-7.600
-8.107
-6.978
-8.591
-9.453
-9.066
-7.853
-7.193
-7.314
-8.727
-9.330
-7.994
-9.501
9.496
9.200
8.206
9.176
9.359
9.736
9.936
8.348
10.903
11.113
10.904
11.665
8.581
7.600
8.776
8.568
10.157
11.197
9.828
8.963
9.120
8.787
10.127
7.731
6.493
5.866
6.603
5.591
6.188
4.792
4.198
4.195
3.173
2.390
3.686
4.658
5.316
4.200
3.680
2.836
2.969
1.698
1.885
1.787
2.528
3.179
1.906
1.571
2.160
1.362
0.307
0.626
-0.096
-0.747
-1.212
-0.282
-1.840
-1.694
-1.741
-3.300
-3.900
-3.558
-3.650
-3.370
-4.361
-4.593
-4.971
-4.370
-5.049
-6.455
-6.557
-6.759
-7.331
-7.402
-6.927
-8.807
-8.882
-9.275
-9.547
-9.449
-9.108
-11.054
-11.200
-11.595
-11.640
-11.602
-11.181
-13.149
-13.648
-13.512
-13.220
0.325
0.479
0.218
-0.821
-0.997
-0.560
-2.122
-1.898
-2.482
-3.162
-2.905
-3.135
-4.579
-4.770
-4.535
-5.684
-6.608
-5.987
-5.305
-4.403
-5.852
-5.409
-7.079
-7.216
-6.917
-8.419
-8.641
-9.071
-8.388
-7.983
-7.698
-9.751
-9.549
-9.949
-11.020
-11.055
-11.910
-11.054
-10.131
-11.021
-12.285
-13.135
-12.166
-12.451
-11.551
-12.676
-13.320
7.981
6.980
6.235
6.440
8.821
8.280
9.335
9.484
7.268
6.811
6.478
8.047
8.911
9.454
9.599
8.383
7.402
6.484
7.777
8.627
10.057
8.104
8.328
7.857
7.209
7.359
7.783
5.629
5.497
5.009
4.064
3.814
3.463
3.266
4.182
4.978
5.244
5.369
3.502
2.903
3.501
1.403
1.094
1.121
2.189
2.475
1.378
1.774
1.632
2.583
0.482
0.143
0.623
-0.744
-1.596
-0.486
-1.320
-0.393
-1.809
-2.176
-1.701
-2.274
-3.497
-3.767
-4.270
-5.204
-4.100
-3.096
-4.824
-4.318
-5.391
-3.831
-3.916
-2.835
-4.317
-4.087
-4.808
-4.469
-2.786
-2.083
-2.434
-3.144
-3.888
-3.470
-1.909
-1.118
-1.468
-2.298
-2.497
-1.482
-3.255
0.736
1.177
1.113
-0.805
-0.974
-1.255
-1.645
-1.320
-2.546
-2.106
-2.600
-2.779
-0.938
-0.533
-0.152
-1.450
-1.768
-2.323
-0.383
0.573
-0.436
0.517
-1.598
-2.567
-1.469
-1.668
-0.610
-2.001
-2.462
-2.210
-2.314
-3.983
-4.254
-4.245
-4.791
-4.510
-4.506
-6.271
-6.494
-6.545
-7.185
-7.226
-6.783
-8.606
-9.284
-8.585
-9.099
13.516
12.364
11.549
12.647
13.856
14.131
14.604
12.946
13.050
13.780
13.024
12.187
14.705
15.490
14.590
15.118
11.633
11.376
12.390
10.121
11.123
9.967
10.469
8.718
7.901
7.710
8.286
6.446
6.556
5.940
5.981
6.762
4.912
5.237
4.563
5.512
5.291
6.041
4.214
3.818
4.440
2.597
2.072
1.961
3.690
3.197
3.995
2.744
3.358
2.389
1.475
0.985
1.906
0.512
1.042
0.104
-0.611
-0.993
-0.133
-1.686
-2.489
-1.324
-2.253
-1.554
-3.551
-3.956
-4.735
-4.490
-4.971
-6.011
-6.885
-6.270
-5.845
-5.041
-5.703
-7.088
-7.239
-6.865
-8.340
-8.125
-8.398
-9.584
-9.374
-10.501
-9.886
-9.510
-9.297
-11.399
-11.534
-11.827
-12.063
2.905
3.457
3.552
1.618
1.905
1.346
0.503
0.054
0.663
-0.693
-0.749
-0.330
-2.044
-1.929
-2.295
-3.180
-4.029
-2.817
-3.582
-2.893
-4.504
-4.659
-5.413
-5.522
-4.921
-6.874
-7.286
-7.328
-6.983
-6.479
-6.534
-8.514
-9.098
-8.870
-8.912
-9.999
-8.772
-8.200
-8.256
-7.107
-8.838
-8.169
-9.084
-10.154
-10.955
-10.147
-10.577
13.678
13.076
13.319
13.538
13.384
13.937
12.366
13.713
15.187
15.675
15.604
15.524
13.174
13.753
13.358
12.117
11.555
11.516
10.951
10.850
11.923
10.652
11.035
9.485
8.374
8.179
8.401
7.036
6.256
6.985
7.044
6.899
7.167
8.122
7.314
6.936
7.675
7.241
5.660
4.658
4.876
3.308
3.667
2.981
6.112
5.948
6.589
4.783
4.215
4.168
4.851
3.932
5.790
4.738
5.484
3.729
4.992
4.403
6.037
4.811
5.407
3.749
5.250
6.231
4.662
5.303
3.225
2.711
2.710
3.224
4.016
2.218
3.600
2.965
4.592
3.788
4.406
4.434
2.542
1.861
1.936
2.813
3.361
3.561
1.591
1.268
0.800
1.811
2.560
0.857
2.185
2.291
2.796
1.819
1.049
0.767
1.349
-0.055
-0.246
-0.973
0.254
1.186
0.458
-0.776
-1.790
-0.957
-0.199
-0.328
0.860
-1.031
-2.097
-0.584
-1.314
0.834
1.249
0.773
1.731
1.250
1.784
3.078
2.955
3.501
4.158
3.832
5.198
4.286
3.349
4.473
5.457
6.347
5.557
5.362
5.377
6.327
4.142
3.985
3.193
4.240
-26.441
-26.167
-26.250
-25.201
-27.596
-27.757
-28.421
-27.620
-26.511
-26.724
-25.618
-27.159
-25.278
-24.457
-25.087
-25.360
-27.087
-28.139
-27.121
-25.303
-24.611
-25.379
-26.765
-24.558
-23.191
-22.834
-23.348
-22.056
-21.765
-20.896
-20.235
-20.422
-19.131
-19.614
-18.640
-22.501
-22.859
-23.343
-21.340
-21.074
-21.668
-19.915
-19.813
-20.165
-18.180
-18.716
-17.686
-17.225
-16.253
-17.547
-17.037
-17.953
-16.690
-15.916
-14.904
-16.180
-15.973
-16.955
-15.574
-15.018
-15.405
-14.037
-14.948
-15.844
-13.756
-13.882
-12.333
-11.940
-12.274
-11.442
-11.919
-11.476
-10.067
-9.731
-9.955
-9.051
-9.339
-9.146
-7.608
-7.017
-7.145
-7.442
-6.377
-7.612
-8.329
-9.422
-8.051
-8.120
-7.025
-8.521
-8.474
-18.645
-18.664
-17.803
-18.213
-18.054
-19.025
-16.807
-16.793
-16.041
-16.518
-17.349
-16.619
-15.149
-15.040
-15.082
-14.066
-14.086
-14.257
-12.703
-12.658
-11.584
-10.740
-11.474
-12.121
-10.442
-12.050
-13.144
-11.672
-11.674
-11.851
-10.607
-12.586
-12.467
-13.656
-12.150
-12.602
-11.051
-12.731
-13.842
-12.489
-12.217
-11.175
-12.021
-13.021
-12.555
-14.028
-13.169
-31.044
-31.214
-32.237
-30.791
-32.014
-31.918
-31.747
-33.042
-29.636
-29.239
-29.566
-28.946
-31.414
-32.264
-31.606
-30.571
-30.554
-30.983
-30.661
-28.564
-28.998
-28.838
-29.173
-27.038
-26.096
-26.384
-26.026
-24.641
-24.004
-24.242
-23.851
-23.707
-23.590
-23.787
-24.413
-24.641
-25.447
-24.920
-23.345
-23.145
-23.971
-21.689
-21.584
-21.085
-22.186
-22.175
-21.885
-21.094
-21.463
-20.201
-20.415
-19.950
-21.110
-19.424
-19.956
-18.800
-18.534
-19.176
-17.815
-17.749
-17.254
-18.417
-16.608
-15.949
-16.163
-15.303
-16.800
-17.585
-17.341
-15.747
-15.214
-16.224
-14.885
-15.561
-14.091
-14.356
-13.965
-15.164
-13.110
-12.991
-13.259
-11.833
-11.873
-11.861
-10.472
-9.684
-10.491
-10.289
-9.428
-11.110
-10.038
-21.310
-21.910
-21.617
-19.904
-19.692
-19.791
-19.062
-19.180
-19.499
-17.479
-17.098
-16.999
-17.285
-17.570
-17.998
-15.824
-15.360
-15.238
-15.708
-15.874
-15.498
-15.392
-15.594
-15.764
-16.446
-14.330
-13.439
-14.270
-14.197
-14.204
-15.204
-13.088
-13.108
-13.221
-11.720
-11.483
-10.905
-11.438
-10.377
-12.066
-11.650
-11.816
-12.519
-10.420
-9.989
-9.645
-10.561
-31.014
-30.517
-29.792
-31.208
-29.846
-30.220
-29.504
-28.976
-32.160
-32.859
-31.893
-32.792
-31.471
-30.583
-31.812
-32.136
-30.044
-29.717
-29.165
-30.851
-29.649
-32.076
-31.085
-30.532
-29.547
-29.142
-30.017
-28.325
-28.695
-27.590
-26.905
-26.822
-26.024
-26.599
-25.817
-27.494
-28.154
-26.719
-27.048
-25.750
-24.980
-25.299
-25.134
-26.211
-24.686
-24.190
-24.866
-23.698
-24.179
-23.794
-22.215
-21.953
-22.163
-21.257
-21.566
-21.342
-19.875
-19.602
-19.850
-18.775
-18.994
-18.662
-17.438
-16.717
-17.122
-16.134
-18.042
-19.122
-17.935
-17.672
-17.768
-18.363
-16.324
-16.016
-15.544
-16.305
-16.491
-17.039
-14.879
-14.832
-14.230
-14.563
-14.131
-15.503
-13.573
-13.917
-12.646
-13.132
-12.747
-13.891
-12.277
-24.157
-24.509
-23.948
-22.836
-22.699
-22.932
-21.687
-21.856
-21.780
-20.260
-20.114
-20.076
-19.056
-18.973
-18.140
-19.245
-20.024
-19.557
-17.861
-17.612
-16.987
-16.005
-17.259
-18.339
-16.725
-16.912
-17.502
-17.089
-15.401
-15.236
-15.109
-14.361
-14.452
-14.622
-12.952
-12.226
-12.899
-12.590
-12.416
-13.442
-11.343
-11.665
-10.393
-11.061
-10.135
-10.902
-11.786
-28.623
-29.084
-28.338
-29.905
-29.599
-29.010
-30.389
-30.035
-28.219
-28.920
-28.076
-27.322
-27.357
-27.550
-26.972
-26.591
-29.228
-29.585
-28.238
-30.097
-30.544
-30.866
-30.169
-28.547
-27.879
-28.413
-27.820
-26.388
-25.933
-25.744
-25.522
-25.697
-25.078
-24.711
-26.043
-26.144
-26.373
-26.941
-24.852
-23.961
-24.212
-22.555
-22.006
-22.568
-24.005
-24.197
-24.153
-22.523
-22.505
-21.975
-21.995
-22.060
-22.705
-20.547
-19.927
-20.388
-20.251
-20.805
-19.191
-20.433
-19.609
-20.208
-21.830
-22.085
-22.692
-23.639
-22.426
-23.149
-21.381
-22.516
-21.762
-23.543
-22.249
-22.707
-22.782
-20.789
-20.172
-20.307
-20.505
-21.238
-20.649
-19.083
-18.261
-18.946
-18.790
-19.472
-19.045
-17.347
-16.709
-17.128
-16.937
-21.699
-21.797
-22.154
-20.200
-19.731
-20.079
-19.337
-19.812
-19.119
-17.835
-17.261
-17.943
-16.959
-17.365
-17.149
-15.447
-15.210
-14.865
-15.054
-15.288
-14.541
-14.194
-14.121
-14.010
-14.952
-12.824
-12.545
-13.038
-11.606
-11.460
-11.628
-10.299
-10.086
-10.392
-9.151
-9.119
-9.397
-7.890
-7.711
-7.999
-6.739
-7.021
-6.761
-5.320
-4.810
-5.284
-4.618
-36.247
-35.834
-35.807
-36.624
-36.277
-36.888
-35.298
-36.495
-37.630
-37.892
-37.575
-38.365
-35.186
-35.321
-35.171
-34.220
-34.478
-34.646
-34.324
-32.878
-32.977
-33.641
-33.345
-31.392
-30.596
-30.826
-30.989
-29.078
-28.463
-28.948
-27.683
-26.873
-27.366
-27.447
-28.127
-28.673
-29.231
-29.082
-27.245
-26.633
-27.155
-25.140
-24.811
-24.902
-26.018
-25.689
-25.236
-25.997
-26.695
-24.974
-26.034
-25.358
-27.060
-25.668
-26.403
-24.693
-25.759
-25.539
-26.811
-24.636
-24.789
-23.677
-24.834
-25.862
-24.063
-24.311
-22.695
-22.350
-22.716
-21.568
-21.876
-21.601
-20.158
-19.931
-19.896
-19.152
-19.104
-19.567
-17.779
-17.974
-17.532
-16.686
-15.662
-16.856
-16.615
-17.635
-16.257
-15.604
-16.067
-15.375
-14.635
-24.326
-24.550
-24.624
-22.828
-22.289
-22.710
-22.188
-22.367
-22.449
-20.692
-20.360
-20.415
-19.899
-20.123
-20.042
-18.337
-18.083
-17.727
-17.680
-17.983
-17.057
-16.526
-16.514
-17.184
-16.369
-15.095
-15.125
-15.011
-13.971
-14.032
-14.077
-12.609
-12.485
-12.506
-11.493
-11.462
-11.672
-10.100
-10.011
-9.557
-9.217
-9.644
-9.232
-7.788
-7.792
-7.423
-7.148
-26.070
-25.336
-24.943
-26.059
-25.184
-24.352
-24.874
-25.699
-26.691
-27.483
-25.978
-27.042
-27.073
-26.491
-27.679
-27.747
-24.185
-23.837
-23.244
-24.017
-24.179
-24.731
-24.649
-22.491
-21.505
-20.700
-21.860
-20.764
-21.423
-20.401
-20.843
-21.723
-19.958
-20.496
-18.902
-19.482
-19.111
-19.867
-18.545
-17.507
-17.310
-16.632
-17.297
-15.923
-20.039
-21.077
-19.697
-19.083
-19.083
-19.440
-17.589
-17.556
-17.081
-16.882
-16.900
-17.288
-15.437
-15.336
-15.052
-14.610
-14.971
-13.542
-14.796
-15.845
-13.895
-14.180
-12.508
-12.286
-11.695
-12.301
-13.103
-11.442
-12.098
-11.075
-12.857
-12.374
-12.295
-13.415
-11.259
-11.046
-10.301
-11.649
-12.257
-12.258
-10.487
-9.641
-10.243
-10.866
-9.928
-11.450
-11.413
-15.930
-15.459
-16.598
-14.803
-15.242
-14.172
-13.952
-13.709
-14.574
-12.660
-11.888
-12.244
-12.829
-13.634
-13.353
-11.616
-10.873
-11.923
-11.010
-11.623
-9.888
-9.630
-9.023
-8.937
-9.557
-7.666
-7.686
-7.046
-6.839
-7.296
-6.887
-5.364
-4.680
-5.570
-4.603
-4.645
-5.314
-3.267
-3.249
-2.838
-2.310
-2.562
-2.621
-0.814
-0.587
-0.147
-0.498
-31.283
-29.873
-29.885
-29.257
-32.225
-31.853
-32.439
-33.116
-31.156
-30.366
-30.947
-32.048
-31.773
-31.754
-32.780
-31.104
-29.182
-28.159
-29.632
-29.909
-30.164
-31.123
-29.187
-28.828
-27.877
-27.544
-28.188
-26.559
-26.848
-26.084
-25.355
-25.266
-24.805
-24.997
-25.369
-25.555
-26.135
-24.691
-25.220
-24.159
-23.549
-23.642
-24.346
-22.621
-23.265
-22.677
-22.908
-22.919
-23.548
-23.239
-21.437
-20.807
-21.230
-21.177
-21.999
-21.242
-19.937
-19.025
-20.020
-19.781
-20.612
-19.897
-18.483
-18.384
-17.526
-16.564
-17.624
-18.252
-18.133
-16.165
-16.267
-15.407
-15.548
-15.530
-16.177
-14.121
-14.197
-13.589
-13.251
-13.221
-13.670
-11.766
-11.781
-11.268
-10.941
-10.952
-11.641
-9.545
-9.379
-9.153
-8.874
-23.485
-24.438
-22.967
-22.649
-21.811
-23.155
-22.328
-21.874
-23.294
-21.545
-22.195
-21.265
-20.261
-19.624
-20.436
-19.567
-20.372
-18.729
-18.989
-19.644
-17.811
-17.551
-16.974
-17.510
-16.824
-15.635
-15.849
-15.383
-14.568
-14.952
-14.266
-13.345
-13.138
-13.541
-12.068
-11.813
-12.194
-10.842
-11.322
-10.018
-10.300
-9.954
-11.051
-9.194
-8.481
-8.648
-9.573
-30.633
-30.081
-30.542
-30.264
-32.069
-32.675
-32.205
-32.492
-30.622
-30.815
-29.703
-31.331
-29.907
-30.119
-30.246
-28.876
-28.621
-28.160
-28.305
-28.382
-27.985
-29.634
-28.421
-27.272
-26.008
-25.453
-26.058
-25.084
-25.593
-24.949
-24.484
-24.408
-23.933
-23.884
-24.634
-23.687
-23.092
-23.668
-22.986
-23.410
-24.249
-22.780
-22.627
-23.387
-22.536
-22.345
-22.629
-21.491
-21.879
-21.483
-20.182
-19.795
-20.344
-19.278
-19.499
-19.573
-17.756
-17.313
-17.337
-17.285
-17.593
-17.758
-15.759
-15.313
-14.918
-13.853
-15.373
-16.395
-14.712
-15.450
-16.146
-15.705
-14.046
-13.368
-13.664
-13.959
-14.552
-14.495
-12.568
-11.968
-12.664
-11.939
-12.683
-11.524
-10.780
-9.982
-11.101
-10.161
-9.365
-11.062
-9.748
-21.350
-21.400
-21.188
-20.197
-20.211
-20.083
-18.915
-18.862
-18.884
-17.768
-17.812
-17.978
-16.363
-16.590
-15.953
-15.229
-14.969
-14.333
-15.539
-16.064
-14.934
-15.204
-14.145
-14.503
-14.293
-12.752
-12.571
-12.655
-11.546
-11.645
-11.560
-10.152
-10.105
-9.457
-9.602
-9.870
-9.925
-8.037
-7.709
-7.713
-7.510
-8.040
-7.528
-5.973
-5.718
-5.662
-5.477
-34.034
-33.111
-33.022
-33.527
-33.368
-32.477
-33.063
-34.161
-34.254
-33.334
-34.997
-34.554
-35.412
-35.357
-35.980
-35.824
-31.677
-31.230
-31.266
-30.827
-30.650
-31.462
-31.646
-29.477
-28.383
-28.230
-28.393
-27.074
-27.122
-25.786
-24.824
-24.842
-23.607
-23.588
-23.791
-27.031
-26.799
-28.041
-26.007
-26.422
-27.604
-25.187
-24.235
-25.028
-22.243
-22.359
-22.125
-21.064
-20.935
-21.394
-19.681
-19.661
-19.343
-18.530
-17.533
-18.452
-18.678
-19.664
-18.581
-17.653
-17.528
-16.635
-17.985
-19.030
-17.030
-17.365
-15.524
-15.287
-15.152
-14.674
-14.494
-15.259
-13.362
-13.433
-12.753
-12.417
-12.881
-11.411
-12.315
-13.284
-11.765
-11.517
-10.538
-12.028
-11.492
-10.973
-12.497
-10.791
-11.468
-9.929
-10.285
-25.510
-26.404
-24.638
-25.682
-24.975
-26.717
-25.504
-26.050
-26.027
-24.012
-23.653
-23.429
-24.000
-24.727
-24.317
-22.593
-21.914
-22.754
-22.106
-21.490
-22.243
-21.857
-22.830
-23.609
-23.369
-21.809
-21.258
-22.342
-20.971
-21.502
-20.879
-19.569
-19.635
-19.144
-18.650
-17.847
-19.245
-17.998
-18.781
-17.634
-16.873
-17.200
-16.430
-15.803
-15.379
-16.233
-15.032
-35.045
-34.067
-33.904
-34.531
-35.442
-36.159
-35.880
-34.645
-36.244
-36.673
-36.950
-35.926
-34.368
-34.337
-33.352
-34.979
-32.644
-31.991
-32.108
-31.824
-32.313
-31.535
-32.691
-30.434
-30.429
-29.597
-31.304
-30.369
-31.158
-29.141
-29.087
-29.971
-27.686
-27.452
-27.086
-30.529
-31.452
-30.532
-29.452
-28.342
-28.160
-27.115
-27.352
-26.980
-27.565
-27.673
-28.314
-26.255
-26.140
-25.514
-25.747
-25.472
-26.553
-24.473
-24.579
-23.655
-24.019
-23.946
-24.775
-22.587
-22.368
-21.843
-22.444
-23.198
-21.728
-21.948
-20.797
-19.901
-20.360
-21.367
-21.708
-20.588
-22.558
-22.173
-23.490
-22.675
-21.706
-23.345
-23.173
-24.044
-22.472
-23.629
-24.494
-23.799
-22.579
-22.415
-22.957
-21.313
-20.522
-21.519
-20.857
-25.796
-25.846
-25.713
-24.546
-24.672
-23.631
-24.184
-25.019
-23.259
-23.995
-24.002
-24.846
-22.640
-22.680
-21.829
-22.094
-22.217
-21.014
-22.807
-23.664
-22.444
-23.179
-21.182
-20.263
-20.893
-21.360
-22.224
-21.609
-20.104
-19.872
-19.176
-20.439
-20.455
-21.391
-19.344
-19.518
-18.397
-19.359
-20.365
-19.105
-18.368
-17.393
-18.680
-18.170
-17.846
-17.377
-19.110
-33.806
-32.690
-31.978
-32.015
-33.294
-32.456
-33.959
-32.888
-34.975
-34.762
-35.855
-35.133
-34.421
-35.305
-34.687
-33.690
-32.988
-32.113
-33.453
-33.455
-34.337
-33.453
-33.890
-31.990
-31.722
-31.075
-32.669
-30.945
-31.605
-29.805
-29.231
-29.414
-28.318
-28.935
-27.726
-30.617
-31.528
-30.084
-29.766
-28.444
-27.876
-27.774
-27.899
-28.294
-27.337
-27.894
-26.801
-26.245
-26.801
-25.697
-25.181
-24.866
-25.588
-24.021
-24.055
-23.761
-22.676
-22.549
-22.863
-21.561
-21.999
-21.179
-20.447
-20.735
-19.214
-18.411
-18.633
-19.330
-18.403
-17.435
-17.811
-17.103
-16.247
-15.843
-16.350
-15.038
-15.044
-15.008
-13.684
-13.464
-13.612
-12.652
-12.787
-12.652
-11.137
-11.048
-10.619
-10.658
-10.487
-11.456
-9.752
-26.315
-25.878
-26.218
-25.575
-25.947
-25.741
-24.084
-23.771
-24.052
-23.190
-23.631
-23.281
-21.749
-21.236
-21.650
-21.003
-21.570
-20.031
-20.731
-21.666
-19.553
-19.364
-18.186
-18.140
-18.018
-17.036
-16.959
-17.359
-15.654
-15.284
-15.686
-14.637
-15.008
-14.445
-13.154
-13.065
-12.954
-12.060
-12.068
-12.177
-10.640
-10.002
-10.588
-10.233
-9.149
-10.805
-10.413
-29.525
-30.096
-30.650
-29.244
-30.658
-30.324
-31.508
-31.155
-28.845
-29.562
-28.507
-27.959
-28.515
-28.112
-27.658
-28.892
-31.054
-31.634
-31.839
-29.366
-28.347
-30.121
-30.371
-28.722
-28.138
-27.400
-28.880
-27.438
-28.025
-26.081
-25.902
-26.719
-24.510
-24.778
-23.890
-27.088
-26.684
-28.025
-26.230
-25.037
-24.520
-24.172
-24.715
-24.033
-23.701
-23.657
-24.179
-22.294
-21.917
-22.269
-21.350
-21.666
-21.410
-19.871
-19.415
-19.915
-18.956
-19.384
-18.719
-17.532
-16.767
-17.171
-17.511
-18.409
-16.468
-16.524
-15.104
-15.173
-14.921
-14.019
-13.910
-14.284
-12.643
-12.678
-12.443
-11.464
-10.512
-11.340
-11.543
-12.200
-10.557
-12.185
-11.901
-13.283
-11.929
-12.711
-12.080
-10.546
-10.599
-9.705
-10.398
-22.753
-22.742
-22.057
-21.928
-21.738
-22.559
-20.576
-20.633
-19.936
-19.822
-20.489
-19.656
-18.455
-17.880
-18.616
-17.769
-18.152
-18.020
-16.254
-15.854
-15.374
-14.347
-15.653
-16.307
-16.283
-14.582
-15.071
-13.760
-13.647
-14.158
-13.226
-12.351
-11.682
-12.744
-11.448
-11.015
-12.049
-10.202
-9.538
-9.596
-10.534
-11.217
-11.155
-9.354
-8.913
-9.546
-8.560
-28.962
-28.392
-28.026
-29.144
-30.254
-31.064
-30.558
-30.265
-27.997
-27.042
-27.850
-28.360
-29.187
-29.555
-28.279
-29.742
-27.229
-26.662
-26.626
-28.344
-27.666
-29.787
-27.713
-28.188
-27.260
-27.597
-27.247
-25.889
-25.356
-25.284
-24.903
-25.123
-23.884
-23.583
-24.528
-25.910
-26.254
-26.551
-24.620
-23.835
-24.131
-22.572
-22.830
-21.880
-22.595
-22.180
-22.941
-21.679
-22.177
-21.528
-20.328
-19.792
-20.566
-19.543
-18.680
-20.233
-19.218
-20.017
-18.586
-18.316
-17.500
-18.952
-17.832
-18.447
-16.748
-16.574
-15.766
-15.372
-16.222
-14.603
-15.071
-14.006
-13.596
-13.154
-14.045
-12.243
-12.457
-11.822
-11.456
-10.364
-11.656
-11.970
-12.976
-12.075
-11.094
-10.082
-11.003
-11.768
-12.717
-12.046
-11.219
-22.091
-22.767
-22.252
-20.581
-20.387
-19.812
-20.461
-20.729
-21.050
-19.019
-18.500
-18.617
-18.760
-19.396
-19.069
-17.280
-16.670
-17.207
-16.820
-17.638
-15.510
-15.340
-14.332
-14.653
-14.060
-13.208
-12.449
-12.805
-13.565
-14.414
-12.618
-14.067
-13.328
-14.110
-15.487
-15.495
-16.146
-16.070
-16.127
-17.068
-15.285
-15.371
-14.208
-15.788
-15.393
-15.557
-16.898
-31.002
-29.822
-29.899
-29.761
-30.936
-30.989
-31.785
-30.096
-31.063
-31.395
-30.081
-31.857
-32.279
-33.121
-32.391
-32.312
-28.429
-27.606
-28.479
-27.448
-27.617
-28.140
-27.963
-25.966
-25.410
-26.121
-24.515
-24.908
-25.710
-24.336
-25.128
-26.329
-24.355
-24.954
-24.398
-23.867
-23.157
-24.435
-23.171
-22.306
-21.977
-21.601
-21.135
-22.351
-22.883
-22.376
-22.793
-21.924
-21.593
-20.962
-22.507
-22.864
-23.348
-21.487
-21.005
-20.851
-22.073
-22.537
-22.926
-20.896
-20.174
-21.234
-20.372
-21.061
-19.066
-18.755
-17.867
-17.509
-18.225
-16.614
-16.070
-16.984
-15.753
-16.226
-15.812
-14.332
-13.917
-14.264
-13.381
-13.507
-13.626
-11.929
-11.636
-11.725
-11.087
-10.020
-11.575
-11.058
-12.023
-10.547
-10.390
-20.558
-20.894
-20.225
-19.266
-19.626
-18.661
-18.455
-19.090
-17.497
-18.017
-17.420
-18.913
-17.193
-18.025
-16.431
-16.351
-16.046
-16.821
-15.130
-15.225
-13.902
-13.035
-13.543
-14.276
-12.791
-12.947
-13.576
-12.989
-11.473
-11.502
-10.920
-10.791
-11.488
-9.857
-10.404
-11.291
-9.683
-9.869
-10.639
-8.947
-9.536
-8.654
-10.403
-9.247
-9.901
-8.213
-9.154
-24.143
-23.189
-23.458
-22.159
-23.597
-24.275
-22.681
-23.565
-24.374
-25.229
-24.412
-23.498
-25.451
-25.286
-26.091
-25.987
-23.002
-22.143
-23.878
-23.445
-23.332
-24.765
-22.660
-22.553
-21.125
-20.569
-20.811
-20.484
-21.007
-20.510
-20.911
-21.149
-20.989
-22.048
-20.253
-19.006
-18.586
-18.442
-18.710
-18.701
-18.907
-18.340
-19.307
-17.710
-20.638
-21.267
-20.922
-19.090
-18.704
-18.632
-18.802
-19.315
-19.243
-17.268
-17.139
-17.012
-16.307
-16.166
-16.759
-14.890
-15.117
-14.348
-14.067
-14.515
-12.827
-12.371
-12.106
-12.735
-11.511
-11.275
-10.567
-11.984
-10.568
-11.371
-10.025
-9.772
-9.279
-10.485
-8.559
-8.739
-7.902
-7.690
-8.414
-7.280
-6.634
-7.084
-6.341
-5.325
-4.804
-5.537
-4.634
-17.574
-18.061
-16.518
-17.651
-18.708
-17.174
-17.170
-16.088
-17.685
-17.410
-18.496
-17.205
-16.690
-15.618
-17.035
-16.755
-16.173
-16.220
-18.175
-18.840
-18.629
-19.671
-17.938
-16.832
-18.287
-18.384
-18.005
-19.457
-18.176
-18.392
-18.949
-16.716
-16.758
-16.096
-16.462
-17.297
-16.336
-15.109
-15.088
-15.011
-13.976
-14.160
-13.973
-12.633
-11.780
-12.681
-12.468
-30.894
-29.695
-30.026
-29.576
-32.174
-32.044
-32.983
-32.456
-31.226
-30.569
-31.277
-32.173
-30.663
-30.344
-31.586
-29.823
-28.410
-27.589
-28.481
-27.414
-26.897
-28.485
-27.996
-26.196
-25.270
-24.858
-25.796
-24.114
-24.502
-23.363
-22.693
-22.661
-21.986
-22.147
-22.413
-23.193
-23.788
-22.716
-22.005
-22.065
-23.081
-20.795
-21.030
-20.003
-20.497
-20.040
-20.000
-20.290
-20.980
-20.547
-18.887
-18.187
-18.839
-18.458
-19.014
-18.634
-16.897
-16.422
-16.288
-16.772
-16.861
-17.631
-15.441
-15.330
-14.319
-13.365
-14.174
-15.256
-13.561
-13.615
-12.525
-13.969
-14.137
-14.205
-15.151
-13.211
-13.166
-12.134
-13.720
-13.777
-14.797
-13.081
-13.451
-13.288
-11.546
-11.131
-11.165
-10.956
-10.973
-9.883
-11.317
-20.314
-19.373
-21.117
-19.876
-20.766
-18.993
-19.469
-20.397
-18.992
-18.664
-19.306
-17.936
-17.891
-17.306
-18.650
-17.039
-17.562
-17.078
-15.620
-14.939
-15.021
-14.024
-15.654
-16.753
-15.428
-15.284
-15.757
-14.208
-15.808
-16.914
-15.303
-15.442
-15.885
-14.374
-16.105
-17.114
-15.592
-16.342
-16.968
-16.896
-15.105
-15.380
-14.420
-14.298
-13.503
-13.796
-14.744
-31.494
-30.200
-30.226
-30.344
-32.657
-32.506
-32.795
-33.531
-31.704
-31.663
-32.681
-30.941
-31.575
-30.767
-31.473
-32.418
-28.815
-28.743
-27.975
-28.324
-29.245
-28.480
-28.735
-26.834
-26.447
-27.215
-26.023
-25.437
-25.359
-24.157
-23.567
-24.002
-22.444
-22.899
-21.832
-25.856
-26.019
-26.847
-24.932
-25.312
-26.425
-24.188
-23.627
-24.565
-21.532
-22.203
-21.016
-20.531
-21.021
-20.184
-19.353
-19.684
-18.726
-18.398
-17.997
-18.986
-17.169
-16.805
-17.587
-16.073
-16.542
-15.787
-14.759
-14.920
-13.539
-12.749
-13.149
-14.089
-12.513
-12.474
-13.079
-12.421
-11.083
-10.505
-11.135
-10.147
-9.992
-9.171
-10.743
-10.045
-11.627
-11.165
-11.920
-10.250
-11.729
-10.915
-12.571
-12.272
-11.382
-12.593
-13.075
-23.223
-22.241
-22.834
-23.968
-24.908
-24.371
-23.262
-22.944
-23.895
-22.186
-21.299
-22.372
-21.732
-22.534
-21.667
-20.416
-19.738
-20.084
-20.248
-20.972
-19.532
-19.786
-18.739
-18.889
-18.964
-17.255
-17.040
-17.273
-16.279
-16.388
-16.501
-14.810
-14.778
-14.509
-13.744
-13.720
-12.747
-13.859
-14.796
-14.069
-12.686
-11.829
-12.394
-12.972
-13.722
-13.342
-11.999
-30.600
-29.750
-30.278
-29.732
-31.950
-31.800
-32.546
-32.434
-30.847
-31.693
-30.032
-30.948
-29.992
-29.124
-29.678
-30.711
-28.341
-27.785
-27.792
-28.371
-28.470
-29.307
-28.444
-26.870
-25.814
-26.081
-25.961
-24.408
-23.763
-24.070
-23.693
-23.517
-23.262
-23.974
-23.365
-24.309
-25.038
-24.540
-23.014
-22.733
-23.501
-21.260
-21.030
-20.645
-21.804
-21.684
-21.571
-20.733
-19.714
-20.797
-20.609
-21.370
-20.654
-19.239
-18.415
-19.113
-19.036
-19.685
-19.440
-17.559
-17.142
-17.127
-17.335
-17.532
-16.953
-16.808
-16.823
-16.981
-17.623
-15.498
-15.314
-14.638
-15.446
-14.428
-15.754
-16.352
-17.394
-16.092
-16.488
-16.996
-17.271
-15.269
-15.209
-14.377
-15.512
-15.487
-16.555
-14.610
-14.692
-13.535
-14.872
-21.125
-20.072
-21.879
-21.410
-21.627
-22.383
-20.236
-20.001
-19.359
-20.502
-19.658
-21.412
-20.759
-21.645
-19.832
-20.998
-22.104
-20.589
-20.522
-21.234
-19.323
-18.991
-18.184
-17.975
-18.507
-16.851
-17.070
-16.452
-15.681
-14.752
-15.821
-15.516
-14.779
-16.450
-15.027
-14.158
-15.801
-14.605
-14.032
-13.952
-15.767
-15.336
-16.237
-16.899
-17.523
-17.318
-16.378
-29.391
-29.722
-30.620
-28.958
-29.395
-28.555
-29.160
-30.293
-30.210
-30.312
-31.237
-29.885
-27.941
-27.266
-27.605
-27.915
-30.049
-30.070
-31.027
-29.368
-29.477
-30.544
-29.082
-28.028
-26.870
-27.036
-26.682
-25.586
-24.656
-25.537
-24.992
-24.569
-24.845
-25.851
-24.492
-25.677
-26.674
-25.510
-24.671
-24.880
-25.901
-23.625
-22.768
-23.638
-23.603
-22.650
-23.808
-23.336
-24.201
-23.193
-22.107
-22.166
-22.062
-20.744
-20.509
-20.765
-19.571
-19.380
-19.938
-18.169
-17.749
-17.460
-18.145
-18.920
-17.371
-17.421
-16.319
-16.567
-16.197
-15.001
-14.771
-15.031
-13.880
-14.329
-13.455
-12.754
-12.236
-13.240
-11.733
-12.241
-11.102
-10.761
-10.034
-10.270
-11.384
-11.880
-12.106
-10.354
-10.687
-10.112
-9.435
-23.496
-24.336
-22.558
-23.537
-24.583
-23.269
-22.486
-22.564
-22.578
-21.074
-21.004
-21.002
-19.846
-19.160
-20.298
-19.084
-18.340
-18.542
-19.985
-20.330
-20.242
-20.874
-19.682
-19.431
-18.776
-20.710
-21.266
-21.423
-20.048
-19.355
-19.459
-21.135
-21.912
-21.681
-20.432
-21.267
-19.984
-19.439
-19.660
-18.410
-19.579
-20.644
-18.993
-19.293
-19.062
-18.358
-20.202
-28.758
-27.563
-27.867
-26.934
-29.435
-28.653
-30.308
-29.811
-29.750
-30.236
-30.526
-29.288
-28.399
-27.483
-29.121
-28.052
-26.736
-26.216
-27.449
-24.737
-25.343
-23.929
-25.889
-23.836
-23.269
-23.715
-23.482
-21.710
-21.395
-21.134
-20.881
-21.109
-20.330
-21.007
-20.330
-21.295
-21.519
-21.949
-19.846
-19.428
-20.206
-17.869
-17.567
-17.512
-18.889
-18.463
-18.322
-18.622
-17.537
-19.203
-19.051
-20.148
-18.531
-18.795
-19.150
-17.687
-19.370
-19.143
-20.454
-18.862
-19.560
-17.905
-18.481
-17.611
-19.136
-18.769
-20.407
-20.771
-21.137
-19.922
-20.853
-19.271
-19.306
-18.569
-20.105
-18.567
-18.402
-19.136
-17.223
-17.332
-16.531
-16.564
-17.037
-16.815
-15.017
-14.683
-14.598
-14.534
-15.034
-14.939
-13.445
-17.552
-18.092
-16.482
-18.055
-17.503
-19.131
-17.788
-18.437
-18.088
-16.306
-15.988
-15.606
-15.969
-15.831
-16.710
-14.590
-13.838
-14.594
-14.191
-14.038
-14.251
-14.162
-14.706
-15.197
-15.384
-13.494
-12.782
-13.693
-12.767
-12.405
-13.470
-11.554
-11.823
-10.772
-11.082
-11.919
-10.743
-9.970
-10.135
-9.131
-9.493
-8.592
-9.107
-10.471
-11.339
-10.823
-9.920
-30.228
-30.230
-30.961
-29.240
-31.672
-32.218
-31.619
-32.098
-29.536
-30.057
-29.587
-28.549
-29.611
-30.060
-29.872
-28.543
-30.738
-30.904
-31.741
-28.595
-28.569
-28.338
-29.963
-27.524
-26.685
-26.226
-27.229
-25.511
-25.820
-24.388
-23.494
-23.526
-22.323
-22.545
-22.485
-24.971
-25.778
-24.163
-24.469
-23.862
-23.690
-23.227
-22.443
-24.068
-20.939
-20.128
-20.929
-20.566
-21.200
-20.682
-19.142
-19.108
-18.485
-18.475
-18.184
-19.201
-17.190
-17.351
-16.594
-16.474
-17.153
-15.575
-16.034
-16.898
-14.829
-14.669
-13.485
-12.798
-13.789
-12.759
-13.278
-13.054
-11.265
-11.010
-10.975
-10.425
-10.760
-10.580
-8.971
-8.562
-8.632
-8.053
-8.070
-7.014
-8.316
-9.225
-7.400
-8.329
-9.125
-8.492
-7.342
-22.531
-23.181
-22.467
-21.177
-20.469
-21.197
-20.629
-19.667
-21.270
-20.432
-21.443
-20.008
-19.578
-18.858
-20.280
-18.894
-19.676
-18.602
-17.752
-18.002
-16.520
-15.746
-16.134
-16.053
-16.761
-14.705
-14.521
-14.742
-13.531
-13.492
-13.776
-12.239
-11.557
-12.377
-11.721
-11.737
-12.332
-10.257
-9.577
-10.231
-9.652
-9.771
-8.564
-10.175
-9.938
-11.248
-9.645
-30.337
-29.256
-29.726
-28.838
-31.182
-31.946
-31.643
-30.684
-31.179
-32.109
-30.780
-31.586
-29.709
-30.451
-29.069
-29.011
-28.145
-27.504
-28.626
-26.748
-25.802
-27.809
-27.255
-26.021
-24.944
-25.249
-24.740
-23.600
-23.672
-22.597
-22.725
-23.539
-21.512
-21.442
-21.920
-23.216
-24.007
-22.301
-23.164
-22.167
-21.392
-22.230
-21.385
-23.168
-20.246
-20.414
-19.920
-19.035
-18.944
-19.303
-17.895
-18.073
-17.759
-16.610
-16.489
-16.480
-15.390
-15.547
-15.312
-14.104
-13.863
-14.178
-13.010
-13.288
-11.705
-11.059
-11.129
-10.261
-11.862
-10.649
-10.181
-9.831
-11.685
-12.022
-12.509
-11.052
-10.827
-10.141
-12.075
-13.071
-11.750
-12.105
-11.070
-12.635
-12.654
-12.781
-13.622
-11.723
-12.118
-11.506
-10.835
-21.998
-21.073
-22.886
-21.622
-20.623
-21.653
-22.726
-23.590
-22.933
-22.203
-23.087
-21.844
-21.150
-20.845
-20.297
-21.703
-22.536
-22.113
-20.650
-20.320
-20.103
-19.338
-20.437
-20.652
-21.398
-19.327
-18.383
-19.673
-18.915
-18.566
-19.739
-17.723
-17.886
-16.806
-17.493
-16.869
-18.438
-16.781
-15.921
-17.447
-16.439
-17.388
-15.967
-15.295
-15.169
-14.336
-15.510
-27.836
-27.718
-27.412
-26.986
-28.842
-28.745
-29.831
-28.661
-28.103
-28.955
-28.199
-27.317
-26.466
-25.709
-26.149
-26.467
-29.016
-28.779
-29.763
-28.916
-28.933
-29.669
-29.555
-27.457
-26.406
-26.295
-26.574
-24.939
-24.327
-24.942
-24.931
-24.716
-25.134
-26.150
-25.250
-24.307
-25.012
-24.351
-22.949
-21.931
-22.044
-20.633
-20.360
-20.798
-24.055
-23.956
-24.442
-22.770
-22.970
-22.355
-21.765
-22.351
-21.181
-20.809
-19.996
-21.440
-20.140
-21.042
-19.704
-19.030
-19.451
-18.817
-17.748
-17.850
-16.660
-15.877
-16.532
-16.188
-17.452
-15.292
-15.243
-15.484
-14.022
-14.022
-13.982
-12.811
-12.699
-13.084
-11.444
-11.042
-10.667
-11.573
-12.044
-12.368
-10.264
-9.872
-9.532
-10.185
-10.428
-10.909
-9.185
-19.527
-18.584
-19.400
-19.764
-20.572
-20.019
-18.607
-18.621
-18.874
-17.269
-16.956
-17.284
-16.133
-16.488
-16.108
-14.732
-14.880
-14.243
-13.847
-13.850
-13.130
-12.440
-13.055
-13.475
-11.998
-13.941
-13.534
-13.883
-15.348
-15.431
-15.797
-16.210
-16.212
-15.702
-17.647
-18.266
-18.096
-17.890
-17.610
-17.264
-19.398
-19.908
-19.701
-19.875
-20.238
-20.744
-19.101
-29.831
-28.934
-27.984
-28.875
-29.952
-29.002
-30.700
-30.150
-31.145
-31.906
-31.265
-31.536
-29.277
-29.837
-29.197
-28.323
-29.209
-30.280
-28.657
-27.307
-27.374
-26.891
-28.742
-26.289
-25.595
-26.223
-25.262
-24.306
-24.505
-23.365
-23.645
-24.582
-22.443
-22.865
-22.267
-23.575
-23.424
-24.166
-22.234
-22.232
-23.182
-20.812
-20.581
-20.202
-21.103
-21.015
-21.176
-19.828
-19.929
-19.784
-18.575
-18.767
-17.920
-18.075
-18.733
-17.094
-17.789
-16.913
-18.563
-17.339
-16.452
-17.115
-18.399
-19.299
-18.308
-19.191
-17.162
-17.562
-16.559
-16.146
-15.254
-15.838
-16.579
-17.421
-16.880
-15.268
-14.686
-14.800
-15.576
-16.220
-14.603
-16.149
-17.166
-16.237
-15.265
-14.288
-15.125
-15.835
-16.867
-15.852
-15.284
-20.320
-20.918
-20.460
-18.882
-18.255
-18.770
-18.368
-18.890
-18.597
-16.847
-16.313
-16.540
-16.431
-16.544
-17.061
-14.917
-14.620
-14.259
-14.538
-15.399
-13.411
-13.487
-12.125
-11.296
-12.195
-11.411
-11.240
-10.481
-12.438
-13.361
-12.625
-11.992
-11.256
-11.497
-13.179
-13.958
-13.120
-14.027
-14.650
-14.739
-13.090
-12.430
-12.388
-13.955
-14.644
-14.676
-13.346
-29.264
-28.060
-27.578
-27.389
-30.035
-29.504
-30.920
-30.241
-30.201
-29.699
-30.510
-31.072
-28.810
-28.232
-28.155
-29.584
-28.245
-28.945
-27.282
-27.892
-26.924
-28.916
-28.706
-27.032
-25.682
-25.834
-25.436
-24.500
-24.711
-23.344
-22.491
-22.779
-21.184
-21.455
-20.961
-24.298
-24.206
-25.170
-23.101
-23.149
-24.149
-21.803
-21.695
-20.978
-20.107
-19.955
-20.471
-18.840
-19.220
-18.361
-17.947
-17.382
-18.505
-16.815
-17.174
-16.197
-15.913
-16.602
-15.502
-14.686
-15.017
-14.166
-13.709
-14.228
-12.323
-11.790
-11.632
-10.888
-12.338
-10.744
-10.138
-10.080
-11.529
-12.127
-12.224
-10.742
-10.053
-10.049
-11.531
-12.179
-12.261
-10.667
-11.409
-10.236
-9.592
-8.950
-10.141
-8.598
-9.233
-8.015
-8.060
-21.407
-22.270
-21.454
-20.009
-19.974
-19.165
-19.724
-19.455
-20.611
-18.418
-17.581
-18.652
-18.041
-18.903
-17.885
-16.818
-16.588
-17.041
-15.629
-15.307
-14.982
-14.106
-15.222
-15.855
-14.187
-16.065
-15.360
-16.814
-16.732
-15.928
-17.571
-17.242
-18.092
-16.400
-17.740
-18.463
-16.784
-18.430
-19.523
-18.175
-17.898
-18.124
-18.494
-16.410
-15.984
-15.901
-16.120
-32.297
-32.677
-32.788
-33.634
-32.174
-31.950
-33.143
-31.307
-33.409
-33.180
-33.995
-34.232
-31.035
-31.055
-30.331
-30.745
-31.722
-31.089
-32.287
-29.735
-29.394
-30.083
-30.934
-28.594
-27.875
-27.778
-28.489
-26.524
-26.770
-25.802
-25.319
-25.504
-24.765
-25.562
-24.434
-25.677
-25.622
-26.224
-24.397
-23.569
-23.766
-22.270
-22.385
-22.007
-23.595
-23.931
-23.201
-22.455
-22.249
-22.689
-21.194
-21.391
-20.895
-20.003
-19.763
-20.353
-18.791
-18.033
-19.167
-18.180
-18.866
-18.052
-16.885
-15.963
-16.666
-15.622
-17.744
-17.412
-18.698
-18.252
-18.806
-17.376
-19.366
-19.692
-18.979
-20.593
-20.355
-21.178
-21.615
-21.946
-21.026
-22.896
-23.520
-23.588
-22.653
-22.235
-23.649
-21.728
-22.074
-20.660
-21.689
-21.213
-21.537
-20.990
-19.921
-19.426
-20.115
-19.026
-19.437
-18.995
-17.541
-17.129
-16.870
-17.377
-17.744
-17.916
-15.909
-15.961
-15.360
-15.216
-15.207
-14.683
-14.105
-14.586
-14.652
-15.376
-13.349
-12.445
-13.229
-13.222
-13.143
-14.233
-12.046
-12.066
-11.197
-11.831
-12.646
-11.942
-10.495
-10.454
-9.740
-10.061
-10.303
-10.683
-8.655
-8.364
-7.940
-8.582
-32.867
-31.389
-30.762
-31.255
-33.330
-33.390
-32.555
-34.343
-33.720
-34.783
-33.602
-33.284
-33.184
-32.918
-32.576
-34.212
-30.769
-29.663
-31.063
-30.620
-31.179
-30.864
-31.197
-29.046
-28.289
-28.768
-27.985
-27.029
-26.505
-26.112
-25.474
-25.407
-24.770
-24.577
-25.418
-27.506
-27.996
-28.277
-26.512
-26.422
-27.215
-25.022
-24.386
-25.232
-23.434
-23.074
-23.661
-22.433
-22.713
-22.216
-21.028
-20.725
-21.255
-20.072
-20.659
-19.499
-19.113
-19.742
-18.372
-18.276
-18.006
-18.817
-17.214
-17.446
-15.940
-15.125
-15.426
-14.749
-16.285
-14.515
-14.348
-15.035
-13.160
-12.703
-13.238
-12.230
-12.810
-11.577
-11.494
-12.315
-10.858
-10.616
-9.596
-10.907
-10.540
-10.320
-9.775
-11.812
-11.947
-12.706
-11.761
-24.239
-24.960
-23.434
-23.668
-23.152
-24.343
-22.631
-23.153
-21.903
-21.984
-22.904
-21.417
-21.134
-20.465
-21.711
-20.310
-19.642
-20.961
-19.569
-20.230
-18.224
-17.902
-17.225
-17.669
-16.586
-16.300
-15.957
-16.860
-15.112
-14.764
-15.516
-13.905
-13.321
-13.145
-14.305
-13.362
-15.214
-14.524
-13.780
-15.464
-14.362
-15.114
-14.709
-12.877
-12.556
-12.733
-12.140
-30.326
-28.897
-28.822
-28.735
-30.458
-31.406
-29.764
-30.213
-30.357
-31.031
-30.465
-29.397
-31.402
-32.386
-31.335
-31.228
-27.539
-26.681
-27.694
-26.651
-27.121
-26.774
-27.360
-25.139
-24.284
-24.703
-24.107
-22.984
-22.357
-22.257
-21.676
-21.721
-20.820
-21.280
-20.734
-23.469
-24.069
-24.165
-22.346
-21.872
-22.159
-20.776
-20.431
-21.116
-19.308
-18.725
-19.284
-18.629
-18.889
-19.159
-17.148
-16.855
-16.632
-16.628
-16.567
-17.329
-15.236
-15.050
-15.235
-14.079
-13.160
-14.289
-13.888
-14.107
-13.578
-13.522
-13.308
-12.344
-14.086
-13.113
-14.039
-12.376
-12.547
-11.474
-13.090
-12.790
-13.850
-12.334
-12.285
-12.548
-11.178
-12.928
-12.320
-13.914
-13.093
-13.918
-12.107
-13.601
-13.899
-12.883
-14.511
-19.464
-19.919
-19.037
-18.516
-18.230
-18.859
-17.171
-17.207
-16.751
-16.174
-16.704
-15.941
-14.864
-15.092
-14.512
-13.667
-13.268
-12.897
-13.950
-14.675
-13.595
-13.975
-12.660
-13.027
-11.649
-12.590
-11.837
-13.583
-11.956
-10.875
-12.371
-12.269
-11.662
-13.342
-11.877
-10.903
-12.591
-11.883
-11.450
-12.921
-11.217
-11.432
-11.615
-9.664
-9.237
-9.237
-9.198
-23.243
-23.094
-22.330
-22.768
-23.327
-22.446
-23.321
-24.202
-24.396
-24.256
-25.318
-24.630
-21.972
-21.886
-21.841
-21.161
-24.411
-24.682
-25.189
-24.256
-25.286
-24.245
-24.084
-22.896
-22.202
-22.391
-22.490
-20.732
-20.520
-20.433
-19.449
-18.773
-18.933
-18.123
-19.714
-19.868
-20.117
-20.280
-18.496
-18.038
-18.610
-16.520
-16.139
-16.507
-18.347
-18.267
-19.145
-16.977
-16.494
-17.096
-15.901
-16.189
-15.737
-14.537
-14.050
-14.717
-13.709
-14.229
-13.737
-12.289
-11.945
-12.397
-11.332
-11.835
-10.035
-9.578
-9.086
-8.476
-9.527
-7.987
-8.487
-7.493
-6.881
-7.443
-6.245
-6.079
-5.773
-6.631
-4.880
-5.317
-4.436
-3.771
-3.566
-4.218
-2.494
-2.630
-2.115
-1.378
-0.569
-0.961
-1.749
-15.748
-15.974
-16.101
-14.303
-14.082
-13.831
-13.625
-13.587
-14.225
-12.123
-12.132
-11.802
-11.215
-10.907
-11.809
-9.946
-10.370
-9.278
-9.146
-9.635
-8.005
-7.540
-7.308
-6.252
-7.740
-7.306
-6.925
-6.649
-8.652
-9.278
-9.173
-8.783
-8.538
-9.840
-7.682
-7.847
-6.634
-7.973
-8.388
-7.108
-9.071
-8.616
-9.921
-9.464
-9.406
-8.752
-10.477
-25.826
-25.213
-25.813
-25.321
-24.899
-24.531
-23.934
-25.533
-27.233
-27.861
-27.290
-27.701
-25.941
-26.655
-25.009
-26.285
-23.750
-23.038
-23.532
-23.806
-22.973
-25.279
-23.425
-23.438
-22.159
-22.327
-21.615
-21.387
-20.653
-20.670
-19.566
-19.084
-18.966
-19.145
-19.487
-22.325
-23.141
-22.993
-21.601
-21.425
-21.873
-20.716
-21.329
-20.190
-17.427
-17.226
-16.871
-16.832
-17.107
-17.228
-15.283
-14.899
-14.946
-14.467
-14.806
-14.590
-12.957
-12.494
-12.779
-12.245
-11.498
-12.973
-11.679
-12.210
-10.503
-10.300
-9.462
-9.233
-9.850
-8.120
-8.383
-7.849
-6.996
-6.911
-7.224
-5.545
-5.197
-4.894
-5.399
-5.947
-5.982
-3.970
-3.456
-3.999
-2.993
-3.021
-1.938
-3.273
-2.397
-3.569
-4.107
-19.812
-19.195
-20.334
-18.623
-18.984
-18.010
-17.583
-18.046
-16.948
-16.575
-17.088
-15.855
-15.662
-15.083
-16.259
-14.737
-14.145
-15.423
-13.944
-14.596
-12.664
-12.326
-11.630
-10.639
-11.824
-11.492
-10.905
-12.513
-11.041
-11.561
-11.288
-9.552
-9.241
-9.270
-8.667
-8.698
-9.130
-7.258
-6.949
-7.304
-6.210
-5.404
-6.787
-5.748
-6.680
-5.220
-5.096
-30.229
-29.278
-28.295
-29.200
-31.615
-31.689
-31.905
-32.298
-29.982
-28.953
-30.146
-30.585
-30.040
-30.164
-30.886
-29.106
-29.454
-30.462
-28.771
-27.968
-28.006
-27.679
-29.295
-26.902
-25.599
-25.121
-25.708
-24.585
-25.164
-24.105
-23.727
-23.928
-23.067
-23.898
-22.788
-23.448
-22.942
-23.777
-22.347
-21.400
-21.274
-20.426
-19.924
-21.060
-21.893
-22.204
-21.827
-20.551
-20.214
-20.563
-19.552
-20.107
-19.391
-18.141
-17.686
-18.271
-17.240
-17.261
-16.210
-17.620
-16.783
-17.888
-18.721
-19.680
-18.679
-19.573
-17.421
-17.546
-16.681
-16.831
-15.888
-16.731
-17.651
-17.184
-18.666
-17.863
-18.321
-18.517
-16.521
-16.294
-15.863
-16.665
-17.092
-17.480
-15.510
-14.813
-15.821
-14.868
-15.537
-13.963
-14.473
-19.553
-18.991
-20.296
-18.633
-19.258
-18.198
-17.494
-17.124
-17.990
-16.302
-16.745
-15.741
-15.397
-14.838
-16.070
-14.460
-13.851
-15.136
-13.620
-14.225
-12.365
-11.900
-11.383
-10.694
-11.915
-10.464
-10.109
-11.066
-9.164
-8.710
-9.647
-8.183
-8.575
-7.135
-8.055
-7.371
-9.034
-7.609
-8.456
-7.564
-6.204
-6.139
-5.907
-5.167
-4.110
-5.272
-5.374
-32.159
-30.754
-30.809
-30.076
-33.155
-34.165
-32.867
-33.139
-32.245
-31.668
-31.743
-33.296
-32.564
-32.496
-33.625
-31.936
-29.988
-28.977
-30.457
-28.681
-27.842
-29.165
-29.973
-27.884
-27.708
-27.501
-28.637
-26.480
-26.667
-25.312
-24.132
-23.957
-23.151
-22.877
-23.550
-26.342
-27.276
-25.582
-26.213
-26.104
-26.226
-25.672
-26.433
-25.724
-21.925
-22.139
-21.459
-20.898
-20.704
-21.319
-19.587
-19.973
-19.066
-18.661
-18.105
-19.271
-17.533
-18.049
-17.080
-16.393
-15.604
-16.856
-15.735
-16.062
-14.584
-14.232
-14.031
-14.683
-13.834
-12.692
-12.960
-12.223
-11.632
-11.417
-12.123
-10.306
-10.519
-9.880
-9.353
-9.492
-9.649
-7.923
-7.377
-7.838
-7.093
-7.639
-7.108
-5.630
-5.681
-5.187
-5.110
-24.237
-24.286
-24.009
-23.180
-22.919
-23.578
-21.918
-22.060
-21.503
-20.905
-21.389
-20.637
-19.540
-19.077
-19.765
-18.407
-18.848
-17.759
-17.634
-18.262
-16.340
-15.973
-15.298
-14.983
-15.833
-14.041
-14.266
-13.596
-12.933
-13.369
-12.536
-11.795
-11.376
-12.257
-10.655
-11.065
-9.886
-10.046
-9.315
-10.847
-9.307
-9.398
-9.709
-7.806
-7.250
-7.342
-7.663
-28.149
-26.802
-26.544
-26.914
-29.090
-28.629
-29.128
-30.125
-28.012
-27.457
-27.445
-28.984
-28.704
-27.926
-28.900
-29.501
-25.656
-24.689
-25.624
-25.384
-25.800
-25.888
-25.857
-23.766
-23.135
-22.182
-23.727
-22.742
-23.688
-22.309
-22.538
-23.201
-21.877
-22.415
-20.804
-21.624
-22.012
-21.353
-20.465
-19.386
-19.392
-18.231
-18.184
-17.362
-22.147
-23.103
-22.308
-21.064
-20.909
-21.421
-19.845
-20.147
-19.541
-18.537
-18.172
-18.719
-17.353
-17.777
-17.025
-16.131
-16.604
-15.396
-15.373
-15.845
-14.214
-13.916
-13.238
-13.790
-12.553
-12.393
-11.904
-13.061
-11.262
-11.680
-10.703
-10.255
-10.252
-10.742
-8.804
-8.785
-8.058
-8.318
-7.258
-8.325
-9.069
-10.123
-8.681
-9.092
-9.434
-8.048
-9.609
-18.006
-18.754
-18.332
-16.591
-15.798
-16.241
-16.668
-17.037
-17.353
-15.397
-15.088
-15.678
-14.332
-14.744
-13.991
-13.013
-13.226
-12.520
-12.115
-12.614
-10.816
-10.247
-10.107
-10.899
-9.413
-9.246
-8.538
-8.650
-10.028
-10.762
-10.593
-9.091
-8.541
-8.354
-9.789
-10.574
-10.321
-8.879
-8.046
-9.470
-8.446
-9.228
-7.573
-8.096
-7.836
-7.277
-8.855
-33.391
-32.031
-31.415
-31.606
-34.350
-34.007
-34.359
-35.398
-33.258
-32.541
-32.794
-34.134
-33.991
-34.972
-33.338
-34.188
-31.931
-32.578
-32.382
-29.938
-30.798
-29.887
-30.513
-28.439
-27.658
-28.297
-26.958
-26.666
-27.267
-25.763
-26.473
-27.557
-25.523
-24.995
-26.038
-25.777
-25.448
-26.365
-24.583
-24.744
-25.827
-23.406
-23.819
-23.087
-24.558
-25.024
-23.884
-23.693
-24.384
-23.172
-22.684
-23.168
-22.006
-21.800
-21.309
-22.406
-20.889
-20.370
-21.596
-19.804
-20.400
-19.189
-19.033
-19.488
-18.020
-17.608
-17.316
-17.802
-17.354
-15.840
-15.364
-15.363
-15.446
-16.068
-15.797
-13.924
-13.935
-13.453
-13.201
-13.194
-13.929
-11.837
-12.012
-11.160
-11.123
-10.436
-11.765
-10.274
-9.925
-10.836
-9.369
-22.142
-22.240
-22.287
-20.766
-20.036
-20.484
-20.279
-20.959
-20.403
-18.865
-18.904
-18.266
-18.332
-18.069
-19.132
-17.158
-17.433
-16.943
-16.105
-16.301
-15.060
-14.521
-14.736
-15.492
-14.770
-13.269
-13.131
-12.485
-13.169
-14.140
-13.121
-12.006
-12.402
-11.905
-10.692
-10.578
-10.394
-9.654
-9.938
-9.839
-8.210
-7.994
-7.999
-7.237
-7.133
-6.228
-7.613
-30.315
-28.898
-28.995
-28.330
-31.048
-32.081
-30.787
-31.010
-30.414
-29.749
-31.416
-30.197
-31.085
-32.114
-30.623
-31.180
-27.880
-26.945
-28.259
-27.210
-26.850
-28.254
-27.580
-25.936
-24.862
-24.578
-25.123
-23.609
-24.048
-23.222
-22.593
-22.367
-21.983
-22.741
-21.207
-22.505
-22.130
-22.891
-21.347
-21.085
-21.765
-19.800
-20.012
-19.646
-21.541
-20.711
-22.405
-20.936
-20.538
-21.842
-19.961
-20.405
-19.123
-19.458
-19.298
-20.273
-18.164
-18.410
-17.395
-17.795
-18.533
-16.992
-17.365
-18.161
-16.056
-15.743
-14.911
-15.083
-14.633
-13.575
-13.702
-12.700
-13.162
-13.537
-13.579
-11.581
-11.193
-11.146
-10.908
-9.826
-11.177
-11.220
-11.671
-12.041
-10.055
-10.446
-9.757
-8.762
-8.048
-9.064
-8.072
-18.553
-18.713
-18.525
-17.148
-16.358
-17.206
-16.552
-16.161
-15.768
-17.515
-18.172
-18.095
-16.840
-17.641
-16.095
-16.110
-16.861
-15.353
-15.601
-16.429
-14.360
-14.210
-13.240
-13.585
-12.487
-12.588
-12.383
-13.230
-11.286
-10.702
-11.626
-10.379
-10.863
-10.147
-8.958
-9.087
-8.594
-7.912
-8.321
-8.044
-6.467
-6.257
-5.886
-5.962
-6.070
-6.500
-4.932
-32.629
-32.555
-33.522
-32.529
-31.300
-31.189
-30.595
-30.837
-33.103
-32.598
-33.029
-34.157
-33.536
-33.280
-33.471
-34.535
-31.384
-31.613
-31.396
-29.817
-30.990
-29.259
-30.078
-28.744
-27.783
-28.140
-27.498
-26.536
-26.512
-26.640
-26.011
-25.731
-25.827
-26.800
-25.156
-25.224
-25.347
-25.246
-24.018
-23.597
-24.354
-22.212
-21.736
-21.671
-25.266
-24.374
-25.989
-24.748
-25.535
-24.007
-24.091
-23.321
-23.638
-25.127
-25.859
-25.597
-24.479
-23.895
-25.237
-23.459
-23.854
-22.562
-23.213
-23.878
-22.247
-21.950
-21.240
-21.589
-21.197
-19.801
-19.877
-19.102
-19.136
-19.145
-19.579
-17.663
-17.025
-17.290
-17.440
-17.479
-18.148
-15.994
-16.158
-15.137
-15.476
-15.383
-16.164
-14.066
-13.316
-13.783
-13.974
-22.289
-22.842
-22.849
-20.883
-20.304
-20.257
-21.136
-21.407
-21.929
-19.920
-19.130
-19.496
-20.135
-20.944
-20.442
-18.822
-18.138
-18.946
-18.143
-18.727
-17.102
-16.657
-16.268
-15.867
-16.867
-15.124
-15.654
-14.825
-13.928
-13.386
-14.351
-13.053
-13.501
-13.015
-11.660
-11.730
-10.909
-11.095
-11.731
-11.066
-9.627
-8.916
-9.665
-9.100
-9.271
-8.049
-9.792
-25.623
-24.395
-24.520
-23.513
-25.593
-26.455
-24.771
-25.452
-25.855
-24.910
-26.722
-26.104
-26.795
-27.716
-26.936
-26.670
-23.870
-23.749
-22.844
-24.807
-25.334
-25.296
-24.818
-23.182
-22.447
-22.617
-22.621
-20.929
-20.783
-20.518
-19.993
-19.820
-19.676
-20.320
-19.908
-20.107
-20.478
-20.336
-18.743
-18.182
-18.784
-16.756
-16.183
-16.344
-18.186
-17.547
-17.985
-17.706
-18.466
-17.502
-16.424
-15.612
-16.566
-15.947
-16.730
-15.679
-14.727
-13.982
-14.995
-14.202
-14.428
-14.810
-12.677
-12.192
-11.988
-10.899
-12.507
-12.361
-13.613
-11.741
-12.147
-12.106
-10.274
-9.654
-10.157
-9.689
-10.364
-9.514
-8.320
-8.463
-8.021
-7.294
-7.170
-7.725
-5.896
-5.415
-5.252
-5.872
-6.308
-6.315
-4.850
-16.497
-16.712
-17.284
-15.121
-14.794
-14.315
-14.885
-15.814
-13.966
-14.943
-15.782
-14.026
-14.893
-13.981
-15.680
-14.860
-14.084
-15.841
-14.483
-15.234
-13.661
-13.606
-12.850
-12.059
-13.406
-12.225
-11.897
-11.399
-13.326
-14.079
-13.872
-12.886
-12.137
-12.232
-13.819
-14.386
-13.109
-14.845
-15.458
-14.298
-15.622
-14.955
-16.498
-16.299
-16.793
-17.137
-15.513
-31.591
-30.173
-30.243
-29.863
-31.986
-31.983
-32.958
-31.277
-31.734
-32.733
-31.533
-30.984
-32.491
-32.019
-32.639
-33.398
-29.190
-29.221
-28.169
-29.083
-29.310
-29.794
-29.400
-27.538
-26.694
-27.189
-26.420
-25.423
-25.638
-24.530
-24.583
-25.400
-23.326
-23.480
-22.462
-24.825
-24.484
-25.642
-23.741
-24.102
-25.233
-22.882
-23.005
-21.959
-23.278
-23.175
-24.210
-22.034
-22.158
-21.147
-21.559
-20.917
-22.401
-20.560
-20.412
-21.087
-19.244
-18.829
-19.600
-18.172
-18.717
-17.709
-17.099
-17.572
-15.778
-15.185
-15.056
-15.669
-14.190
-14.484
-15.306
-14.044
-13.387
-12.689
-13.722
-12.474
-12.036
-13.215
-11.506
-10.931
-12.091
-10.558
-10.163
-11.020
-9.275
-9.641
-8.493
-8.493
-7.614
-8.054
-9.110
-22.762
-23.142
-23.395
-21.262
-20.896
-20.670
-21.029
-20.823
-21.877
-19.863
-20.028
-19.666
-18.567
-18.222
-18.704
-17.377
-17.688
-16.670
-16.611
-17.175
-15.271
-14.811
-14.356
-13.453
-14.834
-13.809
-13.424
-14.708
-12.868
-11.938
-13.218
-12.475
-13.360
-12.144
-11.376
-11.743
-10.529
-10.816
-11.612
-10.264
-9.899
-8.985
-10.278
-9.507
-8.847
-10.395
-8.832
-32.542
-33.449
-34.112
-34.023
-32.034
-32.805
-31.649
-31.266
-33.226
-33.994
-32.472
-33.568
-31.350
-30.624
-31.556
-30.938
-32.818
-31.798
-33.450
-32.418
-32.318
-33.547
-32.608
-31.089
-29.944
-30.143
-29.573
-28.795
-29.246
-27.738
-27.237
-27.532
-26.187
-26.553
-25.855
-28.250
-27.753
-29.156
-27.315
-27.815
-28.968
-26.749
-27.286
-26.368
-24.894
-24.245
-25.280
-23.886
-24.329
-23.385
-22.815
-22.299
-23.224
-21.724
-22.130
-21.069
-20.859
-20.273
-21.532
-19.879
-19.519
-20.369
-18.636
-18.256
-17.982
-16.968
-18.393
-19.334
-18.569
-17.282
-17.673
-16.336
-16.866
-16.340
-17.770
-15.870
-16.415
-15.128
-15.073
-14.509
-15.766
-14.127
-13.477
-14.801
-13.049
-13.542
-12.538
-11.997
-11.155
-11.502
-12.414
-25.464
-25.736
-24.984
-24.365
-23.676
-24.755
-23.445
-24.069
-22.864
-22.328
-21.738
-22.731
-21.205
-21.688
-20.902
-20.010
-20.348
-19.528
-19.067
-19.589
-17.732
-17.137
-17.085
-17.357
-17.388
-15.556
-15.188
-15.233
-14.771
-15.146
-14.883
-13.241
-12.743
-12.764
-12.949
-13.433
-13.406
-11.488
-10.988
-10.981
-11.082
-11.744
-11.413
-9.615
-9.715
-8.916
-9.391
-31.186
-29.803
-29.363
-29.137
-31.010
-31.981
-30.764
-30.299
-32.042
-32.089
-31.638
-33.038
-31.883
-31.932
-31.349
-32.856
-29.841
-30.699
-29.957
-28.475
-28.503
-29.406
-28.593
-27.005
-26.100
-26.284
-26.296
-24.587
-24.123
-24.496
-24.513
-24.447
-24.482
-25.560
-24.144
-23.748
-24.207
-23.795
-22.388
-21.598
-21.925
-20.242
-19.508
-20.475
-23.784
-24.112
-24.154
-22.255
-22.014
-21.977
-21.479
-21.545
-22.000
-20.023
-19.439
-19.984
-19.352
-19.955
-19.186
-18.027
-18.124
-17.880
-16.862
-16.985
-15.628
-14.882
-14.934
-15.725
-14.142
-14.269
-13.583
-15.065
-13.472
-14.070
-12.647
-12.835
-13.646
-12.533
-11.729
-12.368
-11.566
-10.515
-10.587
-10.106
-9.383
-9.006
-9.557
-8.049
-7.809
-7.203
-8.223
-19.591
-20.292
-18.791
-18.853
-18.164
-19.590
-17.980
-18.588
-17.208
-17.121
-17.753
-16.631
-16.042
-15.164
-16.467
-15.379
-16.121
-14.712
-14.598
-14.700
-13.788
-13.238
-13.456
-13.143
-14.341
-12.309
-12.539
-11.358
-12.161
-13.169
-11.659
-11.285
-11.821
-11.155
-9.869
-9.985
-9.360
-8.978
-8.048
-9.416
-8.603
-9.338
-8.001
-7.730
-8.209
-7.576
-6.696
-27.988
-28.959
-29.296
-28.389
-28.726
-29.407
-28.026
-29.295
-27.416
-28.300
-26.933
-26.817
-26.896
-27.394
-26.142
-26.441
-30.129
-31.012
-30.601
-29.604
-28.846
-30.950
-29.760
-28.702
-29.236
-29.872
-29.783
-28.071
-28.482
-26.921
-26.081
-26.253
-24.821
-25.199
-24.130
-27.661
-28.454
-26.792
-27.366
-26.035
-25.255
-25.724
-26.621
-25.303
-24.144
-23.959
-24.791
-22.727
-22.855
-22.125
-21.850
-21.684
-22.550
-20.589
-20.829
-19.925
-19.852
-19.379
-20.567
-18.813
-19.308
-18.225
-17.838
-18.286
-16.495
-15.907
-15.644
-16.321
-14.787
-14.805
-14.412
-13.892
-15.711
-15.889
-16.708
-15.076
-14.050
-15.724
-14.965
-14.171
-14.553
-16.320
-17.067
-16.700
-16.326
-15.951
-17.382
-15.606
-16.280
-14.625
-15.372
-24.680
-25.318
-24.154
-23.690
-24.129
-23.110
-22.708
-23.185
-21.990
-22.091
-22.823
-21.325
-21.298
-20.388
-20.921
-21.995
-23.021
-21.359
-22.268
-23.100
-21.672
-21.825
-20.594
-20.583
-19.599
-20.814
-21.798
-20.014
-20.679
-21.430
-19.640
-20.837
-20.046
-21.814
-20.788
-20.095
-21.760
-20.479
-19.699
-21.365
-19.978
-20.770
-19.037
-19.793
-19.349
-20.752
-19.036
-26.583
-25.841
-25.306
-25.100
-27.650
-28.340
-27.286
-28.252
-25.637
-25.172
-26.132
-24.950
-27.323
-28.065
-27.729
-26.749
-26.638
-27.181
-25.852
-27.065
-27.313
-27.720
-27.475
-25.576
-24.712
-25.022
-24.745
-23.284
-23.038
-23.324
-22.689
-22.309
-22.526
-23.596
-22.121
-22.127
-22.539
-22.032
-20.922
-20.087
-20.089
-18.950
-18.883
-19.408
-21.621
-20.574
-21.906
-21.692
-22.727
-21.369
-20.749
-20.951
-20.961
-19.228
-18.986
-19.173
-18.487
-18.899
-18.619
-16.930
-16.537
-16.415
-16.501
-16.414
-16.214
-15.903
-16.165
-16.676
-16.831
-14.737
-14.255
-14.201
-14.496
-13.439
-15.080
-15.004
-16.115
-14.456
-14.685
-13.710
-15.495
-14.770
-13.993
-14.584
-16.190
-16.771
-16.596
-16.230
-17.248
-15.621
-15.592
-17.559
-17.237
-17.715
-16.455
-16.807
-16.201
-15.254
-14.852
-15.683
-14.160
-13.859
-14.544
-12.957
-12.855
-12.067
-13.232
-12.455
-14.229
-13.014
-13.818
-12.121
-12.319
-11.047
-10.060
-11.054
-11.266
-10.549
-12.270
-10.830
-9.883
-11.539
-10.430
-11.366
-9.766
-9.560
-10.239
-8.877
-8.763
-7.858
-8.525
-9.575
-9.939
-8.817
-10.709
-11.190
-10.307
-11.416
-35.577
-34.119
-34.120
-33.477
-36.480
-36.557
-37.507
-36.185
-35.532
-35.113
-36.568
-34.994
-36.111
-37.150
-35.567
-36.171
-33.476
-33.396
-32.386
-33.956
-34.370
-34.574
-34.128
-32.453
-31.803
-31.172
-32.548
-30.784
-30.289
-29.773
-28.551
-28.086
-27.683
-28.231
-27.463
-31.568
-32.288
-32.182
-30.699
-30.031
-29.983
-29.310
-29.329
-29.955
-26.390
-25.865
-26.672
-25.452
-25.923
-25.237
-24.078
-23.668
-24.332
-23.067
-22.222
-23.630
-22.472
-23.269
-21.930
-21.438
-20.650
-21.951
-20.966
-21.705
-19.704
-19.591
-18.467
-17.600
-18.408
-18.216
-18.967
-18.046
-16.928
-16.409
-17.237
-16.015
-15.298
-16.616
-15.247
-15.893
-14.964
-14.060
-13.373
-14.188
-13.548
-14.463
-13.106
-12.663
-11.637
-13.062
-12.573
-27.943
-28.002
-27.557
-26.856
-26.846
-27.238
-25.507
-25.563
-25.199
-24.507
-25.183
-24.171
-23.388
-23.851
-22.803
-22.550
-21.782
-23.184
-21.964
-22.621
-20.871
-20.576
-19.890
-19.021
-20.275
-19.177
-19.846
-18.755
-17.896
-17.903
-17.052
-17.664
-17.365
-18.625
-16.541
-15.579
-16.720
-16.595
-17.497
-15.719
-16.695
-15.900
-17.603
-16.760
-16.856
-17.665
-15.876
-29.722
-28.281
-28.465
-27.711
-30.353
-31.391
-30.370
-29.867
-30.482
-31.525
-30.048
-30.411
-29.659
-29.211
-30.591
-29.030
-27.407
-27.499
-26.381
-28.169
-29.397
-28.026
-27.976
-26.933
-25.824
-25.617
-25.986
-24.543
-23.728
-24.484
-24.218
-24.018
-24.207
-23.717
-25.248
-24.295
-24.956
-24.634
-22.821
-22.429
-23.248
-20.906
-20.487
-20.581
-23.353
-23.546
-23.533
-21.870
-21.500
-21.579
-21.135
-21.632
-21.080
-19.758
-19.040
-19.723
-19.027
-18.133
-19.701
-18.653
-19.707
-18.141
-17.840
-18.255
-16.719
-16.317
-15.893
-15.973
-16.410
-14.460
-14.471
-13.899
-13.605
-13.970
-12.522
-13.685
-13.343
-14.677
-12.650
-11.711
-12.716
-12.807
-13.763
-12.970
-11.760
-10.690
-11.774
-12.132
-13.180
-11.965
-11.435
-20.287
-20.636
-20.576
-18.750
-18.430
-18.279
-18.070
-18.552
-18.324
-16.562
-16.113
-16.059
-16.358
-17.100
-15.309
-16.447
-17.477
-15.824
-15.941
-14.850
-16.614
-16.077
-18.079
-18.535
-18.723
-18.529
-19.630
-18.115
-18.368
-18.883
-17.266
-19.098
-18.697
-20.190
-18.991
-17.908
-19.400
-19.920
-20.891
-19.479
-20.174
-19.309
-20.994
-20.636
-20.470
-21.707
-20.056
-34.863
-34.175
-33.604
-34.921
-35.918
-36.705
-36.337
-35.415
-33.896
-34.460
-33.062
-33.381
-35.502
-36.347
-35.883
-34.810
-33.161
-33.769
-32.833
-30.906
-30.273
-31.405
-32.080
-29.928
-28.521
-28.207
-28.195
-27.736
-28.159
-28.056
-27.697
-27.428
-27.779
-28.852
-27.535
-26.224
-25.765
-25.835
-25.822
-25.941
-26.236
-25.614
-26.384
-25.774
-26.868
-26.535
-27.313
-25.511
-25.146
-24.723
-25.601
-25.891
-26.359
-24.310
-24.012
-23.575
-24.516
-24.981
-25.194
-23.268
-22.591
-23.578
-22.605
-23.269
-21.355
-20.972
-20.390
-20.908
-19.750
-19.452
-20.047
-18.904
-18.300
-18.726
-17.886
-17.212
-16.889
-17.475
-15.919
-16.251
-15.512
-14.866
-14.737
-15.156
-13.586
-13.019
-13.786
-12.732
-11.714
-13.150
-12.595
-24.176
-24.124
-23.525
-23.728
-24.129
-24.271
-22.184
-21.803
-21.612
-21.714
-22.132
-22.158
-20.167
-19.717
-19.732
-19.871
-18.789
-20.372
-20.477
-21.521
-19.879
-20.323
-18.363
-18.206
-17.672
-18.183
-18.513
-18.779
-16.742
-16.140
-16.339
-16.379
-17.100
-16.574
-14.881
-14.643
-14.199
-14.554
-15.247
-14.772
-13.074
-12.440
-12.768
-12.583
-13.055
-13.001
-11.498
-26.026
-25.750
-24.817
-26.574
-27.337
-27.848
-28.024
-27.344
-26.224
-26.809
-26.621
-25.323
-24.971
-25.408
-24.142
-24.526
-25.321
-25.006
-24.385
-25.829
-26.599
-26.045
-26.309
-24.294
-23.698
-22.933
-24.509
-23.007
-23.825
-22.443
-21.524
-20.935
-21.510
-21.124
-22.571
-22.018
-21.341
-22.476
-21.212
-21.667
-22.655
-20.846
-20.810
-21.205
-20.716
-20.990
-19.677
-20.812
-20.081
-21.891
-20.359
-21.005
-20.478
-18.844
-18.278
-18.715
-18.334
-18.622
-18.765
-16.788
-16.614
-16.271
-16.147
-16.614
-14.980
-14.651
-14.019
-13.732
-14.441
-12.666
-12.175
-11.978
-12.686
-12.860
-13.545
-11.366
-11.343
-11.424
-10.099
-9.206
-10.207
-9.902
-10.873
-9.803
-8.736
-8.622
-7.872
-8.681
-7.812
-8.494
-9.631
-19.433
-19.007
-19.535
-18.612
-19.167
-18.681
-17.134
-16.560
-16.900
-16.785
-17.003
-17.423
-15.323
-15.189
-15.242
-14.305
-14.372
-14.502
-12.896
-12.748
-11.838
-10.844
-11.813
-12.807
-10.990
-11.758
-12.511
-11.982
-10.362
-10.064
-9.695
-10.177
-10.903
-9.133
-10.383
-11.387
-9.714
-10.194
-10.241
-10.975
-8.874
-9.116
-8.005
-8.774
-8.622
-9.703
-7.971
-28.074
-27.183
-26.166
-27.341
-27.884
-28.075
-26.887
-28.525
-29.476
-29.616
-30.137
-29.570
-27.772
-28.526
-27.515
-26.843
-27.366
-28.333
-26.532
-28.054
-29.311
-28.292
-27.324
-27.110
-25.807
-25.611
-25.866
-24.663
-24.695
-24.722
-24.357
-24.099
-24.190
-25.166
-23.520
-23.375
-23.375
-23.324
-22.097
-21.450
-21.881
-20.088
-20.239
-19.562
-23.696
-24.337
-23.762
-22.203
-22.268
-21.921
-21.231
-21.412
-21.368
-19.774
-19.102
-19.573
-19.307
-20.008
-19.278
-17.902
-17.697
-17.132
-17.619
-18.322
-16.709
-16.635
-15.714
-15.844
-16.073
-14.298
-14.297
-14.120
-13.172
-13.022
-13.629
-11.818
-11.042
-11.917
-11.114
-11.777
-10.836
-9.815
-9.229
-10.142
-8.879
-9.557
-8.249
-7.887
-7.159
-7.526
-8.502
-19.233
-19.593
-19.211
-17.792
-17.408
-17.832
-16.968
-17.270
-16.890
-15.477
-15.425
-15.089
-14.543
-14.991
-14.644
-13.107
-13.134
-12.818
-12.199
-12.187
-11.469
-10.921
-11.523
-12.481
-10.634
-11.288
-10.371
-12.226
-11.045
-10.272
-11.909
-10.679
-11.279
-9.611
-10.831
-10.392
-11.870
-10.050
-9.821
-9.012
-10.473
-9.726
-10.518
-11.847
-12.563
-12.006
-12.217
-20.838
-20.472
-19.664
-20.061
-21.968
-21.634
-22.678
-22.439
-19.646
-19.995
-18.799
-19.279
-21.237
-21.410
-20.526
-22.179
-21.571
-22.235
-21.020
-22.025
-23.247
-21.354
-22.312
-20.935
-20.090
-20.018
-20.405
-18.695
-18.961
-18.013
-17.588
-18.087
-16.571
-17.093
-15.898
-17.807
-17.345
-18.376
-16.677
-17.016
-18.131
-15.781
-14.938
-15.740
-15.810
-16.605
-15.312
-14.779
-14.058
-15.249
-13.944
-13.501
-14.550
-12.744
-13.077
-12.146
-11.802
-11.609
-12.444
-10.555
-10.274
-10.910
-9.371
-8.992
-8.737
-7.842
-8.949
-8.167
-9.943
-8.821
-7.810
-8.877
-9.824
-9.998
-9.601
-11.309
-11.225
-11.861
-12.109
-12.495
-11.596
-13.457
-13.179
-14.093
-14.152
-13.481
-15.106
-14.482
-15.345
-13.620
-14.601
-15.714
-16.375
-16.147
-14.310
-14.381
-13.661
-13.585
-12.488
-13.728
-14.135
-13.766
-15.244
-13.694
-13.939
-12.602
-14.282
-13.784
-15.287
-14.215
-13.289
-15.204
-14.903
-16.691
-17.084
-16.879
-17.546
-17.291
-18.631
-17.265
-16.186
-17.467
-18.200
-17.909
-19.226
-18.381
-18.857
-19.131
-17.067
-17.261
-16.420
-16.355
-16.206
-16.971
-15.002
-14.359
-14.418
-15.233
-29.701
-28.310
-27.603
-28.097
-30.118
-31.189
-29.889
-29.621
-30.668
-31.661
-30.397
-30.665
-29.856
-29.916
-29.030
-30.706
-27.857
-26.800
-27.842
-29.137
-30.411
-29.096
-28.600
-28.121
-26.702
-26.429
-26.449
-26.002
-26.441
-24.566
-24.155
-24.833
-22.667
-22.429
-22.187
-26.198
-26.179
-27.217
-25.212
-25.360
-26.145
-24.412
-24.743
-24.530
-21.911
-22.051
-22.222
-20.397
-20.110
-19.990
-19.586
-19.839
-19.810
-18.121
-17.815
-18.046
-17.240
-17.582
-17.535
-15.724
-15.624
-15.524
-14.833
-14.862
-14.002
-13.466
-13.694
-14.503
-13.475
-12.349
-12.159
-11.476
-12.420
-12.320
-13.445
-11.348
-11.663
-10.367
-11.496
-11.336
-12.523
-10.457
-10.731
-10.555
-8.965
-8.479
-8.873
-8.267
-7.354
-8.897
-8.008
-22.938
-22.298
-22.895
-22.327
-22.878
-22.279
-20.824
-20.372
-20.582
-20.316
-20.325
-21.087
-18.998
-18.944
-18.243
-18.558
-18.659
-17.469
-19.437
-20.441
-19.323
-20.017
-18.035
-17.431
-18.254
-17.084
-17.383
-16.865
-15.734
-16.032
-15.094
-14.676
-15.254
-14.071
-13.812
-14.590
-13.105
-13.099
-13.818
-12.370
-12.385
-12.074
-11.510
-13.289
-12.860
-13.387
-14.298
-30.034
-28.826
-28.939
-28.034
-31.245
-30.962
-31.690
-31.998
-29.643
-28.832
-29.285
-30.475
-30.365
-31.360
-29.630
-30.323
-28.303
-28.126
-27.267
-29.148
-29.856
-29.531
-29.062
-27.640
-27.129
-26.401
-27.869
-26.410
-27.150
-25.551
-25.484
-26.202
-24.103
-24.169
-23.333
-25.607
-24.908
-26.229
-25.032
-25.299
-25.988
-24.652
-25.311
-24.698
-23.653
-23.420
-24.389
-22.354
-22.248
-22.382
-20.983
-20.914
-20.810
-19.755
-19.353
-19.993
-18.579
-18.791
-18.275
-17.399
-17.343
-17.735
-16.061
-16.137
-14.872
-13.972
-14.491
-14.049
-15.315
-13.358
-13.768
-12.406
-13.035
-12.553
-13.925
-12.041
-12.379
-11.096
-11.716
-12.678
-11.229
-10.712
-9.746
-11.095
-10.693
-10.360
-9.953
-12.013
-12.678
-11.933
-12.403
-23.243
-23.327
-22.546
-22.725
-22.365
-23.517
-21.614
-22.086
-20.834
-20.928
-21.588
-20.699
-19.696
-19.176
-20.183
-18.694
-18.713
-19.294
-17.359
-17.447
-16.141
-15.250
-15.863
-15.101
-16.711
-15.229
-14.340
-14.997
-16.283
-16.511
-17.143
-15.729
-15.537
-14.720
-16.732
-16.420
-17.737
-16.517
-15.518
-16.408
-17.618
-18.466
-17.762
-17.541
-18.415
-16.724
-17.296
