8.356
7.197
6.290
7.388
8.161
7.291
8.939
8.214
9.668
9.964
9.702
10.408
8.380
8.665
7.364
8.979
6.856
5.887
6.722
8.253
8.322
9.467
7.946
7.017
6.743
6.680
7.549
5.431
5.389
4.435
3.584
3.687
2.325
2.578
2.202
5.274
5.649
5.933
3.873
3.565
4.369
2.030
1.520
2.011
0.939
0.812
1.051
-0.251
-1.188
0.001
-0.683
0.198
-1.063
-1.797
-1.378
-1.912
-3.156
-3.474
-2.933
-4.185
-3.802
-4.276
-5.497
-5.384
-6.710
-7.580
-7.009
-7.707
-6.108
-7.566
-7.797
-6.810
-8.914
-8.740
-9.763
-9.333
-9.374
-8.601
-10.733
-10.943
-11.377
-11.227
-12.240
-11.283
-10.300
-9.220
-10.418
-10.593
-10.019
-11.656
-10.386
1.456
1.380
2.114
0.050
0.041
-0.172
-1.167
-0.827
-1.785
-1.976
-1.570
-2.093
-3.387
-4.007
-3.289
-4.119
-3.563
-4.963
-4.645
-4.076
-5.818
-6.104
-6.684
-6.065
-7.252
-7.740
-7.225
-8.279
-8.894
-8.396
-9.353
-9.919
-10.708
-10.405
-9.477
-8.912
-10.443
-8.746
-7.821
-9.136
-8.303
-9.264
-7.695
-7.759
-6.714
-8.533
-7.730
11.722
11.478
12.276
11.287
13.075
13.251
13.149
13.919
11.568
12.087
10.534
12.125
10.668
9.677
10.437
11.149
10.235
10.398
10.141
8.872
9.003
9.743
9.053
7.333
6.801
7.400
6.716
5.306
4.690
5.414
4.300
3.334
4.444
5.060
5.149
4.839
5.577
4.966
3.538
2.514
2.644
1.311
1.454
1.333
3.127
3.535
2.438
2.345
2.043
3.039
1.162
1.428
0.476
0.445
-0.098
1.154
-0.495
-0.077
-0.635
-1.855
-1.768
-2.376
-2.681
-2.557
-3.249
-3.891
-3.390
-2.602
-3.260
-4.788
-5.638
-5.006
-4.874
-5.815
-4.001
-5.054
-5.139
-4.193
-6.396
-6.224
-6.967
-7.269
-7.604
-6.783
-8.424
-7.955
-8.686
-9.665
-10.344
-10.136
-9.426
-0.057
-0.171
-0.901
-0.259
0.165
0.354
-1.798
-1.993
-2.252
-2.111
-1.726
-1.693
-3.578
-3.734
-3.944
-4.374
-3.976
-4.546
-5.764
-5.794
-6.964
-7.741
-7.170
-6.241
-7.510
-8.425
-8.334
-9.338
-8.486
-8.955
-9.279
-7.290
-6.860
-6.473
-7.461
-6.613
-8.390
-7.784
-6.977
-8.776
-7.622
-6.616
-7.504
-8.630
-8.305
-9.698
-8.584
11.425
10.502
9.477
10.567
11.050
11.872
10.107
10.994
11.373
10.358
11.841
11.834
12.825
13.566
12.980
13.100
10.661
11.698
9.976
9.133
9.117
8.747
10.548
8.200
6.839
6.257
6.763
6.211
6.930
5.973
5.519
5.554
5.072
5.842
4.149
4.970
5.252
4.588
3.865
3.057
3.262
1.936
2.255
1.050
4.756
3.784
5.487
4.708
4.274
5.763
3.986
4.563
3.986
2.509
2.009
2.513
1.719
2.106
1.749
0.174
-0.343
-0.158
-0.298
0.450
-1.566
-1.726
-2.843
-3.081
-2.610
-4.066
-4.217
-5.008
-4.113
-3.706
-3.386
-5.583
-6.157
-5.573
-6.215
-5.667
-6.298
-7.656
-8.253
-7.611
-8.448
-8.661
-9.462
-7.876
-8.284
-8.118
-6.776
1.556
2.454
0.931
0.601
0.900
0.536
-0.785
-1.175
-0.756
-1.918
-2.050
-1.740
-3.303
-3.413
-3.378
-4.360
-4.215
-5.354
-4.195
-3.475
-5.006
-4.814
-6.248
-7.017
-6.748
-5.921
-5.314
-5.373
-7.231
-7.763
-6.987
-8.120
-7.538
-8.680
-9.211
-8.774
-9.806
-10.126
-9.486
-10.803
-10.959
-11.756
-11.492
-10.096
-10.691
-9.689
-9.286
11.212
10.177
10.301
10.364
10.846
11.591
9.820
10.696
10.976
11.386
9.911
11.445
12.618
12.662
12.809
13.331
8.637
8.186
8.365
8.453
9.278
8.966
8.379
6.916
6.122
5.334
6.727
5.369
6.165
4.699
4.389
4.893
3.425
4.006
3.222
4.415
3.799
5.152
3.606
4.135
5.096
3.310
2.743
3.951
2.066
2.000
1.688
0.971
0.973
1.389
-0.355
-0.368
-0.696
-1.418
-1.697
-0.996
-2.700
-2.539
-2.961
-3.953
-4.880
-4.061
-3.700
-2.855
-4.540
-4.222
-5.838
-5.851
-6.044
-6.900
-6.683
-6.797
-8.312
-8.586
-8.208
-9.354
-8.829
-9.543
-10.636
-10.395
-11.278
-11.608
-11.688
-11.078
-13.082
-13.054
-13.503
-14.084
-15.140
-14.065
-13.747
2.262
2.667
2.028
0.895
0.599
1.041
-0.168
-0.009
-0.047
-1.546
-1.737
-1.621
-2.636
-2.516
-3.563
-2.945
-3.717
-2.054
-3.391
-2.661
-4.660
-4.731
-5.930
-6.376
-5.590
-6.875
-6.356
-7.161
-8.199
-7.974
-8.567
-9.363
-9.093
-10.153
-9.956
-9.262
-10.546
-11.113
-10.791
-12.012
-11.468
-12.158
-10.561
-12.291
-12.716
-11.673
-13.071
11.918
10.743
9.884
10.853
12.070
11.891
13.001
11.253
11.846
10.876
12.588
12.015
13.128
13.226
14.059
13.108
10.434
11.343
9.692
8.517
8.172
8.161
10.041
7.911
7.057
7.601
6.761
5.702
5.209
4.982
4.299
4.288
3.428
2.636
4.088
5.858
6.565
6.395
4.594
3.990
4.432
2.814
2.771
3.138
2.677
3.386
1.858
2.139
1.329
2.970
1.422
1.124
2.093
0.338
0.793
-0.168
-0.697
-1.627
-1.032
-0.337
0.584
-0.178
-1.530
-1.381
-2.687
-3.485
-3.153
-3.683
-2.229
-4.113
-4.201
-3.693
-5.574
-5.483
-5.878
-6.707
-6.744
-6.394
-8.080
-8.171
-8.338
-9.153
-8.941
-9.217
-10.584
-10.648
-10.622
-11.612
-12.650
-11.508
-11.328
1.463
1.061
1.603
0.274
0.521
0.378
-1.117
-1.073
-1.811
-1.660
-0.828
-1.700
-3.018
-3.224
-2.941
-4.163
-3.836
-4.237
-5.451
-5.460
-6.618
-7.510
-6.869
-7.354
-5.939
-7.686
-7.588
-7.310
-9.184
-9.587
-9.408
-9.995
-9.843
-11.049
-9.827
-8.878
-9.744
-10.978
-11.427
-11.735
-10.474
-9.519
-11.179
-10.190
-10.371
-11.048
-9.198
8.460
8.224
9.112
7.515
9.183
8.610
9.364
10.183
9.365
9.309
8.996
10.410
7.151
6.538
7.303
6.631
7.452
6.385
7.478
9.175
10.177
9.633
7.953
8.578
7.617
7.636
7.915
6.123
6.073
5.772
4.695
4.114
4.407
3.682
5.390
5.256
5.303
5.679
3.818
3.484
4.347
1.991
1.783
1.564
3.776
3.790
4.341
2.352
2.367
1.793
1.645
1.625
2.368
0.247
-0.230
0.468
-0.744
-0.447
-0.802
-2.159
-2.526
-2.288
-3.103
-2.725
-4.250
-4.834
-4.671
-4.204
-5.747
-4.573
-4.818
-5.246
-3.085
-2.534
-2.581
-2.853
-1.751
-3.403
-3.308
-3.253
-4.285
-2.466
-2.099
-1.710
-3.459
-4.209
-3.974
-2.798
-2.398
-3.443
-1.924
1.414
2.032
1.546
-0.092
-0.115
-0.434
-1.107
-1.052
-0.820
-2.591
-2.896
-2.648
-3.502
-2.953
-3.428
-4.948
-5.072
-5.522
-5.505
-4.750
-6.730
-6.954
-7.862
-7.585
-8.683
-8.335
-8.879
-7.442
-9.205
-10.052
-8.702
-9.963
-9.431
-10.025
-11.401
-11.926
-11.881
-11.377
-10.815
-10.818
-12.741
-12.598
-13.439
-13.395
-12.586
-14.276
-13.689
9.699
9.042
9.157
9.563
9.955
9.067
10.215
10.696
11.065
10.892
11.759
11.551
8.989
8.825
8.014
9.548
7.550
7.114
7.016
7.855
9.245
7.681
7.494
6.848
5.435
5.349
5.215
4.505
4.601
4.874
4.811
4.565
4.967
4.898
5.976
3.006
2.780
2.722
2.228
1.736
1.909
0.916
1.101
1.200
3.799
4.214
3.793
2.411
2.046
2.571
1.383
1.587
1.498
-0.079
-0.150
-0.292
-1.171
-0.721
-1.320
-2.513
-2.375
-3.063
-3.370
-2.766
-4.685
-5.122
-5.605
-5.037
-6.335
-6.411
-6.732
-5.740
-7.612
-7.958
-7.352
-8.842
-8.631
-9.067
-9.953
-10.129
-9.626
-11.285
-11.157
-11.581
-12.160
-12.031
-11.789
-13.612
-14.297
-13.899
-13.810
-0.529
-0.532
-1.148
-1.244
-1.066
-0.682
-2.649
-2.595
-3.349
-3.124
-2.448
-3.064
-4.584
-5.189
-4.693
-5.220
-5.172
-4.498
-6.596
-6.642
-7.674
-8.627
-7.877
-7.002
-8.500
-8.671
-8.111
-8.732
-10.123
-10.193
-10.503
-11.022
-10.977
-10.522
-12.471
-12.453
-12.905
-13.210
-14.173
-12.830
-13.434
-12.448
-13.875
-14.308
-15.318
-13.689
-14.571
6.471
5.445
4.580
5.877
7.784
8.485
8.253
7.498
6.673
7.156
5.825
7.194
5.945
6.713
5.039
5.675
4.945
3.955
4.862
6.240
7.458
6.334
5.936
4.990
4.363
3.793
4.972
3.250
3.686
2.167
1.818
2.225
0.747
0.960
-0.175
2.531
2.192
3.206
1.385
0.647
1.064
-0.597
-0.309
-1.228
0.515
0.671
1.406
-0.685
-0.827
-1.525
-0.625
0.323
-1.512
-0.937
-1.862
-0.154
-0.940
-0.462
-0.279
-2.373
-2.272
-2.852
-3.218
-2.816
-4.364
-4.717
-5.103
-4.466
-5.796
-5.876
-5.105
-6.507
-6.782
-7.289
-6.343
-7.871
-7.392
-8.364
-9.082
-9.878
-9.414
-8.850
-8.123
-9.739
-8.480
-9.360
-7.731
-7.835
-6.902
-8.589
-7.376
-1.546
-2.458
-1.058
-2.108
-1.342
-2.636
-3.088
-3.958
-2.557
-3.453
-2.613
-3.654
-4.728
-5.427
-4.432
-5.184
-6.136
-5.269
-4.064
-3.556
-3.724
-2.870
-4.225
-4.556
-4.972
-3.095
-2.538
-2.340
-3.640
-4.090
-4.432
-2.571
-3.000
-2.128
-1.514
-2.043
-1.101
-0.360
-0.778
-0.164
0.969
1.446
1.540
0.784
0.774
1.574
-0.198
4.929
4.696
3.856
5.590
6.177
6.203
7.072
6.245
5.029
4.127
5.938
5.123
3.847
2.937
3.627
3.931
4.690
4.299
3.992
7.101
7.272
8.216
5.933
6.584
6.685
6.528
7.725
5.746
6.016
4.405
3.475
3.626
2.108
1.999
2.157
5.803
6.880
5.202
5.439
4.317
3.780
3.804
4.460
3.789
1.028
1.280
0.758
-0.253
-0.527
-0.017
-1.360
-0.915
-1.705
-2.497
-3.185
-2.079
-3.454
-2.756
-3.966
-4.430
-5.198
-3.893
-5.227
-4.726
-6.582
-7.039
-7.566
-7.034
-8.064
-8.660
-8.073
-9.241
-9.770
-10.378
-9.172
-10.726
-11.064
-10.173
-11.966
-11.776
-12.487
-12.897
-12.874
-12.493
-14.396
-14.866
-14.395
-15.166
-14.780
-14.911
-16.255
2.444
2.439
1.876
1.722
2.426
1.175
0.693
-0.131
1.096
-0.071
0.643
-0.902
-0.636
-1.158
0.104
-1.674
-2.336
-2.262
-1.128
-1.084
-0.691
-0.281
-0.589
0.338
-0.601
-1.860
-1.949
-2.755
-1.809
-0.845
-1.786
-2.878
-2.951
-3.859
-2.734
-1.678
-2.926
-3.466
-3.165
-3.165
-5.009
-5.373
-5.237
-5.799
-5.380
-6.906
-5.649
12.745
11.700
10.755
11.511
12.979
13.102
12.113
13.849
14.024
14.553
14.700
13.870
12.315
11.501
13.049
11.843
12.077
13.096
11.434
10.675
10.449
10.501
12.045
9.590
8.212
7.533
8.062
7.600
8.406
7.090
6.335
6.178
5.666
6.531
5.116
6.461
6.817
6.261
5.171
5.016
5.818
3.544
2.959
3.303
4.868
5.408
4.819
3.443
3.408
2.984
2.462
2.664
2.708
0.986
0.840
0.732
0.140
0.296
0.488
-1.272
-1.811
-1.140
-2.060
-1.447
-3.394
-3.782
-4.363
-3.933
-4.807
-5.549
-5.404
-6.243
-6.233
-6.237
-5.620
-7.746
-8.425
-8.198
-7.809
-7.160
-8.856
-7.424
-6.376
-7.468
-8.265
-9.326
-8.008
-8.034
-8.582
-6.945
-8.393
3.031
3.343
3.439
1.488
1.062
1.218
0.845
1.421
1.086
-0.633
-0.942
-1.265
-0.943
-0.581
-0.399
-2.472
-2.977
-2.884
-2.959
-2.479
-3.585
-3.658
-4.113
-3.560
-4.045
-5.598
-5.892
-5.835
-6.598
-6.796
-6.186
-7.941
-7.868
-8.118
-9.042
-8.791
-9.071
-10.373
-10.758
-11.117
-10.390
-9.709
-9.974
-11.782
-11.709
-12.233
-12.300
4.754
5.945
6.752
6.418
5.197
4.461
6.101
5.406
4.182
3.943
4.997
3.492
3.654
3.118
3.992
2.994
5.927
7.010
5.440
6.322
7.601
6.298
5.441
5.475
4.488
4.850
4.429
3.122
3.098
2.177
2.098
2.388
1.578
1.702
2.263
2.602
2.711
3.181
1.194
0.408
0.772
-0.881
-0.805
-1.061
0.026
0.101
-0.112
-0.976
-0.936
-0.610
-2.326
-2.253
-2.647
-3.510
-3.647
-3.022
-4.814
-4.742
-5.278
-5.633
-5.838
-5.048
-6.877
-6.632
-8.136
-8.865
-8.552
-7.895
-8.526
-10.018
-10.735
-10.186
-10.191
-9.603
-9.743
-11.679
-11.813
-12.269
-12.128
-11.767
-11.632
-13.586
-13.816
-14.186
-14.054
-15.116
-13.964
-13.484
-12.392
-13.694
-13.864
-2.003
-2.028
-2.942
-2.028
-1.945
-1.182
-3.404
-3.263
-3.766
-4.541
-4.369
-4.598
-5.888
-5.995
-5.944
-7.138
-7.248
-6.900
-8.375
-8.359
-9.254
-10.070
-9.384
-9.034
-10.446
-8.520
-8.695
-7.449
-8.844
-9.945
-8.411
-8.215
-8.659
-8.498
-6.636
-6.365
-6.243
-5.957
-6.498
-6.240
-4.518
-3.821
-4.475
-4.042
-2.967
-4.532
-4.250
5.602
4.361
3.703
3.743
6.640
6.147
6.838
7.471
5.248
6.049
4.585
4.830
6.316
7.036
5.540
6.787
4.618
5.121
3.600
4.994
4.423
6.152
5.441
3.769
3.089
3.096
3.559
1.596
1.523
0.959
1.311
1.920
0.563
0.849
-0.524
0.766
1.226
-0.265
0.876
-0.214
-1.205
-0.021
0.084
0.781
0.781
1.804
0.421
-0.011
-1.074
0.508
-0.032
0.936
-0.778
-0.465
-1.540
0.145
0.098
1.193
-0.390
-0.262
-1.358
0.333
0.120
0.482
0.185
0.457
-0.173
-0.264
0.546
-1.534
-1.345
-1.691
-2.743
-2.815
-2.551
-4.114
-4.104
-4.398
-5.327
-5.125
-6.091
-5.795
-4.872
-6.461
-6.559
-7.041
-5.835
-7.685
-8.343
-8.195
-7.326
-1.252
-2.184
-1.247
-1.409
-0.435
-1.576
-2.687
-2.612
-2.479
-4.012
-4.060
-4.100
-5.348
-5.383
-6.236
-5.563
-4.678
-5.398
-6.842
-6.780
-8.046
-8.888
-8.368
-7.541
-9.239
-8.835
-9.359
-7.936
-9.913
-10.683
-9.366
-10.623
-10.821
-9.874
-11.967
-12.563
-12.551
-11.803
-10.961
-11.370
-13.153
-12.826
-13.971
-13.512
-13.932
-12.611
-14.276
11.146
11.664
12.503
12.099
12.210
12.842
11.828
12.803
10.473
11.229
10.110
9.620
10.120
9.378
10.586
9.719
10.674
11.158
10.295
8.298
7.631
8.694
9.609
7.358
7.357
8.179
7.722
5.929
6.012
4.827
4.592
4.958
3.763
4.512
2.969
5.786
6.081
6.636
4.544
3.483
3.449
2.340
2.202
2.555
3.104
2.422
3.952
2.366
3.119
1.573
1.812
1.495
2.627
0.588
0.750
-0.255
0.206
0.055
1.095
-1.143
-1.217
-1.141
-2.443
-2.296
-3.729
-4.608
-4.093
-3.306
-4.414
-5.344
-5.637
-6.092
-5.256
-4.863
-4.558
-6.618
-7.013
-7.280
-6.627
-6.265
-5.773
-7.925
-7.745
-8.126
-9.081
-9.726
-8.682
-9.902
-10.954
-9.501
-9.797
0.958
1.058
0.267
0.290
0.757
-0.740
0.197
0.189
1.129
-1.004
-1.189
-1.999
-0.722
-0.423
0.261
-1.804
-2.136
-1.319
-2.927
-2.553
-4.167
-4.924
-4.885
-5.379
-4.144
-5.894
-6.722
-6.400
-5.355
-4.827
-4.554
-6.449
-7.330
-6.013
-6.875
-6.892
-6.137
-8.200
-8.180
-8.272
-9.517
-9.640
-9.262
-10.759
-10.715
-10.841
-11.633
10.465
9.085
8.861
9.113
10.938
10.336
11.937
10.976
11.432
11.172
11.363
12.453
10.597
10.551
9.821
11.537
7.987
8.048
7.003
8.076
8.836
8.619
7.838
6.625
5.501
5.608
4.664
4.995
5.692
3.683
3.702
4.624
2.206
1.826
1.688
4.900
4.181
5.914
4.467
3.715
3.767
2.836
2.111
3.617
2.049
2.482
2.709
0.553
0.162
-0.041
0.519
0.536
1.380
-0.783
-0.543
-1.642
-1.077
-0.880
-0.330
-2.461
-2.631
-3.244
-2.594
-2.249
-3.191
-3.215
-3.742
-3.732
-3.234
-5.255
-5.462
-5.310
-6.207
-5.847
-6.132
-7.654
-8.033
-7.609
-8.554
-8.130
-8.545
-9.957
-10.536
-10.383
-10.131
-9.570
-9.777
-11.602
-11.821
-11.709
-12.269
2.040
1.134
2.718
1.560
2.505
0.996
0.651
-0.312
1.059
0.641
0.308
1.701
-0.379
-0.313
-1.376
-0.063
1.048
-0.301
-0.553
0.328
-1.792
-1.989
-3.006
-3.804
-2.796
-3.605
-2.785
-3.836
-4.908
-5.589
-5.365
-4.462
-3.560
-4.085
-5.568
-6.337
-6.145
-5.043
-5.956
-4.692
-3.975
-3.006
-4.257
-3.859
-3.295
-3.146
-4.820
11.321
10.587
9.783
10.168
10.224
10.490
9.382
9.971
11.784
11.854
12.728
11.111
12.515
13.147
12.171
13.058
11.488
10.874
12.114
11.856
12.882
11.466
12.358
10.610
9.556
9.371
9.776
8.136
8.335
7.684
6.773
6.361
6.305
7.231
5.710
7.068
7.503
6.099
6.842
5.844
4.875
5.884
6.386
6.561
5.183
5.378
5.066
3.829
3.973
3.155
3.188
3.379
3.619
1.685
1.270
1.371
1.163
1.589
1.329
-0.357
-0.800
-0.599
-0.880
0.000
-2.106
-2.278
-3.264
-2.871
-3.570
-4.393
-3.917
-4.959
-5.385
-5.853
-4.750
-6.564
-6.235
-7.284
-7.255
-7.916
-6.493
-8.076
-7.567
-9.032
-8.467
-8.969
-7.513
-9.242
-10.344
-9.014
-9.007
4.533
4.007
4.776
3.546
4.060
3.652
2.092
1.687
2.158
1.169
1.241
1.374
-0.335
-0.349
-0.557
-1.340
-1.228
-1.164
-2.728
-2.956
-3.616
-4.655
-3.436
-2.639
-3.293
-4.742
-5.080
-4.462
-5.800
-6.124
-5.318
-7.083
-6.829
-7.430
-8.196
-7.815
-8.529
-9.431
-9.144
-9.623
-10.785
-10.894
-10.767
-12.072
-12.423
-12.864
-11.840
7.585
6.676
5.847
7.347
8.560
9.332
8.944
7.983
6.634
7.311
5.979
5.987
8.252
8.992
8.711
7.509
6.106
6.913
5.669
5.185
5.042
6.329
5.170
3.905
2.750
2.458
3.013
1.705
2.110
1.424
0.723
0.437
0.204
0.358
0.789
0.425
-0.387
-0.027
0.842
0.942
0.465
1.711
2.405
2.184
-1.248
-1.332
-1.404
-2.223
-3.191
-1.978
-2.358
-1.388
-2.672
-3.358
-3.001
-3.315
-4.695
-4.878
-4.848
-5.676
-6.496
-5.193
-6.168
-5.384
-7.432
-7.579
-8.662
-8.266
-9.346
-9.514
-8.906
-10.072
-10.480
-11.056
-10.024
-11.339
-10.753
-12.010
-12.449
-12.952
-12.013
-13.498
-14.281
-13.976
-12.981
-12.217
-12.452
-13.907
-13.439
-14.663
-14.420
0.649
1.260
0.006
-0.147
-0.890
0.457
-1.002
-1.406
-0.220
-2.181
-2.925
-2.004
-3.050
-2.212
-3.506
-3.984
-4.648
-3.297
-4.831
-4.180
-6.144
-6.453
-7.098
-7.483
-6.597
-8.295
-8.712
-9.117
-8.002
-7.063
-7.808
-9.124
-9.270
-8.814
-10.451
-10.833
-10.248
-11.633
-11.768
-11.464
-12.983
-13.085
-13.865
-13.080
-12.867
-12.434
-14.124
12.731
12.903
13.856
12.955
12.672
11.803
13.592
12.443
11.538
10.617
11.461
11.768
13.940
14.884
13.869
14.156
11.682
12.068
11.735
9.166
9.097
9.349
10.378
7.928
7.487
7.831
8.034
5.898
5.825
5.169
4.986
5.344
4.050
4.337
3.007
5.306
5.397
5.974
3.963
3.857
4.726
2.421
2.202
1.793
4.163
3.823
5.218
3.441
3.877
2.403
3.498
4.436
3.555
2.312
2.139
2.440
1.015
1.298
0.732
-0.013
0.255
-0.890
-0.473
0.126
-1.632
-1.778
-2.790
-3.650
-3.131
-2.230
-3.087
-1.517
-1.765
-1.022
-2.460
-0.977
-1.517
-0.044
-0.648
-0.016
-0.020
-1.765
-1.362
-2.326
-2.889
-3.571
-2.363
-3.859
-4.367
-4.669
-3.229
2.120
2.933
2.091
0.810
-0.013
0.850
0.356
1.174
0.326
-0.924
-0.989
-1.813
-1.181
-0.719
-0.858
-2.687
-2.693
-3.200
-3.566
-3.025
-4.940
-5.349
-5.835
-6.764
-5.369
-6.474
-6.788
-7.314
-5.495
-4.697
-4.979
-6.079
-6.624
-6.839
-5.100
-4.337
-4.688
-5.916
-6.465
-6.707
-4.940
-4.609
-4.012
-5.524
-5.030
-5.540
-6.507
11.092
11.009
11.777
10.126
11.333
11.499
12.257
10.475
12.181
13.103
12.143
12.223
9.838
9.021
9.854
9.604
11.098
11.045
12.019
8.514
8.596
8.196
9.921
7.485
6.776
7.363
6.575
5.338
5.544
4.450
4.587
5.472
3.341
3.595
3.380
4.553
4.341
4.983
3.167
2.983
3.851
1.555
1.454
0.953
2.081
2.045
2.220
0.769
0.811
0.482
-0.391
-0.349
-0.116
-1.739
-1.675
-1.916
-2.882
-2.781
-2.686
-4.278
-5.054
-4.579
-4.466
-4.310
-4.774
-4.887
-5.062
-6.132
-4.516
-4.833
-4.730
-3.879
-5.947
-6.353
-6.802
-5.608
-5.250
-4.817
-6.785
-7.290
-7.611
-6.405
-6.036
-5.672
-7.580
-7.938
-8.457
-7.239
-6.875
-6.377
-8.156
1.056
1.191
1.474
-0.454
-0.636
-0.519
-1.394
-1.327
-0.855
-2.838
-3.320
-2.891
-3.612
-3.085
-3.702
-5.006
-5.390
-4.934
-5.951
-5.769
-7.051
-7.694
-7.664
-7.437
-7.220
-9.183
-9.307
-9.597
-9.959
-11.055
-9.574
-9.702
-10.281
-8.616
-10.168
-11.239
-9.650
-9.945
-8.884
-10.018
-10.861
-11.929
-10.679
-10.580
-10.719
-11.272
-9.544
10.417
9.970
10.889
9.268
9.321
8.868
9.832
8.620
10.947
10.191
11.258
11.824
11.417
11.077
11.549
12.409
9.409
8.454
9.134
11.307
12.343
11.792
10.232
10.402
10.261
10.511
10.805
8.779
8.678
8.488
7.722
7.338
7.299
7.502
7.927
7.713
7.601
8.219
6.454
6.517
7.474
5.117
5.226
4.338
5.861
5.645
5.754
4.843
4.415
5.286
3.689
4.085
3.332
2.459
2.246
2.922
1.314
1.695
0.771
0.126
-0.793
-0.033
0.389
1.427
-0.517
-0.163
-1.963
-2.441
-2.232
-2.553
-2.027
-2.356
-4.060
-4.419
-4.222
-4.588
-4.231
-4.201
-6.062
-6.518
-6.277
-6.601
-6.541
-5.817
-7.965
-8.147
-7.853
-9.125
-9.094
-8.840
-10.091
4.625
5.417
4.241
3.414
2.746
3.676
2.572
3.334
1.985
1.595
1.456
2.270
0.254
-0.262
0.414
-0.631
-0.846
-0.104
-1.871
-2.349
-2.439
-3.308
-1.990
-0.895
-2.016
-2.840
-2.667
-3.907
-2.688
-1.610
-3.022
-3.407
-3.178
-3.088
-4.903
-5.436
-5.172
-5.700
-5.313
-6.800
-5.482
-5.613
-4.446
-6.463
-7.510
-6.230
-6.383
8.411
6.855
6.424
6.606
8.818
8.168
8.698
9.821
8.738
8.249
8.283
9.790
9.108
8.960
10.169
8.657
6.153
5.043
6.394
6.098
6.262
6.864
6.554
4.577
4.072
4.877
3.488
3.209
2.635
2.477
1.258
0.784
0.577
0.697
0.937
4.188
4.829
4.813
3.396
3.614
4.467
2.519
1.519
2.810
-0.948
-1.119
-1.162
-1.888
-1.798
-1.750
-3.320
-3.544
-3.698
-4.360
-4.348
-3.915
-5.654
-5.481
-6.056
-6.705
-6.275
-7.472
-7.331
-6.672
-8.564
-8.860
-9.554
-10.088
-9.038
-10.658
-11.170
-11.427
-10.023
-9.610
-9.259
-10.928
-11.464
-11.747
-10.388
-9.734
-9.858
-11.548
-12.296
-11.199
-12.177
-11.345
-12.879
-12.988
-12.245
-13.541
-13.548
2.211
3.169
1.632
1.672
2.411
1.742
0.234
0.122
-0.057
-0.894
-0.630
-0.939
-2.227
-2.678
-2.080
-3.351
-3.019
-4.218
-3.574
-2.817
-4.669
-4.744
-5.896
-5.787
-6.082
-7.170
-7.384
-7.013
-8.470
-9.199
-8.878
-8.176
-7.606
-7.483
-9.388
-9.559
-9.114
-10.616
-11.004
-10.391
-11.673
-11.390
-12.020
-12.922
-13.760
-13.255
-12.504
12.158
10.915
10.220
10.473
13.170
14.064
12.811
13.451
11.866
12.762
11.156
11.530
12.816
12.094
13.202
13.613
11.051
11.775
10.079
10.361
9.641
11.071
11.449
9.293
8.992
9.274
9.587
7.451
7.182
6.896
7.286
7.828
6.981
7.875
6.367
6.738
6.873
7.356
5.367
4.828
5.458
3.344
2.824
3.084
6.274
6.879
6.246
4.753
4.721
4.404
3.793
3.888
4.113
2.356
1.665
2.468
1.698
2.026
1.970
0.186
-0.450
-0.025
-0.196
0.623
-1.407
-1.771
-2.561
-2.744
-2.478
-3.835
-4.044
-4.754
-3.765
-2.865
-4.645
-3.911
-3.013
-3.786
-5.284
-5.990
-5.360
-5.780
-5.136
-5.606
-7.297
-7.404
-7.907
-7.589
-6.857
-8.632
-7.498
2.680
3.102
3.182
1.146
0.698
0.691
0.628
1.080
0.758
-0.913
-1.300
-1.084
-1.809
-1.465
-1.723
-3.183
-3.168
-3.491
-4.112
-3.799
-5.230
-5.825
-5.824
-5.203
-6.169
-7.096
-7.379
-7.978
-6.843
-5.809
-7.527
-7.078
-6.568
-6.621
-8.597
-8.945
-9.119
-8.964
-8.441
-8.617
-10.472
-10.922
-10.989
-10.847
-10.384
-11.937
-10.489
8.758
7.584
6.810
7.959
8.286
9.206
7.723
7.597
9.840
10.380
9.418
10.570
9.207
9.930
9.662
8.350
6.839
6.007
6.320
7.616
7.890
8.596
7.567
6.147
5.598
6.059
5.884
4.082
4.043
3.537
3.585
3.953
3.245
3.374
4.069
3.506
3.935
3.942
2.049
1.485
1.996
-0.037
-0.175
-0.259
1.825
1.649
1.759
0.606
0.921
0.260
-0.522
-0.175
-1.300
-1.114
-1.323
-0.405
-2.342
-2.733
-1.991
-3.532
-4.073
-3.289
-4.253
-3.573
-5.499
-5.815
-6.500
-6.289
-7.242
-6.970
-6.812
-6.280
-8.495
-8.987
-9.009
-8.808
-8.147
-8.563
-10.271
-10.599
-10.338
-11.317
-11.411
-11.105
-12.781
-12.726
-12.949
-13.859
-13.672
-14.886
-13.758
-0.916
-0.630
-0.542
-2.425
-2.634
-2.720
-3.408
-3.154
-3.203
-4.849
-5.022
-5.130
-5.952
-5.979
-6.924
-5.735
-6.446
-4.742
-5.863
-4.906
-6.916
-6.851
-8.297
-8.299
-9.051
-8.707
-8.643
-8.009
-10.193
-10.322
-10.897
-10.522
-10.029
-10.058
-12.024
-12.272
-12.544
-12.785
-13.775
-12.435
-13.178
-12.404
-13.208
-14.462
-14.455
-14.556
-15.341
11.208
9.794
9.524
9.988
12.232
12.237
12.156
13.240
11.259
10.985
12.214
10.518
11.444
11.242
12.434
10.726
8.645
7.636
8.587
8.300
8.986
8.554
8.775
6.730
5.941
6.320
5.922
4.526
4.688
3.630
3.052
3.471
1.717
1.867
1.238
4.066
4.326
4.617
2.609
2.263
3.007
0.771
0.523
0.147
0.666
0.377
1.203
-0.470
0.034
-0.961
-1.467
-1.571
-0.911
-2.674
-2.982
-2.436
-4.003
-3.705
-4.170
-5.308
-6.211
-5.224
-5.397
-4.381
-6.453
-6.469
-7.838
-8.334
-7.761
-8.569
-8.089
-8.390
-10.099
-10.569
-10.230
-10.779
-10.211
-11.019
-12.180
-12.799
-12.673
-11.915
-11.455
-11.119
-13.208
-12.915
-13.961
-13.789
-14.332
-12.920
-14.464
0.519
1.311
0.507
-0.846
-1.095
-0.927
-1.957
-1.883
-1.797
-3.388
-4.061
-3.747
-3.559
-2.880
-3.209
-5.045
-5.714
-5.222
-5.441
-4.778
-6.484
-6.484
-7.471
-7.437
-8.493
-7.302
-7.700
-6.238
-7.999
-9.030
-7.422
-8.055
-8.580
-8.530
-6.616
-6.778
-5.982
-5.769
-6.271
-5.687
-4.346
-3.530
-4.235
-4.119
-3.083
-4.803
-4.403
8.818
7.751
6.852
7.961
8.537
7.520
9.120
8.859
10.134
10.817
10.624
9.946
8.862
7.899
9.364
9.416
7.296
6.657
6.657
8.635
9.005
9.655
8.366
7.241
6.850
7.541
6.892
5.408
4.993
4.554
4.198
4.363
3.626
4.563
3.078
5.364
6.105
5.718
4.063
3.559
4.269
2.078
1.828
1.897
2.815
3.319
2.798
1.425
0.902
1.565
0.504
0.640
-0.577
0.789
1.112
1.544
-0.487
-0.819
-1.257
-0.206
0.541
-1.148
0.431
1.456
-0.069
0.654
-1.358
-1.119
-1.734
-2.425
-2.323
-2.115
-3.850
-4.420
-3.867
-4.571
-5.598
-4.205
-4.456
-4.686
-3.368
-5.275
-5.366
-4.826
-6.709
-6.752
-7.149
-7.553
-8.606
-7.358
-7.109
1.208
1.419
1.454
-0.254
-0.473
-0.530
-1.239
-1.082
-2.216
-1.267
-0.281
-1.583
-2.121
-1.681
-2.068
-3.577
-4.137
-3.549
-4.237
-3.779
-5.415
-5.867
-6.252
-5.948
-6.084
-7.754
-8.280
-7.826
-8.592
-8.255
-8.415
-10.122
-10.209
-10.562
-10.871
-10.540
-11.977
-10.632
-9.548
-11.170
-10.971
-10.130
-11.025
-12.270
-12.077
-12.729
-13.050
7.366
7.659
8.692
7.599
8.593
8.417
9.475
8.854
7.161
6.213
7.967
7.246
6.197
6.204
6.059
5.329
6.777
5.724
7.103
7.768
8.528
8.497
6.757
6.876
6.367
6.607
6.752
4.806
4.505
4.445
4.491
4.583
4.345
5.324
4.070
4.284
4.805
4.413
2.824
2.530
3.291
1.006
0.748
0.465
3.163
3.444
3.197
1.779
1.604
1.727
0.666
-0.308
0.916
0.630
1.508
0.780
-0.648
-1.400
-0.772
-0.761
-1.095
-1.618
0.523
1.419
0.668
1.544
-0.371
-1.199
0.124
-0.961
-0.209
-1.560
-1.939
-2.742
-1.446
-2.714
-2.120
-3.287
-3.832
-4.351
-3.328
-4.899
-4.352
-5.650
-5.645
-6.508
-6.131
-4.738
-5.395
-4.086
-4.145
0.320
0.791
0.607
-1.239
-1.713
-1.549
-1.972
-1.502
-1.867
-3.526
-3.618
-3.872
-4.456
-4.667
-3.958
-5.765
-5.549
-6.295
-6.674
-6.335
-7.846
-8.401
-8.556
-8.459
-8.038
-10.087
-9.998
-10.574
-10.827
-10.193
-10.915
-12.222
-12.256
-12.726
-13.120
-13.030
-12.908
-14.646
-14.720
-14.872
-15.609
-15.313
-15.328
-17.102
-17.538
-17.287
-17.654
10.668
9.426
9.642
8.683
10.558
10.358
11.448
9.647
10.842
11.574
10.928
9.997
11.905
11.705
12.848
12.073
8.846
8.098
9.592
8.603
9.236
9.273
8.378
7.132
6.092
5.693
6.425
4.877
5.288
4.202
4.377
5.193
3.458
2.798
2.862
3.821
3.202
4.407
2.923
2.391
2.582
1.504
2.072
0.471
4.319
4.632
5.198
3.345
3.929
2.604
2.621
1.894
3.330
1.833
2.634
1.337
0.944
1.573
0.605
-0.253
-0.931
-0.144
-1.072
-0.642
-2.101
-2.475
-2.757
-2.465
-3.828
-2.364
-1.268
-2.810
-2.618
-3.567
-2.624
-1.507
-1.217
-1.625
-0.184
-0.067
-0.048
0.970
0.871
0.801
2.285
3.034
2.416
2.761
2.807
3.803
2.091
1.381
0.825
2.425
0.619
1.309
-0.287
0.177
-0.771
0.883
-0.199
0.662
-0.425
-1.371
-2.259
-1.171
-1.620
-0.709
-1.797
-2.678
-2.450
-3.939
-4.715
-4.434
-5.004
-3.638
-5.336
-5.665
-4.660
-6.573
-7.147
-6.341
-7.517
-6.892
-8.014
-8.628
-8.173
-9.126
-9.605
-10.340
-10.211
-8.944
-8.370
-9.803
-8.049
-8.645
-7.164
-7.892
10.517
10.389
10.338
11.308
11.707
11.844
11.575
12.590
9.292
8.847
9.550
8.527
10.707
11.732
10.419
10.027
9.137
8.848
8.306
10.332
11.712
10.228
9.440
9.649
8.777
8.591
9.246
7.408
7.716
7.009
6.152
5.942
5.625
6.217
5.788
6.382
6.130
6.799
5.201
5.421
6.522
4.056
4.138
3.414
4.176
3.936
3.687
3.325
3.465
3.517
1.789
1.311
1.647
1.172
1.642
1.293
-0.251
-0.810
-0.235
-0.905
-1.932
-0.251
-0.830
0.095
-1.932
-1.798
-3.308
-3.717
-3.349
-4.048
-3.507
-4.374
-5.443
-5.845
-5.272
-6.611
-7.517
-6.294
-6.965
-7.710
-6.186
-7.376
-6.548
-8.319
-7.712
-6.818
-8.178
-8.820
-9.803
-8.440
-8.959
3.303
3.994
2.730
2.386
1.564
2.924
1.951
2.647
1.959
0.627
-0.171
0.251
0.492
1.282
0.675
-0.756
-0.574
-1.652
-0.898
-0.320
-1.468
-1.481
-2.098
-2.157
-1.462
-3.510
-3.508
-4.098
-4.053
-3.365
-4.072
-5.405
-6.125
-5.303
-6.011
-5.272
-6.979
-6.189
-5.299
-7.010
-6.645
-7.426
-5.890
-7.091
-6.263
-7.875
-7.468
7.395
7.930
8.672
8.513
8.496
9.095
9.162
8.065
6.652
5.975
7.360
5.927
6.357
6.161
5.470
6.607
6.858
6.108
7.407
6.956
6.804
8.350
6.164
6.208
5.013
4.847
5.014
3.771
4.117
3.380
2.967
3.035
2.414
1.723
3.241
2.524
2.317
2.827
1.324
1.429
2.383
0.048
-0.689
0.193
1.731
2.486
0.969
1.006
1.873
0.616
-0.103
0.283
-0.490
-1.296
-0.802
-2.028
-2.161
-1.566
-2.764
-3.032
-3.378
-2.390
-4.166
-3.826
-5.469
-6.219
-6.141
-5.568
-6.929
-6.909
-7.174
-7.884
-6.111
-5.949
-5.175
-6.753
-6.016
-6.771
-8.026
-8.668
-7.883
-8.712
-7.975
-8.954
-9.917
-10.725
-10.340
-9.681
-9.734
-10.372
-8.676
-0.669
0.127
-1.338
-1.423
-1.876
-2.239
-0.545
-0.210
0.391
-1.268
-1.520
-0.459
-2.383
-2.158
-3.235
-2.682
-2.661
-3.700
-1.526
-0.549
-1.690
-0.872
-3.000
-3.595
-2.758
-3.824
-3.082
-4.271
-4.921
-4.604
-5.594
-5.794
-5.768
-5.339
-7.272
-7.674
-7.229
-8.095
-7.634
-9.063
-8.533
-9.243
-7.633
-9.365
-8.809
-10.328
-9.554
11.383
10.747
10.972
11.181
11.133
11.748
10.081
11.335
12.901
13.313
13.392
12.990
10.977
11.489
11.135
9.918
9.220
8.801
8.850
8.957
10.410
8.159
8.787
8.220
6.792
6.425
6.639
5.968
6.399
6.027
5.658
5.296
5.747
6.119
6.484
4.507
4.122
4.532
3.517
3.248
3.671
2.339
1.456
2.944
4.356
4.627
3.847
3.248
2.998
3.651
1.993
2.080
1.851
0.690
0.476
0.797
-0.466
-0.096
-0.763
-1.776
-1.605
-2.443
-2.678
-2.151
-4.027
-4.555
-4.899
-5.561
-4.302
-5.998
-5.507
-6.470
-7.169
-7.613
-6.652
-8.332
-7.947
-9.049
-9.054
-8.389
-9.697
-9.924
-10.657
-9.181
-10.563
-9.767
-11.143
-11.565
-11.953
-12.426
-11.100
1.909
2.721
1.767
0.575
0.665
0.421
-0.595
-0.593
-0.464
-1.951
-1.887
-2.273
-3.080
-3.043
-2.907
-4.472
-4.460
-4.335
-5.648
-5.759
-6.508
-7.499
-6.315
-6.434
-5.269
-7.262
-7.298
-6.963
-8.749
-8.841
-8.838
-9.677
-9.107
-9.834
-11.058
-11.360
-10.852
-12.021
-12.047
-11.639
-13.433
-13.515
-13.590
-14.543
-14.363
-14.577
-15.572
8.741
7.482
6.908
6.923
9.595
9.800
9.034
10.492
9.568
9.690
10.469
9.130
8.416
9.291
8.211
7.596
7.517
6.509
8.231
7.043
6.385
7.875
8.006
6.198
4.788
4.395
4.225
4.477
3.390
4.714
3.882
3.002
4.275
4.878
4.773
5.198
6.265
5.077
4.700
4.081
3.699
3.829
3.928
4.549
2.977
2.245
3.214
2.436
1.679
3.217
2.015
2.781
1.310
1.126
0.434
1.710
0.238
0.825
-0.465
-0.504
0.232
-1.138
-1.362
-0.801
-2.736
-3.228
-3.655
-4.229
-3.098
-4.537
-5.091
-3.959
-5.472
-4.830
-5.621
-6.810
-7.287
-6.867
-7.799
-8.716
-7.335
-8.216
-7.379
-8.709
-9.297
-9.552
-10.143
-8.781
-9.346
-8.949
-7.692
2.458
2.378
2.418
1.276
1.509
1.044
0.023
-0.298
0.177
-1.196
-1.200
-1.077
-2.415
-2.161
-2.628
-3.719
-3.407
-3.726
-5.032
-4.974
-6.147
-7.086
-6.249
-5.963
-5.495
-7.552
-8.456
-7.502
-7.812
-7.987
-6.942
-9.090
-9.067
-9.192
-10.315
-10.401
-10.247
-11.584
-11.709
-11.657
-12.567
-12.287
-12.512
-13.974
-14.228
-14.137
-14.640
8.708
9.691
10.426
10.295
8.022
8.496
6.990
7.919
7.652
8.027
6.800
7.253
9.291
8.554
9.832
10.057
9.207
8.369
9.974
8.325
8.263
9.293
8.654
6.861
5.751
6.089
4.979
5.174
5.899
3.950
3.992
4.971
2.463
2.135
1.868
4.969
5.954
4.525
4.011
2.803
2.362
1.885
1.968
2.320
2.208
2.769
2.647
0.712
0.326
0.609
-0.209
0.155
-0.185
-1.666
-1.973
-1.704
-2.743
-2.547
-2.634
-4.215
-4.690
-4.064
-4.856
-4.348
-5.999
-6.408
-6.819
-6.347
-7.861
-7.020
-7.281
-6.023
-8.078
-7.925
-9.012
-8.232
-8.807
-7.282
-8.949
-9.795
-9.308
-7.991
-8.210
-6.998
-8.091
-7.898
-9.155
-7.347
-7.242
-7.693
-6.281
0.419
-0.252
0.105
0.212
1.026
0.210
-1.074
-1.193
-1.936
-1.323
-0.403
-1.707
-2.401
-3.322
-2.076
-2.452
-2.747
-1.393
-3.296
-2.604
-4.575
-5.111
-5.544
-5.033
-5.912
-6.695
-7.426
-6.431
-7.588
-7.948
-6.945
-8.867
-8.630
-9.410
-10.001
-10.109
-10.951
-9.839
-8.872
-9.729
-10.893
-11.836
-11.099
-10.552
-9.604
-10.574
-11.428
13.125
11.895
11.775
12.068
12.876
13.759
12.081
12.696
13.418
13.745
12.587
14.171
14.325
14.109
15.138
14.565
10.477
9.706
10.191
10.313
11.150
10.603
10.692
8.749
7.980
8.290
8.116
6.488
6.025
5.960
5.975
6.406
5.174
5.939
4.560
6.088
6.529
6.611
4.660
3.889
4.200
2.469
2.154
2.555
4.265
3.489
4.894
3.587
4.170
3.000
2.691
2.084
3.366
1.722
2.275
0.974
0.919
1.533
0.602
-0.221
-0.986
0.256
-0.994
-0.712
-1.898
-2.433
-2.302
-3.336
-1.596
-2.029
-1.075
-2.800
-2.301
-3.181
-1.421
-2.377
-1.650
-3.375
-2.047
-2.799
-2.045
-0.746
0.197
-0.839
-0.306
-0.898
-0.340
1.108
1.416
1.795
1.263
1.402
1.421
1.506
-0.048
-0.223
-0.166
-1.073
-0.678
-1.113
-2.529
-2.513
-2.942
-3.329
-3.155
-2.944
-4.876
-5.029
-5.468
-5.394
-4.678
-6.667
-6.946
-7.771
-7.491
-8.693
-8.056
-7.196
-8.822
-8.516
-7.730
-9.478
-8.581
-9.235
-7.509
-8.976
-9.955
-8.179
-9.070
-9.859
-8.087
-9.680
-9.138
-10.767
-9.387
-9.905
-8.322
-9.745
11.999
10.940
11.301
10.798
11.394
12.054
11.326
10.465
13.212
12.969
14.179
13.493
12.315
11.370
12.886
12.852
9.502
9.016
8.797
9.594
10.144
10.235
9.512
8.035
7.101
6.878
7.513
5.729
5.969
5.270
4.607
4.281
4.358
5.284
4.276
4.754
4.867
5.100
3.378
3.105
3.919
1.609
1.567
1.254
3.044
3.209
3.123
1.721
1.975
1.414
0.597
0.440
0.843
-0.741
-0.656
-1.352
-1.615
-0.954
-2.423
-2.188
-2.810
-1.260
-2.955
-3.685
-2.688
-3.363
-1.798
-2.162
-0.725
-1.969
-0.974
-1.849
-3.111
-3.088
-4.066
-2.943
-2.733
-2.021
-4.105
-5.063
-3.923
-4.161
-4.707
-4.764
-2.828
-2.068
-2.952
-2.313
-1.395
-3.076
-1.801
0.822
0.959
1.177
-0.700
-0.913
-1.010
-1.491
-1.054
-1.260
-3.060
-3.380
-3.336
-3.733
-4.566
-3.006
-4.174
-5.025
-3.340
-4.609
-4.281
-5.194
-5.411
-5.638
-5.471
-5.152
-7.153
-7.356
-7.676
-7.648
-7.705
-8.733
-6.831
-5.770
-7.280
-6.779
-5.909
-7.722
-6.560
-6.368
-5.656
-7.767
-7.906
-8.685
-7.699
-6.993
-8.698
-7.466
7.903
6.451
6.337
5.873
8.648
8.719
9.611
8.160
8.096
9.101
7.350
7.914
8.445
8.228
9.513
7.988
5.741
4.800
6.226
6.038
5.876
7.390
5.456
5.017
3.625
3.515
3.310
2.747
1.715
2.722
2.068
1.344
2.325
3.184
2.700
3.240
4.203
3.516
2.178
2.263
3.208
0.973
0.173
1.109
1.058
0.195
0.746
1.232
1.851
1.779
-0.160
0.006
-0.947
-0.708
-0.895
0.167
-2.015
-1.817
-2.613
-2.720
-2.136
-3.535
-3.186
-2.468
-4.374
-4.632
-5.522
-5.234
-5.601
-6.741
-7.166
-6.374
-7.882
-7.371
-8.088
-9.152
-9.946
-9.591
-8.953
-7.904
-8.958
-9.864
-10.891
-9.724
-9.740
-8.669
-10.177
-10.435
-11.482
-9.921
-10.608
0.632
1.399
-0.263
0.438
-0.325
1.410
0.195
0.127
1.010
-1.031
-0.831
-1.169
-2.322
-2.207
-3.079
-2.793
-1.970
-3.103
-4.073
-4.301
-5.030
-5.980
-4.916
-3.953
-5.688
-5.145
-4.412
-5.128
-6.526
-6.760
-6.428
-7.785
-7.677
-7.966
-9.039
-8.729
-9.435
-10.250
-10.518
-11.100
-9.980
-9.871
-9.062
-11.027
-10.617
-11.368
-11.903
14.680
13.430
12.992
13.718
15.543
15.613
16.554
15.084
14.269
13.733
13.517
15.113
15.421
15.944
16.015
14.780
12.237
11.363
11.721
12.083
12.274
12.730
12.604
10.545
9.719
10.192
9.452
8.347
7.728
7.676
6.784
6.661
5.892
6.446
5.239
8.568
9.434
9.015
7.357
6.612
6.781
5.476
5.915
5.190
5.168
4.252
5.782
4.884
5.755
4.152
4.371
5.180
4.090
3.203
2.559
3.578
2.287
2.856
1.771
1.032
0.589
1.389
0.161
0.633
-1.166
-1.741
-1.986
-2.747
-1.396
-2.888
-2.666
-2.623
-4.359
-4.524
-4.621
-5.269
-5.371
-4.887
-6.647
-6.540
-7.165
-7.615
-7.346
-8.342
-8.180
-8.305
-7.427
-9.528
-9.472
-10.231
-10.029
4.265
3.849
4.437
3.160
3.631
2.815
1.883
2.091
1.441
0.961
1.481
0.681
-0.343
-0.939
0.004
-1.240
-0.666
-1.447
-2.496
-2.326
-3.783
-4.492
-4.410
-5.257
-3.653
-4.841
-4.081
-5.731
-5.315
-5.846
-4.356
-6.258
-7.017
-5.583
-6.709
-5.795
-7.329
-7.366
-6.508
-8.060
-7.970
-8.836
-7.270
-8.432
-8.871
-7.513
-9.046
9.474
8.931
8.333
8.275
10.007
9.193
10.723
10.377
8.343
7.979
7.538
8.652
10.517
10.008
11.076
11.193
9.951
10.714
9.283
11.256
11.898
12.106
10.700
9.869
8.997
9.378
8.894
7.577
7.151
7.725
6.940
6.308
7.042
7.773
7.541
6.760
7.277
6.923
5.361
4.550
4.852
3.224
3.048
3.291
5.657
5.235
5.753
4.645
4.904
4.803
3.202
2.865
3.092
2.154
2.526
2.038
0.792
0.453
0.898
-0.234
0.277
-0.499
-1.426
-1.977
-1.635
-2.283
-0.963
0.114
-1.053
-1.503
-1.698
-0.720
-2.802
-2.484
-3.495
-3.459
-2.674
-4.306
-4.143
-4.906
-3.405
-4.818
-4.024
-5.265
-5.904
-6.633
-6.473
-5.557
-4.811
-6.417
-5.080
2.151
2.214
2.177
0.701
0.630
0.488
-0.333
-0.502
-0.023
-1.695
-2.210
-1.559
-2.603
-2.225
-2.582
-4.100
-4.234
-4.415
-4.928
-4.651
-6.160
-6.668
-6.970
-6.564
-8.039
-7.060
-7.947
-7.226
-5.863
-4.923
-5.872
-5.833
-6.788
-5.744
-4.706
-5.021
-4.484
-3.379
-3.408
-3.337
-2.095
-2.213
-2.076
-0.832
0.020
-0.565
-1.036
12.276
11.097
10.256
11.244
11.939
11.112
12.868
11.472
13.445
14.362
13.546
13.113
12.977
13.316
12.275
13.799
10.504
9.504
10.298
11.260
11.213
12.326
11.309
9.823
9.482
9.050
10.347
8.241
8.731
7.334
6.926
7.120
6.174
6.240
6.525
7.522
7.136
8.292
6.458
6.729
7.892
5.411
4.517
5.289
4.668
4.281
4.450
3.950
4.193
4.272
2.380
2.077
1.982
1.813
1.984
2.368
0.321
-0.041
0.321
-0.603
-1.520
-0.064
-0.640
0.287
-1.774
-1.658
-3.103
-3.080
-3.259
-4.299
-4.157
-5.078
-4.761
-4.804
-3.998
-6.106
-6.098
-6.794
-6.386
-5.603
-7.315
-6.297
-6.966
-5.364
-6.456
-6.368
-5.630
-7.722
-7.703
-8.548
-7.813
5.522
6.549
4.839
5.253
6.126
5.169
3.998
4.116
3.865
2.703
1.916
2.683
2.484
2.509
3.260
1.111
0.998
0.937
-0.116
0.219
-1.360
-2.099
-1.937
-1.288
-2.176
-3.350
-3.963
-3.172
-4.018
-4.200
-3.246
-5.269
-4.972
-6.025
-5.898
-5.095
-6.487
-6.910
-6.491
-7.652
-7.703
-8.041
-7.039
-8.914
-9.595
-9.508
-8.605
10.042
10.484
11.420
10.621
11.023
10.681
11.918
11.131
9.989
10.076
9.019
10.755
8.715
8.247
8.153
8.767
9.738
10.306
9.879
7.988
8.318
8.609
8.366
6.383
5.784
6.209
6.153
4.229
3.836
3.831
3.603
3.580
3.314
4.284
2.822
3.654
4.235
3.957
2.175
1.863
2.565
0.511
0.580
-0.289
2.157
1.526
2.661
1.286
1.905
1.086
0.026
-0.551
0.245
-0.831
-0.696
-1.895
-0.339
-0.342
0.694
-1.196
-0.587
-1.200
-2.562
-2.741
-3.677
-4.592
-3.740
-2.949
-3.638
-5.087
-5.126
-5.005
-6.341
-6.472
-6.298
-7.580
-8.522
-7.634
-7.680
-6.867
-7.594
-9.060
-9.709
-9.361
-9.018
-8.527
-8.354
-10.390
-10.378
-10.840
-11.026
0.224
1.004
0.276
-1.156
-1.906
-1.258
-1.417
-0.840
-0.937
-2.873
-3.190
-3.482
-3.136
-2.929
-2.416
-4.560
-5.167
-4.952
-4.806
-4.271
-5.512
-5.566
-6.248
-5.559
-7.005
-6.951
-7.856
-7.289
-6.063
-5.660
-5.096
-6.756
-6.888
-7.744
-5.995
-5.099
-5.712
-6.772
-7.091
-7.744
-5.977
-5.679
-5.129
-6.729
-7.309
-6.040
-7.475
8.603
7.654
7.371
8.206
7.938
7.605
8.642
7.090
8.779
9.369
7.839
9.240
10.007
10.585
9.957
10.508
6.298
5.576
5.844
5.072
4.992
4.898
6.374
3.888
2.686
2.525
2.690
1.513
1.582
1.460
0.918
0.914
0.422
1.345
0.112
0.137
0.243
-0.644
-0.158
-1.082
-1.863
-1.205
-1.632
-0.205
-0.798
-0.389
-1.071
-2.001
-2.347
-1.719
-3.124
-2.746
-3.185
-4.471
-4.847
-4.296
-5.683
-5.414
-5.972
-6.960
-7.296
-6.614
-8.045
-8.053
-8.917
-9.631
-8.893
-9.908
-8.703
-7.876
-6.884
-8.116
-7.619
-8.338
-7.487
-6.281
-5.426
-6.311
-6.128
-6.734
-6.521
-4.664
-4.351
-4.603
-3.647
-4.004
-3.485
-2.278
-2.266
-1.528
-1.934
-2.229
-2.501
-3.134
-1.690
-1.125
-0.871
-2.657
-2.017
-3.237
-3.464
-2.652
-4.005
-4.333
-5.027
-3.717
-5.064
-4.327
-5.486
-6.089
-5.980
-7.306
-7.991
-7.654
-6.823
-7.844
-9.022
-8.950
-9.227
-10.163
-9.813
-10.491
-11.391
-11.980
-11.900
-11.273
-10.514
-10.815
-12.593
-12.971
-13.277
-12.392
-11.972
-11.738
-13.794
-13.833
-14.494
-14.385
10.008
8.979
8.644
9.386
9.442
8.581
9.329
10.177
10.496
11.116
10.970
9.604
11.140
10.683
11.971
11.391
7.629
7.811
7.144
5.957
5.589
6.553
6.943
4.606
4.334
4.981
4.562
2.929
2.676
1.900
1.929
2.592
0.885
0.715
1.272
2.817
2.988
3.677
1.521
1.385
2.363
-0.138
-0.379
-0.517
-0.517
-1.118
-0.519
-1.324
-0.814
-1.344
-2.775
-3.164
-3.408
-2.950
-2.693
-2.322
-4.393
-4.659
-5.058
-4.724
-4.495
-5.828
-4.144
-3.048
-4.745
-4.140
-6.212
-6.769
-6.873
-6.275
-5.909
-5.477
-7.655
-8.031
-8.220
-7.763
-6.776
-7.945
-8.908
-9.813
-8.719
-9.256
-8.276
-9.866
-9.923
-9.466
-9.700
-11.473
-11.717
-11.861
-12.043
-0.850
-0.561
-1.946
-0.479
-0.609
0.587
-1.441
-1.012
-1.248
-2.919
-3.099
-3.249
-3.815
-4.078
-3.260
-5.188
-5.814
-5.039
-5.879
-6.357
-6.131
-6.647
-5.792
-6.778
-5.094
-5.165
-4.505
-4.577
-6.231
-6.869
-6.931
-5.621
-6.281
-4.818
-5.121
-4.619
-4.334
-6.215
-5.787
-6.990
-7.076
-7.922
-7.684
-6.206
-5.567
-6.820
-5.511
11.737
10.313
10.005
10.259
12.106
11.957
11.475
13.163
12.719
13.721
12.487
12.696
11.829
11.491
11.111
12.795
9.200
9.570
8.237
8.706
9.031
9.073
9.151
7.109
6.234
5.419
6.683
5.731
6.580
4.831
5.353
6.487
4.240
4.342
3.264
4.959
4.112
5.723
4.393
5.149
6.220
4.437
3.452
4.094
4.314
5.341
3.651
3.798
3.907
4.500
2.317
1.758
1.860
2.017
2.360
2.687
0.555
0.237
-0.159
0.627
0.929
1.530
-0.559
-0.726
-1.378
-2.109
-1.403
-2.437
-0.768
-1.024
-1.796
-0.857
0.301
1.105
0.249
0.777
0.106
0.691
2.165
2.905
2.124
2.527
1.596
2.845
3.620
3.585
3.446
4.995
5.010
5.731
5.346
5.264
6.324
5.125
4.891
5.144
3.787
5.405
4.947
6.510
4.772
4.911
3.673
5.347
5.057
6.453
4.814
5.095
3.703
5.353
6.435
4.642
5.146
3.169
3.057
2.984
2.049
1.055
2.051
2.118
1.866
3.176
1.068
1.305
0.094
1.035
0.386
2.019
0.639
-0.412
1.237
0.737
0.493
1.728
-0.163
-1.214
-0.133
0.262
11.252
10.420
10.927
10.641
12.665
12.749
13.349
13.023
11.078
11.339
11.633
10.064
10.903
11.485
9.874
11.106
8.896
8.340
8.535
8.681
8.868
9.708
8.548
7.278
6.692
7.282
6.713
5.256
4.780
4.473
4.023
4.130
3.313
4.125
2.668
5.195
5.711
5.908
3.878
3.504
4.188
2.071
1.426
1.423
2.345
2.910
1.898
1.117
0.799
1.387
-0.056
0.471
-0.466
-1.145
-1.858
-0.778
-2.120
-1.429
-2.488
-3.330
-3.875
-2.981
-4.185
-3.713
-5.438
-5.984
-6.353
-5.897
-6.490
-7.656
-8.142
-8.193
-7.676
-7.182
-6.993
-9.021
-8.928
-9.458
-10.068
-11.022
-10.219
-9.693
-10.649
-9.019
-9.180
-9.445
-9.630
-7.682
-7.250
-7.390
-7.458
2.040
0.988
2.709
2.566
2.578
3.630
1.534
1.650
0.514
1.484
2.410
1.607
0.216
-0.670
0.027
0.297
0.726
-0.777
0.709
1.803
-0.084
0.423
-1.570
-1.998
-2.039
-2.146
-1.719
-3.240
-1.940
-2.326
-0.852
-2.856
-2.532
-3.878
-2.512
-1.486
-2.462
-3.515
-3.558
-4.559
-3.121
-3.154
-2.085
-4.102
-4.612
-4.937
-3.666
5.492
5.295
4.272
5.782
6.894
7.114
7.084
7.668
5.288
5.442
4.308
6.018
4.521
4.767
4.616
3.491
5.758
6.833
5.237
6.691
7.079
7.802
5.622
5.763
5.381
6.298
4.832
4.548
4.140
3.421
2.338
2.305
1.072
1.000
1.241
5.385
5.928
6.242
4.674
4.186
4.146
3.533
2.975
4.420
-0.249
-0.386
-1.136
-0.496
-0.335
0.402
-1.720
-1.883
-2.673
-1.425
-0.472
-2.217
-1.241
-2.215
-0.363
-1.094
-0.176
-2.054
-0.944
-0.341
-1.446
-1.362
-2.348
-1.854
-3.216
-3.029
-2.224
-3.602
-3.967
-4.620
-3.215
-4.765
-4.055
-5.294
-5.840
-6.409
-6.552
-5.077
-4.204
-4.748
-5.907
-6.256
-5.228
-7.204
-7.338
-8.131
-7.170
2.398
1.785
1.711
2.923
3.412
3.707
1.699
0.886
1.927
1.235
2.013
0.340
0.926
0.113
1.831
0.479
1.288
0.361
-0.863
-0.816
-2.097
-2.984
-2.414
-2.918
-1.580
-3.403
-3.017
-4.290
-3.710
-2.937
-3.616
-5.107
-5.397
-5.145
-6.143
-6.182
-5.803
-7.579
-8.033
-7.337
-8.353
-8.992
-7.653
-9.146
-8.644
-9.575
-10.073
10.960
9.555
9.668
9.316
11.993
12.937
12.068
11.780
11.222
10.376
11.584
11.990
10.999
11.979
10.222
10.729
8.296
7.436
8.534
7.308
7.142
7.984
8.073
5.867
4.751
4.691
3.874
4.565
5.587
3.586
3.866
4.698
2.844
3.061
2.973
4.401
5.358
4.404
3.295
2.189
1.876
1.208
1.692
1.173
1.395
1.194
1.167
0.363
0.593
0.602
-1.079
-1.391
-1.723
-1.521
-1.388
-0.794
-2.971
-3.075
-3.726
-3.248
-2.432
-4.184
-3.239
-2.206
-4.213
-4.133
-5.632
-5.557
-5.988
-6.696
-6.803
-6.665
-8.022
-8.142
-8.050
-9.201
-10.194
-9.000
-9.320
-10.258
-8.371
-9.618
-9.758
-8.756
-10.842
-10.545
-11.545
-11.649
-12.264
-11.068
-12.236
-0.160
-0.173
-0.491
-1.138
-2.176
-1.072
-0.847
0.158
-0.997
-1.816
-1.510
-2.853
-1.852
-2.445
-0.812
-2.491
-1.704
-2.624
-3.789
-3.736
-4.966
-5.809
-5.231
-4.821
-4.802
-6.733
-7.240
-6.994
-7.413
-7.563
-6.562
-8.828
-9.044
-8.700
-9.876
-10.060
-9.406
-11.200
-11.668
-11.124
-12.050
-12.095
-13.006
-11.541
-10.482
-12.110
-11.627
10.691
11.675
12.671
11.767
10.535
10.128
11.415
9.853
9.283
9.430
8.818
8.676
11.102
10.214
11.356
11.931
11.275
12.216
11.053
9.328
9.886
9.396
10.193
7.898
7.271
7.664
7.459
5.714
5.254
5.124
3.824
3.259
3.235
3.658
3.380
5.374
6.005
5.762
3.915
3.122
3.342
1.846
2.049
1.873
1.710
1.402
1.262
1.164
1.338
1.700
-0.347
-0.573
-0.849
-0.879
-0.949
-0.186
-2.321
-2.364
-2.899
-2.899
-3.994
-2.501
-2.392
-1.380
-3.124
-2.667
-4.572
-5.211
-4.941
-4.791
-4.027
-4.580
-6.266
-6.887
-6.685
-6.285
-5.547
-5.905
-7.659
-8.198
-8.220
-7.837
-7.479
-7.296
-9.277
-9.706
-9.795
-9.512
-8.924
-9.279
-10.599
0.480
0.293
0.532
-0.625
-0.254
-0.758
-1.979
-2.242
-1.921
-3.064
-3.910
-3.408
-2.593
-1.766
-2.118
-3.721
-4.063
-4.526
-3.308
-2.221
-4.063
-3.565
-5.458
-5.911
-5.494
-6.432
-7.425
-6.178
-6.590
-5.596
-7.099
-7.433
-8.471
-7.107
-7.617
-8.000
-6.563
-8.613
-9.630
-8.189
-8.664
-7.642
-8.872
-9.580
-9.665
-10.560
-9.243
10.730
10.055
9.357
10.797
11.808
12.256
12.599
11.361
11.479
10.792
12.087
12.064
9.734
10.100
9.003
9.060
9.259
9.012
8.228
10.732
11.516
11.622
9.894
9.777
8.607
8.587
8.770
7.254
7.216
7.408
6.751
6.137
6.882
6.567
7.973
5.980
6.206
5.941
4.707
3.977
4.359
2.547
2.070
2.605
6.037
6.391
6.313
4.561
4.282
4.438
3.689
3.760
4.156
2.203
2.055
1.674
1.456
1.783
1.846
-0.071
-0.401
-0.552
-0.576
-0.532
-0.815
-1.012
-1.017
-0.189
-0.803
-2.390
-2.533
-2.436
-3.409
-2.930
-3.396
-4.814
-5.508
-5.130
-4.979
-4.558
-4.536
-6.507
-6.932
-7.148
-6.653
-6.220
-6.115
-8.081
-8.343
-8.784
-8.251
1.848
2.027
2.034
0.282
0.058
-0.066
-0.495
-0.243
-0.280
-1.984
-2.496
-2.193
-2.664
-1.937
-2.795
-3.997
-4.357
-4.102
-5.033
-4.691
-6.312
-6.865
-7.112
-7.391
-6.463
-8.448
-8.252
-8.931
-9.244
-9.421
-10.251
-8.605
-8.219
-7.746
-9.557
-10.064
-8.935
-10.548
-11.410
-11.023
-9.810
-9.150
-9.271
-10.684
-11.287
-9.951
-11.458
7.538
7.242
6.249
7.219
7.402
7.779
7.979
6.390
8.946
9.156
8.947
9.708
6.624
5.643
6.819
6.610
8.200
9.239
7.870
7.006
7.163
6.830
8.170
5.774
4.536
3.909
4.645
3.634
4.231
2.834
2.241
2.238
1.216
0.433
1.728
2.700
3.358
2.243
1.722
0.879
1.012
-0.259
-0.072
-0.170
0.571
1.221
-0.051
-0.386
0.202
-0.595
-1.650
-1.332
-2.053
-2.705
-3.170
-2.239
-3.798
-3.651
-3.698
-5.258
-5.857
-5.515
-5.607
-5.328
-6.318
-6.551
-6.928
-6.328
-7.006
-8.412
-8.514
-8.716
-9.289
-9.359
-8.884
-10.764
-10.840
-11.232
-11.504
-11.406
-11.065
-13.012
-13.157
-13.552
-13.597
-13.559
-13.138
-15.106
-15.605
-15.469
-15.177
-1.632
-1.479
-1.739
-2.779
-2.954
-2.517
-4.079
-3.855
-4.439
-5.119
-4.862
-5.092
-6.537
-6.728
-6.493
-7.642
-8.565
-7.945
-7.262
-6.361
-7.809
-7.366
-9.036
-9.174
-8.874
-10.376
-10.599
-11.028
-10.346
-9.940
-9.655
-11.708
-11.507
-11.906
-12.977
-13.012
-13.868
-13.012
-12.088
-12.978
-14.242
-15.092
-14.123
-14.408
-13.509
-14.633
-15.277
6.024
5.023
4.278
4.482
6.863
6.323
7.377
7.527
5.310
4.854
4.521
6.090
6.954
7.497
7.642
6.426
5.445
4.527
5.820
6.670
8.100
6.147
6.371
5.900
5.252
5.402
5.826
3.672
3.540
3.052
2.107
1.857
1.506
1.309
2.225
3.020
3.287
3.412
1.545
0.946
1.544
-0.555
-0.863
-0.836
0.232
0.518
-0.579
-0.184
-0.325
0.626
-1.475
-1.815
-1.334
-2.701
-3.553
-2.443
-3.277
-2.350
-3.766
-4.133
-3.658
-4.231
-5.454
-5.724
-6.227
-7.161
-6.057
-5.053
-6.781
-6.275
-7.349
-5.788
-5.873
-4.792
-6.274
-6.044
-6.765
-6.426
-4.743
-4.041
-4.391
-5.101
-5.845
-5.427
-3.867
-3.075
-3.426
-4.255
-4.454
-3.439
-5.212
-1.222
-0.780
-0.844
-2.762
-2.931
-3.212
-3.602
-3.277
-4.503
-4.063
-4.557
-4.736
-2.895
-2.490
-2.109
-3.407
-3.726
-4.280
-2.341
-1.384
-2.393
-1.441
-3.556
-4.524
-3.426
-3.625
-2.567
-3.958
-4.419
-4.168
-4.271
-5.940
-6.212
-6.202
-6.748
-6.467
-6.463
-8.228
-8.451
-8.502
-9.143
-9.183
-8.741
-10.564
-11.241
-10.542
-11.056
11.559
10.406
9.592
10.690
11.899
12.174
12.647
10.989
11.093
11.822
11.066
10.230
12.747
13.533
12.633
13.160
9.675
9.419
10.432
8.164
9.165
8.010
8.512
6.760
5.943
5.752
6.329
4.489
4.599
3.982
4.024
4.805
2.955
3.279
2.606
3.555
3.333
4.084
2.257
1.861
2.482
0.640
0.115
0.004
1.733
1.240
2.038
0.786
1.401
0.432
-0.483
-0.972
-0.051
-1.446
-0.915
-1.853
-2.569
-2.950
-2.091
-3.643
-4.446
-3.281
-4.210
-3.511
-5.509
-5.913
-6.692
-6.447
-6.928
-7.968
-8.843
-8.227
-7.803
-6.999
-7.660
-9.046
-9.196
-8.823
-10.297
-10.082
-10.355
-11.542
-11.332
-12.458
-11.843
-11.467
-11.254
-13.356
-13.491
-13.784
-14.020
0.948
1.500
1.594
-0.339
-0.052
-0.611
-1.454
-1.903
-1.294
-2.650
-2.707
-2.287
-4.001
-3.886
-4.252
-5.137
-5.986
-4.774
-5.539
-4.851
-6.461
-6.616
-7.370
-7.479
-6.878
-8.831
-9.243
-9.286
-8.940
-8.436
-8.491
-10.472
-11.055
-10.827
-10.869
-11.956
-10.729
-10.157
-10.213
-9.064
-10.795
-10.126
-11.041
-12.112
-12.912
-12.104
-12.534
11.721
11.119
11.362
11.581
11.427
11.980
10.408
11.756
13.230
13.718
13.647
13.566
11.217
11.796
11.401
10.159
9.598
9.559
8.993
8.893
9.966
8.694
9.078
7.528
6.417
6.221
6.443
5.079
4.299
5.027
5.087
4.942
5.210
6.165
5.357
4.979
5.718
5.284
3.702
2.701
2.919
1.350
1.710
1.024
4.154
3.990
4.632
2.826
2.258
2.211
2.893
1.974
3.832
2.781
3.527
1.772
3.034
2.446
4.079
2.854
3.450
1.792
3.293
4.274
2.705
3.346
1.268
0.754
0.753
1.267
2.059
0.261
1.643
1.008
2.635
1.831
2.449
2.477
0.584
-0.096
-0.021
0.855
1.404
1.604
-0.366
-0.689
-1.157
-0.146
0.603
-1.100
0.228
0.334
0.838
-0.138
-0.908
-1.190
-0.608
-2.012
-2.204
-2.930
-1.703
-0.771
-1.500
-2.733
-3.748
-2.915
-2.156
-2.285
-1.097
-2.988
-4.054
-2.542
-3.271
-1.123
-0.708
-1.184
-0.226
-0.707
-0.174
1.120
0.998
1.544
2.201
1.875
3.241
2.329
1.392
2.516
3.500
4.390
3.599
3.405
3.419
4.370
2.185
2.028
1.235
2.283
-28.399
-28.125
-28.207
-27.158
-29.553
-29.714
-30.378
-29.577
-28.468
-28.681
-27.575
-29.116
-27.235
-26.414
-27.044
-27.317
-29.044
-30.096
-29.078
-27.260
-26.568
-27.336
-28.723
-26.515
-25.149
-24.791
-25.305
-24.014
-23.722
-22.854
-22.192
-22.379
-21.088
-21.571
-20.597
-24.458
-24.817
-25.300
-23.297
-23.031
-23.625
-21.872
-21.771
-22.122
-20.137
-20.673
-19.643
-19.182
-18.210
-19.504
-18.995
-19.910
-18.647
-17.873
-16.861
-18.137
-17.930
-18.912
-17.531
-16.976
-17.362
-15.994
-16.905
-17.801
-15.713
-15.839
-14.291
-13.898
-14.231
-13.400
-13.876
-13.433
-12.024
-11.688
-11.912
-11.008
-11.296
-11.103
-9.566
-8.975
-9.102
-9.399
-8.335
-9.569
-10.286
-11.379
-10.008
-10.077
-8.983
-10.478
-10.431
-20.602
-20.622
-19.760
-20.170
-20.011
-20.982
-18.765
-18.750
-17.998
-18.475
-19.307
-18.577
-17.106
-16.997
-17.039
-16.023
-16.044
-16.214
-14.661
-14.615
-13.541
-12.697
-13.431
-14.078
-12.399
-14.007
-15.101
-13.630
-13.631
-13.808
-12.564
-14.543
-14.424
-15.613
-14.107
-14.559
-13.008
-14.688
-15.799
-14.446
-14.174
-13.132
-13.978
-14.978
-14.512
-15.985
-15.126
-33.001
-33.171
-34.194
-32.749
-33.971
-33.875
-33.704
-34.999
-31.593
-31.197
-31.523
-30.903
-33.371
-34.221
-33.563
-32.529
-32.511
-32.940
-32.619
-30.521
-30.955
-30.795
-31.130
-28.995
-28.053
-28.341
-27.983
-26.598
-25.961
-26.199
-25.808
-25.664
-25.547
-25.744
-26.370
-26.598
-27.404
-26.877
-25.303
-25.102
-25.928
-23.647
-23.541
-23.042
-24.143
-24.132
-23.842
-23.051
-23.421
-22.159
-22.372
-21.907
-23.068
-21.382
-21.914
-20.758
-20.491
-21.133
-19.772
-19.706
-19.211
-20.375
-18.565
-17.906
-18.120
-17.260
-18.757
-19.542
-19.298
-17.705
-17.171
-18.181
-16.842
-17.519
-16.048
-16.313
-15.922
-17.121
-15.067
-14.948
-15.216
-13.790
-13.830
-13.818
-12.430
-11.641
-12.448
-12.247
-11.385
-13.067
-11.995
-23.268
-23.867
-23.574
-21.861
-21.649
-21.748
-21.019
-21.137
-21.457
-19.437
-19.056
-18.956
-19.243
-19.527
-19.956
-17.781
-17.317
-17.195
-17.665
-17.831
-17.455
-17.350
-17.551
-17.721
-18.403
-16.287
-15.396
-16.227
-16.154
-16.161
-17.161
-15.045
-15.065
-15.178
-13.677
-13.440
-12.862
-13.396
-12.334
-14.023
-13.608
-13.773
-14.476
-12.378
-11.946
-11.602
-12.518
-32.971
-32.474
-31.749
-33.165
-31.803
-32.177
-31.461
-30.934
-34.117
-34.817
-33.850
-34.749
-33.428
-32.540
-33.769
-34.093
-32.001
-31.675
-31.123
-32.808
-31.606
-34.033
-33.042
-32.489
-31.504
-31.099
-31.974
-30.282
-30.652
-29.548
-28.862
-28.779
-27.981
-28.557
-27.774
-29.451
-30.111
-28.676
-29.005
-27.707
-26.938
-27.257
-27.091
-28.168
-26.643
-26.147
-26.823
-25.656
-26.136
-25.751
-24.172
-23.910
-24.121
-23.214
-23.523
-23.300
-21.832
-21.559
-21.807
-20.733
-20.952
-20.619
-19.395
-18.674
-19.079
-18.091
-19.999
-21.079
-19.892
-19.630
-19.725
-20.320
-18.281
-17.973
-17.501
-18.262
-18.448
-18.996
-16.836
-16.789
-16.188
-16.520
-16.088
-17.460
-15.531
-15.874
-14.603
-15.090
-14.704
-15.849
-14.234
-26.114
-26.467
-25.905
-24.793
-24.657
-24.889
-23.644
-23.814
-23.738
-22.217
-22.072
-22.034
-21.013
-20.930
-20.097
-21.202
-21.981
-21.514
-19.818
-19.569
-18.944
-17.962
-19.216
-20.296
-18.683
-18.869
-19.459
-19.046
-17.358
-17.194
-17.066
-16.318
-16.409
-16.580
-14.909
-14.183
-14.856
-14.547
-14.373
-15.400
-13.301
-13.623
-12.351
-13.018
-12.092
-12.859
-13.743
-30.581
-31.042
-30.295
-31.863
-31.557
-30.968
-32.346
-31.992
-30.176
-30.877
-30.033
-29.279
-29.315
-29.507
-28.930
-28.548
-31.185
-31.543
-30.195
-32.054
-32.501
-32.824
-32.126
-30.504
-29.837
-30.370
-29.777
-28.345
-27.890
-27.701
-27.480
-27.654
-27.035
-26.668
-28.001
-28.101
-28.330
-28.899
-26.809
-25.918
-26.170
-24.512
-23.963
-24.525
-25.962
-26.155
-26.111
-24.480
-24.462
-23.932
-23.952
-24.017
-24.663
-22.504
-21.884
-22.345
-22.208
-22.762
-21.148
-22.390
-21.566
-22.165
-23.788
-24.042
-24.649
-25.596
-24.383
-25.106
-23.338
-24.473
-23.719
-25.501
-24.206
-24.664
-24.739
-22.746
-22.129
-22.264
-22.463
-23.195
-22.606
-21.040
-20.219
-20.903
-20.747
-21.429
-21.002
-19.304
-18.666
-19.085
-18.894
-23.656
-23.755
-24.111
-22.158
-21.688
-22.036
-21.294
-21.770
-21.076
-19.792
-19.218
-19.901
-18.916
-19.322
-19.106
-17.404
-17.167
-16.822
-17.012
-17.246
-16.498
-16.151
-16.078
-15.967
-16.909
-14.781
-14.503
-14.995
-13.563
-13.417
-13.586
-12.257
-12.043
-12.349
-11.108
-11.077
-11.355
-9.847
-9.668
-9.956
-8.697
-8.978
-8.718
-7.277
-6.767
-7.241
-6.575
-38.204
-37.791
-37.764
-38.581
-38.234
-38.845
-37.255
-38.452
-39.588
-39.849
-39.532
-40.322
-37.143
-37.278
-37.128
-36.178
-36.436
-36.603
-36.281
-34.835
-34.934
-35.598
-35.303
-33.350
-32.554
-32.783
-32.946
-31.036
-30.420
-30.906
-29.640
-28.830
-29.323
-29.404
-30.084
-30.630
-31.188
-31.039
-29.202
-28.590
-29.112
-27.098
-26.768
-26.860
-27.975
-27.646
-27.193
-27.954
-28.653
-26.932
-27.992
-27.315
-29.017
-27.625
-28.360
-26.650
-27.716
-27.497
-28.769
-26.593
-26.746
-25.634
-26.791
-27.819
-26.020
-26.269
-24.653
-24.307
-24.674
-23.525
-23.833
-23.558
-22.115
-21.888
-21.853
-21.110
-21.061
-21.524
-19.736
-19.931
-19.489
-18.643
-17.620
-18.814
-18.572
-19.592
-18.214
-17.561
-18.024
-17.332
-16.593
-26.283
-26.507
-26.581
-24.785
-24.246
-24.667
-24.145
-24.324
-24.407
-22.649
-22.317
-22.372
-21.856
-22.080
-21.999
-20.294
-20.041
-19.685
-19.637
-19.940
-19.014
-18.483
-18.471
-19.141
-18.327
-17.052
-17.083
-16.968
-15.928
-15.989
-16.034
-14.566
-14.442
-14.463
-13.450
-13.419
-13.630
-12.057
-11.968
-11.514
-11.174
-11.601
-11.189
-9.746
-9.749
-9.380
-9.105
-28.028
-27.293
-26.900
-28.016
-27.141
-26.309
-26.832
-27.656
-28.648
-29.440
-27.935
-29.000
-29.030
-28.448
-29.636
-29.704
-26.142
-25.794
-25.201
-25.975
-26.136
-26.688
-26.606
-24.449
-23.462
-22.657
-23.818
-22.721
-23.381
-22.358
-22.800
-23.680
-21.915
-22.453
-20.859
-21.440
-21.069
-21.824
-20.502
-19.464
-19.267
-18.589
-19.254
-17.880
-21.997
-23.035
-21.654
-21.041
-21.040
-21.397
-19.546
-19.513
-19.039
-18.839
-18.857
-19.246
-17.395
-17.293
-17.009
-16.567
-16.928
-15.499
-16.753
-17.802
-15.853
-16.137
-14.465
-14.243
-13.652
-14.259
-15.060
-13.399
-14.056
-13.032
-14.814
-14.331
-14.253
-15.373
-13.217
-13.003
-12.258
-13.606
-14.214
-14.215
-12.444
-11.599
-12.200
-12.824
-11.885
-13.407
-13.371
-17.887
-17.416
-18.555
-16.760
-17.200
-16.130
-15.909
-15.666
-16.531
-14.618
-13.845
-14.202
-14.786
-15.591
-15.310
-13.573
-12.831
-13.880
-12.967
-13.580
-11.845
-11.588
-10.980
-10.894
-11.515
-9.623
-9.643
-9.003
-8.797
-9.253
-8.844
-7.321
-6.637
-7.527
-6.560
-6.602
-7.272
-5.224
-5.206
-4.795
-4.267
-4.520
-4.578
-2.772
-2.545
-2.104
-2.455
-33.240
-31.830
-31.843
-31.214
-34.182
-33.810
-34.396
-35.074
-33.113
-32.323
-32.904
-34.005
-33.730
-33.711
-34.737
-33.061
-31.139
-30.116
-31.589
-31.867
-32.121
-33.080
-31.144
-30.785
-29.834
-29.501
-30.145
-28.516
-28.805
-28.042
-27.312
-27.223
-26.763
-26.954
-27.326
-27.513
-28.092
-26.648
-27.177
-26.116
-25.507
-25.599
-26.303
-24.579
-25.222
-24.635
-24.865
-24.876
-25.505
-25.196
-23.394
-22.764
-23.187
-23.134
-23.956
-23.199
-21.894
-20.982
-21.977
-21.738
-22.569
-21.854
-20.440
-20.341
-19.483
-18.521
-19.582
-20.209
-20.090
-18.123
-18.224
-17.364
-17.505
-17.488
-18.134
-16.079
-16.155
-15.546
-15.208
-15.178
-15.628
-13.724
-13.738
-13.225
-12.899
-12.910
-13.598
-11.503
-11.336
-11.110
-10.832
-25.442
-26.395
-24.924
-24.606
-23.768
-25.112
-24.285
-23.831
-25.252
-23.502
-24.152
-23.222
-22.218
-21.581
-22.393
-21.524
-22.329
-20.686
-20.946
-21.601
-19.768
-19.509
-18.931
-19.468
-18.782
-17.592
-17.807
-17.340
-16.525
-16.909
-16.223
-15.302
-15.095
-15.498
-14.025
-13.770
-14.151
-12.800
-13.279
-11.976
-12.257
-11.911
-13.008
-11.151
-10.438
-10.605
-11.530
-32.590
-32.038
-32.499
-32.222
-34.027
-34.632
-34.162
-34.450
-32.579
-32.772
-31.660
-33.288
-31.864
-32.077
-32.203
-30.833
-30.578
-30.117
-30.262
-30.339
-29.942
-31.591
-30.378
-29.229
-27.965
-27.411
-28.015
-27.041
-27.550
-26.906
-26.442
-26.365
-25.890
-25.841
-26.591
-25.644
-25.049
-25.625
-24.943
-25.367
-26.206
-24.737
-24.584
-25.344
-24.493
-24.303
-24.586
-23.448
-23.836
-23.440
-22.140
-21.752
-22.301
-21.236
-21.456
-21.530
-19.713
-19.271
-19.294
-19.242
-19.550
-19.715
-17.717
-17.270
-16.876
-15.810
-17.330
-18.352
-16.669
-17.407
-18.103
-17.662
-16.004
-15.326
-15.622
-15.917
-16.510
-16.452
-14.525
-13.925
-14.622
-13.897
-14.640
-13.481
-12.737
-11.939
-13.058
-12.118
-11.323
-13.019
-11.706
-23.308
-23.357
-23.145
-22.155
-22.168
-22.040
-20.872
-20.820
-20.841
-19.725
-19.769
-19.935
-18.320
-18.548
-17.910
-17.186
-16.927
-16.290
-17.496
-18.022
-16.892
-17.161
-16.102
-16.460
-16.250
-14.709
-14.528
-14.613
-13.504
-13.602
-13.517
-12.110
-12.062
-11.414
-11.559
-11.827
-11.882
-9.995
-9.667
-9.670
-9.467
-9.997
-9.485
-7.930
-7.676
-7.619
-7.435
-35.991
-35.069
-34.980
-35.484
-35.325
-34.434
-35.020
-36.119
-36.212
-35.291
-36.954
-36.511
-37.369
-37.314
-37.937
-37.781
-33.634
-33.187
-33.223
-32.784
-32.607
-33.419
-33.604
-31.434
-30.340
-30.187
-30.350
-29.031
-29.080
-27.744
-26.781
-26.799
-25.564
-25.546
-25.749
-28.989
-28.756
-29.998
-27.964
-28.379
-29.562
-27.144
-26.193
-26.985
-24.200
-24.316
-24.082
-23.021
-22.892
-23.352
-21.638
-21.618
-21.300
-20.487
-19.490
-20.410
-20.636
-21.621
-20.538
-19.610
-19.485
-18.592
-19.942
-20.987
-18.987
-19.323
-17.481
-17.244
-17.109
-16.632
-16.451
-17.216
-15.319
-15.391
-14.710
-14.374
-14.838
-13.368
-14.273
-15.242
-13.722
-13.474
-12.495
-13.985
-13.450
-12.930
-14.454
-12.748
-13.426
-11.886
-12.243
-27.467
-28.361
-26.595
-27.639
-26.932
-28.674
-27.461
-28.007
-27.985
-25.969
-25.610
-25.387
-25.957
-26.684
-26.274
-24.550
-23.871
-24.711
-24.064
-23.447
-24.200
-23.814
-24.787
-25.566
-25.326
-23.766
-23.215
-24.299
-22.928
-23.459
-22.836
-21.526
-21.592
-21.102
-20.607
-19.805
-21.203
-19.955
-20.738
-19.591
-18.830
-19.157
-18.387
-17.760
-17.336
-18.190
-16.989
-37.002
-36.025
-35.861
-36.488
-37.399
-38.116
-37.838
-36.602
-38.201
-38.630
-38.907
-37.883
-36.325
-36.295
-35.310
-36.936
-34.601
-33.949
-34.065
-33.781
-34.271
-33.492
-34.649
-32.391
-32.386
-31.554
-33.261
-32.327
-33.115
-31.098
-31.044
-31.928
-29.643
-29.409
-29.043
-32.486
-33.409
-32.489
-31.409
-30.300
-30.117
-29.072
-29.309
-28.937
-29.522
-29.631
-30.272
-28.212
-28.097
-27.472
-27.705
-27.430
-28.510
-26.430
-26.536
-25.612
-25.976
-25.903
-26.733
-24.545
-24.325
-23.800
-24.401
-25.155
-23.685
-23.906
-22.754
-21.858
-22.317
-23.324
-23.665
-22.545
-24.515
-24.130
-25.447
-24.633
-23.663
-25.302
-25.130
-26.001
-24.429
-25.586
-26.452
-25.756
-24.536
-24.373
-24.914
-23.271
-22.480
-23.476
-22.814
-27.753
-27.803
-27.670
-26.503
-26.630
-25.588
-26.141
-26.976
-25.216
-25.953
-25.960
-26.803
-24.598
-24.638
-23.786
-24.051
-24.174
-22.971
-24.764
-25.621
-24.402
-25.136
-23.139
-22.221
-22.850
-23.317
-24.181
-23.566
-22.061
-21.829
-21.133
-22.397
-22.412
-23.349
-21.301
-21.475
-20.354
-21.316
-22.323
-21.062
-20.326
-19.350
-20.637
-20.127
-19.803
-19.334
-21.067
-35.763
-34.647
-33.935
-33.972
-35.252
-34.413
-35.916
-34.845
-36.932
-36.719
-37.812
-37.090
-36.378
-37.262
-36.644
-35.647
-34.945
-34.070
-35.410
-35.412
-36.294
-35.410
-35.847
-33.948
-33.680
-33.032
-34.626
-32.902
-33.563
-31.762
-31.188
-31.371
-30.275
-30.892
-29.683
-32.574
-33.486
-32.041
-31.723
-30.402
-29.833
-29.732
-29.856
-30.251
-29.295
-29.851
-28.758
-28.202
-28.759
-27.654
-27.138
-26.823
-27.545
-25.978
-26.013
-25.718
-24.633
-24.507
-24.820
-23.518
-23.956
-23.136
-22.404
-22.692
-21.171
-20.368
-20.590
-21.287
-20.360
-19.392
-19.768
-19.060
-18.204
-17.800
-18.307
-16.995
-17.001
-16.965
-15.642
-15.421
-15.569
-14.609
-14.744
-14.609
-13.095
-13.005
-12.576
-12.615
-12.444
-13.413
-11.709
-28.272
-27.835
-28.176
-27.532
-27.905
-27.699
-26.041
-25.728
-26.010
-25.147
-25.588
-25.238
-23.706
-23.193
-23.608
-22.960
-23.527
-21.989
-22.688
-23.623
-21.510
-21.321
-20.143
-20.097
-19.975
-18.994
-18.916
-19.316
-17.611
-17.241
-17.643
-16.594
-16.965
-16.402
-15.111
-15.022
-14.911
-14.017
-14.025
-14.134
-12.597
-11.959
-12.545
-12.191
-11.107
-12.762
-12.370
-31.482
-32.053
-32.607
-31.201
-32.616
-32.282
-33.465
-33.112
-30.802
-31.519
-30.465
-29.916
-30.472
-30.069
-29.615
-30.849
-33.012
-33.591
-33.796
-31.323
-30.305
-32.079
-32.329
-30.679
-30.095
-29.357
-30.837
-29.395
-29.982
-28.038
-27.859
-28.676
-26.468
-26.735
-25.847
-29.046
-28.641
-29.982
-28.187
-26.994
-26.478
-26.130
-26.673
-25.990
-25.658
-25.614
-26.137
-24.251
-23.874
-24.227
-23.307
-23.624
-23.367
-21.829
-21.372
-21.873
-20.913
-21.342
-20.677
-19.489
-18.724
-19.128
-19.469
-20.366
-18.425
-18.481
-17.062
-17.130
-16.878
-15.977
-15.867
-16.241
-14.600
-14.635
-14.401
-13.421
-12.469
-13.297
-13.500
-14.157
-12.514
-14.142
-13.858
-15.241
-13.886
-14.668
-14.037
-12.503
-12.556
-11.662
-12.356
-24.710
-24.700
-24.014
-23.885
-23.695
-24.517
-22.533
-22.590
-21.894
-21.779
-22.447
-21.613
-20.413
-19.837
-20.574
-19.726
-20.109
-19.977
-18.211
-17.811
-17.331
-16.304
-17.610
-18.264
-18.241
-16.540
-17.028
-15.717
-15.605
-16.116
-15.183
-14.308
-13.639
-14.701
-13.405
-12.972
-14.006
-12.159
-11.495
-11.554
-12.491
-13.174
-13.112
-11.312
-10.870
-11.504
-10.517
-30.919
-30.349
-29.984
-31.101
-32.211
-33.021
-32.515
-32.222
-29.954
-28.999
-29.808
-30.317
-31.145
-31.512
-30.237
-31.699
-29.186
-28.619
-28.583
-30.301
-29.623
-31.744
-29.670
-30.146
-29.218
-29.555
-29.204
-27.846
-27.313
-27.241
-26.860
-27.080
-25.841
-25.540
-26.485
-27.867
-28.211
-28.508
-26.577
-25.792
-26.088
-24.529
-24.788
-23.838
-24.552
-24.138
-24.898
-23.637
-24.135
-23.485
-22.285
-21.749
-22.524
-21.500
-20.638
-22.190
-21.175
-21.974
-20.543
-20.273
-19.457
-20.910
-19.789
-20.404
-18.705
-18.531
-17.723
-17.330
-18.179
-16.560
-17.028
-15.963
-15.553
-15.111
-16.002
-14.200
-14.414
-13.779
-13.413
-12.322
-13.613
-13.928
-14.933
-14.033
-13.052
-12.039
-12.960
-13.725
-14.674
-14.004
-13.176
-24.049
-24.724
-24.209
-22.538
-22.345
-21.769
-22.418
-22.686
-23.008
-20.976
-20.457
-20.574
-20.718
-21.353
-21.026
-19.237
-18.627
-19.164
-18.777
-19.595
-17.467
-17.298
-16.289
-16.610
-16.017
-15.165
-14.406
-14.763
-15.522
-16.371
-14.575
-16.024
-15.285
-16.067
-17.445
-17.452
-18.104
-18.027
-18.084
-19.025
-17.242
-17.328
-16.165
-17.745
-17.350
-17.514
-18.855
-32.959
-31.780
-31.856
-31.719
-32.894
-32.946
-33.742
-32.054
-33.020
-33.353
-32.039
-33.815
-34.236
-35.078
-34.349
-34.269
-30.386
-29.563
-30.436
-29.405
-29.574
-30.097
-29.921
-27.923
-27.367
-28.078
-26.472
-26.865
-27.667
-26.293
-27.085
-28.286
-26.313
-26.912
-26.356
-25.824
-25.115
-26.392
-25.128
-24.264
-23.934
-23.558
-23.092
-24.309
-24.841
-24.333
-24.750
-23.881
-23.550
-22.919
-24.464
-24.822
-25.305
-23.444
-22.962
-22.808
-24.030
-24.494
-24.883
-22.853
-22.131
-23.191
-22.330
-23.019
-21.024
-20.713
-19.824
-19.467
-20.183
-18.571
-18.027
-18.941
-17.711
-18.183
-17.770
-16.290
-15.874
-16.222
-15.339
-15.464
-15.583
-13.886
-13.593
-13.682
-13.044
-11.977
-13.532
-13.016
-13.981
-12.504
-12.347
-22.515
-22.851
-22.183
-21.223
-21.583
-20.618
-20.412
-21.047
-19.454
-19.974
-19.377
-20.870
-19.150
-19.982
-18.388
-18.308
-18.003
-18.778
-17.087
-17.182
-15.859
-14.993
-15.501
-16.233
-14.748
-14.904
-15.533
-14.946
-13.430
-13.460
-12.877
-12.748
-13.445
-11.814
-12.361
-13.248
-11.640
-11.827
-12.597
-10.904
-11.493
-10.611
-12.360
-11.204
-11.859
-10.171
-11.111
-26.100
-25.146
-25.415
-24.116
-25.554
-26.232
-24.639
-25.522
-26.331
-27.186
-26.369
-25.456
-27.408
-27.243
-28.048
-27.944
-24.959
-24.100
-25.835
-25.403
-25.290
-26.722
-24.617
-24.510
-23.082
-22.526
-22.768
-22.441
-22.964
-22.467
-22.868
-23.106
-22.946
-24.006
-22.210
-20.963
-20.543
-20.399
-20.667
-20.658
-20.864
-20.297
-21.264
-19.668
-22.595
-23.224
-22.879
-21.047
-20.662
-20.589
-20.759
-21.272
-21.200
-19.225
-19.096
-18.970
-18.264
-18.123
-18.716
-16.847
-17.074
-16.305
-16.024
-16.472
-14.784
-14.328
-14.063
-14.692
-13.468
-13.232
-12.525
-13.941
-12.525
-13.328
-11.982
-11.729
-11.237
-12.443
-10.516
-10.696
-9.859
-9.647
-10.372
-9.237
-8.592
-9.041
-8.299
-7.283
-6.761
-7.494
-6.591
-19.531
-20.018
-18.476
-19.609
-20.665
-19.131
-19.127
-18.046
-19.642
-19.367
-20.454
-19.162
-18.647
-17.575
-18.992
-18.712
-18.130
-18.178
-20.133
-20.797
-20.586
-21.629
-19.896
-18.789
-20.244
-20.342
-19.963
-21.414
-20.133
-20.350
-20.907
-18.674
-18.715
-18.053
-18.419
-19.254
-18.293
-17.067
-17.045
-16.968
-15.933
-16.117
-15.931
-14.590
-13.737
-14.638
-14.425
-32.851
-31.652
-31.983
-31.534
-34.132
-34.001
-34.941
-34.413
-33.183
-32.526
-33.234
-34.130
-32.620
-32.301
-33.543
-31.781
-30.367
-29.547
-30.439
-29.372
-28.854
-30.442
-29.953
-28.153
-27.227
-26.815
-27.753
-26.071
-26.459
-25.321
-24.650
-24.618
-23.943
-24.105
-24.370
-25.151
-25.745
-24.674
-23.962
-24.022
-25.038
-22.753
-22.987
-21.960
-22.455
-21.997
-21.957
-22.247
-22.937
-22.504
-20.845
-20.145
-20.796
-20.415
-20.971
-20.591
-18.855
-18.380
-18.246
-18.729
-18.818
-19.588
-17.398
-17.288
-16.276
-15.322
-16.131
-17.214
-15.518
-15.572
-14.482
-15.926
-16.094
-16.162
-17.108
-15.168
-15.123
-14.092
-15.677
-15.734
-16.754
-15.038
-15.409
-15.246
-13.503
-13.088
-13.123
-12.913
-12.930
-11.840
-13.274
-22.272
-21.331
-23.074
-21.833
-22.723
-20.951
-21.426
-22.354
-20.949
-20.621
-21.264
-19.893
-19.848
-19.263
-20.607
-18.996
-19.520
-19.035
-17.578
-16.896
-16.979
-15.981
-17.611
-18.710
-17.385
-17.241
-17.714
-16.165
-17.765
-18.871
-17.260
-17.399
-17.842
-16.331
-18.062
-19.071
-17.549
-18.299
-18.925
-18.853
-17.062
-17.337
-16.377
-16.256
-15.461
-15.754
-16.701
-33.451
-32.157
-32.183
-32.301
-34.614
-34.464
-34.753
-35.489
-33.661
-33.620
-34.638
-32.898
-33.532
-32.724
-33.430
-34.376
-30.772
-30.701
-29.932
-30.282
-31.202
-30.437
-30.692
-28.791
-28.405
-29.172
-27.980
-27.394
-27.316
-26.114
-25.524
-25.960
-24.401
-24.857
-23.789
-27.813
-27.977
-28.805
-26.890
-27.270
-28.382
-26.145
-25.584
-26.522
-23.489
-24.160
-22.973
-22.488
-22.978
-22.141
-21.310
-21.642
-20.683
-20.356
-19.954
-20.943
-19.126
-18.762
-19.545
-18.030
-18.499
-17.745
-16.716
-16.878
-15.496
-14.706
-15.106
-16.047
-14.470
-14.431
-15.036
-14.378
-13.040
-12.462
-13.092
-12.104
-11.950
-11.128
-12.700
-12.003
-13.584
-13.122
-13.877
-12.208
-13.686
-12.872
-14.528
-14.229
-13.339
-14.550
-15.032
-25.180
-24.198
-24.792
-25.925
-26.865
-26.328
-25.219
-24.902
-25.852
-24.143
-23.256
-24.329
-23.689
-24.491
-23.625
-22.373
-21.696
-22.041
-22.205
-22.930
-21.490
-21.743
-20.697
-20.846
-20.921
-19.213
-18.997
-19.230
-18.236
-18.345
-18.458
-16.767
-16.735
-16.467
-15.701
-15.677
-14.704
-15.816
-16.753
-16.026
-14.643
-13.786
-14.352
-14.929
-15.679
-15.299
-13.956
-32.557
-31.707
-32.235
-31.689
-33.907
-33.758
-34.504
-34.391
-32.805
-33.650
-31.989
-32.905
-31.949
-31.081
-31.635
-32.669
-30.299
-29.742
-29.749
-30.328
-30.427
-31.264
-30.402
-28.827
-27.771
-28.039
-27.919
-26.365
-25.720
-26.027
-25.650
-25.474
-25.219
-25.931
-25.322
-26.266
-26.995
-26.497
-24.971
-24.690
-25.459
-23.217
-22.987
-22.603
-23.761
-23.642
-23.528
-22.691
-21.671
-22.754
-22.566
-23.328
-22.612
-21.197
-20.372
-21.070
-20.993
-21.643
-21.397
-19.516
-19.100
-19.084
-19.292
-19.489
-18.910
-18.766
-18.780
-18.938
-19.580
-17.455
-17.272
-16.596
-17.403
-16.385
-17.711
-18.309
-19.352
-18.050
-18.445
-18.953
-19.228
-17.226
-17.166
-16.334
-17.469
-17.444
-18.512
-16.567
-16.649
-15.492
-16.829
-23.082
-22.029
-23.837
-23.367
-23.584
-24.340
-22.193
-21.958
-21.316
-22.460
-21.615
-23.369
-22.717
-23.602
-21.790
-22.955
-24.061
-22.546
-22.479
-23.191
-21.280
-20.949
-20.142
-19.932
-20.464
-18.809
-19.028
-18.409
-17.638
-16.709
-17.778
-17.474
-16.736
-18.407
-16.984
-16.115
-17.758
-16.562
-15.989
-15.909
-17.724
-17.294
-18.194
-18.856
-19.480
-19.275
-18.335
-31.348
-31.679
-32.578
-30.915
-31.352
-30.512
-31.117
-32.251
-32.167
-32.269
-33.194
-31.842
-29.898
-29.223
-29.563
-29.872
-32.006
-32.028
-32.984
-31.325
-31.435
-32.501
-31.040
-29.985
-28.827
-28.993
-28.639
-27.543
-26.613
-27.494
-26.949
-26.526
-26.802
-27.808
-26.449
-27.634
-28.631
-27.467
-26.628
-26.838
-27.858
-25.582
-24.726
-25.595
-25.560
-24.607
-25.765
-25.293
-26.158
-25.150
-24.064
-24.123
-24.019
-22.701
-22.466
-22.722
-21.528
-21.337
-21.895
-20.126
-19.706
-19.417
-20.102
-20.877
-19.329
-19.378
-18.276
-18.524
-18.154
-16.958
-16.728
-16.988
-15.837
-16.286
-15.412
-14.711
-14.194
-15.197
-13.690
-14.198
-13.059
-12.718
-11.991
-12.227
-13.341
-13.837
-14.063
-12.311
-12.644
-12.070
-11.392
-25.454
-26.293
-24.515
-25.494
-26.540
-25.226
-24.443
-24.521
-24.536
-23.031
-22.961
-22.959
-21.803
-21.117
-22.256
-21.041
-20.297
-20.499
-21.942
-22.287
-22.199
-22.832
-21.639
-21.388
-20.733
-22.668
-23.224
-23.380
-22.005
-21.313
-21.416
-23.093
-23.869
-23.638
-22.389
-23.224
-21.941
-21.396
-21.618
-20.367
-21.536
-22.601
-20.950
-21.250
-21.019
-20.315
-22.159
-30.716
-29.521
-29.824
-28.891
-31.392
-30.611
-32.265
-31.768
-31.708
-32.193
-32.483
-31.245
-30.356
-29.440
-31.078
-30.009
-28.694
-28.174
-29.406
-26.694
-27.301
-25.886
-27.846
-25.793
-25.227
-25.672
-25.439
-23.668
-23.352
-23.091
-22.838
-23.066
-22.287
-22.964
-22.287
-23.252
-23.476
-23.907
-21.803
-21.385
-22.163
-19.826
-19.524
-19.469
-20.846
-20.420
-20.280
-20.579
-19.495
-21.160
-21.008
-22.105
-20.488
-20.752
-21.107
-19.644
-21.327
-21.100
-22.411
-20.819
-21.517
-19.862
-20.438
-19.568
-21.093
-20.726
-22.364
-22.729
-23.094
-21.880
-22.810
-21.228
-21.263
-20.527
-22.062
-20.524
-20.360
-21.093
-19.180
-19.289
-18.488
-18.521
-18.994
-18.772
-16.974
-16.640
-16.556
-16.491
-16.991
-16.897
-15.402
-19.509
-20.049
-18.439
-20.012
-19.460
-21.088
-19.745
-20.394
-20.046
-18.263
-17.945
-17.563
-17.926
-17.788
-18.667
-16.547
-15.795
-16.551
-16.148
-15.995
-16.208
-16.119
-16.663
-17.154
-17.341
-15.451
-14.739
-15.650
-14.724
-14.362
-15.428
-13.511
-13.780
-12.729
-13.039
-13.876
-12.700
-11.928
-12.092
-11.089
-11.450
-10.549
-11.064
-12.428
-13.296
-12.780
-11.877
-32.185
-32.187
-32.919
-31.197
-33.629
-34.176
-33.577
-34.055
-31.494
-32.014
-31.544
-30.506
-31.569
-32.017
-31.829
-30.501
-32.696
-32.861
-33.698
-30.552
-30.526
-30.295
-31.920
-29.482
-28.642
-28.183
-29.187
-27.468
-27.777
-26.346
-25.451
-25.483
-24.280
-24.502
-24.442
-26.928
-27.735
-26.120
-26.427
-25.819
-25.647
-25.184
-24.400
-26.025
-22.896
-22.085
-22.886
-22.523
-23.158
-22.640
-21.099
-21.065
-20.442
-20.433
-20.142
-21.158
-19.147
-19.308
-18.551
-18.431
-19.110
-17.532
-17.991
-18.856
-16.786
-16.626
-15.442
-14.755
-15.746
-14.716
-15.236
-15.011
-13.222
-12.967
-12.932
-12.382
-12.717
-12.537
-10.928
-10.519
-10.589
-10.010
-10.027
-8.971
-10.273
-11.182
-9.357
-10.286
-11.082
-10.449
-9.299
-24.488
-25.138
-24.424
-23.134
-22.426
-23.154
-22.586
-21.625
-23.227
-22.390
-23.400
-21.965
-21.535
-20.815
-22.237
-20.852
-21.634
-20.559
-19.709
-19.959
-18.477
-17.703
-18.092
-18.010
-18.718
-16.662
-16.478
-16.699
-15.488
-15.449
-15.734
-14.196
-13.514
-14.334
-13.679
-13.694
-14.289
-12.214
-11.534
-12.188
-11.609
-11.729
-10.522
-12.132
-11.895
-13.205
-11.602
-32.294
-31.214
-31.683
-30.795
-33.139
-33.903
-33.600
-32.641
-33.136
-34.066
-32.737
-33.544
-31.667
-32.408
-31.026
-30.969
-30.102
-29.461
-30.584
-28.705
-27.760
-29.766
-29.212
-27.978
-26.902
-27.207
-26.697
-25.557
-25.629
-24.554
-24.683
-25.497
-23.470
-23.399
-23.877
-25.173
-25.964
-24.258
-25.121
-24.124
-23.349
-24.188
-23.342
-25.125
-22.203
-22.371
-21.878
-20.992
-20.901
-21.260
-19.852
-20.030
-19.716
-18.567
-18.446
-18.438
-17.348
-17.504
-17.269
-16.061
-15.820
-16.136
-14.967
-15.246
-13.662
-13.017
-13.086
-12.218
-13.820
-12.606
-12.138
-11.788
-13.643
-13.980
-14.466
-13.009
-12.785
-12.098
-14.032
-15.028
-13.707
-14.062
-13.027
-14.593
-14.612
-14.738
-15.579
-13.680
-14.075
-13.463
-12.793
-23.955
-23.030
-24.843
-23.579
-22.580
-23.610
-24.683
-25.548
-24.890
-24.160
-25.044
-23.802
-23.107
-22.803
-22.254
-23.660
-24.493
-24.070
-22.607
-22.277
-22.060
-21.295
-22.394
-22.609
-23.355
-21.284
-20.340
-21.630
-20.872
-20.524
-21.696
-19.680
-19.844
-18.764
-19.450
-18.826
-20.395
-18.738
-17.879
-19.404
-18.396
-19.345
-17.925
-17.252
-17.127
-16.294
-17.467
-29.793
-29.675
-29.369
-28.943
-30.799
-30.702
-31.789
-30.618
-30.060
-30.913
-30.156
-29.274
-28.423
-27.666
-28.106
-28.424
-30.973
-30.736
-31.721
-30.873
-30.890
-31.626
-31.512
-29.414
-28.364
-28.252
-28.531
-26.896
-26.285
-26.899
-26.889
-26.673
-27.091
-28.107
-27.207
-26.264
-26.969
-26.309
-24.906
-23.888
-24.001
-22.590
-22.318
-22.755
-26.012
-25.913
-26.399
-24.727
-24.927
-24.312
-23.722
-24.308
-23.139
-22.767
-21.953
-23.397
-22.097
-22.999
-21.661
-20.987
-21.408
-20.775
-19.705
-19.808
-18.617
-17.834
-18.489
-18.145
-19.410
-17.249
-17.200
-17.441
-15.979
-15.979
-15.940
-14.769
-14.657
-15.041
-13.402
-12.999
-12.624
-13.530
-14.001
-14.326
-12.221
-11.829
-11.489
-12.143
-12.386
-12.866
-11.143
-21.484
-20.541
-21.357
-21.721
-22.529
-21.976
-20.564
-20.578
-20.832
-19.226
-18.913
-19.241
-18.090
-18.445
-18.065
-16.689
-16.837
-16.200
-15.804
-15.808
-15.087
-14.397
-15.012
-15.432
-13.955
-15.899
-15.491
-15.841
-17.305
-17.388
-17.754
-18.167
-18.169
-17.659
-19.604
-20.223
-20.053
-19.847
-19.567
-19.221
-21.355
-21.865
-21.658
-21.832
-22.195
-22.701
-21.059
-31.789
-30.891
-29.941
-30.832
-31.909
-30.960
-32.657
-32.107
-33.103
-33.863
-33.223
-33.493
-31.234
-31.794
-31.154
-30.280
-31.167
-32.237
-30.614
-29.264
-29.331
-28.848
-30.699
-28.246
-27.552
-28.181
-27.219
-26.263
-26.463
-25.322
-25.602
-26.540
-24.400
-24.823
-24.225
-25.533
-25.382
-26.124
-24.191
-24.189
-25.140
-22.769
-22.538
-22.160
-23.060
-22.972
-23.133
-21.785
-21.886
-21.741
-20.533
-20.725
-19.877
-20.033
-20.690
-19.051
-19.746
-18.870
-20.520
-19.296
-18.409
-19.072
-20.357
-21.256
-20.266
-21.148
-19.119
-19.520
-18.516
-18.104
-17.211
-17.795
-18.536
-19.379
-18.837
-17.226
-16.643
-16.757
-17.533
-18.177
-16.561
-18.106
-19.123
-18.194
-17.223
-16.245
-17.082
-17.792
-18.824
-17.809
-17.241
-22.277
-22.875
-22.417
-20.839
-20.213
-20.727
-20.325
-20.847
-20.554
-18.804
-18.270
-18.498
-18.388
-18.501
-19.018
-16.875
-16.578
-16.217
-16.495
-17.356
-15.368
-15.445
-14.082
-13.253
-14.153
-13.368
-13.197
-12.438
-14.396
-15.319
-14.582
-13.949
-13.213
-13.454
-15.136
-15.915
-15.077
-15.984
-16.607
-16.696
-15.048
-14.387
-14.345
-15.913
-16.601
-16.633
-15.304
-31.222
-30.018
-29.535
-29.346
-31.992
-31.461
-32.877
-32.199
-32.159
-31.656
-32.468
-33.029
-30.767
-30.189
-30.112
-31.541
-30.203
-30.902
-29.239
-29.849
-28.881
-30.873
-30.663
-28.990
-27.639
-27.791
-27.393
-26.458
-26.668
-25.301
-24.448
-24.736
-23.141
-23.412
-22.918
-26.255
-26.163
-27.127
-25.059
-25.106
-26.107
-23.761
-23.652
-22.935
-22.065
-21.912
-22.428
-20.797
-21.177
-20.318
-19.904
-19.339
-20.462
-18.772
-19.131
-18.155
-17.870
-18.559
-17.460
-16.643
-16.974
-16.124
-15.667
-16.185
-14.280
-13.747
-13.589
-12.846
-14.296
-12.701
-12.096
-12.037
-13.486
-14.084
-14.181
-12.699
-12.010
-12.006
-13.488
-14.136
-14.218
-12.625
-13.366
-12.193
-11.549
-10.907
-12.098
-10.555
-11.190
-9.972
-10.017
-23.364
-24.227
-23.411
-21.966
-21.931
-21.123
-21.681
-21.412
-22.569
-20.375
-19.538
-20.610
-19.998
-20.861
-19.842
-18.776
-18.546
-18.998
-17.586
-17.264
-16.939
-16.063
-17.179
-17.812
-16.145
-18.022
-17.317
-18.771
-18.689
-17.885
-19.528
-19.199
-20.050
-18.358
-19.697
-20.420
-18.742
-20.388
-21.480
-20.132
-19.855
-20.081
-20.451
-18.367
-17.941
-17.858
-18.077
-34.254
-34.634
-34.745
-35.591
-34.131
-33.907
-35.101
-33.264
-35.366
-35.138
-35.952
-36.189
-32.992
-33.012
-32.288
-32.703
-33.679
-33.046
-34.244
-31.692
-31.352
-32.040
-32.891
-30.551
-29.832
-29.735
-30.446
-28.481
-28.727
-27.759
-27.276
-27.461
-26.722
-27.520
-26.391
-27.634
-27.579
-28.182
-26.355
-25.527
-25.723
-24.227
-24.342
-23.964
-25.552
-25.888
-25.159
-24.412
-24.206
-24.646
-23.152
-23.349
-22.852
-21.960
-21.720
-22.310
-20.748
-19.990
-21.124
-20.137
-20.823
-20.009
-18.843
-17.920
-18.624
-17.579
-19.701
-19.369
-20.655
-20.209
-20.763
-19.333
-21.324
-21.649
-20.936
-22.551
-22.312
-23.135
-23.572
-23.903
-22.983
-24.853
-25.477
-25.545
-24.610
-24.192
-25.607
-23.685
-24.031
-22.617
-23.646
-23.170
-23.494
-22.947
-21.878
-21.383
-22.073
-20.983
-21.394
-20.952
-19.498
-19.087
-18.828
-19.334
-19.702
-19.873
-17.866
-17.918
-17.317
-17.173
-17.165
-16.640
-16.062
-16.543
-16.609
-17.334
-15.306
-14.402
-15.186
-15.180
-15.100
-16.190
-14.003
-14.023
-13.154
-13.788
-14.603
-13.899
-12.453
-12.411
-11.698
-12.018
-12.260
-12.640
-10.612
-10.322
-9.897
-10.539
-34.824
-33.346
-32.719
-33.212
-35.287
-35.347
-34.513
-36.300
-35.678
-36.740
-35.559
-35.241
-35.141
-34.876
-34.533
-36.170
-32.726
-31.620
-33.020
-32.577
-33.137
-32.822
-33.154
-31.003
-30.246
-30.726
-29.942
-28.986
-28.462
-28.069
-27.431
-27.364
-26.727
-26.535
-27.375
-29.463
-29.953
-30.234
-28.470
-28.380
-29.172
-26.980
-26.343
-27.189
-25.391
-25.032
-25.618
-24.390
-24.671
-24.174
-22.986
-22.682
-23.213
-22.029
-22.617
-21.456
-21.070
-21.699
-20.330
-20.233
-19.963
-20.774
-19.171
-19.403
-17.897
-17.082
-17.384
-16.706
-18.242
-16.472
-16.305
-16.992
-15.117
-14.660
-15.195
-14.187
-14.767
-13.534
-13.452
-14.272
-12.815
-12.573
-11.553
-12.864
-12.498
-12.278
-11.732
-13.769
-13.905
-14.663
-13.718
-26.196
-26.917
-25.391
-25.625
-25.110
-26.301
-24.588
-25.110
-23.860
-23.941
-24.861
-23.375
-23.091
-22.422
-23.668
-22.267
-21.599
-22.918
-21.526
-22.187
-20.181
-19.859
-19.182
-19.626
-18.543
-18.257
-17.914
-18.817
-17.069
-16.721
-17.473
-15.862
-15.278
-15.103
-16.262
-15.319
-17.171
-16.482
-15.737
-17.421
-16.319
-17.071
-16.666
-14.834
-14.513
-14.690
-14.097
-32.283
-30.854
-30.779
-30.692
-32.415
-33.363
-31.721
-32.171
-32.314
-32.988
-32.422
-31.355
-33.360
-34.343
-33.292
-33.185
-29.496
-28.639
-29.651
-28.608
-29.078
-28.731
-29.318
-27.097
-26.241
-26.661
-26.064
-24.942
-24.315
-24.214
-23.634
-23.678
-22.777
-23.237
-22.691
-25.427
-26.027
-26.122
-24.303
-23.829
-24.116
-22.733
-22.388
-23.073
-21.265
-20.682
-21.241
-20.587
-20.847
-21.116
-19.105
-18.812
-18.590
-18.585
-18.524
-19.286
-17.193
-17.008
-17.192
-16.036
-15.117
-16.247
-15.845
-16.065
-15.536
-15.480
-15.265
-14.301
-16.043
-15.070
-15.996
-14.333
-14.504
-13.431
-15.047
-14.748
-15.807
-14.292
-14.242
-14.505
-13.135
-14.885
-14.277
-15.871
-15.050
-15.876
-14.064
-15.558
-15.856
-14.841
-16.468
-21.421
-21.876
-20.994
-20.473
-20.187
-20.816
-19.129
-19.165
-18.708
-18.131
-18.662
-17.898
-16.821
-17.049
-16.469
-15.625
-15.226
-14.854
-15.908
-16.632
-15.552
-15.932
-14.617
-14.985
-13.606
-14.547
-13.794
-15.540
-13.914
-12.832
-14.328
-14.226
-13.619
-15.299
-13.834
-12.860
-14.549
-13.840
-13.407
-14.879
-13.175
-13.390
-13.572
-11.621
-11.194
-11.194
-11.155
-25.200
-25.052
-24.287
-24.725
-25.284
-24.403
-25.278
-26.159
-26.353
-26.214
-27.275
-26.587
-23.929
-23.843
-23.798
-23.118
-26.369
-26.639
-27.146
-26.213
-27.243
-26.202
-26.042
-24.853
-24.159
-24.349
-24.447
-22.689
-22.478
-22.390
-21.406
-20.730
-20.890
-20.080
-21.671
-21.825
-22.074
-22.238
-20.453
-19.995
-20.567
-18.477
-18.096
-18.464
-20.304
-20.224
-21.102
-18.934
-18.451
-19.053
-17.858
-18.146
-17.694
-16.494
-16.008
-16.674
-15.667
-16.186
-15.694
-14.246
-13.902
-14.354
-13.289
-13.792
-11.992
-11.535
-11.043
-10.433
-11.484
-9.945
-10.444
-9.450
-8.838
-9.400
-8.202
-8.037
-7.730
-8.588
-6.837
-7.274
-6.393
-5.728
-5.524
-6.175
-4.452
-4.587
-4.072
-3.335
-2.526
-2.918
-3.706
-17.705
-17.931
-18.058
-16.260
-16.039
-15.788
-15.582
-15.544
-16.182
-14.080
-14.089
-13.759
-13.173
-12.864
-13.766
-11.903
-12.327
-11.236
-11.104
-11.592
-9.963
-9.497
-9.265
-8.209
-9.697
-9.264
-8.882
-8.606
-10.609
-11.235
-11.130
-10.740
-10.495
-11.797
-9.639
-9.804
-8.591
-9.931
-10.346
-9.065
-11.028
-10.573
-11.878
-11.421
-11.363
-10.709
-12.434
-27.783
-27.170
-27.770
-27.278
-26.857
-26.488
-25.892
-27.491
-29.190
-29.818
-29.247
-29.658
-27.898
-28.612
-26.966
-28.242
-25.708
-24.995
-25.490
-25.763
-24.930
-27.237
-25.383
-25.395
-24.116
-24.284
-23.572
-23.344
-22.611
-22.627
-21.523
-21.041
-20.923
-21.103
-21.444
-24.282
-25.098
-24.950
-23.558
-23.382
-23.830
-22.673
-23.286
-22.147
-19.384
-19.183
-18.829
-18.789
-19.064
-19.186
-17.240
-16.856
-16.903
-16.424
-16.763
-16.547
-14.914
-14.451
-14.737
-14.202
-13.455
-14.930
-13.636
-14.167
-12.460
-12.257
-11.419
-11.190
-11.807
-10.078
-10.341
-9.806
-8.953
-8.868
-9.181
-7.503
-7.154
-6.851
-7.356
-7.904
-7.939
-5.927
-5.414
-5.956
-4.950
-4.978
-3.896
-5.230
-4.355
-5.526
-6.064
-21.769
-21.152
-22.291
-20.580
-20.941
-19.968
-19.540
-20.003
-18.905
-18.532
-19.045
-17.812
-17.620
-17.040
-18.217
-16.694
-16.102
-17.380
-15.901
-16.554
-14.621
-14.284
-13.587
-12.596
-13.781
-13.449
-12.862
-14.470
-12.998
-13.519
-13.245
-11.509
-11.198
-11.227
-10.624
-10.656
-11.087
-9.215
-8.906
-9.262
-8.167
-7.361
-8.744
-7.706
-8.637
-7.177
-7.053
-32.186
-31.235
-30.252
-31.157
-33.572
-33.647
-33.862
-34.255
-31.940
-30.910
-32.104
-32.542
-31.997
-32.121
-32.843
-31.063
-31.412
-32.419
-30.728
-29.925
-29.964
-29.636
-31.252
-28.859
-27.557
-27.078
-27.665
-26.543
-27.121
-26.062
-25.685
-25.885
-25.024
-25.855
-24.745
-25.405
-24.899
-25.734
-24.304
-23.357
-23.231
-22.383
-21.881
-23.017
-23.850
-24.161
-23.785
-22.509
-22.171
-22.521
-21.509
-22.064
-21.348
-20.098
-19.643
-20.228
-19.197
-19.218
-18.168
-19.577
-18.740
-19.846
-20.678
-21.638
-20.636
-21.530
-19.378
-19.503
-18.638
-18.788
-17.845
-18.688
-19.608
-19.141
-20.623
-19.821
-20.278
-20.474
-18.478
-18.252
-17.821
-18.622
-19.050
-19.437
-17.467
-16.770
-17.778
-16.826
-17.494
-15.920
-16.431
-21.510
-20.949
-22.253
-20.590
-21.215
-20.156
-19.451
-19.081
-19.947
-18.259
-18.702
-17.698
-17.354
-16.795
-18.027
-16.417
-15.808
-17.094
-15.578
-16.183
-14.323
-13.857
-13.340
-12.651
-13.873
-12.421
-12.067
-13.023
-11.121
-10.667
-11.604
-10.140
-10.532
-9.092
-10.013
-9.329
-10.991
-9.566
-10.413
-9.521
-8.162
-8.097
-7.864
-7.125
-6.067
-7.229
-7.331
-34.116
-32.711
-32.767
-32.033
-35.113
-36.122
-34.824
-35.096
-34.202
-33.625
-33.700
-35.253
-34.522
-34.453
-35.582
-33.893
-31.945
-30.935
-32.414
-30.639
-29.799
-31.122
-31.930
-29.841
-29.665
-29.458
-30.594
-28.437
-28.624
-27.269
-26.090
-25.914
-25.108
-24.834
-25.507
-28.299
-29.233
-27.540
-28.170
-28.061
-28.183
-27.630
-28.390
-27.681
-23.882
-24.097
-23.416
-22.855
-22.662
-23.276
-21.545
-21.930
-21.023
-20.618
-20.063
-21.229
-19.490
-20.006
-19.038
-18.351
-17.561
-18.814
-17.692
-18.020
-16.541
-16.189
-15.988
-16.641
-15.792
-14.649
-14.917
-14.180
-13.589
-13.374
-14.080
-12.263
-12.476
-11.837
-11.311
-11.449
-11.606
-9.880
-9.334
-9.796
-9.050
-9.596
-9.065
-7.587
-7.638
-7.144
-7.068
-26.194
-26.244
-25.966
-25.137
-24.876
-25.535
-23.875
-24.017
-23.460
-22.862
-23.346
-22.594
-21.497
-21.034
-21.723
-20.365
-20.805
-19.716
-19.591
-20.219
-18.297
-17.930
-17.256
-16.941
-17.790
-15.998
-16.223
-15.553
-14.890
-15.327
-14.493
-13.752
-13.333
-14.214
-12.612
-13.022
-11.843
-12.003
-11.272
-12.804
-11.264
-11.355
-11.667
-9.763
-9.207
-9.300
-9.620
-30.106
-28.759
-28.501
-28.871
-31.047
-30.586
-31.085
-32.082
-29.969
-29.414
-29.402
-30.941
-30.661
-29.883
-30.857
-31.459
-27.614
-26.646
-27.581
-27.341
-27.757
-27.845
-27.814
-25.723
-25.092
-24.140
-25.684
-24.699
-25.645
-24.266
-24.495
-25.158
-23.834
-24.372
-22.761
-23.581
-23.970
-23.311
-22.422
-21.343
-21.349
-20.189
-20.141
-19.319
-24.104
-25.061
-24.265
-23.021
-22.866
-23.378
-21.802
-22.104
-21.498
-20.494
-20.129
-20.677
-19.311
-19.734
-18.982
-18.088
-18.561
-17.353
-17.330
-17.802
-16.171
-15.874
-15.195
-15.747
-14.510
-14.350
-13.861
-15.019
-13.220
-13.638
-12.660
-12.212
-12.209
-12.699
-10.761
-10.742
-10.015
-10.275
-9.216
-10.283
-11.027
-12.080
-10.638
-11.049
-11.391
-10.005
-11.566
-19.963
-20.711
-20.290
-18.548
-17.755
-18.198
-18.625
-18.994
-19.311
-17.354
-17.046
-17.635
-16.290
-16.701
-15.948
-14.971
-15.183
-14.478
-14.073
-14.571
-12.773
-12.204
-12.064
-12.857
-11.371
-11.203
-10.495
-10.607
-11.985
-12.719
-12.550
-11.048
-10.498
-10.311
-11.747
-12.531
-12.278
-10.836
-10.003
-11.427
-10.403
-11.186
-9.530
-10.054
-9.793
-9.234
-10.812
-35.349
-33.988
-33.372
-33.563
-36.307
-35.965
-36.316
-37.355
-35.215
-34.499
-34.751
-36.091
-35.948
-36.929
-35.295
-36.145
-33.888
-34.535
-34.339
-31.895
-32.755
-31.845
-32.470
-30.397
-29.615
-30.255
-28.915
-28.623
-29.224
-27.721
-28.430
-29.514
-27.481
-26.952
-27.996
-27.734
-27.406
-28.322
-26.540
-26.701
-27.784
-25.364
-25.777
-25.044
-26.516
-26.981
-25.842
-25.650
-26.341
-25.129
-24.641
-25.126
-23.963
-23.757
-23.267
-24.363
-22.847
-22.327
-23.554
-21.761
-22.357
-21.146
-20.990
-21.445
-19.977
-19.565
-19.273
-19.760
-19.311
-17.797
-17.322
-17.320
-17.403
-18.025
-17.755
-15.881
-15.892
-15.410
-15.158
-15.151
-15.886
-13.795
-13.969
-13.117
-13.080
-12.393
-13.722
-12.231
-11.882
-12.793
-11.326
-24.099
-24.197
-24.245
-22.723
-21.993
-22.442
-22.236
-22.916
-22.360
-20.822
-20.861
-20.223
-20.289
-20.027
-21.089
-19.116
-19.390
-18.900
-18.062
-18.258
-17.017
-16.479
-16.693
-17.449
-16.727
-15.226
-15.088
-14.442
-15.126
-16.097
-15.079
-13.963
-14.359
-13.862
-12.649
-12.535
-12.351
-11.611
-11.895
-11.796
-10.167
-9.952
-9.957
-9.194
-9.090
-8.185
-9.570
-32.273
-30.855
-30.952
-30.287
-33.006
-34.039
-32.745
-32.968
-32.371
-31.706
-33.373
-32.154
-33.043
-34.071
-32.580
-33.137
-29.837
-28.902
-30.216
-29.168
-28.807
-30.212
-29.538
-27.893
-26.819
-26.535
-27.080
-25.566
-26.006
-25.179
-24.551
-24.324
-23.940
-24.698
-23.164
-24.462
-24.087
-24.848
-23.304
-23.042
-23.722
-21.757
-21.970
-21.604
-23.498
-22.668
-24.362
-22.893
-22.496
-23.799
-21.918
-22.362
-21.080
-21.415
-21.255
-22.230
-20.122
-20.367
-19.353
-19.753
-20.490
-18.949
-19.323
-20.118
-18.013
-17.700
-16.868
-17.041
-16.591
-15.532
-15.660
-14.657
-15.119
-15.494
-15.536
-13.539
-13.150
-13.103
-12.866
-11.783
-13.134
-13.177
-13.628
-13.999
-12.012
-12.403
-11.714
-10.720
-10.005
-11.021
-10.029
-20.510
-20.670
-20.482
-19.105
-18.315
-19.163
-18.509
-18.119
-17.725
-19.472
-20.129
-20.052
-18.797
-19.599
-18.052
-18.067
-18.818
-17.310
-17.558
-18.386
-16.317
-16.167
-15.197
-15.542
-14.445
-14.545
-14.341
-15.188
-13.244
-12.659
-13.583
-12.336
-12.820
-12.104
-10.916
-11.044
-10.551
-9.869
-10.278
-10.001
-8.424
-8.214
-7.843
-7.919
-8.027
-8.457
-6.889
-34.586
-34.512
-35.479
-34.486
-33.257
-33.147
-32.552
-32.794
-35.061
-34.556
-34.987
-36.114
-35.493
-35.237
-35.429
-36.492
-33.342
-33.570
-33.353
-31.775
-32.947
-31.217
-32.035
-30.701
-29.740
-30.097
-29.456
-28.493
-28.469
-28.597
-27.968
-27.688
-27.785
-28.758
-27.113
-27.181
-27.304
-27.203
-25.975
-25.554
-26.311
-24.169
-23.693
-23.629
-27.223
-26.332
-27.947
-26.705
-27.492
-25.964
-26.048
-25.278
-25.596
-27.084
-27.816
-27.554
-26.437
-25.853
-27.195
-25.416
-25.812
-24.520
-25.170
-25.835
-24.204
-23.907
-23.197
-23.546
-23.154
-21.758
-21.835
-21.059
-21.093
-21.102
-21.536
-19.621
-18.982
-19.247
-19.397
-19.436
-20.105
-17.951
-18.116
-17.094
-17.433
-17.341
-18.121
-16.023
-15.273
-15.740
-15.931
-24.246
-24.799
-24.806
-22.840
-22.261
-22.215
-23.093
-23.364
-23.886
-21.877
-21.088
-21.453
-22.092
-22.901
-22.399
-20.779
-20.095
-20.903
-20.100
-20.684
-19.059
-18.615
-18.226
-17.824
-18.824
-17.081
-17.611
-16.782
-15.885
-15.343
-16.309
-15.010
-15.458
-14.973
-13.617
-13.687
-12.867
-13.053
-13.688
-13.023
-11.585
-10.873
-11.622
-11.057
-11.228
-10.006
-11.749
-27.581
-26.352
-26.478
-25.471
-27.551
-28.412
-26.728
-27.410
-27.812
-26.867
-28.679
-28.061
-28.753
-29.673
-28.893
-28.627
-25.827
-25.706
-24.801
-26.764
-27.291
-27.253
-26.775
-25.139
-24.405
-24.574
-24.578
-22.886
-22.740
-22.475
-21.950
-21.777
-21.634
-22.277
-21.865
-22.065
-22.435
-22.293
-20.700
-20.139
-20.741
-18.713
-18.140
-18.301
-20.143
-19.505
-19.942
-19.663
-20.423
-19.459
-18.382
-17.569
-18.523
-17.904
-18.687
-17.637
-16.684
-15.939
-16.952
-16.159
-16.385
-16.767
-14.634
-14.149
-13.945
-12.856
-14.465
-14.319
-15.571
-13.698
-14.104
-14.063
-12.231
-11.611
-12.114
-11.646
-12.321
-11.471
-10.278
-10.420
-9.979
-9.251
-9.127
-9.682
-7.854
-7.372
-7.209
-7.829
-8.265
-8.272
-6.807
-18.454
-18.670
-19.241
-17.078
-16.751
-16.273
-16.842
-17.772
-15.923
-16.900
-17.739
-15.983
-16.850
-15.939
-17.637
-16.818
-16.041
-17.798
-16.440
-17.191
-15.618
-15.563
-14.807
-14.016
-15.363
-14.183
-13.854
-13.356
-15.283
-16.036
-15.829
-14.843
-14.094
-14.189
-15.776
-16.343
-15.067
-16.802
-17.415
-16.255
-17.579
-16.912
-18.455
-18.257
-18.751
-19.095
-17.470
-33.548
-32.130
-32.201
-31.820
-33.944
-33.941
-34.915
-33.234
-33.691
-34.690
-33.490
-32.942
-34.448
-33.976
-34.596
-35.355
-31.147
-31.178
-30.127
-31.040
-31.267
-31.751
-31.357
-29.495
-28.651
-29.146
-28.377
-27.380
-27.595
-26.487
-26.540
-27.358
-25.283
-25.437
-24.420
-26.782
-26.441
-27.600
-25.698
-26.060
-27.190
-24.839
-24.962
-23.917
-25.235
-25.132
-26.168
-23.992
-24.115
-23.104
-23.516
-22.875
-24.358
-22.517
-22.369
-23.044
-21.201
-20.786
-21.557
-20.129
-20.674
-19.666
-19.056
-19.529
-17.736
-17.142
-17.013
-17.626
-16.147
-16.442
-17.263
-16.001
-15.344
-14.647
-15.679
-14.431
-13.993
-15.172
-13.464
-12.888
-14.048
-12.515
-12.120
-12.977
-11.232
-11.599
-10.450
-10.450
-9.571
-10.011
-11.067
-24.720
-25.100
-25.353
-23.220
-22.853
-22.628
-22.986
-22.780
-23.834
-21.820
-21.986
-21.623
-20.524
-20.179
-20.661
-19.334
-19.646
-18.627
-18.569
-19.132
-17.228
-16.768
-16.313
-15.410
-16.791
-15.767
-15.381
-16.665
-14.825
-13.896
-15.175
-14.432
-15.317
-14.102
-13.333
-13.700
-12.486
-12.773
-13.570
-12.221
-11.856
-10.943
-12.235
-11.464
-10.804
-12.352
-10.789
-34.499
-35.406
-36.070
-35.980
-33.991
-34.762
-33.606
-33.223
-35.184
-35.951
-34.430
-35.525
-33.307
-32.581
-33.514
-32.895
-34.775
-33.755
-35.407
-34.375
-34.275
-35.505
-34.565
-33.046
-31.901
-32.100
-31.530
-30.752
-31.204
-29.695
-29.195
-29.489
-28.144
-28.510
-27.812
-30.207
-29.710
-31.113
-29.272
-29.772
-30.925
-28.706
-29.243
-28.325
-26.852
-26.202
-27.237
-25.843
-26.286
-25.343
-24.773
-24.256
-25.182
-23.681
-24.087
-23.026
-22.816
-22.230
-23.490
-21.836
-21.476
-22.327
-20.593
-20.214
-19.939
-18.925
-20.350
-21.291
-20.526
-19.239
-19.630
-18.293
-18.823
-18.297
-19.727
-17.827
-18.373
-17.086
-17.031
-16.466
-17.723
-16.084
-15.434
-16.758
-15.006
-15.500
-14.496
-13.954
-13.112
-13.459
-14.372
-27.421
-27.694
-26.941
-26.322
-25.634
-26.712
-25.403
-26.027
-24.821
-24.285
-23.695
-24.689
-23.162
-23.645
-22.859
-21.967
-22.305
-21.485
-21.025
-21.546
-19.689
-19.094
-19.042
-19.315
-19.346
-17.513
-17.145
-17.191
-16.728
-17.103
-16.841
-15.198
-14.700
-14.722
-14.906
-15.391
-15.363
-13.446
-12.945
-12.938
-13.039
-13.702
-13.371
-11.572
-11.672
-10.873
-11.348
-33.143
-31.760
-31.320
-31.094
-32.967
-33.938
-32.721
-32.256
-33.999
-34.046
-33.595
-34.995
-33.841
-33.889
-33.307
-34.813
-31.799
-32.656
-31.914
-30.432
-30.460
-31.363
-30.550
-28.963
-28.057
-28.241
-28.253
-26.544
-26.081
-26.453
-26.471
-26.404
-26.439
-27.517
-26.101
-25.705
-26.164
-25.752
-24.345
-23.555
-23.882
-22.199
-21.466
-22.432
-25.741
-26.069
-26.111
-24.212
-23.971
-23.934
-23.436
-23.502
-23.957
-21.980
-21.396
-21.941
-21.309
-21.912
-21.143
-19.984
-20.082
-19.838
-18.819
-18.942
-17.586
-16.839
-16.892
-17.683
-16.099
-16.226
-15.541
-17.022
-15.429
-16.027
-14.604
-14.792
-15.604
-14.490
-13.686
-14.325
-13.523
-12.472
-12.544
-12.063
-11.340
-10.963
-11.514
-10.006
-9.766
-9.160
-10.180
-21.548
-22.249
-20.748
-20.810
-20.121
-21.547
-19.937
-20.545
-19.166
-19.078
-19.710
-18.588
-17.999
-17.121
-18.424
-17.336
-18.078
-16.669
-16.555
-16.657
-15.745
-15.195
-15.413
-15.100
-16.299
-14.267
-14.496
-13.315
-14.118
-15.126
-13.616
-13.243
-13.778
-13.112
-11.826
-11.942
-11.317
-10.935
-10.005
-11.373
-10.561
-11.296
-9.958
-9.687
-10.167
-9.533
-8.653
-29.946
-30.917
-31.253
-30.346
-30.683
-31.365
-29.983
-31.252
-29.373
-30.257
-28.890
-28.774
-28.854
-29.351
-28.099
-28.398
-32.087
-32.970
-32.558
-31.561
-30.803
-32.907
-31.717
-30.659
-31.193
-31.829
-31.740
-30.028
-30.439
-28.878
-28.038
-28.210
-26.778
-27.156
-26.087
-29.618
-30.412
-28.749
-29.323
-27.992
-27.212
-27.682
-28.578
-27.260
-26.101
-25.916
-26.748
-24.684
-24.812
-24.082
-23.807
-23.641
-24.507
-22.546
-22.786
-21.882
-21.809
-21.336
-22.525
-20.770
-21.265
-20.182
-19.795
-20.243
-18.452
-17.865
-17.602
-18.279
-16.744
-16.762
-16.369
-15.850
-17.668
-17.847
-18.665
-17.033
-16.007
-17.682
-16.922
-16.129
-16.510
-18.277
-19.025
-18.657
-18.283
-17.909
-19.339
-17.563
-18.237
-16.582
-17.329
-26.637
-27.275
-26.111
-25.648
-26.086
-25.067
-24.665
-25.142
-23.948
-24.048
-24.781
-23.282
-23.255
-22.345
-22.879
-23.953
-24.978
-23.316
-24.226
-25.057
-23.629
-23.782
-22.551
-22.541
-21.556
-22.771
-23.756
-21.971
-22.636
-23.387
-21.597
-22.794
-22.004
-23.771
-22.745
-22.052
-23.717
-22.436
-21.657
-23.322
-21.936
-22.727
-20.995
-21.750
-21.307
-22.709
-20.993
-28.540
-27.798
-27.263
-27.057
-29.607
-30.297
-29.243
-30.209
-27.594
-27.129
-28.089
-26.908
-29.280
-30.023
-29.686
-28.706
-28.595
-29.139
-27.810
-29.022
-29.270
-29.677
-29.432
-27.533
-26.669
-26.980
-26.703
-25.241
-24.995
-25.281
-24.647
-24.266
-24.483
-25.553
-24.078
-24.084
-24.497
-23.990
-22.879
-22.044
-22.047
-20.907
-20.840
-21.366
-23.578
-22.531
-23.863
-23.649
-24.684
-23.326
-22.706
-22.908
-22.919
-21.185
-20.943
-21.131
-20.444
-20.856
-20.576
-18.887
-18.494
-18.372
-18.458
-18.371
-18.171
-17.860
-18.122
-18.633
-18.788
-16.694
-16.212
-16.158
-16.454
-15.396
-17.037
-16.961
-18.072
-16.414
-16.643
-15.667
-17.452
-16.727
-15.950
-16.542
-18.147
-18.728
-18.553
-18.187
-19.205
-17.578
-17.550
-19.516
-19.195
-19.672
-18.412
-18.764
-18.158
-17.211
-16.810
-17.640
-16.117
-15.816
-16.502
-14.914
-14.812
-14.025
-15.190
-14.412
-16.187
-14.971
-15.775
-14.078
-14.277
-13.004
-12.017
-13.011
-13.224
-12.506
-14.227
-12.787
-11.840
-13.496
-12.387
-13.324
-11.723
-11.517
-12.196
-10.834
-10.720
-9.815
-10.482
-11.532
-11.896
-10.775
-12.666
-13.147
-12.264
-13.373
-37.535
-36.077
-36.077
-35.434
-38.437
-38.514
-39.465
-38.142
-37.489
-37.071
-38.526
-36.951
-38.068
-39.107
-37.524
-38.128
-35.433
-35.353
-34.343
-35.913
-36.327
-36.531
-36.085
-34.410
-33.760
-33.129
-34.505
-32.741
-32.246
-31.730
-30.508
-30.043
-29.640
-30.188
-29.420
-33.525
-34.245
-34.140
-32.657
-31.988
-31.940
-31.267
-31.286
-31.912
-28.347
-27.822
-28.629
-27.409
-27.880
-27.194
-26.035
-25.625
-26.289
-25.025
-24.179
-25.587
-24.429
-25.226
-23.887
-23.395
-22.607
-23.909
-22.923
-23.662
-21.662
-21.548
-20.424
-19.558
-20.365
-20.173
-20.924
-20.003
-18.885
-18.366
-19.194
-17.972
-17.256
-18.573
-17.204
-17.850
-16.921
-16.018
-15.330
-16.145
-15.505
-16.420
-15.063
-14.620
-13.594
-15.019
-14.530
-29.900
-29.959
-29.514
-28.813
-28.803
-29.195
-27.464
-27.520
-27.157
-26.464
-27.141
-26.129
-25.345
-25.809
-24.761
-24.507
-23.740
-25.141
-23.921
-24.578
-22.828
-22.534
-21.847
-20.979
-22.232
-21.135
-21.803
-20.713
-19.853
-19.860
-19.010
-19.621
-19.322
-20.582
-18.499
-17.536
-18.677
-18.552
-19.454
-17.676
-18.652
-17.857
-19.560
-18.717
-18.813
-19.622
-17.834
-31.679
-30.238
-30.422
-29.668
-32.310
-33.348
-32.327
-31.824
-32.439
-33.482
-32.005
-32.368
-31.616
-31.168
-32.548
-30.987
-29.364
-29.456
-28.338
-30.126
-31.355
-29.984
-29.933
-28.890
-27.781
-27.574
-27.944
-26.500
-25.686
-26.441
-26.175
-25.975
-26.164
-25.675
-27.206
-26.252
-26.913
-26.591
-24.778
-24.387
-25.206
-22.864
-22.445
-22.538
-25.310
-25.503
-25.491
-23.827
-23.457
-23.536
-23.092
-23.589
-23.037
-21.715
-20.997
-21.680
-20.984
-20.090
-21.658
-20.610
-21.665
-20.098
-19.797
-20.212
-18.676
-18.274
-17.850
-17.931
-18.368
-16.417
-16.428
-15.856
-15.563
-15.928
-14.479
-15.643
-15.300
-16.634
-14.608
-13.668
-14.673
-14.765
-15.720
-14.928
-13.717
-12.647
-13.731
-14.089
-15.138
-13.922
-13.392
-22.244
-22.593
-22.533
-20.707
-20.387
-20.236
-20.027
-20.509
-20.282
-18.519
-18.070
-18.017
-18.315
-19.057
-17.266
-18.405
-19.434
-17.781
-17.898
-16.808
-18.572
-18.034
-20.037
-20.492
-20.680
-20.486
-21.587
-20.072
-20.325
-20.840
-19.223
-21.056
-20.654
-22.147
-20.948
-19.865
-21.357
-21.877
-22.848
-21.436
-22.131
-21.266
-22.951
-22.593
-22.427
-23.664
-22.013
-36.820
-36.132
-35.561
-36.878
-37.875
-38.663
-38.294
-37.372
-35.854
-36.417
-35.020
-35.338
-37.459
-38.305
-37.840
-36.767
-35.118
-35.726
-34.790
-32.863
-32.230
-33.362
-34.037
-31.885
-30.478
-30.164
-30.152
-29.693
-30.116
-30.013
-29.654
-29.385
-29.736
-30.809
-29.492
-28.181
-27.722
-27.792
-27.779
-27.899
-28.193
-27.572
-28.341
-27.732
-28.825
-28.492
-29.271
-27.469
-27.103
-26.680
-27.558
-27.849
-28.316
-26.268
-25.969
-25.532
-26.473
-26.939
-27.151
-25.225
-24.548
-25.536
-24.562
-25.227
-23.312
-22.929
-22.348
-22.866
-21.708
-21.409
-22.004
-20.861
-20.258
-20.683
-19.843
-19.169
-18.846
-19.432
-17.877
-18.209
-17.469
-16.823
-16.694
-17.114
-15.543
-14.976
-15.743
-14.689
-13.671
-15.107
-14.552
-26.133
-26.081
-25.482
-25.685
-26.086
-26.229
-24.141
-23.760
-23.569
-23.671
-24.089
-24.115
-22.124
-21.675
-21.689
-21.828
-20.746
-22.330
-22.434
-23.478
-21.836
-22.280
-20.320
-20.163
-19.629
-20.141
-20.470
-20.736
-18.699
-18.098
-18.296
-18.336
-19.057
-18.531
-16.838
-16.601
-16.157
-16.511
-17.205
-16.730
-15.031
-14.397
-14.726
-14.541
-15.013
-14.958
-13.456
-27.983
-27.707
-26.775
-28.531
-29.294
-29.805
-29.982
-29.301
-28.181
-28.766
-28.579
-27.280
-26.928
-27.365
-26.099
-26.483
-27.278
-26.963
-26.342
-27.786
-28.556
-28.003
-28.267
-26.251
-25.655
-24.891
-26.466
-24.965
-25.782
-24.400
-23.482
-22.892
-23.467
-23.081
-24.529
-23.975
-23.299
-24.434
-23.170
-23.624
-24.613
-22.803
-22.767
-23.163
-22.674
-22.947
-21.634
-22.769
-22.038
-23.848
-22.316
-22.963
-22.435
-20.801
-20.236
-20.672
-20.292
-20.579
-20.722
-18.745
-18.571
-18.228
-18.104
-18.572
-16.937
-16.608
-15.976
-15.689
-16.398
-14.623
-14.132
-13.936
-14.643
-14.817
-15.502
-13.324
-13.300
-13.381
-12.056
-11.163
-12.164
-11.859
-12.831
-11.760
-10.694
-10.579
-9.829
-10.638
-9.769
-10.451
-11.588
-21.390
-20.964
-21.492
-20.570
-21.124
-20.639
-19.091
-18.517
-18.857
-18.742
-18.961
-19.380
-17.280
-17.146
-17.199
-16.262
-16.329
-16.459
-14.853
-14.705
-13.795
-12.802
-13.770
-14.765
-12.947
-13.715
-14.468
-13.940
-12.320
-12.021
-11.652
-12.134
-12.860
-11.091
-12.340
-13.344
-11.671
-12.151
-12.198
-12.932
-10.831
-11.074
-9.962
-10.731
-10.579
-11.660
-9.928
-30.031
-29.140
-28.123
-29.298
-29.841
-30.032
-28.844
-30.482
-31.434
-31.574
-32.094
-31.528
-29.729
-30.483
-29.473
-28.801
-29.323
-30.290
-28.490
-30.011
-31.269
-30.250
-29.281
-29.067
-27.765
-27.568
-27.823
-26.620
-26.653
-26.679
-26.314
-26.056
-26.147
-27.123
-25.477
-25.332
-25.333
-25.281
-24.054
-23.407
-23.838
-22.045
-22.196
-21.520
-25.653
-26.294
-25.720
-24.160
-24.225
-23.879
-23.189
-23.370
-23.326
-21.731
-21.060
-21.530
-21.264
-21.966
-21.235
-19.859
-19.654
-19.089
-19.576
-20.279
-18.666
-18.592
-17.671
-17.801
-18.030
-16.255
-16.254
-16.077
-15.129
-14.979
-15.586
-13.775
-12.999
-13.874
-13.071
-13.735
-12.793
-11.772
-11.187
-12.099
-10.836
-11.514
-10.207
-9.844
-9.116
-9.483
-10.459
-21.191
-21.550
-21.168
-19.750
-19.366
-19.789
-18.926
-19.227
-18.847
-17.434
-17.382
-17.046
-16.501
-16.948
-16.601
-15.064
-15.091
-14.775
-14.156
-14.145
-13.426
-12.878
-13.480
-14.438
-12.592
-13.245
-12.329
-14.183
-13.002
-12.229
-13.866
-12.637
-13.236
-11.568
-12.788
-12.349
-13.827
-12.007
-11.779
-10.969
-12.431
-11.683
-12.476
-13.804
-14.520
-13.963
-14.174
-22.795
-22.430
-21.621
-22.018
-23.925
-23.591
-24.636
-24.397
-21.603
-21.952
-20.756
-21.236
-23.194
-23.367
-22.483
-24.136
-23.529
-24.192
-22.978
-23.983
-25.204
-23.312
-24.269
-22.892
-22.047
-21.976
-22.362
-20.653
-20.918
-19.970
-19.545
-20.044
-18.528
-19.050
-17.855
-19.764
-19.302
-20.333
-18.634
-18.973
-20.088
-17.738
-16.895
-17.698
-17.767
-18.562
-17.269
-16.736
-16.015
-17.206
-15.902
-15.458
-16.508
-14.701
-15.035
-14.103
-13.759
-13.566
-14.401
-12.513
-12.231
-12.867
-11.328
-10.950
-10.694
-9.799
-10.906
-10.124
-11.900
-10.778
-9.767
-10.835
-11.781
-11.956
-11.558
-13.266
-13.183
-13.818
-14.066
-14.452
-13.553
-15.414
-15.136
-16.051
-16.110
-15.438
-17.063
-16.439
-17.303
-15.577
-16.558
-17.671
-18.332
-18.104
-16.267
-16.338
-15.618
-15.543
-14.445
-15.685
-16.092
-15.724
-17.201
-15.651
-15.896
-14.560
-16.239
-15.741
-17.244
-16.173
-15.246
-17.162
-16.860
-18.648
-19.041
-18.836
-19.503
-19.248
-20.588
-19.222
-18.144
-19.424
-20.157
-19.866
-21.183
-20.338
-20.815
-21.088
-19.024
-19.218
-18.377
-18.312
-18.163
-18.928
-16.959
-16.316
-16.375
-17.190
-31.658
-30.268
-29.560
-30.055
-32.075
-33.147
-31.846
-31.579
-32.625
-33.619
-32.354
-32.622
-31.813
-31.873
-30.988
-32.663
-29.814
-28.757
-29.799
-31.094
-32.368
-31.054
-30.557
-30.078
-28.659
-28.386
-28.407
-27.959
-28.399
-26.523
-26.112
-26.790
-24.624
-24.386
-24.145
-28.155
-28.136
-29.174
-27.169
-27.318
-28.102
-26.370
-26.700
-26.487
-23.869
-24.008
-24.179
-22.354
-22.067
-21.947
-21.543
-21.796
-21.767
-20.078
-19.772
-20.003
-19.198
-19.540
-19.492
-17.682
-17.581
-17.482
-16.790
-16.819
-15.959
-15.423
-15.651
-16.461
-15.432
-14.306
-14.116
-13.433
-14.377
-14.277
-15.402
-13.305
-13.620
-12.324
-13.453
-13.294
-14.480
-12.415
-12.688
-12.513
-10.922
-10.436
-10.830
-10.224
-9.312
-10.854
-9.966
-24.895
-24.255
-24.852
-24.284
-24.836
-24.237
-22.781
-22.330
-22.540
-22.273
-22.282
-23.045
-20.955
-20.902
-20.201
-20.515
-20.616
-19.426
-21.395
-22.399
-21.280
-21.974
-19.992
-19.388
-20.212
-19.041
-19.340
-18.822
-17.691
-17.989
-17.051
-16.634
-17.212
-16.028
-15.770
-16.547
-15.062
-15.056
-15.775
-14.327
-14.342
-14.031
-13.468
-15.246
-14.817
-15.344
-16.255
-31.992
-30.784
-30.896
-29.992
-33.202
-32.919
-33.647
-33.956
-31.600
-30.789
-31.242
-32.433
-32.322
-33.317
-31.587
-32.281
-30.260
-30.083
-29.224
-31.105
-31.814
-31.489
-31.019
-29.597
-29.086
-28.358
-29.826
-28.367
-29.107
-27.508
-27.441
-28.159
-26.061
-26.126
-25.290
-27.564
-26.866
-28.186
-26.989
-27.256
-27.946
-26.610
-27.268
-26.655
-25.610
-25.377
-26.346
-24.311
-24.205
-24.339
-22.940
-22.871
-22.768
-21.712
-21.311
-21.950
-20.536
-20.748
-20.232
-19.356
-19.301
-19.692
-18.018
-18.094
-16.829
-15.929
-16.448
-16.006
-17.272
-15.316
-15.725
-14.364
-14.992
-14.510
-15.882
-13.999
-14.336
-13.053
-13.674
-14.635
-13.186
-12.669
-11.703
-13.052
-12.650
-12.317
-11.911
-13.971
-14.635
-13.890
-14.360
-25.201
-25.284
-24.504
-24.682
-24.322
-25.474
-23.571
-24.043
-22.791
-22.885
-23.545
-22.656
-21.653
-21.134
-22.141
-20.651
-20.670
-21.251
-19.316
-19.404
-18.098
-17.207
-17.820
-17.058
-18.668
-17.186
-16.297
-16.954
-18.240
-18.468
-19.100
-17.686
-17.494
-16.677
-18.689
-18.377
-19.694
-18.474
-17.475
-18.366
-19.575
-20.423
-19.719
-19.498
-20.373
-18.681
-19.253
